{"max_depth": 9, "learning_rate": 0.0979109218429802, "subsample": 0.8787055779174486, "colsample_bytree": 0.9073635050987974, "gamma": 0.2349370294772435, "lambda": 0.00019410335400283022, "alpha": 1.1513270930155436e-08}