{"max_depth": 5, "learning_rate": 0.2782643104383601, "subsample": 0.9036619661169107, "colsample_bytree": 0.5694495462501347, "gamma": 2.8583307537747924, "lambda": 0.00013987422167369975, "alpha": 0.03197152193578169}