{"max_depth": 7, "learning_rate": 0.04796492445114499, "subsample": 0.778581496392718, "colsample_bytree": 0.9683259987140758, "gamma": 2.7298723703484558, "lambda": 1.3627662953461978e-08, "alpha": 0.0004074998205072632}