{"max_depth": 3, "learning_rate": 0.049233879598404334, "subsample": 0.8375178167971102, "colsample_bytree": 0.5226606845706407, "gamma": 4.9154354252705525, "lambda": 1.3711160713067435e-06, "alpha": 2.5914426168314036e-07}