{"max_depth": 10, "learning_rate": 0.0864438291749752, "subsample": 0.9889067446548563, "colsample_bytree": 0.8130620402568141, "gamma": 4.182050668222389, "lambda": 3.402092292428121e-08, "alpha": 0.5555731282062814}