{"max_depth": 4, "learning_rate": 0.2712410539012774, "subsample": 0.6551684814324488, "colsample_bytree": 0.6403302050231189, "gamma": 1.9269158653724134, "lambda": 6.5663824888832025e-06, "alpha": 3.8303717871642433e-07}