{"max_depth": 9, "learning_rate": 0.17010681638912864, "subsample": 0.6588869069600232, "colsample_bytree": 0.7132223828567271, "gamma": 0.41187505852348427, "lambda": 0.5783090619108303, "alpha": 0.9355142534693077}