{"max_depth": 5, "learning_rate": 0.24360875050867029, "subsample": 0.5858236582769256, "colsample_bytree": 0.7995351932584784, "gamma": 1.6971817764814863, "lambda": 5.275955756635505e-05, "alpha": 5.6123148323918905e-08}