{"max_depth": 8, "learning_rate": 0.2517623335048492, "subsample": 0.7129042625756411, "colsample_bytree": 0.8755947169192158, "gamma": 1.769405321362087, "lambda": 0.02067588930128266, "alpha": 0.5220483833897016}