{"max_depth": 9, "learning_rate": 0.27096424143835873, "subsample": 0.5217067431022668, "colsample_bytree": 0.7435880006730189, "gamma": 0.24419945649554686, "lambda": 0.02379763142309661, "alpha": 2.8544952065577608e-08}