{"max_depth": 4, "learning_rate": 0.08653345154798052, "subsample": 0.6778727131688049, "colsample_bytree": 0.6076843974604175, "gamma": 1.738512767942113, "lambda": 5.425845499295653e-07, "alpha": 1.989430036949035e-06}