{"max_depth": 3, "learning_rate": 0.08216261444659818, "subsample": 0.9711812226930889, "colsample_bytree": 0.6979048516022328, "gamma": 2.1696284259928578, "lambda": 0.37399860269093316, "alpha": 1.2336387021799205e-06}