{"max_depth": 10, "learning_rate": 0.12962949793149103, "subsample": 0.8090443946846713, "colsample_bytree": 0.9064257299005778, "gamma": 0.34266725365157513, "lambda": 0.0006345408754290184, "alpha": 0.8201704265072034}