{"max_depth": 6, "learning_rate": 0.10642475785450234, "subsample": 0.8073894547125986, "colsample_bytree": 0.6698296825837264, "gamma": 4.66173901728459, "lambda": 1.44840448820536e-07, "alpha": 0.009725436054958991}