{"max_depth": 6, "learning_rate": 0.12348077244051932, "subsample": 0.6478776297505467, "colsample_bytree": 0.9722751323793182, "gamma": 3.4617567730897942, "lambda": 1.964054698759313e-05, "alpha": 5.866545267657586e-05}