{"max_depth": 6, "learning_rate": 0.11432751341694147, "subsample": 0.6481017912103764, "colsample_bytree": 0.5129672939347123, "gamma": 0.7591972064566493, "lambda": 0.3046827390268086, "alpha": 0.009649745568761582}