{"max_depth": 7, "learning_rate": 0.1023353967138591, "subsample": 0.5209058100851008, "colsample_bytree": 0.7023775235986947, "gamma": 2.745012334644643, "lambda": 0.000397403607512412, "alpha": 0.0009234393084035276}