{"max_depth": 9, "learning_rate": 0.17760567849490475, "subsample": 0.5851593129114214, "colsample_bytree": 0.8477653368117783, "gamma": 4.910840474618309, "lambda": 0.0003534342046030938, "alpha": 0.005108095735598872}