{"max_depth": 3, "learning_rate": 0.2153155073530226, "subsample": 0.6902605347908187, "colsample_bytree": 0.935662652641738, "gamma": 0.39646188676956406, "lambda": 4.6971151980356505e-06, "alpha": 0.0009841743107427295}