{"max_depth": 5, "learning_rate": 0.15551239593422878, "subsample": 0.5748877971129609, "colsample_bytree": 0.5801797716766183, "gamma": 3.2465837257372647, "lambda": 1.795773306696664e-08, "alpha": 0.012074123193188556}