{"max_depth": 4, "learning_rate": 0.2149198421818326, "subsample": 0.7609995638969574, "colsample_bytree": 0.8989614577981602, "gamma": 3.0007592781052255, "lambda": 0.008410323880515313, "alpha": 0.9977201402475437}