{"max_depth": 8, "learning_rate": 0.015957137417151664, "subsample": 0.5517456679578896, "colsample_bytree": 0.7832704563755741, "gamma": 2.5010964511833156, "lambda": 0.07321698864078505, "alpha": 1.1040652987417543e-05}