{"max_depth": 5, "learning_rate": 0.01301472044424434, "subsample": 0.8409179135277804, "colsample_bytree": 0.9756218157095147, "gamma": 3.708394111199386, "lambda": 8.69041565963093e-07, "alpha": 0.9412659183852891}