{"max_depth": 6, "learning_rate": 0.17774946049265777, "subsample": 0.947353155691376, "colsample_bytree": 0.747826961830746, "gamma": 1.4342038787095208, "lambda": 0.06748586472756274, "alpha": 0.00015954937387404876}