{"max_depth": 6, "learning_rate": 0.224824692821646, "subsample": 0.7196718986534765, "colsample_bytree": 0.660781232578024, "gamma": 4.9714838401411585, "lambda": 3.20715718019258e-05, "alpha": 4.278170703679922e-08}