{"max_depth": 6, "learning_rate": 0.23300252459671297, "subsample": 0.9193254380314693, "colsample_bytree": 0.8380000632361455, "gamma": 1.7865006306116333, "lambda": 0.0002301639581344844, "alpha": 0.010563454199747632}