{"max_depth": 3, "learning_rate": 0.23130002133088498, "subsample": 0.7230385570345347, "colsample_bytree": 0.768696516314491, "gamma": 4.8387586806745295, "lambda": 0.00011611252882538215, "alpha": 0.04923400440409932}