{"max_depth": 8, "learning_rate": 0.10907678499379503, "subsample": 0.7861225080468803, "colsample_bytree": 0.6141026981517225, "gamma": 0.580842124736905, "lambda": 7.948304872355938e-05, "alpha": 0.011900574702628343}