{"max_depth": 6, "learning_rate": 0.11170748754387479, "subsample": 0.64884408725456, "colsample_bytree": 0.5226041956718632, "gamma": 0.9459479960893341, "lambda": 1.0679396139716109e-08, "alpha": 0.004375148491527374}