{"max_depth": 8, "learning_rate": 0.1442369056384958, "subsample": 0.5249602483399606, "colsample_bytree": 0.9168436630290635, "gamma": 3.0012963752118447, "lambda": 0.00011940480383389311, "alpha": 7.326680829988389e-07}