{"max_depth": 9, "learning_rate": 0.057526468382084354, "subsample": 0.6871020273727015, "colsample_bytree": 0.98336762129509, "gamma": 0.9726884975800248, "lambda": 0.0039027956889105325, "alpha": 0.12172040945468666}