{"max_depth": 5, "learning_rate": 0.06103336487702515, "subsample": 0.8926221155750433, "colsample_bytree": 0.6652364932501924, "gamma": 3.6305887517658313, "lambda": 0.00029035677231980395, "alpha": 0.2172984938181963}