{"max_depth": 4, "learning_rate": 0.09710191211611258, "subsample": 0.704749804741758, "colsample_bytree": 0.908994396300801, "gamma": 4.854865826745266, "lambda": 0.0012023327131312062, "alpha": 3.8036436042373906e-05}