{"max_depth": 6, "learning_rate": 0.06685155243937158, "subsample": 0.8267094190838907, "colsample_bytree": 0.5385705280562914, "gamma": 4.2989125587878565, "lambda": 1.6545589106372446e-07, "alpha": 1.1953634793843277e-08}