{"max_depth": 7, "learning_rate": 0.10337124901385304, "subsample": 0.9703200724094314, "colsample_bytree": 0.5144385009588326, "gamma": 4.988469431956241, "lambda": 4.943488990880984e-08, "alpha": 5.58312152463437e-06}