{"max_depth": 7, "learning_rate": 0.17782699960001058, "subsample": 0.5560784296225989, "colsample_bytree": 0.6882725435858164, "gamma": 3.8265327468739336, "lambda": 0.004159036091802903, "alpha": 2.2409129255865443e-06}