{"max_depth": 5, "learning_rate": 0.029352199964140284, "subsample": 0.8186727744617193, "colsample_bytree": 0.920114732708383, "gamma": 3.3656869739944097, "lambda": 0.13200435215860817, "alpha": 0.0013449192310920483}