{"max_depth": 10, "learning_rate": 0.06281386376117597, "subsample": 0.6604809646149274, "colsample_bytree": 0.5204378494927274, "gamma": 4.0721071868783225, "lambda": 0.04320149647700894, "alpha": 0.0012467491012156421}