{"max_depth": 3, "learning_rate": 0.07525417628541979, "subsample": 0.8946604121286686, "colsample_bytree": 0.5064257983752515, "gamma": 1.6761831573716879, "lambda": 0.0011809497625398947, "alpha": 0.22946357911453963}