{"max_depth": 4, "learning_rate": 0.12856304240127883, "subsample": 0.7227441764156521, "colsample_bytree": 0.8329356549845981, "gamma": 1.733717895592017, "lambda": 1.83580970703163e-08, "alpha": 0.13047015160919234}