{"max_depth": 6, "learning_rate": 0.06646606081731748, "subsample": 0.6776232490475214, "colsample_bytree": 0.9294848923261487, "gamma": 0.4532603598526047, "lambda": 1.187034739758562e-06, "alpha": 6.087710253459572e-08}