{"max_depth": 10, "learning_rate": 0.1592992108589371, "subsample": 0.8323422115537403, "colsample_bytree": 0.7916456722670158, "gamma": 4.864392017493909, "lambda": 2.3599900938041833e-07, "alpha": 0.02454623971325544}