{"max_depth": 7, "learning_rate": 0.20969598880624798, "subsample": 0.8231692996607496, "colsample_bytree": 0.6977997480479048, "gamma": 3.861698070714385, "lambda": 0.1696258033921089, "alpha": 2.0642314158235806e-05}