{"max_depth": 7, "learning_rate": 0.01017297754227217, "subsample": 0.5401553001697947, "colsample_bytree": 0.9083352813139374, "gamma": 2.444068703236761, "lambda": 4.391387830966397e-07, "alpha": 0.003032593816127574}