{"max_depth": 5, "learning_rate": 0.030971041070501658, "subsample": 0.8718191243715825, "colsample_bytree": 0.5386756610170481, "gamma": 1.3713835820015186, "lambda": 2.400114942935148e-08, "alpha": 6.613465544746569e-07}