{"max_depth": 5, "learning_rate": 0.2686374860243395, "subsample": 0.6996981866333376, "colsample_bytree": 0.6238951769958854, "gamma": 3.5490524521407196, "lambda": 0.007509746966116667, "alpha": 0.035276245391264296}