{"max_depth": 7, "learning_rate": 0.2811790983271565, "subsample": 0.6307401289779379, "colsample_bytree": 0.9130435660171994, "gamma": 4.704850138773646, "lambda": 1.0173095024970496e-05, "alpha": 1.120817769308973e-06}