{"max_depth": 7, "learning_rate": 0.029946495436148607, "subsample": 0.6788701290934498, "colsample_bytree": 0.8708731698807884, "gamma": 3.4623484912814617, "lambda": 9.290683789839436e-07, "alpha": 0.22884943073378436}