{"max_depth": 8, "learning_rate": 0.1430639804134915, "subsample": 0.7999993948452442, "colsample_bytree": 0.9277957729071522, "gamma": 0.7801262040311241, "lambda": 0.42830055155179086, "alpha": 2.9878796100313645e-06}