{"max_depth": 9, "learning_rate": 0.2316778583553553, "subsample": 0.613622598977156, "colsample_bytree": 0.8121131253179794, "gamma": 4.787950010715881, "lambda": 4.242543340212659e-08, "alpha": 1.5398960402398536e-05}