{"max_depth": 10, "learning_rate": 0.296638710977762, "subsample": 0.7767738860879785, "colsample_bytree": 0.7634687545557177, "gamma": 2.7643323028242355, "lambda": 1.526450571213654e-08, "alpha": 0.011965326519599185}