{"max_depth": 10, "learning_rate": 0.15266680175994113, "subsample": 0.6282550485763729, "colsample_bytree": 0.7189663644530515, "gamma": 0.6648454116948604, "lambda": 0.01463188674461283, "alpha": 0.03174439461176542}