{"max_depth": 4, "learning_rate": 0.16258696772047965, "subsample": 0.5230788589535373, "colsample_bytree": 0.6356604837511632, "gamma": 2.336293890484469, "lambda": 1.4323572373950988e-05, "alpha": 0.0015388429510560183}