{"max_depth": 3, "learning_rate": 0.03425054904262258, "subsample": 0.9122928011594225, "colsample_bytree": 0.7281398207512583, "gamma": 2.36498668097747, "lambda": 0.45344041428203014, "alpha": 9.478767474979384e-05}