{"max_depth": 6, "learning_rate": 0.2361983673394522, "subsample": 0.5647370711012483, "colsample_bytree": 0.9806892838501909, "gamma": 4.366080552278316, "lambda": 6.355399634744461e-06, "alpha": 2.127253811639835e-08}