{"max_depth": 5, "learning_rate": 0.07764871018320163, "subsample": 0.5027114110696268, "colsample_bytree": 0.8494238870732551, "gamma": 0.30498584596830747, "lambda": 0.19249762583877372, "alpha": 0.9928101154954027}