{"max_depth": 6, "learning_rate": 0.2529773612644737, "subsample": 0.5455574402440095, "colsample_bytree": 0.5682503280595588, "gamma": 4.446945612447809, "lambda": 7.931699516705074e-07, "alpha": 9.157189447301155e-08}