{"max_depth": 9, "learning_rate": 0.09705853154724875, "subsample": 0.8382727680986859, "colsample_bytree": 0.596755321645664, "gamma": 2.5886018085865836, "lambda": 0.5684209878641353, "alpha": 3.4879894510723443e-05}