{"max_depth": 8, "learning_rate": 0.16528427689257366, "subsample": 0.5858719145449114, "colsample_bytree": 0.9009458006319647, "gamma": 1.7540667256883347, "lambda": 0.001106138278184907, "alpha": 2.187924215953417e-05}