{"max_depth": 10, "learning_rate": 0.18717788151822776, "subsample": 0.8030816319636761, "colsample_bytree": 0.5858150239545258, "gamma": 2.4189646346269496, "lambda": 1.2097038810702741e-08, "alpha": 0.0725204697182304}