{"max_depth": 5, "learning_rate": 0.1958127620923372, "subsample": 0.6163527141089532, "colsample_bytree": 0.7069969170944395, "gamma": 0.35296814809677, "lambda": 8.561398595382319e-05, "alpha": 2.5535155340716855e-08}