{"max_depth": 10, "learning_rate": 0.293056608688075, "subsample": 0.8733373037571315, "colsample_bytree": 0.5318339225934543, "gamma": 1.2948687048069973, "lambda": 0.1563571575410833, "alpha": 3.44866479476898e-07}