{"max_depth": 7, "learning_rate": 0.209388480538944, "subsample": 0.8181546685573101, "colsample_bytree": 0.8027311444331129, "gamma": 4.587890038692933, "lambda": 6.908078532066475e-07, "alpha": 2.7248039194479653e-05}