{"max_depth": 9, "learning_rate": 0.11458211353182951, "subsample": 0.937974489827128, "colsample_bytree": 0.771354077107345, "gamma": 2.8554832588172134, "lambda": 0.9752505169387117, "alpha": 5.269661354290682e-06}