{"max_depth": 4, "learning_rate": 0.08502737534948769, "subsample": 0.9456399355511624, "colsample_bytree": 0.6950838348521993, "gamma": 0.8652361261310776, "lambda": 0.5210249132675152, "alpha": 7.611092305143759e-07}