{"max_depth": 4, "learning_rate": 0.14958743289177667, "subsample": 0.7552233984313481, "colsample_bytree": 0.829363358001597, "gamma": 0.26561025143517547, "lambda": 0.5688266626088181, "alpha": 1.6680418519147974e-07}