{"max_depth": 5, "learning_rate": 0.1038131238896766, "subsample": 0.5674331406665035, "colsample_bytree": 0.9644234152094783, "gamma": 1.7964554425613426, "lambda": 4.64281585410183e-06, "alpha": 0.6110013854669358}