{"max_depth": 4, "learning_rate": 0.20142459494624515, "subsample": 0.7209480093079331, "colsample_bytree": 0.8779197323889396, "gamma": 4.269690835014469, "lambda": 1.5653823287371827e-05, "alpha": 2.557320980986384e-07}