{"max_depth": 10, "learning_rate": 0.10112535847686017, "subsample": 0.7161922799726514, "colsample_bytree": 0.8728267189249508, "gamma": 1.891507096065244, "lambda": 5.397392107040035e-06, "alpha": 5.957412418079326e-07}