{"max_depth": 10, "learning_rate": 0.14037290878248396, "subsample": 0.8782313386569214, "colsample_bytree": 0.582980786330584, "gamma": 4.124965692935185, "lambda": 4.739210181234574e-08, "alpha": 2.3316815863667464e-08}