{"max_depth": 4, "learning_rate": 0.28190138115820623, "subsample": 0.7653838509670016, "colsample_bytree": 0.7739523406253002, "gamma": 2.693237885694259, "lambda": 0.09342646362836537, "alpha": 5.083219363666339e-07}