{"max_depth": 3, "learning_rate": 0.07063112350994974, "subsample": 0.5659196095504002, "colsample_bytree": 0.7936376728974317, "gamma": 2.2651639276922615, "lambda": 0.0002932295034773447, "alpha": 0.13385795717184798}