{"max_depth": 3, "learning_rate": 0.1833712978825906, "subsample": 0.8701076147086695, "colsample_bytree": 0.9433087492266874, "gamma": 1.125452127768627, "lambda": 0.0008830528494375439, "alpha": 0.000248297116843226}