{"max_depth": 8, "learning_rate": 0.13672692442241027, "subsample": 0.7724888367499919, "colsample_bytree": 0.9279173220550656, "gamma": 1.119352328045999, "lambda": 0.03494357212375496, "alpha": 0.0009860813130098648}