{"max_depth": 10, "learning_rate": 0.21794726173691986, "subsample": 0.6715439142136439, "colsample_bytree": 0.5194486281059112, "gamma": 1.6219199202437302, "lambda": 3.014482035377756e-05, "alpha": 2.7438260016508885e-07}