{"max_depth": 6, "learning_rate": 0.2558639193907854, "subsample": 0.7729255208652048, "colsample_bytree": 0.9399190500999757, "gamma": 3.349709597952545, "lambda": 2.879095375019481e-05, "alpha": 0.03210161635666678}