{"max_depth": 9, "learning_rate": 0.028418005640359317, "subsample": 0.7668651637928332, "colsample_bytree": 0.9916352076283044, "gamma": 3.1726050524805642, "lambda": 2.2779044706462594e-08, "alpha": 0.11854641528982823}