{"max_depth": 5, "learning_rate": 0.16010157438790182, "subsample": 0.7464175190619337, "colsample_bytree": 0.73860544534356, "gamma": 1.26098708605352, "lambda": 0.021284629643265062, "alpha": 4.296736529929047e-07}