{"max_depth": 6, "learning_rate": 0.029565591016490214, "subsample": 0.8157484506829219, "colsample_bytree": 0.7114977565682659, "gamma": 2.1111860083688514, "lambda": 0.00344343105530713, "alpha": 2.999384037804058e-08}