{"max_depth": 6, "learning_rate": 0.2456965972232982, "subsample": 0.8630778606056407, "colsample_bytree": 0.9568133203289177, "gamma": 4.780652160429131, "lambda": 0.1927517078114606, "alpha": 0.1689267829828703}