{"max_depth": 6, "learning_rate": 0.019501588193541287, "subsample": 0.6340056858101215, "colsample_bytree": 0.6396021632556674, "gamma": 4.9590057108114785, "lambda": 6.292348085590268e-05, "alpha": 0.46308658817401005}