{"max_depth": 4, "learning_rate": 0.213915733203575, "subsample": 0.5042958510839481, "colsample_bytree": 0.7614176474551639, "gamma": 2.913644889425642, "lambda": 0.0026952215648073487, "alpha": 0.009866461375314424}