{"max_depth": 5, "learning_rate": 0.030976183523001827, "subsample": 0.613035783942817, "colsample_bytree": 0.9025504696930934, "gamma": 4.709400834428131, "lambda": 0.0003423144964019864, "alpha": 2.344059899813092e-08}