{"max_depth": 7, "learning_rate": 0.1779532177442459, "subsample": 0.7055391586080269, "colsample_bytree": 0.9180332786688121, "gamma": 1.3877955231738954, "lambda": 0.011379159545980682, "alpha": 3.33991600422941e-05}