{"max_depth": 9, "learning_rate": 0.1305630174805452, "subsample": 0.9551655155782179, "colsample_bytree": 0.5946841024219254, "gamma": 0.39308374547820824, "lambda": 0.0007772361587759977, "alpha": 0.001154197736952498}