{"max_depth": 4, "learning_rate": 0.16276795929701293, "subsample": 0.9860277927575223, "colsample_bytree": 0.7107668306480217, "gamma": 2.5374296079727627, "lambda": 6.077120503518274e-07, "alpha": 0.013959263963753292}