{"max_depth": 6, "learning_rate": 0.1520736254306671, "subsample": 0.8440487964595956, "colsample_bytree": 0.8832621341204718, "gamma": 3.413017162392099, "lambda": 3.620763383532625e-08, "alpha": 7.040900690989541e-07}