{"max_depth": 6, "learning_rate": 0.09852426600339419, "subsample": 0.7161291072574614, "colsample_bytree": 0.851759280278305, "gamma": 3.3768843690536166, "lambda": 0.07779565264928598, "alpha": 1.3920431694188049e-05}