{"max_depth": 7, "learning_rate": 0.257945047293435, "subsample": 0.9023882144713746, "colsample_bytree": 0.9116218922280299, "gamma": 2.317697268801075, "lambda": 2.8759344117148632e-05, "alpha": 1.6910296237111475e-07}