{"max_depth": 10, "learning_rate": 0.15560109738970548, "subsample": 0.7221097358405008, "colsample_bytree": 0.8971920257597304, "gamma": 2.601076491456506, "lambda": 2.614259960562951e-07, "alpha": 1.7541068471913842e-06}