{"max_depth": 8, "learning_rate": 0.2203205640067398, "subsample": 0.8699608535626875, "colsample_bytree": 0.8653923155580299, "gamma": 1.3515839099903015, "lambda": 0.003280870687722414, "alpha": 3.468564637443856e-07}