{"max_depth": 6, "learning_rate": 0.03240386988018138, "subsample": 0.8014822462411002, "colsample_bytree": 0.9957008712956398, "gamma": 1.3914424010407045, "lambda": 3.762184023058705e-05, "alpha": 1.3365303804101794e-08}