{"max_depth": 5, "learning_rate": 0.010784474496032079, "subsample": 0.6026494866020184, "colsample_bytree": 0.9284871653948832, "gamma": 2.305235954610381, "lambda": 0.016193262236737112, "alpha": 2.325118658260789e-07}