{"max_depth": 4, "learning_rate": 0.08421878035362342, "subsample": 0.8734369296414153, "colsample_bytree": 0.7541386589778271, "gamma": 1.5628724011785828, "lambda": 6.823914962514707e-06, "alpha": 0.9308274626231561}