{"max_depth": 8, "learning_rate": 0.13626473469987907, "subsample": 0.7047093613038913, "colsample_bytree": 0.6962741758847044, "gamma": 1.9951285750770287, "lambda": 0.003095183944498843, "alpha": 0.4587436043248223}