{"max_depth": 3, "learning_rate": 0.25861815540122457, "subsample": 0.9991799549252127, "colsample_bytree": 0.5040499642839944, "gamma": 1.1263942895718237, "lambda": 0.0004410156512111189, "alpha": 4.636000636727645e-05}