{"max_depth": 3, "learning_rate": 0.12922662986552244, "subsample": 0.6324826934981156, "colsample_bytree": 0.6624417656374133, "gamma": 2.2161763371200704, "lambda": 0.00018209673899701769, "alpha": 0.0002773840039084291}