{"max_depth": 6, "learning_rate": 0.01370853044550508, "subsample": 0.5901890098894291, "colsample_bytree": 0.7048338732153904, "gamma": 2.9324382717851325, "lambda": 3.544487865908251e-05, "alpha": 4.602288640765143e-05}