{"max_depth": 7, "learning_rate": 0.21028596211789533, "subsample": 0.9239050224211347, "colsample_bytree": 0.5787448300410287, "gamma": 3.5765334321303603, "lambda": 0.00020540281385975594, "alpha": 1.8951719603184324e-05}