{"max_depth": 4, "learning_rate": 0.23617146742297737, "subsample": 0.7332609923443233, "colsample_bytree": 0.9438113801475739, "gamma": 0.012826090624731834, "lambda": 2.966197022638791e-07, "alpha": 3.9682852900973763e-08}