{"max_depth": 4, "learning_rate": 0.23401244585388514, "subsample": 0.8929737944513724, "colsample_bytree": 0.7417593110356488, "gamma": 0.7433948552181197, "lambda": 5.639445473176413e-05, "alpha": 0.010300142412211805}