{"max_depth": 5, "learning_rate": 0.1688381121018148, "subsample": 0.6281695613048655, "colsample_bytree": 0.5899389698755901, "gamma": 3.4591809558537006, "lambda": 1.1980964917969635e-05, "alpha": 0.005835574468075509}