{"max_depth": 10, "learning_rate": 0.04584888399785122, "subsample": 0.5145401618482847, "colsample_bytree": 0.6327225339793476, "gamma": 4.814097813658338, "lambda": 6.311186768457484e-07, "alpha": 0.000749645636875244}