{"max_depth": 5, "learning_rate": 0.2831897027785268, "subsample": 0.6337494750886826, "colsample_bytree": 0.5249719522530243, "gamma": 1.187806132110682, "lambda": 0.00026934849804730954, "alpha": 0.06558262354635123}