{"max_depth": 6, "learning_rate": 0.20186140679019846, "subsample": 0.7411453269407398, "colsample_bytree": 0.9453085944406872, "gamma": 2.8755980692800946, "lambda": 8.862457689911547e-07, "alpha": 0.007337267017586936}