{"max_depth": 8, "learning_rate": 0.16279188048597268, "subsample": 0.9132588326692248, "colsample_bytree": 0.6676550086978008, "gamma": 1.1871945664474652, "lambda": 2.1940873900448572e-08, "alpha": 0.10164697033171431}