{"max_depth": 5, "learning_rate": 0.02724244766279095, "subsample": 0.7108588219597305, "colsample_bytree": 0.5178087362558983, "gamma": 0.2787033419407259, "lambda": 5.012822832351525e-07, "alpha": 0.0005789398875186278}