{"max_depth": 8, "learning_rate": 0.20481612340161356, "subsample": 0.8658317919296594, "colsample_bytree": 0.6942720217833083, "gamma": 2.7665866645507355, "lambda": 5.672293623963937e-08, "alpha": 6.811978040916606e-07}