{"max_depth": 6, "learning_rate": 0.14656134559725736, "subsample": 0.9864745309810712, "colsample_bytree": 0.7370135521882061, "gamma": 4.846586163563219, "lambda": 0.10887193397160153, "alpha": 0.21508494435205755}