{"max_depth": 5, "learning_rate": 0.2101884496442406, "subsample": 0.8361270130065358, "colsample_bytree": 0.6187329307762308, "gamma": 1.6371712044379367, "lambda": 1.4252927128093474e-08, "alpha": 0.01175128747966079}