{"max_depth": 10, "learning_rate": 0.2342884394623929, "subsample": 0.7405310845534931, "colsample_bytree": 0.7849930827881609, "gamma": 0.06394611318268462, "lambda": 0.0001337010808777919, "alpha": 1.3242278536236231e-08}