{"max_depth": 4, "learning_rate": 0.1486203263636441, "subsample": 0.7734229258193389, "colsample_bytree": 0.7781400157879547, "gamma": 1.108172029999036, "lambda": 0.008646647730117096, "alpha": 1.4552148284238125e-05}