{"max_depth": 10, "learning_rate": 0.21159708820160156, "subsample": 0.845563399268162, "colsample_bytree": 0.8441945126027979, "gamma": 0.10178390588649555, "lambda": 1.0756489385127588e-06, "alpha": 0.002928133819352125}