{"max_depth": 9, "learning_rate": 0.0669007079440498, "subsample": 0.5581967058896002, "colsample_bytree": 0.918927486372111, "gamma": 0.12472478124771702, "lambda": 1.962547915738042e-06, "alpha": 1.1082907954477751e-07}