{"max_depth": 3, "learning_rate": 0.2939685688335954, "subsample": 0.6827126898325286, "colsample_bytree": 0.8457557384530351, "gamma": 1.3828070516976636, "lambda": 3.204832543596452e-05, "alpha": 2.8860016207657367e-07}