{"max_depth": 8, "learning_rate": 0.12804301333423576, "subsample": 0.7129148973348182, "colsample_bytree": 0.7779815933134757, "gamma": 2.9631597083943944, "lambda": 2.976037918862684e-05, "alpha": 0.0001490190265074295}