{"max_depth": 7, "learning_rate": 0.2462310445945363, "subsample": 0.7524525601339279, "colsample_bytree": 0.6731659886593149, "gamma": 4.200042537981858, "lambda": 4.7633124321431425e-07, "alpha": 0.0031725321164998957}