{"max_depth": 9, "learning_rate": 0.06602570522588896, "subsample": 0.6215944619669652, "colsample_bytree": 0.837501749069545, "gamma": 2.3290523893909, "lambda": 3.4940381506458105e-08, "alpha": 0.0030588094748322304}