{"max_depth": 5, "learning_rate": 0.2755433464762893, "subsample": 0.6846024834821167, "colsample_bytree": 0.5707065041420696, "gamma": 2.619399600207038, "lambda": 0.0038771099632455785, "alpha": 0.22936606827944245}