{"max_depth": 10, "learning_rate": 0.06849955113450824, "subsample": 0.8724243006352321, "colsample_bytree": 0.7264702093126718, "gamma": 4.928117853543012, "lambda": 0.0777419028735093, "alpha": 0.03536346287491407}