{"max_depth": 6, "learning_rate": 0.09429456903470827, "subsample": 0.9023015415552644, "colsample_bytree": 0.8642685278257721, "gamma": 0.0655219650711314, "lambda": 3.70150985066324e-05, "alpha": 0.0022604303345016598}