{"max_depth": 5, "learning_rate": 0.26110469230023964, "subsample": 0.5725083704070715, "colsample_bytree": 0.7943703905872822, "gamma": 1.3137704043183533, "lambda": 0.1494237951286691, "alpha": 0.0053627589285886465}