{"max_depth": 9, "learning_rate": 0.0660539652911536, "subsample": 0.9492136735964971, "colsample_bytree": 0.7170885664303699, "gamma": 2.5141880841776096, "lambda": 0.10666333292383239, "alpha": 0.0028379282522495754}