{"max_depth": 3, "learning_rate": 0.09885630850112781, "subsample": 0.8322307834954661, "colsample_bytree": 0.8011300855827913, "gamma": 2.3264712177626117, "lambda": 1.2482663451213495e-07, "alpha": 0.08431165359814129}