{"max_depth": 9, "learning_rate": 0.21005393579158743, "subsample": 0.5826408565654357, "colsample_bytree": 0.8066100955288484, "gamma": 3.0865930977284544, "lambda": 1.4272818837108206e-06, "alpha": 0.002256074335054351}