{"max_depth": 7, "learning_rate": 0.06469061834935552, "subsample": 0.627405015995347, "colsample_bytree": 0.9214704057569871, "gamma": 3.5571787606473206, "lambda": 0.0017860653060038565, "alpha": 0.4850482261953915}