{"max_depth": 9, "learning_rate": 0.2973601376501064, "subsample": 0.9556003496285085, "colsample_bytree": 0.9548533225145036, "gamma": 2.246062646444522, "lambda": 1.761861457070192e-08, "alpha": 1.0977987115502491e-08}