{"max_depth": 8, "learning_rate": 0.040251304806828765, "subsample": 0.9581279299652973, "colsample_bytree": 0.8858021847391478, "gamma": 4.045527509927967, "lambda": 1.2821878645393401e-05, "alpha": 8.570724363781391e-05}