{"max_depth": 8, "learning_rate": 0.017197236133393336, "subsample": 0.5501557519623064, "colsample_bytree": 0.9090399569022003, "gamma": 3.6711782893206486, "lambda": 0.005156598179421969, "alpha": 0.5711307343425863}