{"max_depth": 7, "learning_rate": 0.16567535421117877, "subsample": 0.9241660860027494, "colsample_bytree": 0.987815979820058, "gamma": 0.36490072474113344, "lambda": 0.39181504371163234, "alpha": 5.1681200691511006e-05}