{"max_depth": 7, "learning_rate": 0.27699504355229615, "subsample": 0.9806506152072471, "colsample_bytree": 0.9099766146056274, "gamma": 3.208979356336561, "lambda": 0.00021377976420341804, "alpha": 9.63215310581392e-06}