{"max_depth": 4, "learning_rate": 0.012435765917005556, "subsample": 0.7323146394713913, "colsample_bytree": 0.7577056301280053, "gamma": 0.8401579368184092, "lambda": 0.36877887114785113, "alpha": 0.18835230448329893}