{"max_depth": 5, "learning_rate": 0.06833494960125687, "subsample": 0.6927708097197826, "colsample_bytree": 0.6387944687108712, "gamma": 2.9804392770709285, "lambda": 0.01000638482370944, "alpha": 7.854929664961007e-07}