{"max_depth": 5, "learning_rate": 0.21999009386455468, "subsample": 0.5375798427662835, "colsample_bytree": 0.5220213105437759, "gamma": 3.856657835311392, "lambda": 0.0015050284483239446, "alpha": 9.87957952116906e-08}