{"max_depth": 6, "learning_rate": 0.20514874785822645, "subsample": 0.8925049194955221, "colsample_bytree": 0.5115180900793851, "gamma": 0.1906735563056411, "lambda": 1.4206311919076457e-05, "alpha": 0.0014477508150363089}