{"max_depth": 8, "learning_rate": 0.10755576014341502, "subsample": 0.7517161839425524, "colsample_bytree": 0.9916058088044493, "gamma": 1.7522368553710899, "lambda": 0.13753081387795396, "alpha": 3.3302672724187195e-08}