{"max_depth": 8, "learning_rate": 0.14649823850062013, "subsample": 0.518293123470412, "colsample_bytree": 0.5347654174818057, "gamma": 0.8610658996248216, "lambda": 0.03270213781209868, "alpha": 0.127268453380879}