{"max_depth": 4, "learning_rate": 0.07580343533667082, "subsample": 0.8935179688982908, "colsample_bytree": 0.6860173815833427, "gamma": 2.0477494557325215, "lambda": 1.6940951440715656e-05, "alpha": 1.718000048194188e-07}