{"max_depth": 10, "learning_rate": 0.18120608787322212, "subsample": 0.69527170317328, "colsample_bytree": 0.8025401607648108, "gamma": 1.556408474613788, "lambda": 6.768045013379389e-07, "alpha": 0.015410256559575545}