{"max_depth": 9, "learning_rate": 0.22079742133472843, "subsample": 0.878335532191835, "colsample_bytree": 0.9835707798929676, "gamma": 2.5342099327400147, "lambda": 0.06925241113014767, "alpha": 0.024964966591826846}