{"max_depth": 8, "learning_rate": 0.1330434661088795, "subsample": 0.5684400907804611, "colsample_bytree": 0.5190678365226212, "gamma": 2.954230389036062, "lambda": 1.0874465881973896e-08, "alpha": 1.5433531828043455e-08}