{"max_depth": 5, "learning_rate": 0.07398571623026692, "subsample": 0.6089201432076815, "colsample_bytree": 0.6292785465413027, "gamma": 3.6469531079961888, "lambda": 0.003269574301138903, "alpha": 4.910053373490538e-06}