{"max_depth": 8, "learning_rate": 0.2985248777551088, "subsample": 0.9304919699529008, "colsample_bytree": 0.9309458230876597, "gamma": 3.5993142497027595, "lambda": 1.4535569498595406e-08, "alpha": 1.1490581690070726e-06}