{"max_depth": 5, "learning_rate": 0.03952703595935258, "subsample": 0.6906312866853891, "colsample_bytree": 0.6785541318524515, "gamma": 2.2801926619840254, "lambda": 2.1021446180995167e-06, "alpha": 6.449083339599582e-07}