{"max_depth": 8, "learning_rate": 0.1090886851298118, "subsample": 0.6266955130832859, "colsample_bytree": 0.7201349573910011, "gamma": 4.774226495347514, "lambda": 1.811916449593197e-08, "alpha": 0.3046423836875734}