{"max_depth": 5, "learning_rate": 0.2810072474478799, "subsample": 0.5556314830490781, "colsample_bytree": 0.6399934710628741, "gamma": 4.85008779301649, "lambda": 0.0004702997828588853, "alpha": 3.901092662297571e-08}