{"max_depth": 6, "learning_rate": 0.21534986842602286, "subsample": 0.5320206095861026, "colsample_bytree": 0.8322737033531179, "gamma": 2.3762606176792094, "lambda": 0.08389095549151794, "alpha": 1.2143051689977274e-06}