{"max_depth": 6, "learning_rate": 0.14361934924466524, "subsample": 0.9204296776502583, "colsample_bytree": 0.8425470698046658, "gamma": 0.08817252489757899, "lambda": 0.28749947094446193, "alpha": 0.00010588315020128133}