{"max_depth": 5, "learning_rate": 0.2965817414256803, "subsample": 0.8354849616816712, "colsample_bytree": 0.5896496027118185, "gamma": 4.644789309986212, "lambda": 0.00012573967338836925, "alpha": 8.335225075336087e-06}