{"max_depth": 5, "learning_rate": 0.2466359234851799, "subsample": 0.919037915953535, "colsample_bytree": 0.5378512524087729, "gamma": 2.6450507708684907, "lambda": 1.5344430781062828e-06, "alpha": 2.9770489827220883e-05}