{"max_depth": 7, "learning_rate": 0.16624543657179708, "subsample": 0.9990992012593347, "colsample_bytree": 0.5835244479825781, "gamma": 3.3703912371687252, "lambda": 0.18415976520927668, "alpha": 1.3328521632255569e-07}