{"max_depth": 8, "learning_rate": 0.15500218986404962, "subsample": 0.8506100908831074, "colsample_bytree": 0.6712663881050385, "gamma": 3.3641799778605335, "lambda": 1.5853109141389819e-06, "alpha": 2.3591094010625692e-07}