{"max_depth": 6, "learning_rate": 0.20606401749089723, "subsample": 0.8566824877287371, "colsample_bytree": 0.7132959365644621, "gamma": 4.207061402032649, "lambda": 0.0008042143335083478, "alpha": 2.3064925004746608e-08}