{"max_depth": 3, "learning_rate": 0.23835599928122178, "subsample": 0.7980550379636713, "colsample_bytree": 0.6078267556182864, "gamma": 0.7619853242925045, "lambda": 4.320894023718587e-08, "alpha": 1.285063722985271e-06}