{"max_depth": 4, "learning_rate": 0.13669432216264604, "subsample": 0.6305226991823847, "colsample_bytree": 0.743345745781921, "gamma": 3.561897429420859, "lambda": 0.02242982537818721, "alpha": 1.4886544738061502e-05}