{"max_depth": 5, "learning_rate": 0.10762684794235196, "subsample": 0.5427654935072794, "colsample_bytree": 0.8851328129282767, "gamma": 0.5744360099323831, "lambda": 0.0006906939909419624, "alpha": 3.2011721779163284e-06}