{"max_depth": 10, "learning_rate": 0.1790474258974843, "subsample": 0.7842703758699986, "colsample_bytree": 0.5176750061935458, "gamma": 3.432180476446672, "lambda": 0.012738860637408412, "alpha": 0.00031700754582552373}