{"max_depth": 5, "learning_rate": 0.07108493103050556, "subsample": 0.8338439539766102, "colsample_bytree": 0.9392166634919602, "gamma": 4.129242258177846, "lambda": 2.7909286613971946e-05, "alpha": 0.007332818738530789}