{"max_depth": 4, "learning_rate": 0.18330083639818837, "subsample": 0.967178282498161, "colsample_bytree": 0.7139037604610354, "gamma": 0.27374400108812535, "lambda": 2.0671026346954358e-06, "alpha": 0.00015832812811465924}