{"max_depth": 3, "learning_rate": 0.02599748973063898, "subsample": 0.9700100721868783, "colsample_bytree": 0.6585647683057234, "gamma": 3.7915860364751386, "lambda": 7.970832764392146e-06, "alpha": 0.005387482866531229}