{"max_depth": 8, "learning_rate": 0.1479388501621779, "subsample": 0.6990829790246456, "colsample_bytree": 0.5069799307987473, "gamma": 1.498398190142833, "lambda": 1.5439858419787038e-05, "alpha": 2.3854151256427296e-06}