{"max_depth": 4, "learning_rate": 0.06825122224633612, "subsample": 0.9220829611040087, "colsample_bytree": 0.9218786888667563, "gamma": 1.9519663393260385, "lambda": 0.001047339779972036, "alpha": 1.684773358876498e-08}