{"max_depth": 5, "learning_rate": 0.2551936550099117, "subsample": 0.9716920460647203, "colsample_bytree": 0.9062364769621227, "gamma": 2.7618157034772306, "lambda": 2.072050728113778e-08, "alpha": 0.009112469195915861}