{"max_depth": 7, "learning_rate": 0.030858421690542967, "subsample": 0.5334127946226586, "colsample_bytree": 0.6300557082915761, "gamma": 1.4195409890372384, "lambda": 9.93351763987551e-08, "alpha": 0.0008513433017027901}