{"max_depth": 9, "learning_rate": 0.23225148354050018, "subsample": 0.7941486352622147, "colsample_bytree": 0.7815524786285893, "gamma": 2.8655333542423715, "lambda": 0.00011795078095568922, "alpha": 4.725492079816597e-07}