{"max_depth": 10, "learning_rate": 0.05961549675581436, "subsample": 0.8415198435009243, "colsample_bytree": 0.8267099869758265, "gamma": 0.7668978708354357, "lambda": 0.04453681119988852, "alpha": 9.123173338162996e-08}