{"max_depth": 7, "learning_rate": 0.05710735806538088, "subsample": 0.5269157560291796, "colsample_bytree": 0.9902261081127237, "gamma": 2.416533611473505, "lambda": 0.0027750884521574107, "alpha": 4.6829579830366524e-06}