{"max_depth": 7, "learning_rate": 0.06766443326943895, "subsample": 0.5074446867985067, "colsample_bytree": 0.7415143965988851, "gamma": 2.2951637079956684, "lambda": 0.0002495597153556713, "alpha": 1.254193402908571e-06}