{"max_depth": 8, "learning_rate": 0.11459217223315156, "subsample": 0.7825669802545926, "colsample_bytree": 0.6710778280826513, "gamma": 0.5331241933437558, "lambda": 8.03183295133123e-08, "alpha": 0.5443108552211952}