{"max_depth": 5, "learning_rate": 0.06881170764301722, "subsample": 0.8089023036030895, "colsample_bytree": 0.9655829182454925, "gamma": 0.7280652963522727, "lambda": 0.16116408927310405, "alpha": 0.01654915849597451}