{"max_depth": 7, "learning_rate": 0.1869028716039987, "subsample": 0.6248429483841405, "colsample_bytree": 0.9786258312696924, "gamma": 3.4211401479337282, "lambda": 0.10761263957822408, "alpha": 0.07525638016419421}