{"max_depth": 6, "learning_rate": 0.22979578101519338, "subsample": 0.9619064698962656, "colsample_bytree": 0.5415951507974817, "gamma": 3.378032641518268, "lambda": 0.05503341566594704, "alpha": 9.541100419210982e-05}