{"max_depth": 5, "learning_rate": 0.03678879565307241, "subsample": 0.7770891757329657, "colsample_bytree": 0.7112010400347532, "gamma": 4.7361750344727085, "lambda": 0.02303986164127172, "alpha": 0.0006146156409354454}