{"max_depth": 4, "learning_rate": 0.2954636418680287, "subsample": 0.5102890649568018, "colsample_bytree": 0.7387505182739955, "gamma": 0.9205200821429366, "lambda": 0.0017095907959123204, "alpha": 1.0352821488228404e-07}