{"max_depth": 7, "learning_rate": 0.14183931405428168, "subsample": 0.5388301697721288, "colsample_bytree": 0.8108459301742932, "gamma": 2.392238534917181, "lambda": 0.10873287988680794, "alpha": 3.3248861029954042e-06}