{"max_depth": 5, "learning_rate": 0.2862770002208062, "subsample": 0.9372716937322901, "colsample_bytree": 0.5865018473870627, "gamma": 4.313399423131676, "lambda": 0.018949815946111528, "alpha": 8.285708393320756e-08}