{"max_depth": 3, "learning_rate": 0.21145872487714726, "subsample": 0.7628517406902725, "colsample_bytree": 0.6797916168984227, "gamma": 2.8894373534339435, "lambda": 0.0001734786504073331, "alpha": 3.220316781153353e-07}