{"max_depth": 8, "learning_rate": 0.28874344930560036, "subsample": 0.5207632918490814, "colsample_bytree": 0.7015009678999953, "gamma": 2.7823846982893254, "lambda": 9.780013694982627e-05, "alpha": 0.5658235083593802}