{"max_depth": 3, "learning_rate": 0.02412835563523781, "subsample": 0.6388236471234443, "colsample_bytree": 0.7164830189188045, "gamma": 0.05461223777594504, "lambda": 1.2468912177028168e-08, "alpha": 2.374401218993056e-06}