{"max_depth": 7, "learning_rate": 0.062127203196687956, "subsample": 0.5125424029324088, "colsample_bytree": 0.5440672767182497, "gamma": 2.449840184649567, "lambda": 0.0005628487959307559, "alpha": 0.0013555606374049999}