{"max_depth": 4, "learning_rate": 0.02179564799234259, "subsample": 0.8232740145203775, "colsample_bytree": 0.8633398566093824, "gamma": 3.6269258169417555, "lambda": 0.00019786932200349005, "alpha": 0.44729185284497675}