{"max_depth": 4, "learning_rate": 0.214201571381021, "subsample": 0.9431805755766731, "colsample_bytree": 0.7520833314752451, "gamma": 2.1513344766939912, "lambda": 0.4395945581918947, "alpha": 2.297430302573361e-06}