{"max_depth": 10, "learning_rate": 0.2755184964893337, "subsample": 0.5937965497032587, "colsample_bytree": 0.7141557520624039, "gamma": 2.872139293402172, "lambda": 0.05475565320084694, "alpha": 0.045978519291974634}