{"max_depth": 8, "learning_rate": 0.2315712026901489, "subsample": 0.7137253195383009, "colsample_bytree": 0.5202509377511702, "gamma": 3.9771737332155976, "lambda": 8.789091272477513e-05, "alpha": 0.05054707405912422}