{"max_depth": 5, "learning_rate": 0.13962603740702906, "subsample": 0.5488054517167477, "colsample_bytree": 0.8054732075073121, "gamma": 2.613478971699604, "lambda": 0.0420532825779625, "alpha": 0.003826345211165376}