{"max_depth": 8, "learning_rate": 0.10943333101473963, "subsample": 0.7265216301634145, "colsample_bytree": 0.5035448935823836, "gamma": 4.59624796896604, "lambda": 1.1735077959623662e-07, "alpha": 0.12726022969847922}