{"max_depth": 8, "learning_rate": 0.07413671549666141, "subsample": 0.8412769856790708, "colsample_bytree": 0.6556103090866147, "gamma": 0.33774415087496346, "lambda": 0.0002321721818856374, "alpha": 0.0028328950170265995}