{"max_depth": 8, "learning_rate": 0.19354328108193516, "subsample": 0.5642579614566607, "colsample_bytree": 0.6802757921211202, "gamma": 2.6505297144543545, "lambda": 1.2594933361710876e-08, "alpha": 5.0638418341303106e-06}