{"max_depth": 10, "learning_rate": 0.05386052159981651, "subsample": 0.8015520268641633, "colsample_bytree": 0.7110155909375607, "gamma": 4.246915867580691, "lambda": 1.1430022514086885e-05, "alpha": 5.2747484049493845e-06}