{"max_depth": 4, "learning_rate": 0.11177327731664051, "subsample": 0.881570365206247, "colsample_bytree": 0.9113222302883854, "gamma": 1.5670631360270182, "lambda": 1.3451632643197629e-05, "alpha": 0.016735957434030686}