{"max_depth": 5, "learning_rate": 0.26327517158125124, "subsample": 0.8591591346674222, "colsample_bytree": 0.9678153562108733, "gamma": 0.13455414798577647, "lambda": 3.459981079903032e-08, "alpha": 0.002368465758570621}