{"max_depth": 7, "learning_rate": 0.19361833317977217, "subsample": 0.5863538120678474, "colsample_bytree": 0.742395886944001, "gamma": 3.719303741975524, "lambda": 0.2381398972640443, "alpha": 0.037945745253433624}