{"max_depth": 8, "learning_rate": 0.1341064797468879, "subsample": 0.782145675863303, "colsample_bytree": 0.7605103349903527, "gamma": 4.752057780247791, "lambda": 1.9295246679875707e-08, "alpha": 5.409902770167863e-07}