{"max_depth": 6, "learning_rate": 0.18422002153144748, "subsample": 0.7997850019005683, "colsample_bytree": 0.9671517433834892, "gamma": 4.2192318587761, "lambda": 4.2175813331712494e-07, "alpha": 0.0018389061823893362}