{"max_depth": 3, "learning_rate": 0.22815524779755925, "subsample": 0.6246768256090534, "colsample_bytree": 0.7338698235083192, "gamma": 0.35490089557888294, "lambda": 1.1572456050596084e-08, "alpha": 0.35108771977002023}