{"max_depth": 10, "learning_rate": 0.17336966169751958, "subsample": 0.8411499510055733, "colsample_bytree": 0.8392665871911578, "gamma": 4.219836329881766, "lambda": 0.12155137360723059, "alpha": 0.00011647524450673532}