{"max_depth": 3, "learning_rate": 0.0682626641838681, "subsample": 0.5798231324497699, "colsample_bytree": 0.5409726291995953, "gamma": 1.86727484623235, "lambda": 0.10162831839397732, "alpha": 9.326757980413419e-08}