{"max_depth": 10, "learning_rate": 0.1737361381723949, "subsample": 0.9487286932318519, "colsample_bytree": 0.5382731614497309, "gamma": 4.928511030157372, "lambda": 0.001082799545316534, "alpha": 5.148270210281398e-06}