{"max_depth": 7, "learning_rate": 0.10674385456193702, "subsample": 0.8609412765618752, "colsample_bytree": 0.6795742364800329, "gamma": 4.753367466296044, "lambda": 0.33679402106769324, "alpha": 1.7198349157153288e-06}