{"max_depth": 5, "learning_rate": 0.03737088896055914, "subsample": 0.8883282950701783, "colsample_bytree": 0.5221384999894776, "gamma": 1.84458102868148, "lambda": 0.05157776757624742, "alpha": 1.0397227674367763e-05}