{"max_depth": 6, "learning_rate": 0.16143632956861506, "subsample": 0.6918286604897819, "colsample_bytree": 0.7003885120317287, "gamma": 1.7005845790629532, "lambda": 0.03665384174098379, "alpha": 0.0007108887973935956}