{"max_depth": 7, "learning_rate": 0.07476507489564144, "subsample": 0.7839160038951187, "colsample_bytree": 0.6088509572769236, "gamma": 3.413001771647491, "lambda": 0.1295051850940674, "alpha": 3.9983210964371934e-08}