{"max_depth": 3, "learning_rate": 0.2830430247196097, "subsample": 0.5727976401068406, "colsample_bytree": 0.6878573206935001, "gamma": 0.022185155123826683, "lambda": 0.15496527619017866, "alpha": 0.25292894354662504}