{"max_depth": 10, "learning_rate": 0.11340160046184489, "subsample": 0.6568822030252204, "colsample_bytree": 0.9590378946295421, "gamma": 0.779309298853243, "lambda": 0.0072224611867353445, "alpha": 2.5523316956183944e-05}