{"max_depth": 7, "learning_rate": 0.14828943375003106, "subsample": 0.8151194678146443, "colsample_bytree": 0.5600591504229855, "gamma": 1.2553172172851905, "lambda": 0.04380983527208665, "alpha": 0.026713657983570064}