{"max_depth": 5, "learning_rate": 0.23583478758503937, "subsample": 0.6556198661521306, "colsample_bytree": 0.9486268780100249, "gamma": 2.243771163750068, "lambda": 1.2978978180925617e-08, "alpha": 7.626966346798621e-07}