{"max_depth": 4, "learning_rate": 0.24102297928032576, "subsample": 0.6895402001866718, "colsample_bytree": 0.721482170180259, "gamma": 2.593013844149801, "lambda": 0.001091889156667385, "alpha": 3.251169739078945e-06}