{"max_depth": 9, "learning_rate": 0.025585630796662567, "subsample": 0.8896715787436125, "colsample_bytree": 0.642909510210518, "gamma": 4.731177366292453, "lambda": 1.1097896524025216e-06, "alpha": 6.137298171665821e-07}