{"max_depth": 4, "learning_rate": 0.2928899711726361, "subsample": 0.8348788107147667, "colsample_bytree": 0.7752523381726292, "gamma": 1.0429139644050904, "lambda": 1.1131913972101568e-08, "alpha": 2.5411208435576004e-08}