{"max_depth": 8, "learning_rate": 0.11724722935045577, "subsample": 0.5855570018725123, "colsample_bytree": 0.9962082751849042, "gamma": 3.6639825170331877, "lambda": 3.657749995443291e-05, "alpha": 0.0025042078563971234}