{"max_depth": 7, "learning_rate": 0.27091376672757844, "subsample": 0.6659548614544988, "colsample_bytree": 0.837600177397886, "gamma": 4.040319350257191, "lambda": 0.10119503649679319, "alpha": 1.3288493139913838e-08}