{"max_depth": 7, "learning_rate": 0.282660715844662, "subsample": 0.7887182170011178, "colsample_bytree": 0.7224854214535836, "gamma": 3.1214570981784098, "lambda": 0.1405269248896648, "alpha": 0.0003791752441368099}