{"max_depth": 5, "learning_rate": 0.15425297233773475, "subsample": 0.590244909275629, "colsample_bytree": 0.5860889981529327, "gamma": 2.844202841999862, "lambda": 0.14809939960540358, "alpha": 1.3520538350345841e-08}