{"max_depth": 4, "learning_rate": 0.030459574561763604, "subsample": 0.9579019065509112, "colsample_bytree": 0.8737087690070722, "gamma": 4.102078351642379, "lambda": 0.0009476917402278411, "alpha": 0.012407721396328772}