{"max_depth": 8, "learning_rate": 0.2268433391980836, "subsample": 0.8978972943214829, "colsample_bytree": 0.8297819085042526, "gamma": 3.6655179142258247, "lambda": 1.169168785534035e-06, "alpha": 0.0003425093184557631}