{"max_depth": 7, "learning_rate": 0.26135359725941476, "subsample": 0.6891555762128418, "colsample_bytree": 0.8309096025554619, "gamma": 3.7347967375170557, "lambda": 2.890003186355104e-05, "alpha": 3.868687843703982e-06}