{"max_depth": 6, "learning_rate": 0.06496266125193555, "subsample": 0.8922211615644768, "colsample_bytree": 0.8372472938792375, "gamma": 2.270810231989196, "lambda": 0.0011712246407512793, "alpha": 0.006075692580089791}