{"max_depth": 4, "learning_rate": 0.03097503339492541, "subsample": 0.7087845004513341, "colsample_bytree": 0.99932850140609, "gamma": 4.125186901919935, "lambda": 0.2252620853150909, "alpha": 1.3075359375060116e-06}