{"max_depth": 10, "learning_rate": 0.04126310593973745, "subsample": 0.8066358814865857, "colsample_bytree": 0.6555904799527701, "gamma": 2.5848467666566166, "lambda": 0.0017338740106474877, "alpha": 2.2461520197935635e-07}