{"max_depth": 7, "learning_rate": 0.2443476801467365, "subsample": 0.6750614104267036, "colsample_bytree": 0.9926300466497402, "gamma": 4.567603256763823, "lambda": 4.137465109662493e-06, "alpha": 0.00011626085941951688}