{"max_depth": 6, "learning_rate": 0.17474340661103155, "subsample": 0.8085238706187707, "colsample_bytree": 0.6455567585728132, "gamma": 2.49890618393487, "lambda": 0.14475109281224097, "alpha": 0.00029790208819309926}