{"max_depth": 6, "learning_rate": 0.12640598718696533, "subsample": 0.5494896602171917, "colsample_bytree": 0.6110149090896121, "gamma": 1.5056851294704277, "lambda": 1.7081653490448385e-06, "alpha": 1.1372718737733792e-06}