{"max_depth": 6, "learning_rate": 0.1675243716501314, "subsample": 0.8087273547663327, "colsample_bytree": 0.5016933749272738, "gamma": 0.36747652579456, "lambda": 2.957078794493755e-07, "alpha": 0.01120381991888071}