{"max_depth": 4, "learning_rate": 0.2423737299946907, "subsample": 0.6678064248941795, "colsample_bytree": 0.9651372107384055, "gamma": 0.3005111289321305, "lambda": 1.7926699988818343e-07, "alpha": 5.7236368270588244e-08}