{"max_depth": 9, "learning_rate": 0.021806416710313522, "subsample": 0.99080187895786, "colsample_bytree": 0.9836234468203731, "gamma": 2.265923849404155, "lambda": 1.406597895281327e-07, "alpha": 3.413656411906703e-07}