{"max_depth": 10, "learning_rate": 0.16412997974195528, "subsample": 0.8417836506506646, "colsample_bytree": 0.8518851993510426, "gamma": 1.295301192369673, "lambda": 3.284984434881269e-07, "alpha": 0.04458347981941745}