{"max_depth": 9, "learning_rate": 0.12780758133784853, "subsample": 0.9539020344941949, "colsample_bytree": 0.9326014388049352, "gamma": 2.0176153823126386, "lambda": 0.15124163706236302, "alpha": 0.000271331810329031}