{"max_depth": 5, "learning_rate": 0.25865944075571196, "subsample": 0.5950975246589251, "colsample_bytree": 0.9013431729564355, "gamma": 4.473599053903971, "lambda": 0.0010417253579340818, "alpha": 0.0004251147060030017}