{"max_depth": 5, "learning_rate": 0.16525466195950747, "subsample": 0.7207063233202378, "colsample_bytree": 0.520612427087554, "gamma": 0.43996227616476646, "lambda": 0.001268735916160743, "alpha": 0.5708295634451299}