{"max_depth": 5, "learning_rate": 0.2519046406304004, "subsample": 0.785014328826975, "colsample_bytree": 0.532102773938208, "gamma": 1.4257414148799636, "lambda": 0.012627331164015957, "alpha": 7.788281863880001e-08}