{"max_depth": 10, "learning_rate": 0.07794186582284157, "subsample": 0.8451023959033258, "colsample_bytree": 0.6221906759846119, "gamma": 2.4041751576439307, "lambda": 5.9734920249546136e-05, "alpha": 1.9631115424460633e-06}