{"max_depth": 10, "learning_rate": 0.28059254305091563, "subsample": 0.5577021616474435, "colsample_bytree": 0.6571417924614659, "gamma": 2.826814334141811, "lambda": 2.7979501044902854e-05, "alpha": 0.2874136592290449}