{"max_depth": 3, "learning_rate": 0.2703883320427244, "subsample": 0.5561522289405259, "colsample_bytree": 0.9611336202180372, "gamma": 2.700795883032008, "lambda": 0.037853434399528055, "alpha": 1.1807734196423164e-08}