{"max_depth": 7, "learning_rate": 0.022272651065183637, "subsample": 0.9649067750981883, "colsample_bytree": 0.6572358560001386, "gamma": 3.285796815652046, "lambda": 0.5059834206618958, "alpha": 1.9177127618721993e-05}