{"max_depth": 10, "learning_rate": 0.02611582052259745, "subsample": 0.7729725751208218, "colsample_bytree": 0.8134812326399914, "gamma": 1.7958476434798492, "lambda": 1.5671547320434562e-07, "alpha": 2.0539455563209967e-06}