{"max_depth": 8, "learning_rate": 0.259162114858287, "subsample": 0.9155382784125143, "colsample_bytree": 0.5893907153930142, "gamma": 0.7286667599637631, "lambda": 1.503558111258945e-08, "alpha": 0.0006716154705342658}