{"max_depth": 10, "learning_rate": 0.17711362044648318, "subsample": 0.8872677684690554, "colsample_bytree": 0.6264674929305147, "gamma": 2.247654022081642, "lambda": 8.13724646629521e-07, "alpha": 0.00011842929950186939}