{"max_depth": 9, "learning_rate": 0.144885596265109, "subsample": 0.7668594820775341, "colsample_bytree": 0.870845642195616, "gamma": 1.4805942558790215, "lambda": 0.08297450570730935, "alpha": 0.005400009463996852}