{"max_depth": 3, "learning_rate": 0.04297679566610613, "subsample": 0.562107329351873, "colsample_bytree": 0.7130521182049301, "gamma": 1.512336794951286, "lambda": 1.849722256741413e-08, "alpha": 2.6912012809978538e-05}