{"max_depth": 9, "learning_rate": 0.21546521936365587, "subsample": 0.874004804861191, "colsample_bytree": 0.9926467800505439, "gamma": 1.5906317356002115, "lambda": 0.02072481923125655, "alpha": 0.0003371370395769199}