{"max_depth": 4, "learning_rate": 0.11476188632065695, "subsample": 0.5603823490186775, "colsample_bytree": 0.542261164691235, "gamma": 2.4813914546774054, "lambda": 1.0492232904924612e-08, "alpha": 9.449957605487147e-06}