{"max_depth": 3, "learning_rate": 0.03101659349782182, "subsample": 0.9176539136512658, "colsample_bytree": 0.7147952593092578, "gamma": 0.008214673580357323, "lambda": 0.11499428415828593, "alpha": 5.103126685307076e-07}