{"max_depth": 8, "learning_rate": 0.18064363394109342, "subsample": 0.7298845804436022, "colsample_bytree": 0.9166812531272391, "gamma": 4.530831749339407, "lambda": 9.06374720606836e-06, "alpha": 1.684727842654413e-07}