{"max_depth": 4, "learning_rate": 0.2967001235702836, "subsample": 0.5478786480322586, "colsample_bytree": 0.5843382135700751, "gamma": 3.2393110932415885, "lambda": 3.124610891030092e-07, "alpha": 0.029494520716605216}