{"max_depth": 5, "learning_rate": 0.2043811380999583, "subsample": 0.6521750040728858, "colsample_bytree": 0.5905034164176981, "gamma": 1.080120926231472, "lambda": 0.006852472419074376, "alpha": 0.00012867305604415878}