{"max_depth": 10, "learning_rate": 0.04171339028955893, "subsample": 0.9866652755670475, "colsample_bytree": 0.6271171605020168, "gamma": 0.7490506350000414, "lambda": 1.1108425837569424e-07, "alpha": 4.467939114666731e-06}