{"max_depth": 7, "learning_rate": 0.047490189867848545, "subsample": 0.5212411059058146, "colsample_bytree": 0.8188759222869928, "gamma": 4.221180356824961, "lambda": 0.00038717746077039596, "alpha": 1.0105912408482396e-06}