{"max_depth": 8, "learning_rate": 0.2803749657480145, "subsample": 0.6949642739493767, "colsample_bytree": 0.5650342236788679, "gamma": 2.8244619219478864, "lambda": 0.1659442046976624, "alpha": 1.2063741134730637e-08}