{"max_depth": 3, "learning_rate": 0.04206434694073593, "subsample": 0.7638514504488008, "colsample_bytree": 0.5880565859412006, "gamma": 0.9979404644554785, "lambda": 0.0008659428094436099, "alpha": 2.234510488304883e-06}