{"max_depth": 3, "learning_rate": 0.29359579178073947, "subsample": 0.8702203706571808, "colsample_bytree": 0.5751554625713267, "gamma": 0.6590639537102105, "lambda": 2.284612998511894e-05, "alpha": 1.4683213623151684e-08}