{"max_depth": 3, "learning_rate": 0.06469882499570027, "subsample": 0.7373438903993972, "colsample_bytree": 0.6141651045442662, "gamma": 0.4845410445880233, "lambda": 2.5574302419536645e-08, "alpha": 2.1866868966131514e-08}