{"max_depth": 9, "learning_rate": 0.26049835824401457, "subsample": 0.8396233691239628, "colsample_bytree": 0.57061370256493, "gamma": 3.2875728823549153, "lambda": 1.4421771684939095e-06, "alpha": 0.02414571954438492}