{"max_depth": 7, "learning_rate": 0.012898954743536072, "subsample": 0.8841152093369185, "colsample_bytree": 0.519036385365425, "gamma": 4.34813206241189, "lambda": 0.000520465060359667, "alpha": 1.9385928549645505e-08}