{"max_depth": 4, "learning_rate": 0.1449853007019542, "subsample": 0.6575873536869813, "colsample_bytree": 0.9433931189523157, "gamma": 1.0224635471211267, "lambda": 6.862158479587566e-06, "alpha": 0.00021771544730595643}