{"max_depth": 9, "learning_rate": 0.0906484795434904, "subsample": 0.6805363233544275, "colsample_bytree": 0.9388486844416378, "gamma": 2.806410678165773, "lambda": 0.004537452604865839, "alpha": 0.9231454647737523}