{"max_depth": 9, "learning_rate": 0.12590325470025995, "subsample": 0.9075009618586152, "colsample_bytree": 0.5691437355190774, "gamma": 2.9294637254745948, "lambda": 0.5738501959244192, "alpha": 0.005080761626453718}