{"max_depth": 10, "learning_rate": 0.014356965178843472, "subsample": 0.8585274383164585, "colsample_bytree": 0.6239578946086737, "gamma": 4.438763810634999, "lambda": 0.016358230167187574, "alpha": 9.14845333459919e-06}