{"max_depth": 6, "learning_rate": 0.1423829182622165, "subsample": 0.594165772961549, "colsample_bytree": 0.5439464879637621, "gamma": 0.0878323861603858, "lambda": 0.011327344960388322, "alpha": 0.16930078432115936}