{"max_depth": 8, "learning_rate": 0.12144333016340739, "subsample": 0.5306723651198978, "colsample_bytree": 0.7579656422458494, "gamma": 4.664251864971364, "lambda": 0.03445356288023445, "alpha": 6.217282851631558e-07}