{"max_depth": 5, "learning_rate": 0.0978550411811201, "subsample": 0.635031612579396, "colsample_bytree": 0.8799449587500522, "gamma": 2.15919000124746, "lambda": 1.756911047569158e-08, "alpha": 1.4165401952894582e-06}