{"max_depth": 9, "learning_rate": 0.13826767129040443, "subsample": 0.8322261407868166, "colsample_bytree": 0.9748760950471735, "gamma": 3.0290524188397567, "lambda": 0.14315762816512573, "alpha": 5.7350246202114224e-08}