{"max_depth": 9, "learning_rate": 0.1778896041225218, "subsample": 0.6357859582509587, "colsample_bytree": 0.9603305772058967, "gamma": 0.6380709322674921, "lambda": 0.010421929081091082, "alpha": 9.060978090310851e-08}