{"max_depth": 7, "learning_rate": 0.032389328545400026, "subsample": 0.5852432059938304, "colsample_bytree": 0.7011367532951085, "gamma": 1.2523957182855887, "lambda": 0.19551956975153054, "alpha": 3.256092393156198e-08}