{"max_depth": 5, "learning_rate": 0.17301263017433405, "subsample": 0.6276035551522414, "colsample_bytree": 0.7830011695204893, "gamma": 1.765299193377567, "lambda": 0.06136782764632269, "alpha": 5.721556381714371e-06}