{"max_depth": 7, "learning_rate": 0.27210443361230924, "subsample": 0.6235686481683645, "colsample_bytree": 0.5543950797351332, "gamma": 4.095752525423572, "lambda": 4.165415058452216e-06, "alpha": 3.709963756530226e-07}