{"max_depth": 10, "learning_rate": 0.05660770924059201, "subsample": 0.9948442201081649, "colsample_bytree": 0.9550989556852207, "gamma": 1.5722681689265572, "lambda": 1.149219503992561e-07, "alpha": 1.5142787908504057e-08}