{"max_depth": 4, "learning_rate": 0.12520898329876798, "subsample": 0.8785536306182183, "colsample_bytree": 0.79719061296817, "gamma": 3.1723785098259674, "lambda": 0.10710862513188227, "alpha": 1.5302061113315553e-07}