{"max_depth": 7, "learning_rate": 0.05834373395424418, "subsample": 0.5695611006518257, "colsample_bytree": 0.8417093710092554, "gamma": 4.520669237312428, "lambda": 0.028813546964170298, "alpha": 2.441203235964423e-06}