{"max_depth": 8, "learning_rate": 0.039025293862972245, "subsample": 0.764922945487287, "colsample_bytree": 0.7309212428135428, "gamma": 3.3243727606558, "lambda": 4.721218895119964e-08, "alpha": 0.39693966752322407}