{"max_depth": 9, "learning_rate": 0.20569641500690533, "subsample": 0.6007216977566083, "colsample_bytree": 0.799148848889327, "gamma": 4.575695710054394, "lambda": 1.600053894966069e-05, "alpha": 0.4986173677637474}