{"max_depth": 7, "learning_rate": 0.1117566962572038, "subsample": 0.5597837669966936, "colsample_bytree": 0.8933469375668308, "gamma": 1.3577584619048755, "lambda": 1.0485767399426346e-07, "alpha": 2.813878323396281e-07}