{"max_depth": 10, "learning_rate": 0.29495704654569754, "subsample": 0.5542142161403977, "colsample_bytree": 0.9730285481549475, "gamma": 0.8773364768007974, "lambda": 0.5714166763446462, "alpha": 3.795603370964098e-05}