{"max_depth": 7, "learning_rate": 0.07200147054250959, "subsample": 0.5990591183907795, "colsample_bytree": 0.643178185857442, "gamma": 3.761822972369992, "lambda": 5.859471464439362e-05, "alpha": 4.2207059136649995e-06}