{"max_depth": 3, "learning_rate": 0.26636648041003713, "subsample": 0.5821983724761248, "colsample_bytree": 0.9310469521081747, "gamma": 2.499206843353197, "lambda": 0.0013111944197730953, "alpha": 1.1270509075223465e-07}