{"max_depth": 8, "learning_rate": 0.16106923460582523, "subsample": 0.6143740445773398, "colsample_bytree": 0.7077452473137372, "gamma": 0.4689964223342491, "lambda": 1.1540876784422633e-07, "alpha": 2.937976136671662e-05}