{"max_depth": 8, "learning_rate": 0.08094462341970096, "subsample": 0.8497300651863504, "colsample_bytree": 0.891830450561301, "gamma": 4.899430268202197, "lambda": 0.02461250553401756, "alpha": 5.133374865498102e-07}