{"max_depth": 8, "learning_rate": 0.12319056240463365, "subsample": 0.7930492860668302, "colsample_bytree": 0.6609842201095626, "gamma": 4.593397950733491, "lambda": 0.0007385829541746532, "alpha": 7.854313253298978e-08}