{"max_depth": 3, "learning_rate": 0.28603972308536824, "subsample": 0.8641313998140057, "colsample_bytree": 0.5493845758328759, "gamma": 4.290289915495449, "lambda": 7.840042827697258e-06, "alpha": 0.0010709071531727725}