{"max_depth": 3, "learning_rate": 0.2705032059062713, "subsample": 0.5499830092940083, "colsample_bytree": 0.8474899946118113, "gamma": 3.5032624057199477, "lambda": 2.553128542965425e-06, "alpha": 6.4498045601954224e-06}