{"max_depth": 9, "learning_rate": 0.28132204914312087, "subsample": 0.9281449351513227, "colsample_bytree": 0.847318400584777, "gamma": 2.4490809338758375, "lambda": 0.39457702296261693, "alpha": 1.1918696928460548e-06}