{"max_depth": 4, "learning_rate": 0.1783915681842245, "subsample": 0.7068044842424115, "colsample_bytree": 0.6931093900963343, "gamma": 4.35102504898898, "lambda": 1.6165018354627312e-06, "alpha": 0.012183858052405313}