{"max_depth": 7, "learning_rate": 0.04063801321788488, "subsample": 0.7437953235692828, "colsample_bytree": 0.8553142564431013, "gamma": 2.6806918605809207, "lambda": 0.16643451800798245, "alpha": 2.7438927142476866e-08}