{"max_depth": 9, "learning_rate": 0.12639111248523102, "subsample": 0.842785881151227, "colsample_bytree": 0.6913234220953559, "gamma": 4.091630805325515, "lambda": 1.1247500349169441e-05, "alpha": 0.0017395199441319756}