{"max_depth": 8, "learning_rate": 0.10969804275047217, "subsample": 0.7325844367030224, "colsample_bytree": 0.8952258652137572, "gamma": 2.7360868529070608, "lambda": 1.6730063447204965e-07, "alpha": 0.00010248381342002504}