{"max_depth": 3, "learning_rate": 0.04601031953687012, "subsample": 0.8333082331041568, "colsample_bytree": 0.5373891402978164, "gamma": 2.865727723297936, "lambda": 2.2091390232766737e-05, "alpha": 9.4130624595832e-07}