{"max_depth": 3, "learning_rate": 0.03153215092721006, "subsample": 0.6561759947470102, "colsample_bytree": 0.6864010479435301, "gamma": 3.830101548138289, "lambda": 0.00016814706901198276, "alpha": 0.0025762321941470282}