{"max_depth": 6, "learning_rate": 0.25475414690950227, "subsample": 0.5588841091487453, "colsample_bytree": 0.5287585585116251, "gamma": 2.2861408961906666, "lambda": 0.00015655205971263093, "alpha": 0.0017030777236325492}