{"max_depth": 7, "learning_rate": 0.1307296270952278, "subsample": 0.7022910909635502, "colsample_bytree": 0.8768605906850632, "gamma": 3.0510712702959593, "lambda": 0.00011384651782336144, "alpha": 3.882481293438827e-08}