{"max_depth": 3, "learning_rate": 0.059115617413039966, "subsample": 0.8351597974680293, "colsample_bytree": 0.7138502102224304, "gamma": 1.849660251779014, "lambda": 5.9441740050468005e-06, "alpha": 0.04089111206609093}