{"max_depth": 5, "learning_rate": 0.26033806121707526, "subsample": 0.7752844357562714, "colsample_bytree": 0.716921536884911, "gamma": 4.937427433485499, "lambda": 2.2207707707815528e-07, "alpha": 3.51291634035437e-05}