{"max_depth": 8, "learning_rate": 0.13933850387064745, "subsample": 0.8952434967717835, "colsample_bytree": 0.7583578136892577, "gamma": 3.697677346949844, "lambda": 6.681006215951667e-08, "alpha": 0.00039603238559967105}