{"max_depth": 7, "learning_rate": 0.24281921797073816, "subsample": 0.5310885440299355, "colsample_bytree": 0.6308756072743118, "gamma": 4.77666902026128, "lambda": 1.1407368373431455e-05, "alpha": 1.058416470738351e-07}