{"max_depth": 6, "learning_rate": 0.23251956136793595, "subsample": 0.648994316062836, "colsample_bytree": 0.531046685892494, "gamma": 4.8869988603086085, "lambda": 4.863378506487112e-06, "alpha": 0.0005209245278527053}