{"max_depth": 5, "learning_rate": 0.07946729295184707, "subsample": 0.7619029974004766, "colsample_bytree": 0.5476754509685604, "gamma": 0.7876228212966768, "lambda": 1.1906662832528164e-05, "alpha": 0.1373582980074535}