{"max_depth": 7, "learning_rate": 0.2536589383805909, "subsample": 0.7208972438654069, "colsample_bytree": 0.957035346709932, "gamma": 1.3258353276285977, "lambda": 3.0714298853001828e-06, "alpha": 0.0020981237638916035}