{"max_depth": 10, "learning_rate": 0.028994646699591523, "subsample": 0.9124528637593489, "colsample_bytree": 0.6983832298081489, "gamma": 1.399653887432863, "lambda": 5.8145083464094316e-06, "alpha": 0.25905225739083665}