{"max_depth": 3, "learning_rate": 0.14420458488606958, "subsample": 0.8508467009546439, "colsample_bytree": 0.8298473232614616, "gamma": 4.5747062393965985, "lambda": 1.9682052320639575e-07, "alpha": 0.10729591666679202}