{"max_depth": 4, "learning_rate": 0.26448841278842744, "subsample": 0.8689617050753125, "colsample_bytree": 0.9978558506935193, "gamma": 4.541666784056071, "lambda": 0.5568165375365824, "alpha": 0.7343177017457151}