{"max_depth": 8, "learning_rate": 0.14763711354577436, "subsample": 0.6119021283799106, "colsample_bytree": 0.9477348990308716, "gamma": 3.1702389492518424, "lambda": 0.026531669630972823, "alpha": 4.1548724754270666e-05}