{"max_depth": 8, "learning_rate": 0.027121029181935874, "subsample": 0.7723098014957627, "colsample_bytree": 0.5843703710835271, "gamma": 3.0621330078204028, "lambda": 0.08651747090486266, "alpha": 0.0021825406947326045}