{"max_depth": 10, "learning_rate": 0.21753967397421495, "subsample": 0.5106365111343301, "colsample_bytree": 0.7617536956031021, "gamma": 0.053939799159545276, "lambda": 0.005154297559783722, "alpha": 0.7229800792862626}