{"max_depth": 7, "learning_rate": 0.19647348914219545, "subsample": 0.6450881783119132, "colsample_bytree": 0.6978861184805512, "gamma": 4.281452646330806, "lambda": 0.09306168870118005, "alpha": 4.115956686582148e-05}