{"max_depth": 6, "learning_rate": 0.29324509955715394, "subsample": 0.6549288562446075, "colsample_bytree": 0.754280811113244, "gamma": 4.603847717133596, "lambda": 0.08135241677694273, "alpha": 0.02750576922057479}