{"max_depth": 6, "learning_rate": 0.05536108313445653, "subsample": 0.8540379018359587, "colsample_bytree": 0.9679172708658841, "gamma": 1.834301218885808, "lambda": 0.00018495802048528392, "alpha": 0.006902388303342626}