{"max_depth": 4, "learning_rate": 0.25682119707614887, "subsample": 0.9286932786516571, "colsample_bytree": 0.7953313922999057, "gamma": 3.0852754260698596, "lambda": 5.861335559725966e-08, "alpha": 0.0168619184872464}