{"max_depth": 7, "learning_rate": 0.11950840214417786, "subsample": 0.7707091472738259, "colsample_bytree": 0.8076829593917512, "gamma": 0.3583669650825949, "lambda": 6.313506425199839e-08, "alpha": 0.003212358047716964}