{"max_depth": 10, "learning_rate": 0.10500757519023451, "subsample": 0.6749117749060303, "colsample_bytree": 0.704303822108499, "gamma": 2.2906731756876226, "lambda": 0.9669428834691878, "alpha": 7.336752663870509e-05}