{"max_depth": 8, "learning_rate": 0.29539698700039324, "subsample": 0.6179875054523375, "colsample_bytree": 0.737012787895297, "gamma": 4.656543987817322, "lambda": 0.000764744427339239, "alpha": 0.0010722661764964142}