{"max_depth": 4, "learning_rate": 0.25461176100497557, "subsample": 0.6971756954045771, "colsample_bytree": 0.9457325657841374, "gamma": 2.4632821086815966, "lambda": 1.0184592331492267e-05, "alpha": 0.015237306125351192}