{"max_depth": 8, "learning_rate": 0.22620337937176743, "subsample": 0.8784741351608114, "colsample_bytree": 0.6522250759878582, "gamma": 3.291546625462182, "lambda": 5.958407124822183e-05, "alpha": 0.02153605338574603}