{"max_depth": 7, "learning_rate": 0.07361638226905773, "subsample": 0.7386900325873506, "colsample_bytree": 0.623407372161435, "gamma": 1.4422628516236868, "lambda": 2.9292673153247218e-05, "alpha": 7.3084354227016255e-06}