{"max_depth": 3, "learning_rate": 0.04036874992155653, "subsample": 0.6167827821930937, "colsample_bytree": 0.8159991539278237, "gamma": 3.6048230495385476, "lambda": 2.0186745850316112e-05, "alpha": 0.0035404042814335345}