{"max_depth": 3, "learning_rate": 0.15312847008019229, "subsample": 0.5188756982373168, "colsample_bytree": 0.7454547573036168, "gamma": 0.5633831576158349, "lambda": 7.071043758513782e-08, "alpha": 0.01440680006534164}