{"max_depth": 9, "learning_rate": 0.18645057297740716, "subsample": 0.6244046244314758, "colsample_bytree": 0.501410941358974, "gamma": 1.4514739506062706, "lambda": 9.857819636708008e-06, "alpha": 2.4284794699292246e-07}