{"max_depth": 10, "learning_rate": 0.07899955987901472, "subsample": 0.9512946897371861, "colsample_bytree": 0.6371816143923299, "gamma": 3.307445436208493, "lambda": 0.0003929460261601568, "alpha": 0.15173257859234263}