{"max_depth": 3, "learning_rate": 0.1650294620493487, "subsample": 0.7077452004506781, "colsample_bytree": 0.9121738400392296, "gamma": 2.600850066160714, "lambda": 8.188955017132319e-07, "alpha": 0.0004911662892568409}