{"max_depth": 3, "learning_rate": 0.020316733107990086, "subsample": 0.7860787632069433, "colsample_bytree": 0.9220617922211582, "gamma": 2.0752595542866414, "lambda": 0.2348292016691257, "alpha": 0.3583607232037181}