{"max_depth": 10, "learning_rate": 0.2765745037996255, "subsample": 0.8317795331937852, "colsample_bytree": 0.6867248104357697, "gamma": 0.01014337257462472, "lambda": 1.3480996280518525e-07, "alpha": 0.005261120355072838}