{"max_depth": 8, "learning_rate": 0.11327612342281249, "subsample": 0.5022335763736372, "colsample_bytree": 0.8405456919240681, "gamma": 4.378357590780621, "lambda": 0.0009963590479665654, "alpha": 0.18712307458517968}