{"max_depth": 3, "learning_rate": 0.026716582403502852, "subsample": 0.7334996604350319, "colsample_bytree": 0.6238397520206753, "gamma": 0.6903516931923886, "lambda": 4.649961216562652e-05, "alpha": 0.007663757434008226}