{"max_depth": 10, "learning_rate": 0.07436712726004223, "subsample": 0.6576763178492857, "colsample_bytree": 0.6537614394977627, "gamma": 4.125151974553562, "lambda": 1.0168658840372529e-07, "alpha": 0.0015555733011332457}