{"max_depth": 10, "learning_rate": 0.10026030181636762, "subsample": 0.7388967719770301, "colsample_bytree": 0.8557472331772069, "gamma": 1.8777484108190068, "lambda": 0.015268981364083833, "alpha": 0.00029407366236139566}