{"max_depth": 3, "learning_rate": 0.03278301267347413, "subsample": 0.9075631728691177, "colsample_bytree": 0.9313666451118234, "gamma": 3.001012818249153, "lambda": 2.638693257902206e-07, "alpha": 0.023617547336762426}