{"max_depth": 7, "learning_rate": 0.1402542517203027, "subsample": 0.6740209075016728, "colsample_bytree": 0.9604522313578525, "gamma": 0.1538264189201366, "lambda": 6.808170689795205e-07, "alpha": 0.023934932512255716}