{"max_depth": 3, "learning_rate": 0.16707432088814916, "subsample": 0.6828987662345678, "colsample_bytree": 0.7634848035624837, "gamma": 1.4635786928877148, "lambda": 0.0006626248045581832, "alpha": 6.3761077625075055e-06}