{"max_depth": 5, "learning_rate": 0.2359236682895049, "subsample": 0.802114550418199, "colsample_bytree": 0.8301038633288227, "gamma": 0.7093535621733882, "lambda": 5.00364503205761e-05, "alpha": 2.9600364880093812e-05}