{"max_depth": 5, "learning_rate": 0.192951841140226, "subsample": 0.8325536653078236, "colsample_bytree": 0.8995678925864201, "gamma": 2.2423896335836213, "lambda": 1.950632558418534e-05, "alpha": 0.40369352113572}