{"max_depth": 6, "learning_rate": 0.2553259231638386, "subsample": 0.8069481231297155, "colsample_bytree": 0.8326436133526531, "gamma": 4.787238853847532, "lambda": 0.05934198991315119, "alpha": 0.007361962956097453}