{"max_depth": 5, "learning_rate": 0.19753175771061945, "subsample": 0.8091425021055765, "colsample_bytree": 0.8494551477709749, "gamma": 3.772577011605202, "lambda": 7.675011857763149e-05, "alpha": 4.9137125995365114e-08}