{"max_depth": 8, "learning_rate": 0.1306400825689986, "subsample": 0.759205945106149, "colsample_bytree": 0.7485395651328599, "gamma": 2.156694369670482, "lambda": 1.1696990564982558e-07, "alpha": 2.9037427901989005e-08}