{"max_depth": 3, "learning_rate": 0.14526498965111803, "subsample": 0.8984024075584813, "colsample_bytree": 0.9542576874719131, "gamma": 3.250040094070842, "lambda": 1.1141660411109104e-08, "alpha": 0.26639165060754705}