{"max_depth": 10, "learning_rate": 0.18039484093110503, "subsample": 0.9978445199644135, "colsample_bytree": 0.5183958173776639, "gamma": 4.158404752942487, "lambda": 4.208333360437145e-05, "alpha": 4.383635520065977e-06}