{"max_depth": 3, "learning_rate": 0.12171735410334494, "subsample": 0.6381267578430604, "colsample_bytree": 0.5548038802112585, "gamma": 2.499198352603736, "lambda": 7.757157152374117e-06, "alpha": 1.4342422676250033e-07}