{"max_depth": 7, "learning_rate": 0.12247713735531485, "subsample": 0.9977090055268938, "colsample_bytree": 0.5661920563360373, "gamma": 0.8895741944684082, "lambda": 9.463129319217163e-06, "alpha": 6.361379380173694e-08}