{"max_depth": 6, "learning_rate": 0.1441141085580698, "subsample": 0.5464352925565303, "colsample_bytree": 0.6013306544863641, "gamma": 4.359654251232141, "lambda": 1.3647699734648903e-05, "alpha": 0.1024085800981764}