{"max_depth": 9, "learning_rate": 0.27089660241100216, "subsample": 0.9324537240520737, "colsample_bytree": 0.6903256265169052, "gamma": 3.212234271698099, "lambda": 2.18757317218049e-06, "alpha": 1.3220897435073977e-08}