{"max_depth": 10, "learning_rate": 0.13909874518375573, "subsample": 0.957445536683017, "colsample_bytree": 0.8225795683955849, "gamma": 3.672620723938082, "lambda": 0.5435716665565651, "alpha": 6.057930937568742e-08}