{"max_depth": 10, "learning_rate": 0.0904669459305792, "subsample": 0.8381103154605372, "colsample_bytree": 0.5938357324724648, "gamma": 0.5516410340027023, "lambda": 8.636529027292622e-06, "alpha": 2.1693688855183296e-08}