{"max_depth": 9, "learning_rate": 0.07066449514565516, "subsample": 0.8098512175534516, "colsample_bytree": 0.9498634751658506, "gamma": 0.2069121786406053, "lambda": 7.089868017272994e-06, "alpha": 6.728406189002578e-05}