{"max_depth": 3, "learning_rate": 0.01497806098105796, "subsample": 0.9335491485297952, "colsample_bytree": 0.8737276509493452, "gamma": 4.847292426533547, "lambda": 0.005852364541626119, "alpha": 0.6236892057648603}