{"max_depth": 6, "learning_rate": 0.015132840166511837, "subsample": 0.5668436292757082, "colsample_bytree": 0.8994537370552079, "gamma": 2.795343069921577, "lambda": 2.7392390573260603e-07, "alpha": 2.04680843693558e-08}