{"max_depth": 9, "learning_rate": 0.09535877469318037, "subsample": 0.763745119817799, "colsample_bytree": 0.8942260617292921, "gamma": 0.7251141561404506, "lambda": 0.0006352788367028279, "alpha": 1.0148646948475438e-05}