{"max_depth": 9, "learning_rate": 0.08625043004598087, "subsample": 0.8486799530978211, "colsample_bytree": 0.7564669651902369, "gamma": 1.4169892821995667, "lambda": 0.05087736329056382, "alpha": 0.3003814858283608}