{"max_depth": 6, "learning_rate": 0.19697425873246216, "subsample": 0.5888880372454015, "colsample_bytree": 0.9396264184586265, "gamma": 3.9797081427621706, "lambda": 0.005148192748485946, "alpha": 0.030531402740535382}