{"max_depth": 9, "learning_rate": 0.02630724721218223, "subsample": 0.9887727339477499, "colsample_bytree": 0.8022412342157992, "gamma": 3.2135653326818265, "lambda": 0.0003473315711594025, "alpha": 0.6603278010834465}