{"max_depth": 9, "learning_rate": 0.20530961405514644, "subsample": 0.9385256912876387, "colsample_bytree": 0.945621947367999, "gamma": 4.0507103474784865, "lambda": 0.028379038668290293, "alpha": 1.499045415276217e-08}