{"max_depth": 6, "learning_rate": 0.047394951738683286, "subsample": 0.5657228952547606, "colsample_bytree": 0.7229854734372074, "gamma": 3.930170250668281, "lambda": 1.335330684684706e-05, "alpha": 0.004429154556037073}