{"max_depth": 5, "learning_rate": 0.2510024422424896, "subsample": 0.9579842264156153, "colsample_bytree": 0.7533128790681085, "gamma": 4.369007119610207, "lambda": 0.00907543844716139, "alpha": 1.0879634486141892e-05}