{"max_depth": 8, "learning_rate": 0.2530526336378875, "subsample": 0.9492467025110289, "colsample_bytree": 0.6007777396410487, "gamma": 2.7759014610464323, "lambda": 0.0014703922982310575, "alpha": 0.9859281375010208}