{"max_depth": 8, "learning_rate": 0.2714574427873921, "subsample": 0.5902367793179405, "colsample_bytree": 0.6971785179517687, "gamma": 0.08904512976943779, "lambda": 5.56810570192021e-07, "alpha": 3.7010967548884124e-05}