{"max_depth": 10, "learning_rate": 0.24666740657623135, "subsample": 0.8491816450948639, "colsample_bytree": 0.9286173197639068, "gamma": 4.6295193193061115, "lambda": 0.0002893919216038412, "alpha": 7.50305173132956e-07}