{"max_depth": 10, "learning_rate": 0.15212523490849392, "subsample": 0.7816086810434268, "colsample_bytree": 0.6751840470137402, "gamma": 1.4868971710756929, "lambda": 0.051127196119714516, "alpha": 0.014101294916158259}