{"max_depth": 6, "learning_rate": 0.11549103019626202, "subsample": 0.9138701651591347, "colsample_bytree": 0.6775841041308714, "gamma": 4.773822487031641, "lambda": 0.0008236793580081496, "alpha": 0.7947935155133047}