{"max_depth": 9, "learning_rate": 0.04942954024897317, "subsample": 0.7648557789641075, "colsample_bytree": 0.8296917496689271, "gamma": 0.9827066692882674, "lambda": 1.936637290188468e-06, "alpha": 0.010724231293731134}