{"max_depth": 5, "learning_rate": 0.2506727797746726, "subsample": 0.5305814442442159, "colsample_bytree": 0.8336309430048046, "gamma": 3.1771126364213376, "lambda": 6.693440713548632e-07, "alpha": 8.639378591865402e-06}