{"max_depth": 7, "learning_rate": 0.022664479308727007, "subsample": 0.7524359942384995, "colsample_bytree": 0.7385245889707608, "gamma": 4.782916446248451, "lambda": 1.7927964467871306e-05, "alpha": 0.002204513368571211}