{"max_depth": 8, "learning_rate": 0.1289811183059148, "subsample": 0.5788590034698582, "colsample_bytree": 0.6523712319703507, "gamma": 3.616217725591869, "lambda": 1.4449714116348543e-08, "alpha": 0.0031930662061186825}