{"max_depth": 5, "learning_rate": 0.19546914653610997, "subsample": 0.741174481856091, "colsample_bytree": 0.7308046769735188, "gamma": 1.5852714309843892, "lambda": 1.1143568521246494e-06, "alpha": 0.060415534466489264}