{"max_depth": 8, "learning_rate": 0.09302093635394267, "subsample": 0.6837905504076109, "colsample_bytree": 0.8415994865461889, "gamma": 0.19362404625426655, "lambda": 0.14851969177734484, "alpha": 2.578527404017872e-08}