{"max_depth": 9, "learning_rate": 0.23934017996185847, "subsample": 0.5617914674446013, "colsample_bytree": 0.943188032171745, "gamma": 3.5886880951673934, "lambda": 0.1503761586704479, "alpha": 0.01732936619083417}