{"max_depth": 8, "learning_rate": 0.2899541999546607, "subsample": 0.9754328786212105, "colsample_bytree": 0.8567229146305204, "gamma": 4.459657868800582, "lambda": 0.0021761853873205374, "alpha": 4.549053943604642e-08}