{"max_depth": 8, "learning_rate": 0.024597401477472414, "subsample": 0.9524841504458108, "colsample_bytree": 0.9499895875693005, "gamma": 1.1474943255843955, "lambda": 2.377762855616904e-07, "alpha": 1.67848140791297e-08}