{"max_depth": 8, "learning_rate": 0.17481436189074218, "subsample": 0.6375388683147558, "colsample_bytree": 0.5252387448401822, "gamma": 2.056790566306904, "lambda": 2.494083360640154e-07, "alpha": 3.8209735635152795e-05}