{"max_depth": 7, "learning_rate": 0.1370841162082381, "subsample": 0.9641065902893239, "colsample_bytree": 0.9862672027582586, "gamma": 3.460355687039266, "lambda": 0.10275098953643096, "alpha": 0.047189410117742414}