{"max_depth": 7, "learning_rate": 0.06612368689831737, "subsample": 0.6283703878811226, "colsample_bytree": 0.5879875433905809, "gamma": 0.2982825872907974, "lambda": 0.18211634849018213, "alpha": 0.01722220660689437}