{"max_depth": 5, "learning_rate": 0.24551276181009588, "subsample": 0.7610766873267628, "colsample_bytree": 0.6166604783641783, "gamma": 3.883523196692728, "lambda": 0.00014416402481166727, "alpha": 0.08702981884695556}