{"max_depth": 3, "learning_rate": 0.11588457249684508, "subsample": 0.5560846869973004, "colsample_bytree": 0.8969445240961571, "gamma": 2.0690841599497825, "lambda": 0.00014684334686064477, "alpha": 9.715105433843354e-05}