{"max_depth": 3, "learning_rate": 0.2616971226897558, "subsample": 0.7752951712002112, "colsample_bytree": 0.9228526785710912, "gamma": 4.080335243908405, "lambda": 0.24349576474871015, "alpha": 0.00013308892740617457}