{"max_depth": 4, "learning_rate": 0.1987123038253705, "subsample": 0.6780987933374882, "colsample_bytree": 0.8013628831127966, "gamma": 3.2394875567936046, "lambda": 1.6427793137266805e-07, "alpha": 2.93670971932764e-08}