{"max_depth": 6, "learning_rate": 0.06401315471107023, "subsample": 0.637533309855514, "colsample_bytree": 0.6224546316294339, "gamma": 2.6422225848194443, "lambda": 0.03144689021806952, "alpha": 0.39373234750295805}