{"max_depth": 5, "learning_rate": 0.175469362309662, "subsample": 0.5663739875530104, "colsample_bytree": 0.6558458906786765, "gamma": 3.1538047680947034, "lambda": 0.0001969261464058373, "alpha": 0.000238497960700616}