{"max_depth": 4, "learning_rate": 0.21974775730532156, "subsample": 0.7622165661685816, "colsample_bytree": 0.981473956739153, "gamma": 1.5034428580064225, "lambda": 0.10631126056155504, "alpha": 2.701122873711794e-08}