{"max_depth": 4, "learning_rate": 0.05032307515904551, "subsample": 0.8219141739763168, "colsample_bytree": 0.5981156343441678, "gamma": 2.804985204631923, "lambda": 0.6294119165945318, "alpha": 1.1369727258655571e-07}