{"max_depth": 10, "learning_rate": 0.02570787149154772, "subsample": 0.8060809901499286, "colsample_bytree": 0.9979782816988938, "gamma": 0.10917415623398596, "lambda": 1.0713774173965182e-08, "alpha": 7.32442348014632e-08}