{"max_depth": 9, "learning_rate": 0.18242513374754335, "subsample": 0.8237374419956858, "colsample_bytree": 0.6497754203466515, "gamma": 1.7157101962598498, "lambda": 0.963308232888682, "alpha": 1.7143650055668409e-06}