{"max_depth": 10, "learning_rate": 0.11410378300621944, "subsample": 0.7919147517790602, "colsample_bytree": 0.5976143104744978, "gamma": 2.93112461094203, "lambda": 0.1562952580566253, "alpha": 0.1158339434253137}