{"max_depth": 4, "learning_rate": 0.11176575618783402, "subsample": 0.7271640563661378, "colsample_bytree": 0.8040044444517398, "gamma": 2.7648206613252837, "lambda": 0.9193075326479073, "alpha": 0.009620878574203271}