{"max_depth": 10, "learning_rate": 0.28862063031684787, "subsample": 0.7072290202402443, "colsample_bytree": 0.5963669115629313, "gamma": 3.3521870442629353, "lambda": 0.03723070253669818, "alpha": 0.9628444988242234}