{"max_depth": 5, "learning_rate": 0.1350520221880271, "subsample": 0.5806114648246207, "colsample_bytree": 0.9377190617528888, "gamma": 4.843382789926822, "lambda": 0.027141046402289808, "alpha": 0.00014660015045689793}