{"max_depth": 4, "learning_rate": 0.23701338653700693, "subsample": 0.5840088524412448, "colsample_bytree": 0.7216501528783426, "gamma": 3.540328586460939, "lambda": 0.006063307249667342, "alpha": 8.36706272724478e-08}