{"max_depth": 8, "learning_rate": 0.2664925944920106, "subsample": 0.936473948025895, "colsample_bytree": 0.9357575418443356, "gamma": 4.575418599679242, "lambda": 2.643944915032158e-05, "alpha": 8.96460710217421e-07}