{"max_depth": 9, "learning_rate": 0.1303137384994726, "subsample": 0.6939083195671754, "colsample_bytree": 0.7530253119106154, "gamma": 3.6412305340641504, "lambda": 4.407048940754555e-08, "alpha": 0.0027776853741082806}