{"max_depth": 8, "learning_rate": 0.11849923335436988, "subsample": 0.8561994528249364, "colsample_bytree": 0.7944803372875495, "gamma": 2.271114881861793, "lambda": 7.600619462146295e-07, "alpha": 5.931257066811066e-07}