{"max_depth": 5, "learning_rate": 0.20322960414938251, "subsample": 0.7525710924072178, "colsample_bytree": 0.8857901335597407, "gamma": 2.528806664408916, "lambda": 2.905737703722594e-08, "alpha": 7.73262559434597e-08}