{"max_depth": 4, "learning_rate": 0.2608389920330689, "subsample": 0.7569672871203506, "colsample_bytree": 0.645194444808114, "gamma": 0.3835673818866231, "lambda": 3.9153433996673185e-08, "alpha": 0.03090155717662595}