{"max_depth": 8, "learning_rate": 0.09391832083382082, "subsample": 0.8345867201768361, "colsample_bytree": 0.8497942405153835, "gamma": 4.695986755383943, "lambda": 3.7032257715480006e-06, "alpha": 4.175445954449601e-06}