{"max_depth": 9, "learning_rate": 0.23243176669668905, "subsample": 0.7360205637915511, "colsample_bytree": 0.7107379846251649, "gamma": 1.2733246982545836, "lambda": 8.377889036869781e-05, "alpha": 1.2737553842208987e-06}