{"max_depth": 7, "learning_rate": 0.031334840099128146, "subsample": 0.8883081080635767, "colsample_bytree": 0.6300488017891601, "gamma": 0.7707908443522354, "lambda": 0.00331040267930242, "alpha": 3.1803013234312495e-07}