{"max_depth": 3, "learning_rate": 0.09678292051506436, "subsample": 0.9722866203262959, "colsample_bytree": 0.6459027186900429, "gamma": 1.297072983134543, "lambda": 3.104042640776554e-06, "alpha": 2.8203396814784103e-06}