{"max_depth": 3, "learning_rate": 0.2562847459942991, "subsample": 0.8630662990005327, "colsample_bytree": 0.5856935934874641, "gamma": 4.888465792581115, "lambda": 0.06816414571584581, "alpha": 0.013904434905443786}