{"max_depth": 8, "learning_rate": 0.019107596565106605, "subsample": 0.770939874729452, "colsample_bytree": 0.7915651746728007, "gamma": 3.381582141643245, "lambda": 0.8326350943569568, "alpha": 4.0548749900758344e-05}