{"max_depth": 6, "learning_rate": 0.14084980926232488, "subsample": 0.6796540792900154, "colsample_bytree": 0.5488914839777401, "gamma": 1.9848978703601432, "lambda": 3.382522624980619e-06, "alpha": 5.930826526356768e-07}