{"max_depth": 7, "learning_rate": 0.1265785856249811, "subsample": 0.9268654353250296, "colsample_bytree": 0.993594896274097, "gamma": 4.367278596602861, "lambda": 0.007806953701996607, "alpha": 1.0369161964742173e-07}