{"max_depth": 5, "learning_rate": 0.08249115557449707, "subsample": 0.9314489958950136, "colsample_bytree": 0.9259978875938037, "gamma": 4.910676269612057, "lambda": 0.032578194353982105, "alpha": 0.010268403443943553}