{"max_depth": 5, "learning_rate": 0.23258664885117433, "subsample": 0.7532308930501712, "colsample_bytree": 0.7945456868898966, "gamma": 1.2673505315881424, "lambda": 1.8169093955065405e-07, "alpha": 0.32416763220284867}