{"max_depth": 6, "learning_rate": 0.16414292852507092, "subsample": 0.6135027039847356, "colsample_bytree": 0.5560104442474842, "gamma": 1.679541896082336, "lambda": 0.15825503773948388, "alpha": 1.1472236888379125e-06}