{"max_depth": 10, "learning_rate": 0.059599042855887976, "subsample": 0.685756734437784, "colsample_bytree": 0.7024781756734231, "gamma": 3.8660506125778706, "lambda": 1.4223682718600628e-05, "alpha": 1.3544051618871054e-05}