{"max_depth": 10, "learning_rate": 0.019657792270453587, "subsample": 0.5203952726641177, "colsample_bytree": 0.789660044593167, "gamma": 0.450155410505258, "lambda": 3.8483795133211127e-07, "alpha": 1.2391158924162697e-06}