{"max_depth": 6, "learning_rate": 0.1346296058594772, "subsample": 0.7114632333107793, "colsample_bytree": 0.8888371495802607, "gamma": 2.191705008000748, "lambda": 1.1796669319300188e-07, "alpha": 1.448125469230017e-06}