{"max_depth": 8, "learning_rate": 0.16209030905483826, "subsample": 0.5555084022211152, "colsample_bytree": 0.8232098699062111, "gamma": 1.3335247615824453, "lambda": 1.1432978886561082e-05, "alpha": 1.2969731291996138e-05}