{"max_depth": 8, "learning_rate": 0.10701988089530097, "subsample": 0.9415032196343875, "colsample_bytree": 0.7273957765843805, "gamma": 1.9215413630678568, "lambda": 0.005393447499248629, "alpha": 1.963793132805018e-07}