{"max_depth": 6, "learning_rate": 0.16000762123259898, "subsample": 0.9790370307758236, "colsample_bytree": 0.6736509571288789, "gamma": 2.4902157662423994, "lambda": 0.1796421691035658, "alpha": 4.895624917433998e-08}