{"max_depth": 7, "learning_rate": 0.11807814351696683, "subsample": 0.6402660160515343, "colsample_bytree": 0.7030039342202368, "gamma": 4.515423834235259, "lambda": 9.595394748243223e-05, "alpha": 0.01941204279253095}