{"max_depth": 4, "learning_rate": 0.06792819666940333, "subsample": 0.8452993261993069, "colsample_bytree": 0.9929434996216455, "gamma": 3.8466436619345106, "lambda": 0.016042916500835516, "alpha": 1.6965279368849484e-06}