{"max_depth": 10, "learning_rate": 0.0995189034196924, "subsample": 0.9225099330816819, "colsample_bytree": 0.5854731715508557, "gamma": 1.737755250218171, "lambda": 0.000156520777999684, "alpha": 9.969042237516523e-07}