{"max_depth": 4, "learning_rate": 0.238316385106289, "subsample": 0.9590499922674312, "colsample_bytree": 0.7061776989654067, "gamma": 3.1344508671410436, "lambda": 2.829716250839513e-08, "alpha": 0.00042617320097966554}