{"max_depth": 10, "learning_rate": 0.08299621144065492, "subsample": 0.9623159337065721, "colsample_bytree": 0.8507956623809895, "gamma": 3.696700255694654, "lambda": 0.6015416497766647, "alpha": 0.00020320453579210335}