{"max_depth": 8, "learning_rate": 0.2464377970378624, "subsample": 0.8873754194790917, "colsample_bytree": 0.908986685302865, "gamma": 4.414837546357143, "lambda": 1.5681152471535353e-06, "alpha": 0.0006774877409889527}