{"max_depth": 4, "learning_rate": 0.19724630649662744, "subsample": 0.6118805211411268, "colsample_bytree": 0.910700497128691, "gamma": 3.562448743266417, "lambda": 1.6985069162844845e-05, "alpha": 3.474469371573043e-06}