{"max_depth": 8, "learning_rate": 0.2726647192694449, "subsample": 0.6971883236454548, "colsample_bytree": 0.5799936976797087, "gamma": 1.8728187495723274, "lambda": 2.8735080048490447e-08, "alpha": 1.5191006180646624e-06}