{"max_depth": 8, "learning_rate": 0.15173101741798667, "subsample": 0.7911900661192306, "colsample_bytree": 0.6049098623585865, "gamma": 2.900507305829043, "lambda": 0.00021381026152876803, "alpha": 0.34470957895389326}