{"max_depth": 9, "learning_rate": 0.11621985854940693, "subsample": 0.7502722326080173, "colsample_bytree": 0.8202087921945667, "gamma": 4.363573395947729, "lambda": 4.1999504995398094e-05, "alpha": 2.214893190306907e-06}