{"max_depth": 8, "learning_rate": 0.14001602255926018, "subsample": 0.7380883829022999, "colsample_bytree": 0.8376984805824897, "gamma": 3.2757720947504905, "lambda": 1.8876320776364477e-07, "alpha": 9.73471147514875e-08}