{"max_depth": 5, "learning_rate": 0.2083809442593926, "subsample": 0.8278396940109201, "colsample_bytree": 0.905496197047847, "gamma": 2.526846151198863, "lambda": 0.0011248545150265915, "alpha": 1.274516100032438e-07}