{"max_depth": 10, "learning_rate": 0.27708870835926536, "subsample": 0.9828672750455282, "colsample_bytree": 0.7715196660546602, "gamma": 4.227666348001523, "lambda": 0.10953137634116701, "alpha": 0.00018204760583314148}