{"max_depth": 6, "learning_rate": 0.2002783309143573, "subsample": 0.8883408385085139, "colsample_bytree": 0.8692747483335861, "gamma": 0.7344888280026152, "lambda": 3.7230549185862547e-07, "alpha": 0.012134744172254837}