{"max_depth": 10, "learning_rate": 0.26223387558216615, "subsample": 0.7325643332001234, "colsample_bytree": 0.8585982924907364, "gamma": 1.3766212061114298, "lambda": 3.104803614282062e-05, "alpha": 1.8009762858469932e-06}