{"max_depth": 5, "learning_rate": 0.24268022445830534, "subsample": 0.7484177698417078, "colsample_bytree": 0.8458795084253321, "gamma": 0.49498516045501706, "lambda": 2.45781518383197e-05, "alpha": 1.0200453676128382e-07}