{"max_depth": 8, "learning_rate": 0.07828714465812923, "subsample": 0.9295321560090999, "colsample_bytree": 0.8239757619814124, "gamma": 0.025537829067406315, "lambda": 1.1093212425952419e-07, "alpha": 6.38486689151593e-07}