{"max_depth": 8, "learning_rate": 0.1735450810866879, "subsample": 0.5540804466259431, "colsample_bytree": 0.5464838438143893, "gamma": 2.390722748528549, "lambda": 0.0001268755902777986, "alpha": 1.1116302967198909e-07}