{"max_depth": 3, "learning_rate": 0.21372775068322633, "subsample": 0.531904709030308, "colsample_bytree": 0.9842633181898517, "gamma": 2.6437878948985234, "lambda": 0.7731693101549622, "alpha": 1.5024652276186794e-06}