{"max_depth": 5, "learning_rate": 0.19294487089012918, "subsample": 0.9124456992749785, "colsample_bytree": 0.5968474430196723, "gamma": 0.48251478418448346, "lambda": 8.105516908826e-08, "alpha": 0.030025126313703777}