{"max_depth": 3, "learning_rate": 0.10032400104710136, "subsample": 0.6394578609771351, "colsample_bytree": 0.7432204477641293, "gamma": 0.7944536629143223, "lambda": 0.5572502586957573, "alpha": 0.00012114434822250392}