{"max_depth": 10, "learning_rate": 0.28842112291265054, "subsample": 0.5028633775057829, "colsample_bytree": 0.9157425558718613, "gamma": 3.9248590061008803, "lambda": 1.170435630935715e-07, "alpha": 1.1490256559311898e-07}