{"max_depth": 6, "learning_rate": 0.15128416508266562, "subsample": 0.7265106275565445, "colsample_bytree": 0.9398600680412643, "gamma": 2.452600645662499, "lambda": 0.010502736109627622, "alpha": 0.6265795022553162}