{"max_depth": 10, "learning_rate": 0.06075109344727965, "subsample": 0.8681087179719782, "colsample_bytree": 0.9134378591406578, "gamma": 1.93640310553375, "lambda": 0.0029626210411143996, "alpha": 2.8449933318257065e-07}