{"max_depth": 8, "learning_rate": 0.027925941464321216, "subsample": 0.7269360542999252, "colsample_bytree": 0.8102079869484855, "gamma": 1.9841199414645705, "lambda": 1.8447000115763577e-06, "alpha": 1.5092982716105098e-05}