{"max_depth": 5, "learning_rate": 0.15807317679021238, "subsample": 0.9831205555561231, "colsample_bytree": 0.7567656663721594, "gamma": 2.254268071256295, "lambda": 5.862119605861334e-07, "alpha": 0.03250554678151661}