{"max_depth": 6, "learning_rate": 0.196039367879773, "subsample": 0.8728320147593693, "colsample_bytree": 0.6163718582693944, "gamma": 1.2951043501165231, "lambda": 0.0012774707077510734, "alpha": 0.029124980314794487}