{"max_depth": 3, "learning_rate": 0.2686183513079851, "subsample": 0.8688805489245165, "colsample_bytree": 0.8011485167563046, "gamma": 1.5044873317354335, "lambda": 0.0023522927330959956, "alpha": 6.13025461335158e-07}