{"max_depth": 10, "learning_rate": 0.07502937570692703, "subsample": 0.9085304629368349, "colsample_bytree": 0.955515709718282, "gamma": 2.260821600934269, "lambda": 0.0002959163906709079, "alpha": 0.008511945273102235}