{"max_depth": 5, "learning_rate": 0.19100609066708196, "subsample": 0.9370841498800206, "colsample_bytree": 0.5504887798423033, "gamma": 0.5612094584157329, "lambda": 9.746940016320102e-05, "alpha": 5.2591790888226734e-05}