{"max_depth": 5, "learning_rate": 0.21668689330307842, "subsample": 0.619889457378201, "colsample_bytree": 0.8296455215553546, "gamma": 3.3250366493165284, "lambda": 2.9173363720436836e-05, "alpha": 0.0037268045269415037}