{"max_depth": 7, "learning_rate": 0.26260009270078727, "subsample": 0.607777674484137, "colsample_bytree": 0.5393328847280126, "gamma": 1.7454148343232967, "lambda": 0.36710178665112775, "alpha": 0.00021041836889049254}