{"max_depth": 8, "learning_rate": 0.13412777204185394, "subsample": 0.7405718052666241, "colsample_bytree": 0.7941534382638158, "gamma": 4.53008166912889, "lambda": 0.00016923802522218626, "alpha": 0.07836893731374335}