{"max_depth": 9, "learning_rate": 0.06626831854191842, "subsample": 0.8653143060502522, "colsample_bytree": 0.7975747728236191, "gamma": 4.177172893612104, "lambda": 0.01976726608058607, "alpha": 0.015878857309944327}