{"max_depth": 10, "learning_rate": 0.10536231720851863, "subsample": 0.7573325795036672, "colsample_bytree": 0.7551763186720729, "gamma": 3.424666466918117, "lambda": 3.539607619009394e-06, "alpha": 0.00023866652413355343}