{"max_depth": 4, "learning_rate": 0.1758872281403283, "subsample": 0.6029158027163293, "colsample_bytree": 0.6148707481002627, "gamma": 1.6202314954673913, "lambda": 0.018491161903564125, "alpha": 0.012973987905705229}