{"max_depth": 5, "learning_rate": 0.03506938341726686, "subsample": 0.5551408791407243, "colsample_bytree": 0.5000134134133836, "gamma": 2.131632119541104, "lambda": 2.2390927803514805e-06, "alpha": 6.714571573094575e-08}