{"max_depth": 7, "learning_rate": 0.01304266755843645, "subsample": 0.9696783612248093, "colsample_bytree": 0.5385704194542582, "gamma": 1.6731610422807148, "lambda": 5.070231615740551e-08, "alpha": 0.004004698682630269}