{"max_depth": 3, "learning_rate": 0.13689472727694874, "subsample": 0.5494381716014334, "colsample_bytree": 0.697307979703969, "gamma": 0.5934765843182016, "lambda": 1.0125826871312203e-05, "alpha": 1.0324976767164004e-08}