{"max_depth": 8, "learning_rate": 0.24816899198027917, "subsample": 0.766368679729545, "colsample_bytree": 0.5740765410093809, "gamma": 4.576540011272836, "lambda": 2.3234318899358884e-06, "alpha": 4.837552884443368e-08}