{"max_depth": 3, "learning_rate": 0.16596157986997598, "subsample": 0.6534536557510369, "colsample_bytree": 0.5842056607838806, "gamma": 0.6157715884088394, "lambda": 5.151852952066396e-07, "alpha": 0.06138998061937665}