{"max_depth": 5, "learning_rate": 0.13488938501155073, "subsample": 0.8459377862619097, "colsample_bytree": 0.652225105416858, "gamma": 0.7946073234728962, "lambda": 9.281269627884211e-05, "alpha": 1.2532689766213005e-05}