{"max_depth": 8, "learning_rate": 0.08988559076281562, "subsample": 0.9578182643927841, "colsample_bytree": 0.646648995875563, "gamma": 4.230923914109045, "lambda": 2.5333542575489287e-05, "alpha": 0.3297027584651408}