{"max_depth": 8, "learning_rate": 0.18246853630504498, "subsample": 0.6173567674661625, "colsample_bytree": 0.645275771035879, "gamma": 2.33433156803319, "lambda": 6.446578981880771e-05, "alpha": 0.2092096222271901}