{"max_depth": 4, "learning_rate": 0.0515808784465465, "subsample": 0.5505708503798004, "colsample_bytree": 0.6599164955749846, "gamma": 0.9029645014334053, "lambda": 3.116344912781759e-08, "alpha": 0.00011406876025848973}