{"max_depth": 3, "learning_rate": 0.16662032860722778, "subsample": 0.7734600908720685, "colsample_bytree": 0.6022803428927515, "gamma": 1.9675741556976685, "lambda": 0.0036599000622085753, "alpha": 1.7295516359471157e-08}