{"max_depth": 4, "learning_rate": 0.29377668855594025, "subsample": 0.8347118139653589, "colsample_bytree": 0.7496706911805849, "gamma": 3.6877474975396, "lambda": 0.000158416707872861, "alpha": 0.000434874114586194}