{"max_depth": 4, "learning_rate": 0.05774888379329668, "subsample": 0.881870844910112, "colsample_bytree": 0.8339343652648601, "gamma": 4.284737235826057, "lambda": 0.0002766751020080328, "alpha": 0.0004209472304326212}