{"max_depth": 4, "learning_rate": 0.26826675457409555, "subsample": 0.9604219936774434, "colsample_bytree": 0.7822110148561124, "gamma": 0.4078620423580942, "lambda": 3.248979134401627e-06, "alpha": 1.9102689794125998e-08}