{"max_depth": 7, "learning_rate": 0.07028962284720888, "subsample": 0.8222905085033645, "colsample_bytree": 0.9431798210223612, "gamma": 3.944843313458159, "lambda": 0.0004918273547944507, "alpha": 0.004726188084773927}