{"max_depth": 3, "learning_rate": 0.15774423554900713, "subsample": 0.7697709280364957, "colsample_bytree": 0.6012949525473061, "gamma": 3.4932191979116904, "lambda": 2.030262270877892e-05, "alpha": 1.5022486084008053e-08}