{"max_depth": 5, "learning_rate": 0.058958124153882165, "subsample": 0.5102917294704079, "colsample_bytree": 0.9357428656140502, "gamma": 2.4825894880549715, "lambda": 6.207584962952164e-05, "alpha": 4.809956160959454e-07}