{"max_depth": 7, "learning_rate": 0.15043862378013703, "subsample": 0.7594653211657508, "colsample_bytree": 0.8590351486519681, "gamma": 0.21044650893563777, "lambda": 0.009020866393343619, "alpha": 0.6407073622896416}