{"max_depth": 10, "learning_rate": 0.10346655653027292, "subsample": 0.5904719086569012, "colsample_bytree": 0.548240687495686, "gamma": 3.2287167941212536, "lambda": 0.030537892255611352, "alpha": 1.14378411751002e-05}