{"max_depth": 4, "learning_rate": 0.03084816891252347, "subsample": 0.9935895086327866, "colsample_bytree": 0.5689612180481713, "gamma": 3.6947904440752906, "lambda": 5.443866116419895e-07, "alpha": 1.4066196556457689e-08}