{"max_depth": 8, "learning_rate": 0.12577786789893847, "subsample": 0.8721932089682612, "colsample_bytree": 0.5555968209923798, "gamma": 1.8652288345901131, "lambda": 0.0005045121238407146, "alpha": 0.00046978496011209004}