{"max_depth": 5, "learning_rate": 0.11706531272791518, "subsample": 0.5892584431398824, "colsample_bytree": 0.7363797124045766, "gamma": 3.1456833336486767, "lambda": 0.00025856378455792103, "alpha": 0.0002168449186478065}