{"max_depth": 5, "learning_rate": 0.28793460524202613, "subsample": 0.9702074893724014, "colsample_bytree": 0.6671646946414016, "gamma": 3.8943125284075943, "lambda": 1.4284673554992683e-08, "alpha": 2.9649745093451123e-07}