{"max_depth": 6, "learning_rate": 0.22490996825994214, "subsample": 0.7740689644172796, "colsample_bytree": 0.5685393996771991, "gamma": 1.8889660576771172, "lambda": 0.007651438483291174, "alpha": 5.946963930329362e-08}