{"max_depth": 6, "learning_rate": 0.16994552074930683, "subsample": 0.8926323134560968, "colsample_bytree": 0.623269171060503, "gamma": 4.237721971407658, "lambda": 0.3084547611806755, "alpha": 1.3258073109396062e-07}