{"max_depth": 8, "learning_rate": 0.049692685420858224, "subsample": 0.9151514473324233, "colsample_bytree": 0.8193712673206738, "gamma": 4.01407529965979, "lambda": 0.6706833979608824, "alpha": 0.00010568868405511166}