{"max_depth": 6, "learning_rate": 0.17285643651232255, "subsample": 0.8342556922424603, "colsample_bytree": 0.8420305349457351, "gamma": 4.047513323369472, "lambda": 3.06141536785403e-05, "alpha": 1.0166246699013662e-05}