{"max_depth": 5, "learning_rate": 0.283920886492109, "subsample": 0.52374351655795, "colsample_bytree": 0.6453340017409297, "gamma": 4.554812581577784, "lambda": 3.753049913463557e-06, "alpha": 0.00166399893599723}