{"max_depth": 9, "learning_rate": 0.16804370717441283, "subsample": 0.9492407032908067, "colsample_bytree": 0.9127227461826399, "gamma": 3.3716208129112597, "lambda": 0.00015168910997807238, "alpha": 0.010395789939872618}