{"max_depth": 10, "learning_rate": 0.22672887201365477, "subsample": 0.6410538287919137, "colsample_bytree": 0.6346836632663385, "gamma": 4.881589330984579, "lambda": 5.215603126410264e-06, "alpha": 0.026568771095277947}