{"max_depth": 7, "learning_rate": 0.0897490464731014, "subsample": 0.5853960625842856, "colsample_bytree": 0.9931403996397691, "gamma": 4.161832804758298, "lambda": 3.813719372544524e-06, "alpha": 0.6897766682935877}