{"max_depth": 5, "learning_rate": 0.24367122797467292, "subsample": 0.6441510271234816, "colsample_bytree": 0.7911097883642537, "gamma": 2.393598018658192, "lambda": 0.7063333955326364, "alpha": 0.02814277892517624}