{"sigma": 0.3477810628754585, "lr": 1.1374975397067702e-05, "l2_lambda": 0.009586141779207084, "batch_size": 74}