{"sigma": 0.1316440003001391, "lr": 0.04720894823262669, "l2_lambda": 0.004971178000184736, "batch_size": 32}