{"sigma": 0.3019861253532709, "lr": 0.00010036535258342377, "l2_lambda": 0.0011434028631296578, "batch_size": 86}