{"sigma": 0.3347742933313524, "lr": 0.0035416105715761277, "l2_lambda": 0.0026812072786196505, "batch_size": 99}