{"sigma": 0.7713952039174637, "lr": 0.00030798879619361156, "l2_lambda": 0.009785290507037948, "batch_size": 77}