{"sigma": 0.5749128813268221, "lr": 4.4730535474600736e-05, "l2_lambda": 0.005374630062636838, "batch_size": 25}