{"sigma": 0.7321046995267919, "lr": 0.00037872392744799023, "l2_lambda": 0.003448356436793997, "batch_size": 24}