{"sigma": 0.11354992840569927, "lr": 0.0005155423859645303, "l2_lambda": 0.0016648202044260226, "batch_size": 102}