{"sigma": 0.4281935477360228, "lr": 0.006372427486444933, "l2_lambda": 0.0032806223272731742, "batch_size": 46}