{"sigma": 0.04014008420767942, "lr": 0.00014189665207328813, "l2_lambda": 0.009609882694570311, "batch_size": 23}