{"sigma": 0.5613278220425728, "lr": 0.00026965882633818027, "l2_lambda": 0.00739166419978701, "batch_size": 30}