{"sigma": 0.9276077425659186, "lr": 0.0017880023377379326, "l2_lambda": 0.005882702824302904, "batch_size": 29}