{"sigma": 0.6223135416351608, "lr": 0.0009239784836420671, "l2_lambda": 0.005957092597425531, "batch_size": 74}