{"sigma": 0.8623533840941813, "lr": 1.6756779159142852e-05, "l2_lambda": 4.8626897983270125e-05, "batch_size": 42}