{"sigma": 0.6032885287692616, "lr": 1.3282666505901891e-05, "l2_lambda": 0.0098615040745658, "batch_size": 66}