{"sigma": 0.417168487509413, "lr": 4.576253556304687e-05, "l2_lambda": 0.0034165145339435975, "batch_size": 41}