{"sigma": 0.9031342279701505, "lr": 0.0016089162521408698, "l2_lambda": 0.0006799469262950707, "batch_size": 104}