{"sigma": 0.6649055003582562, "lr": 0.005755119502439459, "l2_lambda": 0.001982697969010134, "batch_size": 24}