{"sigma": 0.4305710084837171, "lr": 0.00034075912199594486, "l2_lambda": 0.003319524927301497, "batch_size": 27}