{"sigma": 0.796607363864745, "lr": 0.008530339930440757, "l2_lambda": 0.008590535297327537, "batch_size": 33}