{"sigma": 0.4898707543256373, "lr": 1.2113644721304317e-05, "l2_lambda": 0.00938236243746102, "batch_size": 24}