{"sigma": 0.8997311317950626, "lr": 0.0016276870247907728, "l2_lambda": 0.004686283443125531, "batch_size": 31}