{"sigma": 0.19977748689256428, "lr": 0.04747043736581869, "l2_lambda": 0.008038397532658425, "batch_size": 24}