{"sigma": 0.12804636336009792, "lr": 0.00032156705694558424, "l2_lambda": 0.004141825012943226, "batch_size": 51}