{"sigma": 0.7341485948764533, "lr": 9.186989525110579e-05, "l2_lambda": 0.008683499753329146, "batch_size": 73}