{"sigma": 0.5850220565579006, "lr": 2.3766307210235874e-05, "l2_lambda": 0.007963593442772173, "batch_size": 98}