{"sigma": 0.5673021637077353, "lr": 1.5411862705561013e-05, "l2_lambda": 0.009348220734964767, "batch_size": 29}