{"sigma": 0.2931148580104587, "lr": 3.4737996859254116e-05, "l2_lambda": 0.008025734457798606, "batch_size": 66}