{"sigma": 0.6162144869971271, "lr": 8.734568931784088e-05, "l2_lambda": 0.009357248698312455, "batch_size": 32}