{"sigma": 0.403408462435582, "lr": 2.0280517680079755e-05, "l2_lambda": 0.009610922243505094, "batch_size": 61}