{"sigma": 0.2150921234157379, "lr": 1.2549657334769445e-05, "l2_lambda": 0.00020136813630106074, "batch_size": 108}