{"sigma": 0.877032635929542, "lr": 0.08217041953551071, "l2_lambda": 0.0018171608317752862, "batch_size": 34}