{"sigma": 0.7724426508987644, "lr": 0.00012191665242076836, "l2_lambda": 0.006072213091601967, "batch_size": 34}