{"sigma": 0.3113572140072532, "lr": 4.642119106628206e-05, "l2_lambda": 0.001953227838592933, "batch_size": 93}