{"sigma": 0.04154357448060594, "lr": 0.05919807906151398, "l2_lambda": 0.008790008533096838, "batch_size": 19}