{"sigma": 0.907502511713201, "lr": 2.438557202894004e-05, "l2_lambda": 0.008320205530545062, "batch_size": 23}