{"sigma": 0.4962385740893834, "lr": 4.743318662524695e-05, "l2_lambda": 0.007352097436103179, "batch_size": 71}