{"sigma": 0.06894853195420406, "lr": 0.00014659304835048414, "l2_lambda": 0.007647997064666907, "batch_size": 21}