{"sigma": 0.8458707614236605, "lr": 0.00017106170670767846, "l2_lambda": 0.0008237676151202452, "batch_size": 20}