{"sigma": 0.2244067951899359, "lr": 3.734051753192503e-05, "l2_lambda": 0.0034084733236657656, "batch_size": 16}