{"sigma": 0.52722963973447, "lr": 0.006356297716230677, "l2_lambda": 0.0004828793418936623, "batch_size": 42}