{"sigma": 0.31164957179885244, "lr": 0.03193114431840617, "l2_lambda": 0.0038849103484825103, "batch_size": 50}