{"sigma": 0.631658109437153, "lr": 0.0037447712448833905, "l2_lambda": 0.0084579298905285, "batch_size": 101}