{"sigma": 0.8023676435776956, "lr": 0.00040801323575122235, "l2_lambda": 0.008983415304073332, "batch_size": 29}