{"sigma": 0.8645857581452636, "lr": 0.00623856255969043, "l2_lambda": 0.008075688503695585, "batch_size": 19}