{"sigma": 0.9753853900240333, "lr": 6.707221390670463e-05, "l2_lambda": 0.0030119374548426762, "batch_size": 23}