{"sigma": 0.7522407207164099, "lr": 4.4434199394362575e-05, "l2_lambda": 0.0027415236481717806, "batch_size": 33}