{"sigma": 0.049966465080979634, "lr": 0.0005024450612247426, "l2_lambda": 0.005167404696690426, "batch_size": 32}