{"sigma": 0.9193386849067228, "lr": 0.012650994679023902, "l2_lambda": 0.004195386239436935, "batch_size": 77}