{"sigma": 0.5696606027802252, "lr": 0.0903962335596625, "l2_lambda": 0.009570043056369954, "batch_size": 20}