{"sigma": 0.3150161832342845, "lr": 0.00798317348123919, "l2_lambda": 0.006820689234349032, "batch_size": 120}