{"sigma": 0.8602705589672976, "lr": 0.006027516033600081, "l2_lambda": 0.00642324952589324, "batch_size": 33}