{"sigma": 0.9717003307412434, "lr": 1.7540845780461456e-05, "l2_lambda": 0.0092206504976719, "batch_size": 99}