{"sigma": 0.8686909344557595, "lr": 0.011481986526681389, "l2_lambda": 0.005277205839297875, "batch_size": 27}