{"sigma": 0.3159140283691292, "lr": 0.0001227851441581359, "l2_lambda": 0.006413181372983887, "batch_size": 19}