{"sigma": 0.693163072250594, "lr": 0.0004494620232498351, "l2_lambda": 0.0019155889905067803, "batch_size": 35}