{"sigma": 0.011451983650902704, "lr": 0.0018701217458432274, "l2_lambda": 0.0037193930676234035, "batch_size": 93}