{"sigma": 0.6612873212854073, "lr": 1.69904444744697e-05, "l2_lambda": 0.001215288312516603, "batch_size": 84}