{"sigma": 0.6402951964959855, "lr": 5.1924328986471426e-05, "l2_lambda": 0.006529024946714725, "batch_size": 33}