{"sigma": 0.9014490077721291, "lr": 0.003362417153028648, "l2_lambda": 0.004256563044820428, "batch_size": 27}