{"out_channels": 26, "kernel_size": 5, "num_blocks": 1, "l2_lambda": 0.00499084053056981, "dropout_rate": 0.1865501856992347, "lr": 0.058610893158928465, "batch_size": 75}