{"out_channels": 75, "kernel_size": 3, "num_blocks": 1, "l2_lambda": 0.003679532558589991, "dropout_rate": 0.36361882041581806, "lr": 0.05522164767214867, "batch_size": 133}