{"out_channels": 118, "kernel_size": 4, "num_blocks": 3, "l2_lambda": 0.009758153156345312, "dropout_rate": 0.20237620615575672, "lr": 0.03507804169679801, "batch_size": 229}