{"out_channels": 54, "kernel_size": 6, "num_blocks": 2, "l2_lambda": 0.002934666241607333, "dropout_rate": 0.4123288296473039, "lr": 0.03316857907323489}