{"out_channels": 112, "kernel_size": 4, "num_blocks": 5, "l2_lambda": 0.0067868845821252195, "dropout_rate": 0.2437584781173733, "lr": 0.015308506485457608}