{"out_channels": 92, "kernel_size": 7, "num_blocks": 1, "l2_lambda": 0.009373233354874609, "dropout_rate": 0.3439829755964286, "lr": 0.0950852981688456, "batch_size": 212}