{"out_channels": 35, "kernel_size": 7, "num_blocks": 3, "l2_lambda": 0.004178745207438833, "dropout_rate": 0.4247838676716734, "lr": 0.02725692531024222}