{"out_channels": 125, "kernel_size": 6, "num_blocks": 2, "l2_lambda": 0.00461484964526066, "dropout_rate": 0.4104198948434774, "lr": 0.007632651833456889}