{"out_channels": 73, "kernel_size": 6, "num_blocks": 1, "l2_lambda": 0.003531823606831362, "dropout_rate": 0.11836384510334304, "lr": 0.05088450440082819}