{"out_channels": 74, "kernel_size": 6, "num_blocks": 3, "l2_lambda": 0.0073421331240912735, "dropout_rate": 0.44971436443818014, "lr": 0.0490975904696093, "batch_size": 246}