{"out_channels": 24, "kernel_size": 3, "num_blocks": 3, "l2_lambda": 0.007923920673354465, "dropout_rate": 0.2940345846278363, "lr": 0.07455162764164545}