{"out_channels": 30, "kernel_size": 5, "num_blocks": 5, "l2_lambda": 0.003969948571536791, "dropout_rate": 0.4867565598136142, "lr": 0.05810150824892062}