{"out_channels": 124, "kernel_size": 6, "num_blocks": 5, "l2_lambda": 0.008967383178712209, "dropout_rate": 0.44790642136035796, "lr": 0.07774214842714933}