{"out_channels": 74, "kernel_size": 5, "num_blocks": 2, "l2_lambda": 0.007444190674905585, "dropout_rate": 0.3456413654664295, "lr": 0.08409588061327977}