{"out_channels": 82, "kernel_size": 6, "num_blocks": 5, "l2_lambda": 0.006277725647510501, "dropout_rate": 0.11459181810087929, "lr": 0.022081777821447143}