{"out_channels": 93, "kernel_size": 4, "num_blocks": 2, "l2_lambda": 0.0011028236338275945, "dropout_rate": 0.3890375299707757, "lr": 0.016533364353752338, "batch_size": 54}