{"out_channels": 73, "kernel_size": 4, "num_blocks": 3, "l2_lambda": 0.005646286217576737, "dropout_rate": 0.2162177127608702, "lr": 0.08916524048995739, "batch_size": 99}