{"out_channels": 51, "kernel_size": 5, "num_blocks": 2, "l2_lambda": 0.0016798259561629008, "dropout_rate": 0.17096653929412275, "lr": 0.00812935754446912}