{"out_channels": 59, "kernel_size": 5, "num_blocks": 3, "l2_lambda": 0.006811176264464156, "dropout_rate": 0.3571375411640392, "lr": 0.03868572210423297}