{"out_channels": 30, "kernel_size": 5, "num_blocks": 1, "l2_lambda": 0.0006360308986280239, "dropout_rate": 0.3190271588827406, "lr": 0.0714574002675698}