{"out_channels": 26, "kernel_size": 6, "num_blocks": 1, "l2_lambda": 0.0022292035946607108, "dropout_rate": 0.2834465556502145, "lr": 0.042974545736589057}