{"out_channels": 20, "kernel_size": 6, "num_blocks": 5, "l2_lambda": 0.00672701748722069, "dropout_rate": 0.1324379899934129, "lr": 0.08906124464534738}