{"out_channels": 122, "kernel_size": 4, "num_blocks": 1, "l2_lambda": 0.009906914642262041, "dropout_rate": 0.4722593111195693, "lr": 0.06319029378914207, "batch_size": 254}