{"out_channels": 124, "kernel_size": 6, "num_blocks": 1, "l2_lambda": 0.0022480177075351834, "dropout_rate": 0.37460802027528906, "lr": 0.021096948106712896}