{"out_channels": 97, "kernel_size": 5, "num_blocks": 2, "l2_lambda": 0.004025763127862773, "dropout_rate": 0.25270736926298454, "lr": 0.049075862484582004, "batch_size": 100}