{"out_channels": 33, "kernel_size": 4, "num_blocks": 1, "l2_lambda": 0.0005862819244507882, "dropout_rate": 0.28677018826358547, "lr": 0.04753421242385815}