{"out_channels": 92, "kernel_size": 7, "num_blocks": 5, "l2_lambda": 0.008517834411799477, "dropout_rate": 0.12917409466681315, "lr": 0.020588706828365624}