{"out_channels": 58, "kernel_size": 5, "num_blocks": 3, "l2_lambda": 0.004226984336767645, "dropout_rate": 0.32348536754162704, "lr": 0.06035648265024333}