{"out_channels": 117, "kernel_size": 7, "num_blocks": 5, "l2_lambda": 0.009416667515484358, "dropout_rate": 0.14975319680722637, "lr": 0.05727344444767625}