{"out_channels": 31, "kernel_size": 3, "num_blocks": 2, "l2_lambda": 0.0062429977929107615, "dropout_rate": 0.4956232815954946, "lr": 0.0555854527587812}