{"out_channels": 53, "kernel_size": 4, "num_blocks": 1, "l2_lambda": 0.0048585808484439726, "dropout_rate": 0.35009004070096705, "lr": 0.00391559996560157}