{"out_channels": 24, "kernel_size": 3, "num_blocks": 1, "l2_lambda": 0.0006898543410554931, "dropout_rate": 0.13075846125690163, "lr": 0.001233937849973105}