{"out_channels": 58, "kernel_size": 6, "num_blocks": 3, "l2_lambda": 0.008814246744011434, "dropout_rate": 0.35873270025482207, "lr": 0.048013340652388777}