{"out_channels": 63, "kernel_size": 4, "num_blocks": 3, "l2_lambda": 0.004351657540062434, "dropout_rate": 0.41296230214570606, "lr": 0.00416555556930053}