{"out_channels": 75, "kernel_size": 6, "num_blocks": 1, "l2_lambda": 0.004930647949240329, "dropout_rate": 0.4111446415332569, "lr": 0.08290603376932107}