{"out_channels": 49, "kernel_size": 6, "num_blocks": 4, "l2_lambda": 0.004905078471069864, "dropout_rate": 0.49505829812934077, "lr": 0.05202661003034748}