{"out_channels": 70, "kernel_size": 3, "num_blocks": 1, "l2_lambda": 0.0046177603835052365, "dropout_rate": 0.27005538707224075, "lr": 0.052524688230859456, "batch_size": 188}