{"out_channels": 84, "kernel_size": 3, "num_blocks": 2, "l2_lambda": 0.009930052749471516, "dropout_rate": 0.23416087716904344, "lr": 0.052292158418150936}