{"out_channels": 48, "kernel_size": 5, "num_blocks": 1, "l2_lambda": 0.00421870314579746, "dropout_rate": 0.2858499106645547, "lr": 0.0036711949962636853}