{"out_channels": 47, "kernel_size": 4, "num_blocks": 3, "l2_lambda": 0.005069207676182619, "dropout_rate": 0.10739162291218413, "lr": 0.04293667413460674}