{"out_channels": 123, "kernel_size": 3, "num_blocks": 2, "l2_lambda": 0.006615811006660704, "dropout_rate": 0.37631264941353215, "lr": 0.0839280220281393}