{"out_channels": 24, "kernel_size": 5, "num_blocks": 3, "l2_lambda": 0.005885529710475358, "dropout_rate": 0.17052573777355087, "lr": 0.003838667617845092}