{"out_channels": 122, "kernel_size": 5, "num_blocks": 5, "l2_lambda": 0.0031297103513675865, "dropout_rate": 0.4922471986985256, "lr": 0.07140577841573859}