{"out_channels": 104, "kernel_size": 7, "num_blocks": 1, "l2_lambda": 0.005673346288371171, "dropout_rate": 0.24692185820773163, "lr": 0.049271168461455676}