{"out_channels": 103, "kernel_size": 6, "num_blocks": 3, "l2_lambda": 0.0003430019224778553, "dropout_rate": 0.29623361692387024, "lr": 0.043526053314341596}