{"out_channels": 89, "kernel_size": 6, "num_blocks": 3, "l2_lambda": 0.008419036589863621, "dropout_rate": 0.3654635229255354, "lr": 0.008854981755863228}