{"out_channels": 60, "kernel_size": 7, "num_blocks": 5, "l2_lambda": 0.006471179130828775, "dropout_rate": 0.476743551974776, "lr": 0.00044753802236360856}