{"out_channels": 34, "kernel_size": 3, "num_blocks": 1, "l2_lambda": 0.002331470398476739, "dropout_rate": 0.2976298557915362, "lr": 0.05339722040901182}