{"out_channels": 63, "kernel_size": 7, "num_blocks": 2, "l2_lambda": 0.007547834352124541, "dropout_rate": 0.19173835024044555, "lr": 0.023949058706504125}