{"out_channels": 48, "kernel_size": 4, "num_blocks": 3, "l2_lambda": 7.454298507800394e-05, "dropout_rate": 0.4704129533969966, "lr": 0.04385882361019212}