{"out_channels": 110, "kernel_size": 6, "num_blocks": 3, "l2_lambda": 0.0023587997834272983, "dropout_rate": 0.2655357316932516, "lr": 0.02878272668481413}