{"out_channels": 27, "kernel_size": 5, "num_blocks": 1, "l2_lambda": 0.005105317334243468, "dropout_rate": 0.2516368822572286, "lr": 0.023389305286720653}