{"out_channels": 109, "kernel_size": 6, "num_blocks": 1, "l2_lambda": 0.002521699423422267, "dropout_rate": 0.24476479543548268, "lr": 0.04116608037545228}