{"out_channels": 54, "kernel_size": 5, "num_blocks": 2, "l2_lambda": 0.002151294495741763, "dropout_rate": 0.15660955898908135, "lr": 0.0794648611354643}