{"out_channels": 82, "kernel_size": 6, "num_blocks": 1, "l2_lambda": 0.004801768082779982, "dropout_rate": 0.45244758139043306, "lr": 0.02392389173698243}