{"out_channels": 126, "kernel_size": 5, "num_blocks": 2, "l2_lambda": 0.008580781054065003, "dropout_rate": 0.42359632684222415, "lr": 0.029841538109447452}