{"out_channels": 113, "kernel_size": 6, "num_blocks": 3, "l2_lambda": 0.001665390187455472, "dropout_rate": 0.191829393368795, "lr": 0.09881802190472092}