{"out_channels": 128, "kernel_size": 7, "num_blocks": 2, "l2_lambda": 0.004098596242871, "dropout_rate": 0.3144850072514911, "lr": 0.0997479666608404}