{"out_channels": 58, "kernel_size": 5, "num_blocks": 4, "l2_lambda": 0.0027243137791872923, "dropout_rate": 0.4384564292938643, "lr": 0.00796329428186152}