{"out_channels": 108, "kernel_size": 7, "num_blocks": 1, "l2_lambda": 0.005120553855798301, "dropout_rate": 0.4660927984058848, "lr": 0.024072785258162623, "batch_size": 165}