{"out_channels": 98, "kernel_size": 6, "num_blocks": 1, "l2_lambda": 0.00801194930387752, "dropout_rate": 0.2435543373027752, "lr": 0.019985125125277912}