{"out_channels": 107, "kernel_size": 5, "num_blocks": 1, "l2_lambda": 0.0008652986543406043, "dropout_rate": 0.1174488288974545, "lr": 0.03846112643507513, "batch_size": 240}