{"out_channels": 79, "kernel_size": 6, "num_blocks": 3, "l2_lambda": 1.4256623285207602e-05, "dropout_rate": 0.3843706549458292, "lr": 0.09435993061871699}