{"out_channels": 34, "kernel_size": 3, "num_blocks": 1, "l2_lambda": 0.008449241968005314, "dropout_rate": 0.23657804192550658, "lr": 0.06097668511526511}