{"out_channels": 27, "kernel_size": 5, "num_blocks": 1, "l2_lambda": 0.009557047502758525, "dropout_rate": 0.2457095056397602, "lr": 0.05531942247025833}