{"out_channels": 101, "kernel_size": 6, "num_blocks": 1, "l2_lambda": 0.0025396313382689073, "dropout_rate": 0.15923588086823104, "lr": 0.03307150209999806}