{"out_channels": 29, "kernel_size": 4, "num_blocks": 5, "l2_lambda": 0.007418259775314118, "dropout_rate": 0.401692838721344, "lr": 0.059197594102174234}