{"out_channels": 100, "kernel_size": 4, "num_blocks": 1, "l2_lambda": 0.006530302542858121, "dropout_rate": 0.17989472396378503, "lr": 0.009663546413711407}