{"out_channels": 16, "kernel_size": 6, "num_blocks": 1, "l2_lambda": 0.002240029206356433, "dropout_rate": 0.37780917864246333, "lr": 0.07019787706865237}