{"out_channels": 24, "kernel_size": 6, "num_blocks": 3, "l2_lambda": 0.0042605971441089276, "dropout_rate": 0.24051361363001422, "lr": 0.0019107285940795774}