{"out_channels": 66, "kernel_size": 6, "num_blocks": 5, "l2_lambda": 0.00023742546571283606, "dropout_rate": 0.12632208709535353, "lr": 0.06785638447416109}