{"out_channels": 58, "kernel_size": 7, "num_blocks": 3, "l2_lambda": 0.006562237712837948, "dropout_rate": 0.3187590547110169, "lr": 0.04795346226144257}