{"out_channels": 75, "kernel_size": 5, "num_blocks": 4, "l2_lambda": 0.0008675401956263458, "dropout_rate": 0.3494831600731927, "lr": 0.05402933956591664}