{"out_channels": 41, "kernel_size": 4, "num_blocks": 4, "l2_lambda": 0.0037208814574945627, "dropout_rate": 0.3422619584180589, "lr": 0.05358728378270481}