{"out_channels": 56, "kernel_size": 4, "num_blocks": 2, "l2_lambda": 0.004378685035044692, "dropout_rate": 0.4078448256049688, "lr": 0.05194308446812686}