{"out_channels": 33, "kernel_size": 3, "num_blocks": 2, "l2_lambda": 0.008377656434983472, "dropout_rate": 0.3825854294161578, "lr": 0.08291698114136845, "batch_size": 156}