{"out_channels": 82, "kernel_size": 4, "num_blocks": 3, "l2_lambda": 0.004189811050496004, "dropout_rate": 0.23788003509911937, "lr": 0.011533587872906715}