{"out_channels": 99, "kernel_size": 4, "num_blocks": 2, "l2_lambda": 0.004408517739621203, "dropout_rate": 0.2967623316878694, "lr": 0.09063608879966459}