{"out_channels": 70, "kernel_size": 3, "num_blocks": 2, "l2_lambda": 0.0011963063257734033, "dropout_rate": 0.3266337498609262, "lr": 0.02493536866836642, "batch_size": 154}