{"out_channels": 40, "kernel_size": 7, "num_blocks": 1, "l2_lambda": 1.7891954319123344e-05, "dropout_rate": 0.4803459134723128, "lr": 0.023650973280017383, "batch_size": 250}