{"out_channels": 38, "kernel_size": 4, "num_blocks": 4, "l2_lambda": 0.005547792265820273, "dropout_rate": 0.1786004653300274, "lr": 0.055801593863000334}