{"out_channels": 39, "kernel_size": 5, "num_blocks": 1, "l2_lambda": 0.006325125273292603, "dropout_rate": 0.4538425806198384, "lr": 0.06542677965562026}