{"out_channels": 73, "kernel_size": 5, "num_blocks": 3, "l2_lambda": 0.007536015882455418, "dropout_rate": 0.1632875847561744, "lr": 0.02315325866614531}