{"out_channels": 32, "kernel_size": 6, "num_blocks": 5, "l2_lambda": 0.009005634129620297, "dropout_rate": 0.41592243907581505, "lr": 0.038793711117932964}