{"out_channels": 76, "kernel_size": 3, "num_blocks": 3, "l2_lambda": 0.0013709763612452586, "dropout_rate": 0.21384467051425882, "lr": 0.05475940875169433}