{"out_channels": 35, "kernel_size": 4, "num_blocks": 3, "l2_lambda": 0.005304517993633959, "dropout_rate": 0.17943777775340763, "lr": 0.09008945217865581, "batch_size": 181}