{"out_channels": 81, "kernel_size": 3, "num_blocks": 2, "l2_lambda": 0.008704567659138162, "dropout_rate": 0.17963569979614338, "lr": 0.0002486600201631941}