{"out_channels": 22, "kernel_size": 7, "num_blocks": 4, "l2_lambda": 0.003257232311590438, "dropout_rate": 0.30508547205593284, "lr": 0.0189437262569386}