{"out_channels": 116, "kernel_size": 5, "num_blocks": 3, "l2_lambda": 0.0035966739878124246, "dropout_rate": 0.47908839463610475, "lr": 0.03902239757691305}