{"out_channels": 117, "kernel_size": 7, "num_blocks": 2, "l2_lambda": 0.008499253269738622, "dropout_rate": 0.45440794187789735, "lr": 0.02929608744345916, "batch_size": 28}