{"out_channels": 125, "kernel_size": 7, "num_blocks": 2, "l2_lambda": 0.007783094783443154, "dropout_rate": 0.11053098807200944, "lr": 0.0307075336909471}