{"out_channels": 49, "kernel_size": 3, "num_blocks": 5, "l2_lambda": 0.009644094330917728, "dropout_rate": 0.4248452636985669, "lr": 0.08574022186570095}