{"out_channels": 99, "kernel_size": 7, "num_blocks": 3, "l2_lambda": 0.0020222891149291366, "dropout_rate": 0.391487837028064, "lr": 0.011741888344393596}