{"out_channels": 40, "kernel_size": 6, "num_blocks": 4, "l2_lambda": 0.007723208748554582, "dropout_rate": 0.21905269277734757, "lr": 0.09434433517125959}