{"out_channels": 19, "kernel_size": 6, "num_blocks": 2, "l2_lambda": 0.0051391876056892695, "dropout_rate": 0.23777691645056087, "lr": 0.047946973981584526}