{"out_channels": 55, "kernel_size": 3, "num_blocks": 1, "l2_lambda": 0.002407596677226342, "dropout_rate": 0.15989780335387854, "lr": 0.023377661753561284}