{"out_channels": 121, "kernel_size": 7, "num_blocks": 2, "l2_lambda": 0.0023428040849869294, "dropout_rate": 0.3435449310252337, "lr": 0.02507832072453236}