{"out_channels": 117, "kernel_size": 4, "num_blocks": 3, "l2_lambda": 0.0030989902784046806, "dropout_rate": 0.20983939682929875, "lr": 0.07731872191662542}