{"out_channels": 32, "kernel_size": 4, "num_blocks": 3, "l2_lambda": 0.00010221500247056584, "dropout_rate": 0.37533328378405784, "lr": 0.03413884140815714}