{"out_channels": 59, "kernel_size": 3, "num_blocks": 2, "l2_lambda": 0.008809634306297899, "dropout_rate": 0.13154387063335038, "lr": 0.06906316078958243}