{"out_channels": 44, "kernel_size": 4, "num_blocks": 3, "l2_lambda": 0.001949630084847009, "dropout_rate": 0.3652893215808143, "lr": 0.0672853110962638, "batch_size": 114}