{"out_channels": 46, "kernel_size": 5, "num_blocks": 2, "l2_lambda": 0.008300058522306421, "dropout_rate": 0.4820494417534349, "lr": 0.02752426443394354}