{"out_channels": 57, "kernel_size": 3, "num_blocks": 1, "l2_lambda": 0.006763521644054116, "dropout_rate": 0.22307867674873616, "lr": 0.08498813543764394}