{"out_channels": 80, "kernel_size": 4, "num_blocks": 3, "l2_lambda": 0.007873723444499955, "dropout_rate": 0.2305013879744834, "lr": 0.005832161245704578}