{"out_channels": 33, "kernel_size": 3, "num_blocks": 3, "l2_lambda": 0.007869304549364492, "dropout_rate": 0.350210230193886, "lr": 0.07451589747210427}