{"out_channels": 120, "kernel_size": 3, "num_blocks": 2, "l2_lambda": 0.0024587282477160177, "dropout_rate": 0.18812136935276447, "lr": 0.05131148719931278}