{"out_channels": 112, "kernel_size": 3, "num_blocks": 2, "l2_lambda": 0.00629113142639123, "dropout_rate": 0.42980875505424876, "lr": 0.005778640758883907}