{"out_channels": 39, "kernel_size": 4, "num_blocks": 5, "l2_lambda": 0.006449892256619735, "dropout_rate": 0.10658691600489317, "lr": 0.010591420357233127}