{"out_channels": 121, "kernel_size": 5, "num_blocks": 1, "l2_lambda": 0.004070584481371805, "dropout_rate": 0.2730809498288439, "lr": 0.07837317045318712}