{"out_channels": 55, "kernel_size": 7, "num_blocks": 2, "l2_lambda": 0.006401261821684338, "dropout_rate": 0.3548854426439877, "lr": 0.057435439569338734, "batch_size": 68}