{"out_channels": 58, "kernel_size": 3, "num_blocks": 2, "l2_lambda": 0.007112587324281105, "dropout_rate": 0.20249403390916038, "lr": 0.0372293999058674}