{"out_channels": 67, "kernel_size": 7, "num_blocks": 4, "l2_lambda": 0.003872298370001394, "dropout_rate": 0.22172653239682552, "lr": 0.08397500938103813}