{"out_channels": 95, "kernel_size": 6, "num_blocks": 2, "l2_lambda": 0.0027636338754284213, "dropout_rate": 0.31417908386129256, "lr": 0.033575302977248145}