{"out_channels": 36, "kernel_size": 4, "num_blocks": 4, "l2_lambda": 0.007129457002536137, "dropout_rate": 0.49713250392567476, "lr": 0.0036030159151891326}