{"out_channels": 54, "kernel_size": 6, "num_blocks": 3, "l2_lambda": 0.00895212664052668, "dropout_rate": 0.42575695165780225, "lr": 0.022429943971060073, "batch_size": 97}