{"out_channels": 47, "kernel_size": 4, "num_blocks": 3, "l2_lambda": 0.00821301704620935, "dropout_rate": 0.2626889479339607, "lr": 0.026131646240097412}