{"out_channels": 118, "kernel_size": 6, "num_blocks": 2, "l2_lambda": 0.007903451484406781, "dropout_rate": 0.31062441061021207, "lr": 0.0099380555597603}