{"out_channels": 78, "kernel_size": 4, "num_blocks": 3, "l2_lambda": 0.004245935533847017, "dropout_rate": 0.3162216110699032, "lr": 0.025884400810076556}