{"out_channels": 80, "kernel_size": 7, "num_blocks": 1, "l2_lambda": 0.0018467220725587705, "dropout_rate": 0.34292870316890267, "lr": 0.09708576585722088}