{"out_channels": 81, "kernel_size": 5, "num_blocks": 1, "l2_lambda": 0.00013099137081469574, "dropout_rate": 0.3748390107186904, "lr": 0.04758002191971164}