{"out_channels": 82, "kernel_size": 3, "num_blocks": 1, "l2_lambda": 0.009551538988941049, "dropout_rate": 0.49730321561930846, "lr": 0.036097373204189424}