{"out_channels": 74, "kernel_size": 3, "num_blocks": 3, "l2_lambda": 0.006422654905034904, "dropout_rate": 0.15713615277124632, "lr": 0.08879254910018634, "batch_size": 150}