{"out_channels": 90, "kernel_size": 6, "num_blocks": 3, "l2_lambda": 0.007322390022690071, "dropout_rate": 0.29111329513424195, "lr": 0.09058227868859822}