{"out_channels": 53, "kernel_size": 3, "num_blocks": 5, "l2_lambda": 0.009773549687386236, "dropout_rate": 0.43646988257505637, "lr": 0.05500599463725334}