{"out_channels": 72, "kernel_size": 6, "num_blocks": 5, "l2_lambda": 0.0077354588884169205, "dropout_rate": 0.30347156083153404, "lr": 0.0035859245487199574}