{"out_channels": 93, "kernel_size": 6, "num_blocks": 2, "l2_lambda": 0.009591689962738811, "dropout_rate": 0.36935900659353704, "lr": 0.0957232245807134}