{"out_channels": 103, "kernel_size": 3, "num_blocks": 2, "l2_lambda": 0.00963023555368085, "dropout_rate": 0.19247180587769996, "lr": 0.04568304403041062}