{"out_channels": 100, "kernel_size": 5, "num_blocks": 5, "l2_lambda": 0.007195329389025661, "dropout_rate": 0.22598226916430983, "lr": 0.08590919410173756}