{"out_channels": 82, "kernel_size": 6, "num_blocks": 2, "l2_lambda": 0.006835961416216414, "dropout_rate": 0.4420576163542408, "lr": 0.07314651014201584, "batch_size": 103}