{"out_channels": 104, "kernel_size": 3, "num_blocks": 3, "l2_lambda": 0.003580390518608697, "dropout_rate": 0.4691500458612521, "lr": 0.0872806028707082, "batch_size": 236}