{"out_channels": 55, "kernel_size": 5, "num_blocks": 1, "l2_lambda": 0.007681608283901374, "dropout_rate": 0.4291620844847702, "lr": 0.0064372591491237505}