{"out_channels": 27, "kernel_size": 6, "num_blocks": 5, "l2_lambda": 0.003233629530860053, "dropout_rate": 0.1798182249736937, "lr": 0.09713242343355497}