{"out_channels": 117, "kernel_size": 7, "num_blocks": 2, "l2_lambda": 0.007555171177307386, "dropout_rate": 0.13253237487283875, "lr": 0.03955747192014471}