{"out_channels": 43, "kernel_size": 3, "num_blocks": 1, "l2_lambda": 0.007165050278184158, "dropout_rate": 0.23378696003341082, "lr": 0.026964806225230138}