{"out_channels": 99, "kernel_size": 5, "num_blocks": 2, "l2_lambda": 0.003326402428215714, "dropout_rate": 0.41046672718355504, "lr": 0.029063403933345902}