{"out_channels": 78, "kernel_size": 7, "num_blocks": 3, "l2_lambda": 0.0068061622235986545, "dropout_rate": 0.21073859258421238, "lr": 0.058459269743615594, "batch_size": 215}