{"out_channels": 67, "kernel_size": 4, "num_blocks": 3, "l2_lambda": 0.009858015497809472, "dropout_rate": 0.150634301701007, "lr": 0.08552414709054544, "batch_size": 166}