{"out_channels": 61, "kernel_size": 7, "num_blocks": 1, "l2_lambda": 0.0034435760656938916, "dropout_rate": 0.49467286747489336, "lr": 0.04818367015097316}