{"out_channels": 97, "kernel_size": 4, "num_blocks": 2, "l2_lambda": 0.0031949032311102445, "dropout_rate": 0.39968294551476435, "lr": 0.06468142772033031, "batch_size": 199}