{"out_channels": 112, "kernel_size": 3, "num_blocks": 1, "l2_lambda": 0.004202320932431784, "dropout_rate": 0.12407475496290338, "lr": 0.015563654729710035, "batch_size": 19}