{"out_channels": 122, "kernel_size": 7, "num_blocks": 3, "l2_lambda": 0.006096250808404444, "dropout_rate": 0.22106920427756924, "lr": 0.09183818964632506}