{"out_channels": 59, "kernel_size": 4, "num_blocks": 1, "l2_lambda": 0.002750594644759357, "dropout_rate": 0.11364169964630554, "lr": 0.03294496458938328}