{"out_channels": 31, "kernel_size": 3, "num_blocks": 2, "l2_lambda": 0.0022849271866940053, "dropout_rate": 0.32125959287301675, "lr": 0.0096199062846818}