{"out_channels": 22, "kernel_size": 5, "num_blocks": 1, "l2_lambda": 0.006920209336698405, "dropout_rate": 0.20075914126830752, "lr": 0.03602214795067872}