{"out_channels": 52, "kernel_size": 7, "num_blocks": 3, "l2_lambda": 0.006333648846244168, "dropout_rate": 0.36288321654895617, "lr": 0.03854105654118353}