{"out_channels": 117, "kernel_size": 6, "num_blocks": 1, "l2_lambda": 0.00850886550139854, "dropout_rate": 0.23748446016205765, "lr": 0.060335327257603405}