{"out_channels": 57, "kernel_size": 6, "num_blocks": 3, "l2_lambda": 2.0445649595676073e-05, "dropout_rate": 0.24714685862645178, "lr": 0.05034936830646897, "batch_size": 233}