{"out_channels": 102, "kernel_size": 5, "num_blocks": 1, "l2_lambda": 0.0074107540402471835, "dropout_rate": 0.12423540911978669, "lr": 0.05060720255928857}