{"out_channels": 73, "kernel_size": 6, "num_blocks": 2, "l2_lambda": 0.0020588334070333362, "dropout_rate": 0.14449787774491718, "lr": 0.0940731943967}