{"out_channels": 78, "kernel_size": 3, "num_blocks": 1, "l2_lambda": 0.004921514795535406, "dropout_rate": 0.33203152603158825, "lr": 0.057016341382637344}