{"out_channels": 24, "kernel_size": 3, "num_blocks": 2, "l2_lambda": 0.008005024392426402, "dropout_rate": 0.21623580325907032, "lr": 0.05436195392190883}