{"out_channels": 52, "kernel_size": 7, "num_blocks": 3, "l2_lambda": 0.003926637790890298, "dropout_rate": 0.3864532006895406, "lr": 0.012438726881679914, "batch_size": 72}