{"out_channels": 38, "kernel_size": 6, "num_blocks": 2, "l2_lambda": 0.00045642685560136836, "dropout_rate": 0.43625328568675015, "lr": 0.03071289080415726}