{"out_channels": 91, "kernel_size": 3, "num_blocks": 3, "l2_lambda": 0.0028307664881295487, "dropout_rate": 0.33881439431356003, "lr": 0.08000099398925765}