{"out_channels": 19, "kernel_size": 5, "num_blocks": 4, "l2_lambda": 0.0036890392563596083, "dropout_rate": 0.3961788009730619, "lr": 0.09325178741322203}