{"out_channels": 82, "kernel_size": 5, "num_blocks": 2, "l2_lambda": 0.006141221642429419, "dropout_rate": 0.25954180751438793, "lr": 0.017248804346052943}