{"out_channels": 106, "kernel_size": 4, "num_blocks": 2, "l2_lambda": 0.002480808495379523, "dropout_rate": 0.4539957523031922, "lr": 0.0029778408508171787, "batch_size": 102}