{"out_channels": 107, "kernel_size": 7, "num_blocks": 3, "l2_lambda": 0.002586287028820771, "dropout_rate": 0.35972469471154933, "lr": 0.08185534693717153}