{"out_channels": 29, "kernel_size": 6, "num_blocks": 2, "l2_lambda": 0.0015225791143342507, "dropout_rate": 0.10394013226098436, "lr": 0.06449570737569628}