{"out_channels": 98, "kernel_size": 6, "num_blocks": 3, "l2_lambda": 0.0008639445932737403, "dropout_rate": 0.37962267242677183, "lr": 0.061411692565182974}