{"out_channels": 94, "kernel_size": 7, "num_blocks": 5, "l2_lambda": 0.005372815046301616, "dropout_rate": 0.34166345569199286, "lr": 0.02819786990100942}