{"out_channels": 93, "kernel_size": 4, "num_blocks": 3, "l2_lambda": 0.0016614138152446834, "dropout_rate": 0.29378171545323517, "lr": 0.08667960772191766}