{"out_channels": 123, "kernel_size": 7, "num_blocks": 5, "l2_lambda": 0.009805384691602304, "dropout_rate": 0.17916675813715, "lr": 0.06322934011328779}