{"out_channels": 98, "kernel_size": 6, "num_blocks": 2, "l2_lambda": 0.0013629234124962941, "dropout_rate": 0.16402844740737194, "lr": 0.003978182991837924}