{"out_channels": 69, "kernel_size": 7, "num_blocks": 2, "l2_lambda": 0.0034607052265885813, "dropout_rate": 0.1787827390100829, "lr": 0.05758258400234886}