{"out_channels": 103, "kernel_size": 3, "num_blocks": 3, "l2_lambda": 0.0060693707384298235, "dropout_rate": 0.3022455786392837, "lr": 0.07859651307498577}