{"out_channels": 110, "kernel_size": 5, "num_blocks": 2, "l2_lambda": 0.003518208787073692, "dropout_rate": 0.4432566105546679, "lr": 0.04548485345328333}