{"out_channels": 64, "kernel_size": 4, "num_blocks": 3, "l2_lambda": 0.008349069015397193, "dropout_rate": 0.34354386812486426, "lr": 0.0963477284881831, "batch_size": 93}