{"out_channels": 26, "kernel_size": 7, "num_blocks": 2, "l2_lambda": 0.0037772486938364206, "dropout_rate": 0.16018843622372977, "lr": 0.02982645003256304}