{"out_channels": 71, "kernel_size": 4, "num_blocks": 5, "l2_lambda": 0.0036972524089514624, "dropout_rate": 0.3223563841474423, "lr": 0.02063960142002119}