{"out_channels": 16, "kernel_size": 7, "num_blocks": 2, "l2_lambda": 0.0030787256429822252, "dropout_rate": 0.4561008592518373, "lr": 0.08060344608954535}