{"out_channels": 24, "kernel_size": 7, "num_blocks": 3, "l2_lambda": 0.0023904531386270598, "dropout_rate": 0.2529874999122588, "lr": 0.06697561578475854}