{"out_channels": 52, "kernel_size": 3, "num_blocks": 1, "l2_lambda": 0.00559193751100503, "dropout_rate": 0.3198702348002932, "lr": 0.01913468000622913}