{"out_channels": 44, "kernel_size": 7, "num_blocks": 1, "l2_lambda": 0.0027281000097381866, "dropout_rate": 0.23161544852994953, "lr": 0.009390157963344383}