{"out_channels": 85, "kernel_size": 6, "num_blocks": 1, "l2_lambda": 0.0018159775586095118, "dropout_rate": 0.22352346411109605, "lr": 0.02395517265189439, "batch_size": 17}