{"out_channels": 110, "kernel_size": 5, "num_blocks": 2, "l2_lambda": 0.002430241040593056, "dropout_rate": 0.31931594315035117, "lr": 0.08324709234789723}