{"out_channels": 52, "kernel_size": 3, "num_blocks": 5, "l2_lambda": 0.0052490747648831345, "dropout_rate": 0.25453757571285374, "lr": 0.027638570988474644}