{"out_channels": 82, "kernel_size": 7, "num_blocks": 2, "l2_lambda": 0.00044340425490025406, "dropout_rate": 0.4073429973962256, "lr": 0.05538922536762575, "batch_size": 90}