{"out_channels": 76, "kernel_size": 6, "num_blocks": 2, "l2_lambda": 0.003297367805574906, "dropout_rate": 0.49629565473657955, "lr": 0.006855104981881606, "batch_size": 189}