{"out_channels": 24, "kernel_size": 5, "num_blocks": 2, "l2_lambda": 0.004670653668174234, "dropout_rate": 0.49764504825165723, "lr": 0.04532706323056201, "batch_size": 238}