{"out_channels": 72, "kernel_size": 7, "num_blocks": 1, "l2_lambda": 0.0032111164948713596, "dropout_rate": 0.17009039626128852, "lr": 0.03903043420475462, "batch_size": 226}