{"out_channels": 115, "kernel_size": 7, "num_blocks": 3, "l2_lambda": 0.007973758304557219, "dropout_rate": 0.14033649851645694, "lr": 0.07322976416605737, "batch_size": 103}