{"out_channels": 34, "kernel_size": 5, "num_blocks": 1, "l2_lambda": 0.0010261228963155072, "dropout_rate": 0.2702956707132672, "lr": 0.02734437713605076}