{"out_channels": 62, "kernel_size": 5, "num_blocks": 5, "l2_lambda": 0.0038633896814614806, "dropout_rate": 0.4084074542774656, "lr": 0.055673743705456906}