{"out_channels": 112, "kernel_size": 7, "num_blocks": 3, "l2_lambda": 0.004488517054012142, "dropout_rate": 0.28543172333780326, "lr": 0.059861584216804035}