{"out_channels": 38, "kernel_size": 6, "num_blocks": 1, "l2_lambda": 0.009503222161773989, "dropout_rate": 0.4700200869587029, "lr": 0.008209514079021995}