{"out_channels": 47, "kernel_size": 4, "num_blocks": 1, "l2_lambda": 0.0034639249096281273, "dropout_rate": 0.45993843097674014, "lr": 0.05209844702802489, "batch_size": 168}