{"out_channels": 60, "kernel_size": 3, "num_blocks": 3, "l2_lambda": 0.0026778726784385232, "dropout_rate": 0.10664226016327683, "lr": 0.08775130277263121}