{"out_channels": 125, "kernel_size": 7, "num_blocks": 2, "l2_lambda": 0.009852040840865592, "dropout_rate": 0.38202997336941946, "lr": 0.036894089650112295}