{"out_channels": 83, "kernel_size": 6, "num_blocks": 1, "l2_lambda": 0.004033359060303352, "dropout_rate": 0.20744896901877335, "lr": 0.02464302025857338}