{"out_channels": 23, "kernel_size": 5, "num_blocks": 3, "l2_lambda": 0.0006483795805984318, "dropout_rate": 0.29997352953133216, "lr": 0.04985553402380368}