{"out_channels": 125, "kernel_size": 7, "num_blocks": 2, "l2_lambda": 0.0023422723839961112, "dropout_rate": 0.17425164189535738, "lr": 0.030985856669138594}