{"out_channels": 47, "kernel_size": 3, "num_blocks": 2, "l2_lambda": 0.0095859966172103, "dropout_rate": 0.26499485309786275, "lr": 0.09462611947537133}