{"out_channels": 90, "kernel_size": 7, "num_blocks": 3, "l2_lambda": 0.005377140652344365, "dropout_rate": 0.26167556762950683, "lr": 0.07702825991255817}