{"out_channels": 90, "kernel_size": 7, "num_blocks": 1, "l2_lambda": 0.009682310542797206, "dropout_rate": 0.1270486831496864, "lr": 0.03408100458623401}