{"out_channels": 107, "kernel_size": 7, "num_blocks": 2, "l2_lambda": 0.009040499748046955, "dropout_rate": 0.14642283259104738, "lr": 0.047906046302750936}