{"out_channels": 83, "kernel_size": 4, "num_blocks": 1, "l2_lambda": 0.0026933228989870165, "dropout_rate": 0.24092438400541027, "lr": 0.07546431662304644}