{"out_channels": 114, "kernel_size": 7, "num_blocks": 5, "l2_lambda": 0.0005203375412078673, "dropout_rate": 0.25441874968006883, "lr": 0.0422203675203848}