{"out_channels": 116, "kernel_size": 5, "num_blocks": 1, "l2_lambda": 0.005231077772976228, "dropout_rate": 0.41665082559519206, "lr": 0.02685445513880456, "batch_size": 188}