{"out_channels": 113, "kernel_size": 5, "num_blocks": 1, "l2_lambda": 0.001271881339873856, "dropout_rate": 0.3356659802851656, "lr": 0.026211885221099313}