{"out_channels": 77, "kernel_size": 4, "num_blocks": 3, "l2_lambda": 0.009683326395584767, "dropout_rate": 0.22986615060090074, "lr": 0.08300091057891765}