{"out_channels": 32, "kernel_size": 4, "num_blocks": 4, "l2_lambda": 0.004030330455414477, "dropout_rate": 0.22186802253713056, "lr": 0.07580177302865256}