{"out_channels": 74, "kernel_size": 7, "num_blocks": 1, "l2_lambda": 0.00514923542633333, "dropout_rate": 0.16194850537777336, "lr": 0.09827087998607022}