{"out_channels": 93, "kernel_size": 6, "num_blocks": 3, "l2_lambda": 0.001206775175009564, "dropout_rate": 0.13124011168357558, "lr": 0.07183251060765111}