{"out_channels": 37, "kernel_size": 5, "num_blocks": 3, "l2_lambda": 0.0021323254682268557, "dropout_rate": 0.36770984265122353, "lr": 0.013300754633402894}