{"out_channels": 113, "kernel_size": 4, "num_blocks": 1, "l2_lambda": 0.002933795598257164, "dropout_rate": 0.24922148187104162, "lr": 0.01874837604996962}