{"out_channels": 29, "kernel_size": 6, "num_blocks": 1, "l2_lambda": 0.0023196176413395435, "dropout_rate": 0.23477082295476537, "lr": 0.08730957802642135, "batch_size": 128}