{"out_channels": 111, "kernel_size": 4, "num_blocks": 1, "l2_lambda": 0.007129749832128889, "dropout_rate": 0.30341754112118613, "lr": 0.05692403820249442}