{"out_channels": 33, "kernel_size": 5, "num_blocks": 3, "l2_lambda": 0.00912996307707523, "dropout_rate": 0.45142873415209217, "lr": 0.014579350740700199}