{"out_channels": 104, "kernel_size": 5, "num_blocks": 2, "l2_lambda": 0.004801015882502192, "dropout_rate": 0.3621396624288523, "lr": 0.03367048451791163}