{"out_channels": 66, "kernel_size": 5, "num_blocks": 1, "l2_lambda": 0.0006585149116621557, "dropout_rate": 0.3928248126265057, "lr": 0.08812432410372018}