{"out_channels": 84, "kernel_size": 7, "num_blocks": 2, "l2_lambda": 0.007222278162530721, "dropout_rate": 0.20323837956497184, "lr": 0.08945799037393327}