{"out_channels": 107, "kernel_size": 7, "num_blocks": 3, "l2_lambda": 0.004286320163459358, "dropout_rate": 0.338581962767892, "lr": 0.06710391146384698}