{"out_channels": 37, "kernel_size": 4, "num_blocks": 3, "l2_lambda": 0.00761064201281277, "dropout_rate": 0.3331961809761349, "lr": 0.0505638646423}