{"out_channels": 65, "kernel_size": 7, "num_blocks": 2, "l2_lambda": 0.00693793322123589, "dropout_rate": 0.3581271179127261, "lr": 0.04333035938632513, "batch_size": 180}