{"out_channels": 43, "kernel_size": 5, "num_blocks": 4, "l2_lambda": 0.009296340182494344, "dropout_rate": 0.18580496374772126, "lr": 0.012448463138237113}