{"out_channels": 47, "kernel_size": 7, "num_blocks": 1, "l2_lambda": 0.0012370254125066832, "dropout_rate": 0.49551157184917516, "lr": 0.03227830015879022}