{"out_channels": 77, "kernel_size": 3, "num_blocks": 4, "l2_lambda": 0.00693964870276344, "dropout_rate": 0.12945300428795276, "lr": 0.07782809418034005}