{"out_channels": 89, "kernel_size": 6, "num_blocks": 5, "l2_lambda": 0.0003725543823639341, "dropout_rate": 0.3040967335397032, "lr": 0.002247878950404526}