{"out_channels": 107, "kernel_size": 4, "num_blocks": 1, "l2_lambda": 0.0017880579370335744, "dropout_rate": 0.12231310337094747, "lr": 0.09354376968560538}