{"out_channels": 27, "kernel_size": 7, "num_blocks": 3, "l2_lambda": 0.003283301470885814, "dropout_rate": 0.10750478114031502, "lr": 0.006374755980215481}