{"out_channels": 101, "kernel_size": 5, "num_blocks": 1, "l2_lambda": 0.0014006317575040866, "dropout_rate": 0.11919174592785003, "lr": 0.0029405062993360246}