{"out_channels": 70, "kernel_size": 7, "num_blocks": 2, "l2_lambda": 0.0006273081218590624, "dropout_rate": 0.10437897857915712, "lr": 0.08575858943512589}