{"out_channels": 30, "kernel_size": 4, "num_blocks": 3, "l2_lambda": 0.003818181475495585, "dropout_rate": 0.3860154200446875, "lr": 0.07010404640623814}