{"out_channels": 39, "kernel_size": 7, "num_blocks": 3, "l2_lambda": 0.004951573011867426, "dropout_rate": 0.14573194424041827, "lr": 0.050048812629284}