{"out_channels": 33, "kernel_size": 4, "num_blocks": 4, "l2_lambda": 0.0023622085893080288, "dropout_rate": 0.29848433385826434, "lr": 0.09546510647745088}