{"out_channels": 94, "kernel_size": 7, "num_blocks": 1, "l2_lambda": 0.0017095269773463161, "dropout_rate": 0.2688805250196993, "lr": 0.09536717530173773, "batch_size": 126}