{"out_channels": 79, "kernel_size": 6, "num_blocks": 2, "l2_lambda": 0.007747848269359291, "dropout_rate": 0.20025531903656316, "lr": 0.003202355209480211}