{"out_channels": 36, "kernel_size": 4, "num_blocks": 5, "l2_lambda": 0.0038354815883354593, "dropout_rate": 0.17621351130502927, "lr": 0.05818340533510829}