{"out_channels": 62, "kernel_size": 3, "num_blocks": 2, "l2_lambda": 0.0029674398843673776, "dropout_rate": 0.2494841149059912, "lr": 0.008725775819304692}