{"out_channels": 123, "kernel_size": 6, "num_blocks": 3, "l2_lambda": 0.00014385226249993225, "dropout_rate": 0.3311451430613966, "lr": 0.07593314687393472, "batch_size": 91}