{"out_channels": 85, "kernel_size": 3, "num_blocks": 4, "l2_lambda": 0.0036592357029562863, "dropout_rate": 0.38288525516157024, "lr": 0.03052043166836078}