{"out_channels": 33, "kernel_size": 7, "num_blocks": 2, "l2_lambda": 0.00768377315435485, "dropout_rate": 0.1772382652522406, "lr": 0.08628735756964476}