{"out_channels": 109, "kernel_size": 6, "num_blocks": 4, "l2_lambda": 0.003707442910540148, "dropout_rate": 0.31399077906154393, "lr": 0.017072669166883027}