{"out_channels": 66, "kernel_size": 3, "num_blocks": 1, "l2_lambda": 0.0034494856809246187, "dropout_rate": 0.4087518301455072, "lr": 0.06785393892197421}