{"out_channels": 122, "kernel_size": 4, "num_blocks": 2, "l2_lambda": 0.008100625471299663, "dropout_rate": 0.2466302112056411, "lr": 0.09993794964682085}