{"out_channels": 127, "kernel_size": 3, "num_blocks": 3, "l2_lambda": 0.00468764953231251, "dropout_rate": 0.3911855139006587, "lr": 0.061619614514690245, "batch_size": 35}