{"out_channels": 29, "kernel_size": 6, "num_blocks": 5, "l2_lambda": 0.008002913583460256, "dropout_rate": 0.43232640710365444, "lr": 0.003588559634045607}