{"out_channels": 34, "kernel_size": 4, "num_blocks": 5, "l2_lambda": 0.00044082060609764465, "dropout_rate": 0.39606692523110054, "lr": 0.027332286337894095}