{"out_channels": 76, "kernel_size": 3, "num_blocks": 4, "l2_lambda": 0.008149417108325232, "dropout_rate": 0.2603482455492195, "lr": 0.018051619761191465}