{"out_channels": 93, "kernel_size": 6, "num_blocks": 1, "l2_lambda": 0.008693189592944276, "dropout_rate": 0.17135667003035726, "lr": 0.010244811743174296}