{"out_channels": 97, "kernel_size": 6, "num_blocks": 1, "l2_lambda": 0.004728307739796972, "dropout_rate": 0.47881060161671707, "lr": 0.043609857733159424}