{"out_channels": 19, "kernel_size": 4, "num_blocks": 3, "l2_lambda": 0.009299126310718867, "dropout_rate": 0.303810772341895, "lr": 0.023577919694523854}