{"out_channels": 27, "kernel_size": 7, "num_blocks": 2, "l2_lambda": 0.004183026503551832, "dropout_rate": 0.3793758909835423, "lr": 0.01898443918624626, "batch_size": 36}