{"out_channels": 47, "kernel_size": 7, "num_blocks": 2, "l2_lambda": 0.0011193901257816417, "dropout_rate": 0.15030491855989966, "lr": 0.05711184242281203}