{"out_channels": 79, "kernel_size": 5, "num_blocks": 2, "l2_lambda": 0.002432868297005917, "dropout_rate": 0.25051355331740277, "lr": 0.08029793858688065, "batch_size": 38}