{"out_channels": 49, "kernel_size": 5, "num_blocks": 2, "l2_lambda": 0.0038420742626915664, "dropout_rate": 0.13531458533248972, "lr": 0.008804298932596077}