{"out_channels": 76, "kernel_size": 4, "num_blocks": 1, "l2_lambda": 0.0020019433492145175, "dropout_rate": 0.20342877124442574, "lr": 0.04382989921822913}