{"out_channels": 35, "kernel_size": 6, "num_blocks": 3, "l2_lambda": 0.0033862215173856357, "dropout_rate": 0.3179747634963669, "lr": 0.047984483431524096}