{"out_channels": 67, "kernel_size": 6, "num_blocks": 3, "l2_lambda": 0.005231858226542225, "dropout_rate": 0.17978284300531222, "lr": 0.08728138818982785, "batch_size": 142}