{"out_channels": 81, "kernel_size": 5, "num_blocks": 1, "l2_lambda": 0.008634299367042773, "dropout_rate": 0.33392491268572233, "lr": 0.014771827978309759}