{"out_channels": 63, "kernel_size": 7, "num_blocks": 2, "l2_lambda": 0.0006692205594923367, "dropout_rate": 0.3835135439862051, "lr": 0.07013127850213695}