{"out_channels": 117, "kernel_size": 6, "num_blocks": 1, "l2_lambda": 0.003990970753781454, "dropout_rate": 0.4037703870405115, "lr": 0.047634011844606146}