{"out_channels": 69, "kernel_size": 6, "num_blocks": 1, "l2_lambda": 0.002078266508896401, "dropout_rate": 0.43233107531994586, "lr": 0.02267287301678102}