{"out_channels": 77, "kernel_size": 3, "num_blocks": 2, "l2_lambda": 0.006920935185480461, "dropout_rate": 0.1930525130905434, "lr": 0.08353594840706599}