{"out_channels": 113, "kernel_size": 5, "num_blocks": 1, "l2_lambda": 0.0026437003003798427, "dropout_rate": 0.49442242189384533, "lr": 0.0490284228949543}