{"out_channels": 67, "kernel_size": 4, "num_blocks": 2, "l2_lambda": 0.007541126257643127, "dropout_rate": 0.10380250846309447, "lr": 0.061347251659096706}