{"out_channels": 93, "kernel_size": 3, "num_blocks": 5, "l2_lambda": 0.005969014473266409, "dropout_rate": 0.44800774418355316, "lr": 0.08110167022003549}