{"out_channels": 104, "kernel_size": 6, "num_blocks": 1, "l2_lambda": 0.005952094882231824, "dropout_rate": 0.14925468146521195, "lr": 0.01682061138805734}