{"out_channels": 46, "kernel_size": 5, "num_blocks": 3, "l2_lambda": 0.008432867882693628, "dropout_rate": 0.30917135683269703, "lr": 0.09259910278760258, "batch_size": 80}