{"out_channels": 76, "kernel_size": 4, "num_blocks": 2, "l2_lambda": 0.0007669813930728192, "dropout_rate": 0.22272986286272306, "lr": 0.09963347991937138}