{"out_channels": 53, "kernel_size": 4, "num_blocks": 5, "l2_lambda": 0.0034997352803393207, "dropout_rate": 0.17583721286344978, "lr": 0.04383815669623302}