{"out_channels": 109, "kernel_size": 7, "num_blocks": 1, "l2_lambda": 0.009218175813568305, "dropout_rate": 0.22519642148984978, "lr": 0.02979166062781254, "batch_size": 110}