{"out_channels": 112, "kernel_size": 7, "num_blocks": 4, "l2_lambda": 0.0017998851846290505, "dropout_rate": 0.30128036260498714, "lr": 0.01344062397425291}