{"out_channels": 77, "kernel_size": 5, "num_blocks": 2, "l2_lambda": 2.67892489934853e-05, "dropout_rate": 0.13336781888147203, "lr": 0.07491566251294254}