{"out_channels": 81, "kernel_size": 7, "num_blocks": 3, "l2_lambda": 0.006760476115834166, "dropout_rate": 0.45216628847802687, "lr": 0.07277823173797779}