{"out_channels": 87, "kernel_size": 3, "num_blocks": 4, "l2_lambda": 0.007848599364556983, "dropout_rate": 0.3400513958249852, "lr": 0.08089081402575096}