{"out_channels": 58, "kernel_size": 3, "num_blocks": 3, "l2_lambda": 0.00637839076046885, "dropout_rate": 0.3888428096845262, "lr": 0.04091617703047379}