{"out_channels": 68, "kernel_size": 7, "num_blocks": 5, "l2_lambda": 0.009721490067716944, "dropout_rate": 0.1620014680016235, "lr": 0.023873574312058728}