{"out_channels": 92, "kernel_size": 6, "num_blocks": 3, "l2_lambda": 0.007637075076526246, "dropout_rate": 0.21074290525863915, "lr": 0.08138503852006193, "batch_size": 221}