{"out_channels": 60, "kernel_size": 3, "num_blocks": 2, "l2_lambda": 0.003841555329716036, "dropout_rate": 0.3858026521033052, "lr": 0.043356153216378784}