{"out_channels": 18, "kernel_size": 7, "num_blocks": 1, "l2_lambda": 0.00519659880463732, "dropout_rate": 0.14866497559710123, "lr": 0.03765354168107712}