{"out_channels": 34, "kernel_size": 4, "num_blocks": 3, "l2_lambda": 0.0034350411185761795, "dropout_rate": 0.394823132435109, "lr": 0.08408827317120043, "batch_size": 28}