{"out_channels": 97, "kernel_size": 6, "num_blocks": 4, "l2_lambda": 0.0031494328106459256, "dropout_rate": 0.4466853182720495, "lr": 0.01936433354786658}