{"out_channels": 103, "kernel_size": 6, "num_blocks": 1, "l2_lambda": 0.005455184331695397, "dropout_rate": 0.1705625464142635, "lr": 0.08941298865983445}