{"out_channels": 109, "kernel_size": 3, "num_blocks": 2, "l2_lambda": 0.009634693295934598, "dropout_rate": 0.4514934988801623, "lr": 0.03968721016443273}