{"out_channels": 19, "kernel_size": 5, "num_blocks": 1, "l2_lambda": 0.0019321934134730876, "dropout_rate": 0.4473631869421876, "lr": 0.09045118923089163}