{"out_channels": 113, "kernel_size": 5, "num_blocks": 2, "l2_lambda": 0.00015026271820316382, "dropout_rate": 0.2563571029766484, "lr": 0.08525953957136605}