{"out_channels": 53, "kernel_size": 3, "num_blocks": 1, "l2_lambda": 0.0022757554954956757, "dropout_rate": 0.3966459151034917, "lr": 0.097474113889789}