{"out_channels": 89, "kernel_size": 4, "num_blocks": 3, "l2_lambda": 0.001528712964071549, "dropout_rate": 0.48375019204707737, "lr": 0.06257969289549477, "batch_size": 18}