{"out_channels": 68, "kernel_size": 7, "num_blocks": 5, "l2_lambda": 0.006854239350866555, "dropout_rate": 0.2318918132231879, "lr": 0.005075808260016102}