{"out_channels": 23, "kernel_size": 3, "num_blocks": 1, "l2_lambda": 0.004543260657222906, "dropout_rate": 0.35779120581872603, "lr": 0.034152465351271644, "batch_size": 251}