{"out_channels": 107, "kernel_size": 7, "num_blocks": 2, "l2_lambda": 0.0037975671870718, "dropout_rate": 0.13894902669789091, "lr": 0.05285862450806087}