{"out_channels": 124, "kernel_size": 7, "num_blocks": 1, "l2_lambda": 0.005673288582422995, "dropout_rate": 0.4749119978181161, "lr": 0.07873327629908061}