{"out_channels": 41, "kernel_size": 4, "num_blocks": 3, "l2_lambda": 0.0002062984323310134, "dropout_rate": 0.20588988765050698, "lr": 0.07498136178236686}