{"out_channels": 99, "kernel_size": 4, "num_blocks": 5, "l2_lambda": 0.004438593001448061, "dropout_rate": 0.17428748411504585, "lr": 0.09099762838002765}