{"out_channels": 93, "kernel_size": 5, "num_blocks": 2, "l2_lambda": 0.0004348246898191039, "dropout_rate": 0.2381197509696357, "lr": 0.08673782564064969}