{"out_channels": 112, "kernel_size": 3, "num_blocks": 2, "l2_lambda": 0.009462277222815393, "dropout_rate": 0.2233171409811071, "lr": 0.0718447902370042}