{"out_channels": 75, "kernel_size": 5, "num_blocks": 3, "l2_lambda": 0.007681307696880919, "dropout_rate": 0.24748695850788172, "lr": 0.018256409033617107}