{"out_channels": 77, "kernel_size": 4, "num_blocks": 3, "l2_lambda": 0.007311353539680905, "dropout_rate": 0.1699371049575177, "lr": 0.0012101480735536411, "batch_size": 234}