{"out_channels": 82, "kernel_size": 5, "num_blocks": 2, "l2_lambda": 0.002023165852265023, "dropout_rate": 0.4174468615940635, "lr": 0.03186298242969759, "batch_size": 42}