{"out_channels": 55, "kernel_size": 7, "num_blocks": 3, "l2_lambda": 0.0011428622801247714, "dropout_rate": 0.41772625656953855, "lr": 0.06275241554738904}