{"out_channels": 71, "kernel_size": 5, "num_blocks": 2, "l2_lambda": 0.005627492009784385, "dropout_rate": 0.37492087572237465, "lr": 0.04618982729224827}