{"out_channels": 84, "kernel_size": 3, "num_blocks": 1, "l2_lambda": 0.003270535406499444, "dropout_rate": 0.1090355732597689, "lr": 0.02231506837278591}