{"out_channels": 52, "kernel_size": 7, "num_blocks": 3, "l2_lambda": 0.008387849080385873, "dropout_rate": 0.38838465051702464, "lr": 0.0011203292223869402, "batch_size": 74}