{"out_channels": 20, "kernel_size": 3, "num_blocks": 5, "l2_lambda": 0.009669440714203299, "dropout_rate": 0.22345765523021177, "lr": 0.061052039528132186}