{"out_channels": 44, "kernel_size": 3, "num_blocks": 2, "l2_lambda": 0.008880991420749336, "dropout_rate": 0.20091941567046587, "lr": 0.06277634459236964}