{"out_channels": 16, "kernel_size": 3, "num_blocks": 3, "l2_lambda": 0.000723012631431661, "dropout_rate": 0.4105370432838399, "lr": 0.04585216608080679}