{"out_channels": 90, "kernel_size": 5, "num_blocks": 3, "l2_lambda": 0.0005346029404633785, "dropout_rate": 0.38724025419456287, "lr": 0.013929330231118475}