{"out_channels": 26, "kernel_size": 4, "num_blocks": 1, "l2_lambda": 0.009147125430591284, "dropout_rate": 0.10989657117615118, "lr": 0.09675304056694019}