{"out_channels": 50, "kernel_size": 6, "num_blocks": 3, "l2_lambda": 0.007286734387034162, "dropout_rate": 0.37137401327724084, "lr": 0.031555391285872245}