{"out_channels": 62, "kernel_size": 7, "num_blocks": 1, "l2_lambda": 0.0029040230122912673, "dropout_rate": 0.2540650506223723, "lr": 0.09373686432324453}