{"out_channels": 95, "kernel_size": 5, "num_blocks": 3, "l2_lambda": 0.007664140903241614, "dropout_rate": 0.2679620068303488, "lr": 0.09683531483613553, "batch_size": 47}