{"out_channels": 107, "kernel_size": 7, "num_blocks": 2, "l2_lambda": 0.004688457946323854, "dropout_rate": 0.43290771209336343, "lr": 0.056441134124842966}