{"out_channels": 68, "kernel_size": 7, "num_blocks": 3, "l2_lambda": 0.0004849238112606392, "dropout_rate": 0.22003729281020795, "lr": 0.055784606446278126}