{"out_channels": 66, "kernel_size": 5, "num_blocks": 1, "l2_lambda": 0.003498415651564222, "dropout_rate": 0.25491037383321463, "lr": 0.05505820909372279}