{"out_channels": 114, "kernel_size": 5, "num_blocks": 4, "l2_lambda": 0.0027344698901000516, "dropout_rate": 0.21443514661223811, "lr": 0.0018603625366231074}