{"out_channels": 51, "kernel_size": 6, "num_blocks": 3, "l2_lambda": 0.008766962687156337, "dropout_rate": 0.13932628272947378, "lr": 0.09952776028506827, "batch_size": 253}