{"out_channels": 80, "kernel_size": 4, "num_blocks": 3, "l2_lambda": 0.0089298936494513, "dropout_rate": 0.2712136876253507, "lr": 0.04441908077763336, "batch_size": 25}