{"out_channels": 110, "kernel_size": 5, "num_blocks": 3, "l2_lambda": 0.0064189189837932, "dropout_rate": 0.31358237159861413, "lr": 0.08475971122739606}