{"out_channels": 24, "kernel_size": 6, "num_blocks": 1, "l2_lambda": 0.007323759118331638, "dropout_rate": 0.3361918093551286, "lr": 0.08687250307664382, "batch_size": 54}