{"out_channels": 116, "kernel_size": 4, "num_blocks": 2, "l2_lambda": 0.005168420179770555, "dropout_rate": 0.36816622340461025, "lr": 0.015392017729297191}