{"out_channels": 32, "kernel_size": 5, "num_blocks": 3, "l2_lambda": 0.008854722105347804, "dropout_rate": 0.1018454367402622, "lr": 0.012146126729948973}