{"out_channels": 64, "kernel_size": 4, "num_blocks": 1, "l2_lambda": 0.005628905480866653, "dropout_rate": 0.13519886648744867, "lr": 0.015524475340170417}