{"out_channels": 25, "kernel_size": 5, "num_blocks": 1, "l2_lambda": 0.007225651658820406, "dropout_rate": 0.44033435208296356, "lr": 0.016427129606017356, "batch_size": 172}