{"out_channels": 80, "kernel_size": 6, "num_blocks": 2, "l2_lambda": 0.009939531793246772, "dropout_rate": 0.2963390611880703, "lr": 0.09803170209845483}