{"out_channels": 91, "kernel_size": 7, "num_blocks": 1, "l2_lambda": 0.008614819365438032, "dropout_rate": 0.2964620827561043, "lr": 0.0939287727956134, "batch_size": 209}