{"out_channels": 108, "kernel_size": 3, "num_blocks": 4, "l2_lambda": 0.0053732879238279855, "dropout_rate": 0.16659387812325868, "lr": 0.03294674921419124}