{"out_channels": 113, "kernel_size": 5, "num_blocks": 3, "l2_lambda": 0.008252003024500467, "dropout_rate": 0.34610689693322216, "lr": 0.044856293002086954}