{"out_channels": 58, "kernel_size": 6, "num_blocks": 3, "l2_lambda": 0.0007884067081105138, "dropout_rate": 0.10405108432042708, "lr": 0.036220881483486095, "batch_size": 137}