{"out_channels": 17, "kernel_size": 6, "num_blocks": 1, "l2_lambda": 0.001957605076097497, "dropout_rate": 0.4106807515407439, "lr": 0.053358624006810004}