{"out_channels": 117, "kernel_size": 3, "num_blocks": 5, "l2_lambda": 0.005634933751705949, "dropout_rate": 0.3437680710913596, "lr": 0.03536979323190382}