{"out_channels": 72, "kernel_size": 6, "num_blocks": 1, "l2_lambda": 0.00780455462183851, "dropout_rate": 0.21062230488876607, "lr": 0.06370664248858299}