{"out_channels": 73, "kernel_size": 7, "num_blocks": 3, "l2_lambda": 0.0006034624119348081, "dropout_rate": 0.39957648162590265, "lr": 0.021067361313215908}