{"out_channels": 79, "kernel_size": 3, "num_blocks": 1, "l2_lambda": 0.003379484356851164, "dropout_rate": 0.4248112758990268, "lr": 0.021746096722852125}