{"out_channels": 22, "kernel_size": 3, "num_blocks": 2, "l2_lambda": 0.0029545970845420684, "dropout_rate": 0.12461861675442583, "lr": 0.015585131704301727}