{"out_channels": 31, "kernel_size": 4, "num_blocks": 5, "l2_lambda": 0.0029975890049158235, "dropout_rate": 0.41608106283273893, "lr": 0.0787798603352781}