{"out_channels": 100, "kernel_size": 5, "num_blocks": 2, "l2_lambda": 0.008283602060996969, "dropout_rate": 0.21764951421480153, "lr": 0.08894511181055376, "batch_size": 37}