{"out_channels": 39, "kernel_size": 7, "num_blocks": 5, "l2_lambda": 0.007004038040507468, "dropout_rate": 0.2417751687623622, "lr": 0.06794564098462967}