{"out_channels": 26, "kernel_size": 6, "num_blocks": 1, "l2_lambda": 0.005893069028944279, "dropout_rate": 0.1498480084733915, "lr": 0.08200532763056226, "batch_size": 202}