{"out_channels": 28, "kernel_size": 6, "num_blocks": 3, "l2_lambda": 0.0038342546086134804, "dropout_rate": 0.304369349980282, "lr": 0.06279836061119601}