{"out_channels": 92, "kernel_size": 3, "num_blocks": 4, "l2_lambda": 0.002676814550123264, "dropout_rate": 0.46240211509343887, "lr": 0.05157279751080943}