{"out_channels": 49, "kernel_size": 3, "num_blocks": 4, "l2_lambda": 0.0018274373827735977, "dropout_rate": 0.15803010481444404, "lr": 0.03301269779332023}