{"out_channels": 121, "kernel_size": 7, "num_blocks": 3, "l2_lambda": 0.009063580936128192, "dropout_rate": 0.17945199153744187, "lr": 0.0714395451068832}