{"out_channels": 62, "kernel_size": 7, "num_blocks": 1, "l2_lambda": 0.009943455219777549, "dropout_rate": 0.1980158942867538, "lr": 0.01676717945544764}