{"out_channels": 33, "kernel_size": 3, "num_blocks": 2, "l2_lambda": 0.004105643154799798, "dropout_rate": 0.3992046479877237, "lr": 0.006395660103202217}