{"out_channels": 47, "kernel_size": 3, "num_blocks": 5, "l2_lambda": 0.00046362795319788015, "dropout_rate": 0.11202687445364923, "lr": 0.02813210203554364}