{"out_channels": 125, "kernel_size": 5, "num_blocks": 1, "l2_lambda": 0.0028279981406929442, "dropout_rate": 0.321298114987303, "lr": 0.02828091737372725}