{"out_channels": 113, "kernel_size": 3, "num_blocks": 1, "l2_lambda": 0.007119477822687327, "dropout_rate": 0.45637075746160904, "lr": 0.08143799861329848}