{"out_channels": 20, "kernel_size": 5, "num_blocks": 3, "l2_lambda": 0.0009074834897887238, "dropout_rate": 0.19365814109883572, "lr": 0.009481626888623789}