{"out_channels": 128, "kernel_size": 7, "num_blocks": 3, "l2_lambda": 0.005921755640578443, "dropout_rate": 0.2817551763532705, "lr": 0.02462232132753224, "batch_size": 115}