{"out_channels": 66, "kernel_size": 3, "num_blocks": 2, "l2_lambda": 0.009071899743349607, "dropout_rate": 0.4523278572848989, "lr": 0.022459730068786633}