{"out_channels": 83, "kernel_size": 7, "num_blocks": 3, "l2_lambda": 0.009424852703738835, "dropout_rate": 0.25777369535612327, "lr": 0.08626331795825552}