{"out_channels": 109, "kernel_size": 5, "num_blocks": 5, "l2_lambda": 0.0043736683408016775, "dropout_rate": 0.3209440779424494, "lr": 0.03511726618591431}