{"out_channels": 89, "kernel_size": 7, "num_blocks": 4, "l2_lambda": 0.0036543147336093643, "dropout_rate": 0.11550230793758876, "lr": 0.09676396698430165}