{"out_channels": 20, "kernel_size": 4, "num_blocks": 1, "l2_lambda": 0.002543989464039485, "dropout_rate": 0.19048879354459727, "lr": 0.09273092539822295}