{"out_channels": 115, "kernel_size": 3, "num_blocks": 2, "l2_lambda": 0.006656326311891816, "dropout_rate": 0.3467037848966009, "lr": 0.017003539174195614, "batch_size": 199}