{"out_channels": 121, "kernel_size": 5, "num_blocks": 1, "l2_lambda": 0.009290178414439052, "dropout_rate": 0.14580312213493182, "lr": 0.036771258480109835, "batch_size": 191}