{"out_channels": 83, "kernel_size": 6, "num_blocks": 1, "l2_lambda": 0.002981720197722325, "dropout_rate": 0.32697740231946915, "lr": 0.09246685918143849}