{"out_channels": 91, "kernel_size": 3, "num_blocks": 3, "l2_lambda": 0.007438592032323976, "dropout_rate": 0.35653578595047475, "lr": 0.07064498119815944}