{"out_channels": 101, "kernel_size": 6, "num_blocks": 2, "l2_lambda": 0.004144791336352654, "dropout_rate": 0.482260454713756, "lr": 0.06407661288314158, "batch_size": 184}