{"out_channels": 88, "kernel_size": 7, "num_blocks": 2, "l2_lambda": 0.004946368834869305, "dropout_rate": 0.24623545593721602, "lr": 0.08783713909960378}