{"out_channels": 82, "kernel_size": 7, "num_blocks": 3, "l2_lambda": 0.005866586291550369, "dropout_rate": 0.23776405691366007, "lr": 0.06030531810465287}