{"out_channels": 114, "kernel_size": 6, "num_blocks": 3, "l2_lambda": 0.0008351957760410396, "dropout_rate": 0.1933831552663691, "lr": 0.05586236211527081, "batch_size": 187}