{"out_channels": 62, "kernel_size": 5, "num_blocks": 4, "l2_lambda": 0.003531018528313408, "dropout_rate": 0.3603478338476537, "lr": 0.08084348895636463}