{"out_channels": 68, "kernel_size": 6, "num_blocks": 2, "l2_lambda": 0.0020559509230807624, "dropout_rate": 0.30980914819911887, "lr": 0.08410356536535227}