{"out_channels": 64, "kernel_size": 7, "num_blocks": 3, "l2_lambda": 0.006072944878324995, "dropout_rate": 0.2481487201613018, "lr": 0.07189893395948392, "batch_size": 211}