{"out_channels": 109, "kernel_size": 3, "num_blocks": 1, "l2_lambda": 0.006733113729082261, "dropout_rate": 0.18743024358142812, "lr": 0.02140608808529728, "batch_size": 115}