{"out_channels": 99, "kernel_size": 7, "num_blocks": 2, "l2_lambda": 0.0071013486853995595, "dropout_rate": 0.4223250216991711, "lr": 0.04137685255273384, "batch_size": 125}