{"out_channels": 87, "kernel_size": 4, "num_blocks": 2, "l2_lambda": 0.008508155946671075, "dropout_rate": 0.4073422729607711, "lr": 0.06981206306819374, "batch_size": 97}