{"out_channels": 46, "kernel_size": 5, "num_blocks": 1, "l2_lambda": 0.0030464304717095097, "dropout_rate": 0.307474103431186, "lr": 0.08017278617634091}