{"out_channels": 78, "kernel_size": 4, "num_blocks": 5, "l2_lambda": 0.0033283569767437607, "dropout_rate": 0.48857212091677127, "lr": 0.004311375172433061}