{"out_channels": 63, "kernel_size": 7, "num_blocks": 3, "l2_lambda": 0.007670074440045447, "dropout_rate": 0.18706784406388857, "lr": 0.0061100064542572285}