{"out_channels": 84, "kernel_size": 6, "num_blocks": 1, "l2_lambda": 0.0025597258897348536, "dropout_rate": 0.2726033388801187, "lr": 0.00173484073230544}