{"out_channels": 116, "kernel_size": 4, "num_blocks": 3, "l2_lambda": 0.00972862339556533, "dropout_rate": 0.40459359004941975, "lr": 0.03312059786445445, "batch_size": 55}