{"out_channels": 125, "kernel_size": 5, "num_blocks": 5, "l2_lambda": 0.007758956313716655, "dropout_rate": 0.4627947947758969, "lr": 0.015405683830472418}