{"out_channels": 80, "kernel_size": 5, "num_blocks": 2, "l2_lambda": 0.0067186931659528725, "dropout_rate": 0.45440433472424313, "lr": 0.06714575640292668}