{"out_channels": 51, "kernel_size": 3, "num_blocks": 3, "l2_lambda": 0.005909526318667626, "dropout_rate": 0.189649624514112, "lr": 0.05762214095869999, "batch_size": 203}