{"out_channels": 33, "kernel_size": 6, "num_blocks": 3, "l2_lambda": 0.0007008673933292088, "dropout_rate": 0.4747961516155811, "lr": 0.03383992903421743}