{"out_channels": 51, "kernel_size": 6, "num_blocks": 2, "l2_lambda": 0.003212199281123055, "dropout_rate": 0.34998519341651846, "lr": 0.07105108096618255, "batch_size": 211}