{"out_channels": 59, "kernel_size": 4, "num_blocks": 2, "l2_lambda": 0.0031116940662364034, "dropout_rate": 0.13682689913626206, "lr": 0.07589434916450802, "batch_size": 197}