{"out_channels": 88, "kernel_size": 5, "num_blocks": 2, "l2_lambda": 0.006101607073124155, "dropout_rate": 0.10097427039045362, "lr": 0.07829724682181372}