{"out_channels": 16, "kernel_size": 4, "num_blocks": 3, "l2_lambda": 0.003966876984654433, "dropout_rate": 0.285053376641521, "lr": 0.03660863730759753}