{"out_channels": 84, "kernel_size": 6, "num_blocks": 2, "l2_lambda": 0.000771261604841733, "dropout_rate": 0.11833298443039948, "lr": 0.003950467730544199}