{"out_channels": 37, "kernel_size": 4, "num_blocks": 1, "l2_lambda": 0.004441577649715704, "dropout_rate": 0.21944729120758885, "lr": 0.007142987049960187, "batch_size": 35}