{"out_channels": 21, "kernel_size": 3, "num_blocks": 2, "l2_lambda": 0.009522961609939897, "dropout_rate": 0.2607146071808528, "lr": 0.005959259425473987}