{"out_channels": 56, "kernel_size": 6, "num_blocks": 3, "l2_lambda": 0.00014497991331699196, "dropout_rate": 0.3147916619345482, "lr": 0.04731928539522847}