{"out_channels": 37, "kernel_size": 6, "num_blocks": 1, "l2_lambda": 0.0021791404867578137, "dropout_rate": 0.26481052041995423, "lr": 0.012957879263888536}