{"out_channels": 48, "kernel_size": 5, "num_blocks": 3, "l2_lambda": 0.004157964851108781, "dropout_rate": 0.1073048985116027, "lr": 0.016126635045498897}