{"out_channels": 49, "kernel_size": 6, "num_blocks": 2, "l2_lambda": 0.00774104831027149, "dropout_rate": 0.40567204223577336, "lr": 0.05918327552293794, "batch_size": 17}