{"out_channels": 83, "kernel_size": 3, "num_blocks": 1, "l2_lambda": 0.0033547228535273955, "dropout_rate": 0.3172128085934156, "lr": 0.033541012440138636, "batch_size": 78}