{"out_channels": 82, "kernel_size": 3, "num_blocks": 3, "l2_lambda": 0.007783748077685804, "dropout_rate": 0.3311756702197406, "lr": 0.03044794151047713}