{"out_channels": 45, "kernel_size": 3, "num_blocks": 3, "l2_lambda": 0.00038664315072147587, "dropout_rate": 0.4679636006517699, "lr": 0.08274338644069709, "batch_size": 143}