{"out_channels": 111, "kernel_size": 5, "num_blocks": 3, "l2_lambda": 8.840061048623115e-05, "dropout_rate": 0.26495514757387945, "lr": 0.03943296707829496}