{"out_channels": 43, "kernel_size": 4, "num_blocks": 1, "l2_lambda": 0.005825554256124841, "dropout_rate": 0.22882598513036634, "lr": 0.029357643951942344}