{"out_channels": 69, "kernel_size": 5, "num_blocks": 4, "l2_lambda": 0.0007254333884182616, "dropout_rate": 0.4673332727870019, "lr": 0.013008801319204278}