{"out_channels": 105, "kernel_size": 7, "num_blocks": 2, "l2_lambda": 0.006610600850226244, "dropout_rate": 0.3962499863309705, "lr": 0.07248302471059599, "batch_size": 212}