{"out_channels": 64, "kernel_size": 3, "num_blocks": 3, "l2_lambda": 0.0019351082977555252, "dropout_rate": 0.14613297596113006, "lr": 0.027770505456728347}