{"out_channels": 40, "kernel_size": 5, "num_blocks": 3, "l2_lambda": 0.003934763048609083, "dropout_rate": 0.2540684476463243, "lr": 0.00979610907413717}