{"out_channels": 99, "kernel_size": 7, "num_blocks": 4, "l2_lambda": 0.0005659049143470894, "dropout_rate": 0.2753863044671492, "lr": 0.04507275582763855}