{"out_channels": 101, "kernel_size": 5, "num_blocks": 3, "l2_lambda": 0.001968668870317553, "dropout_rate": 0.2631621193985112, "lr": 0.0614826655304598, "batch_size": 118}