{"out_channels": 39, "kernel_size": 7, "num_blocks": 4, "l2_lambda": 0.000409380725997897, "dropout_rate": 0.11109669647227692, "lr": 0.06499701247908231}