{"out_channels": 75, "kernel_size": 3, "num_blocks": 4, "l2_lambda": 0.0016147640099111917, "dropout_rate": 0.2962030313545934, "lr": 0.0641834767796788}