{"out_channels": 99, "kernel_size": 3, "num_blocks": 4, "l2_lambda": 0.0047859324240900804, "dropout_rate": 0.3533493920017624, "lr": 0.04063327602022839}