{"out_channels": 22, "kernel_size": 4, "num_blocks": 2, "l2_lambda": 0.003369439798384512, "dropout_rate": 0.22676743898879567, "lr": 0.08594882809618909}