{"out_channels": 111, "kernel_size": 7, "num_blocks": 3, "l2_lambda": 0.004115693949226157, "dropout_rate": 0.24296267939953178, "lr": 0.023442185968439486}