{"out_channels": 52, "kernel_size": 5, "num_blocks": 5, "l2_lambda": 0.0006038606596256051, "dropout_rate": 0.11234369804919951, "lr": 0.014504195603826197}