{"out_channels": 86, "kernel_size": 5, "num_blocks": 1, "l2_lambda": 0.005600206731500338, "dropout_rate": 0.2066978756949751, "lr": 0.07144462360368348, "batch_size": 239}