{"out_channels": 41, "kernel_size": 4, "num_blocks": 3, "l2_lambda": 0.0073787654822369325, "dropout_rate": 0.3255469634305507, "lr": 0.06206176329312469}