{"out_channels": 111, "kernel_size": 3, "num_blocks": 1, "l2_lambda": 0.00929060617052672, "dropout_rate": 0.45268621161703027, "lr": 0.01505676363329128}