{"out_channels": 31, "kernel_size": 7, "num_blocks": 3, "l2_lambda": 0.00033372947564384766, "dropout_rate": 0.4927549333862532, "lr": 0.035833550024495724}