{"out_channels": 71, "kernel_size": 3, "num_blocks": 1, "l2_lambda": 0.0023323278792537275, "dropout_rate": 0.12820113091069685, "lr": 0.00800150138861333, "batch_size": 217}