{"out_channels": 105, "kernel_size": 6, "num_blocks": 3, "l2_lambda": 0.007684969899224467, "dropout_rate": 0.29302020860996714, "lr": 0.033263563625686374}