{"out_channels": 32, "kernel_size": 7, "num_blocks": 3, "l2_lambda": 0.00276236658378651, "dropout_rate": 0.3524020242374105, "lr": 0.022144753150969386, "batch_size": 162}