{"out_channels": 72, "kernel_size": 3, "num_blocks": 5, "l2_lambda": 0.0027400187402478763, "dropout_rate": 0.44473680837968776, "lr": 0.0974037079527126}