{"out_channels": 21, "kernel_size": 5, "num_blocks": 4, "l2_lambda": 0.006740591565040462, "dropout_rate": 0.158304727450135, "lr": 0.05277907220342952}