{"out_channels": 126, "kernel_size": 4, "num_blocks": 5, "l2_lambda": 0.00418060781541116, "dropout_rate": 0.1664499997607884, "lr": 0.05501442203441323}