{"out_channels": 43, "kernel_size": 3, "num_blocks": 3, "l2_lambda": 0.006888206276624444, "dropout_rate": 0.36168951530894267, "lr": 0.07491630790578911, "batch_size": 83}