{"out_channels": 87, "kernel_size": 3, "num_blocks": 3, "l2_lambda": 0.006023580060431436, "dropout_rate": 0.46861637562283665, "lr": 0.032844118263920224}