{"out_channels": 39, "kernel_size": 4, "num_blocks": 1, "l2_lambda": 0.0010331475501596447, "dropout_rate": 0.3299127695701359, "lr": 0.08102831101596146, "batch_size": 203}