{"out_channels": 98, "kernel_size": 5, "num_blocks": 2, "l2_lambda": 0.006900751726159304, "dropout_rate": 0.16488392371997831, "lr": 0.08673434278586732}