{"out_channels": 18, "kernel_size": 7, "num_blocks": 2, "l2_lambda": 0.006727317294563749, "dropout_rate": 0.17644023125976954, "lr": 0.04271481395891528}