{"out_channels": 81, "kernel_size": 6, "num_blocks": 2, "l2_lambda": 0.00894649784418862, "dropout_rate": 0.31009382909549954, "lr": 0.012007074592720442}