{"out_channels": 40, "kernel_size": 6, "num_blocks": 2, "l2_lambda": 6.937153181619012e-05, "dropout_rate": 0.18626124581340703, "lr": 0.08086041681757965, "batch_size": 37}