{"out_channels": 81, "kernel_size": 7, "num_blocks": 3, "l2_lambda": 0.0010158492867928424, "dropout_rate": 0.41308627574326984, "lr": 0.02802601264395638, "batch_size": 144}