{"out_channels": 110, "kernel_size": 4, "num_blocks": 3, "l2_lambda": 0.004903114770173733, "dropout_rate": 0.37753878626337667, "lr": 0.013382564883042718}