{"out_channels": 63, "kernel_size": 7, "num_blocks": 2, "l2_lambda": 0.005102235045674447, "dropout_rate": 0.3683210705981954, "lr": 0.07637208692829274, "batch_size": 42}