{"out_channels": 18, "kernel_size": 6, "num_blocks": 2, "l2_lambda": 0.006445434111560471, "dropout_rate": 0.16306556613010642, "lr": 0.03614976124988541}