{"out_channels": 106, "kernel_size": 6, "num_blocks": 4, "l2_lambda": 0.004313325556544293, "dropout_rate": 0.3492964950662456, "lr": 0.040877670164879816}