{"out_channels": 81, "kernel_size": 7, "num_blocks": 3, "l2_lambda": 0.000503751980845248, "dropout_rate": 0.16934509701545242, "lr": 0.09664271044618687, "batch_size": 153}