{"out_channels": 108, "kernel_size": 5, "num_blocks": 3, "l2_lambda": 0.008174385210289336, "dropout_rate": 0.4201290692479025, "lr": 0.05653143106310096}