{"out_channels": 47, "kernel_size": 7, "num_blocks": 2, "l2_lambda": 0.008038982079969502, "dropout_rate": 0.3047362598193767, "lr": 0.08739715367131233}