{"out_channels": 40, "kernel_size": 7, "num_blocks": 1, "l2_lambda": 0.008245479540013919, "dropout_rate": 0.42368491122598095, "lr": 0.02377888482504532}