{"out_channels": 36, "kernel_size": 6, "num_blocks": 3, "l2_lambda": 9.973470793953062e-05, "dropout_rate": 0.20473969349503604, "lr": 0.08237383032582957}