{"out_channels": 44, "kernel_size": 6, "num_blocks": 1, "l2_lambda": 0.005461719985342147, "dropout_rate": 0.11920956010639881, "lr": 0.05664697109688399, "batch_size": 201}