{"out_channels": 47, "kernel_size": 3, "num_blocks": 3, "l2_lambda": 0.005859182742652111, "dropout_rate": 0.24342341611071397, "lr": 0.08826713749018826}