{"out_channels": 95, "kernel_size": 7, "num_blocks": 3, "l2_lambda": 0.005484630400316924, "dropout_rate": 0.2559263465256497, "lr": 0.027457166434687496}