{"out_channels": 43, "kernel_size": 5, "num_blocks": 2, "l2_lambda": 0.004386540231176248, "dropout_rate": 0.33787410395381, "lr": 0.006853269651696343}