{"out_channels": 34, "kernel_size": 5, "num_blocks": 1, "l2_lambda": 0.008146794326627444, "dropout_rate": 0.3349514224734287, "lr": 0.013634536185055605, "batch_size": 41}