{"out_channels": 112, "kernel_size": 7, "num_blocks": 1, "l2_lambda": 0.0023303041381364043, "dropout_rate": 0.22103868696745638, "lr": 0.06933704187149461, "batch_size": 223}