{"out_channels": 38, "kernel_size": 3, "num_blocks": 1, "l2_lambda": 0.0029576235490791853, "dropout_rate": 0.22293454500874815, "lr": 0.004485735385901574}