{"out_channels": 79, "kernel_size": 6, "num_blocks": 4, "l2_lambda": 0.00685167584111687, "dropout_rate": 0.4567382204031254, "lr": 0.09425309859576511}