{"out_channels": 23, "kernel_size": 7, "num_blocks": 1, "l2_lambda": 0.009035947421959935, "dropout_rate": 0.25405535540345153, "lr": 0.05206475084482738}