{"out_channels": 123, "kernel_size": 3, "num_blocks": 2, "l2_lambda": 0.0011054727484547443, "dropout_rate": 0.26665765097287986, "lr": 0.06233626762768471}