{"out_channels": 69, "kernel_size": 3, "num_blocks": 3, "l2_lambda": 0.0012498337592828296, "dropout_rate": 0.33977967052170854, "lr": 0.08771564827024789}