{"out_channels": 73, "kernel_size": 5, "num_blocks": 3, "l2_lambda": 0.005078984925287338, "dropout_rate": 0.3715682905506814, "lr": 0.05674879184037437}