{"out_channels": 79, "kernel_size": 7, "num_blocks": 3, "l2_lambda": 0.002059273819739574, "dropout_rate": 0.16198034116707208, "lr": 0.04481010792298701, "batch_size": 218}