{"out_channels": 28, "kernel_size": 7, "num_blocks": 2, "l2_lambda": 0.006077850111734987, "dropout_rate": 0.28462379419590744, "lr": 0.07885615922287152}