{"out_channels": 90, "kernel_size": 3, "num_blocks": 2, "l2_lambda": 0.007418313428011824, "dropout_rate": 0.49101192205943844, "lr": 0.09736096209909441, "batch_size": 229}