{"out_channels": 88, "kernel_size": 4, "num_blocks": 2, "l2_lambda": 0.007607219801148196, "dropout_rate": 0.30734286188408644, "lr": 0.004430781663704886}