{"out_channels": 116, "kernel_size": 5, "num_blocks": 3, "l2_lambda": 0.007358189687162337, "dropout_rate": 0.20679604214354172, "lr": 0.06742989756178402, "batch_size": 208}