{"out_channels": 32, "kernel_size": 7, "num_blocks": 5, "l2_lambda": 0.0074037869365426055, "dropout_rate": 0.25926104003109884, "lr": 0.07102904203198902}