{"out_channels": 34, "kernel_size": 3, "num_blocks": 3, "l2_lambda": 0.005291983679410694, "dropout_rate": 0.4679764428620632, "lr": 0.05369992065890725}