{"out_channels": 66, "kernel_size": 7, "num_blocks": 4, "l2_lambda": 0.002485560912480362, "dropout_rate": 0.16332145005601478, "lr": 0.01370289735638079}