{"out_channels": 99, "kernel_size": 7, "num_blocks": 2, "l2_lambda": 0.008762381992491358, "dropout_rate": 0.349298101777723, "lr": 0.07253292679594832}