{"out_channels": 44, "kernel_size": 5, "num_blocks": 2, "l2_lambda": 0.0003441688609816634, "dropout_rate": 0.3932416993027167, "lr": 0.0161715939136103, "batch_size": 97}