{"out_channels": 73, "kernel_size": 5, "num_blocks": 1, "l2_lambda": 0.007579820967473607, "dropout_rate": 0.40856503510558395, "lr": 0.04452211313848903}