{"out_channels": 106, "kernel_size": 6, "num_blocks": 3, "l2_lambda": 0.0064427821931900085, "dropout_rate": 0.25764302425674046, "lr": 0.07984223310084396, "batch_size": 95}