{"out_channels": 122, "kernel_size": 7, "num_blocks": 5, "l2_lambda": 0.0003741200334649131, "dropout_rate": 0.31749627501444067, "lr": 0.056052682938505946}