{"out_channels": 66, "kernel_size": 5, "num_blocks": 5, "l2_lambda": 0.003277748730010218, "dropout_rate": 0.4564312368577206, "lr": 0.09942675160319357}