{"out_channels": 30, "kernel_size": 6, "num_blocks": 2, "l2_lambda": 0.00221424888971743, "dropout_rate": 0.19669890491895653, "lr": 0.01037409010682122}