{"out_channels": 59, "kernel_size": 5, "num_blocks": 3, "l2_lambda": 0.0033577927996418133, "dropout_rate": 0.37709443124364717, "lr": 0.04975537465299368, "batch_size": 33}