{"out_channels": 68, "kernel_size": 3, "num_blocks": 1, "l2_lambda": 0.0054056932491762, "dropout_rate": 0.21103521777066112, "lr": 0.05179651569382668}