{"out_channels": 32, "kernel_size": 6, "num_blocks": 1, "l2_lambda": 0.00671572224136088, "dropout_rate": 0.1318238320193099, "lr": 0.018194134827502186}