{"out_channels": 27, "kernel_size": 7, "num_blocks": 2, "l2_lambda": 0.0023911456292132318, "dropout_rate": 0.19309076495347297, "lr": 0.09951674124682258}