{"out_channels": 128, "kernel_size": 5, "num_blocks": 1, "l2_lambda": 0.0007154373455531426, "dropout_rate": 0.16006244051579654, "lr": 0.08186562218555389}