{"out_channels": 113, "kernel_size": 4, "num_blocks": 1, "l2_lambda": 0.002936433366747038, "dropout_rate": 0.17901785693066846, "lr": 0.0036534959496654423}