{"out_channels": 73, "kernel_size": 5, "num_blocks": 1, "l2_lambda": 0.008570371732538837, "dropout_rate": 0.21042648591589083, "lr": 0.08805382651188162}