{"out_channels": 102, "kernel_size": 4, "num_blocks": 5, "l2_lambda": 0.007249885147745258, "dropout_rate": 0.4647020281374691, "lr": 0.08759424690293188}