{"out_channels": 36, "kernel_size": 5, "num_blocks": 4, "l2_lambda": 0.0008923450257371152, "dropout_rate": 0.49126538999672287, "lr": 0.0673724997043204}