{"out_channels": 43, "kernel_size": 5, "num_blocks": 1, "l2_lambda": 0.00797323305963362, "dropout_rate": 0.37069360701545084, "lr": 0.058671113335091764, "batch_size": 116}