{"out_channels": 110, "kernel_size": 7, "num_blocks": 2, "l2_lambda": 0.008654026682849902, "dropout_rate": 0.11429506366218067, "lr": 0.0434404506071132}