{"out_channels": 81, "kernel_size": 4, "num_blocks": 1, "l2_lambda": 0.0007059140067482905, "dropout_rate": 0.1028050755498684, "lr": 0.005084201793412916}