{"out_channels": 118, "kernel_size": 4, "num_blocks": 5, "l2_lambda": 0.0034436592018486267, "dropout_rate": 0.26535719290576504, "lr": 0.024480229492114047}