{"out_channels": 44, "kernel_size": 5, "num_blocks": 3, "l2_lambda": 0.00012491483102121447, "dropout_rate": 0.34016876157771925, "lr": 0.0032193451684473123}