{"out_channels": 79, "kernel_size": 7, "num_blocks": 3, "l2_lambda": 0.008371007734300176, "dropout_rate": 0.18910057763776936, "lr": 0.09424098248751626}