{"out_channels": 30, "kernel_size": 3, "num_blocks": 3, "l2_lambda": 0.008873467948218309, "dropout_rate": 0.49650441334541817, "lr": 0.047670249871342836, "batch_size": 140}