{"out_channels": 70, "kernel_size": 6, "num_blocks": 1, "l2_lambda": 0.003275189100974558, "dropout_rate": 0.1160795653355487, "lr": 0.0777024929783914}