{"out_channels": 40, "kernel_size": 7, "num_blocks": 3, "l2_lambda": 0.001971323400939571, "dropout_rate": 0.33053017290733155, "lr": 0.022949276304095236}