{"out_channels": 51, "kernel_size": 4, "num_blocks": 1, "l2_lambda": 0.009195559776161056, "dropout_rate": 0.38330060759491313, "lr": 0.06410915175021328}