{"out_channels": 53, "kernel_size": 4, "num_blocks": 2, "l2_lambda": 0.00755783192309341, "dropout_rate": 0.12628695038797544, "lr": 0.0245833754895083}