{"out_channels": 116, "kernel_size": 7, "num_blocks": 2, "l2_lambda": 0.007573626972813578, "dropout_rate": 0.28605574089327035, "lr": 0.09399439129750108}