{"out_channels": 83, "kernel_size": 6, "num_blocks": 3, "l2_lambda": 0.004636915187834074, "dropout_rate": 0.32948966170381444, "lr": 0.038828477146886704}