{"out_channels": 45, "kernel_size": 4, "num_blocks": 5, "l2_lambda": 0.0025521900186290273, "dropout_rate": 0.3160946947955808, "lr": 0.059030439225387754}