{"out_channels": 112, "kernel_size": 5, "num_blocks": 3, "l2_lambda": 0.002957295900702327, "dropout_rate": 0.15256888826443582, "lr": 0.001892286493173879, "batch_size": 30}