{"out_channels": 128, "kernel_size": 7, "num_blocks": 2, "l2_lambda": 0.0076666346226079915, "dropout_rate": 0.1974037175275561, "lr": 0.022282044903766535}