{"out_channels": 48, "kernel_size": 7, "num_blocks": 1, "l2_lambda": 0.0026723233781550354, "dropout_rate": 0.4197834857609215, "lr": 0.05098009473340156}