{"out_channels": 23, "kernel_size": 5, "num_blocks": 1, "l2_lambda": 0.008405546580096273, "dropout_rate": 0.21648445750785564, "lr": 0.01803900300767361, "batch_size": 64}