{"out_channels": 26, "kernel_size": 4, "num_blocks": 3, "l2_lambda": 0.00586157766882505, "dropout_rate": 0.2898019835237877, "lr": 0.04648880327591514}