{"out_channels": 90, "kernel_size": 3, "num_blocks": 3, "l2_lambda": 0.007978278427321215, "dropout_rate": 0.22755316140224566, "lr": 0.030636739097806124}