{"out_channels": 89, "kernel_size": 4, "num_blocks": 2, "l2_lambda": 0.003762225707379996, "dropout_rate": 0.35812274722675186, "lr": 0.03312391508436018}