{"out_channels": 86, "kernel_size": 5, "num_blocks": 1, "l2_lambda": 0.00013166450959202, "dropout_rate": 0.4732451707645, "lr": 0.0036635902443131725}