{"out_channels": 38, "kernel_size": 7, "num_blocks": 2, "l2_lambda": 0.0017011135694469713, "dropout_rate": 0.4519356457080569, "lr": 0.09748158946585983}