{"out_channels": 69, "kernel_size": 4, "num_blocks": 3, "l2_lambda": 0.0009638737642318312, "dropout_rate": 0.28086386768230454, "lr": 0.07337158575907919}