{"out_channels": 27, "kernel_size": 3, "num_blocks": 3, "l2_lambda": 0.0005268395231807201, "dropout_rate": 0.42713460760954647, "lr": 0.05091474214548247}