{"out_channels": 19, "kernel_size": 7, "num_blocks": 3, "l2_lambda": 0.004258488523129629, "dropout_rate": 0.31604838426547693, "lr": 0.040753148986219866}