{"out_channels": 100, "kernel_size": 6, "num_blocks": 1, "l2_lambda": 0.0031604842740491318, "dropout_rate": 0.14001429118050984, "lr": 0.03807155398230651}