{"out_channels": 99, "kernel_size": 4, "num_blocks": 3, "l2_lambda": 0.0028748829890147013, "dropout_rate": 0.4520014915199231, "lr": 0.015339578223612411, "batch_size": 79}