{"out_channels": 108, "kernel_size": 4, "num_blocks": 3, "l2_lambda": 0.00826343503251485, "dropout_rate": 0.11211759397340791, "lr": 0.02512178574731939}