{"out_channels": 75, "kernel_size": 7, "num_blocks": 1, "l2_lambda": 0.00800523174115196, "dropout_rate": 0.49169618591947917, "lr": 0.003984072261347664}