{"out_channels": 94, "kernel_size": 7, "num_blocks": 1, "l2_lambda": 0.0005688581690772534, "dropout_rate": 0.4342724889700653, "lr": 0.0488372198851727, "batch_size": 208}