{"out_channels": 17, "kernel_size": 7, "num_blocks": 1, "l2_lambda": 0.009465470546528066, "dropout_rate": 0.4974371377113105, "lr": 0.07647173419537995, "batch_size": 255}