{"out_channels": 31, "kernel_size": 7, "num_blocks": 2, "l2_lambda": 0.00828093902208901, "dropout_rate": 0.3242229664016566, "lr": 0.04261374626850377}