{"out_channels": 17, "kernel_size": 5, "num_blocks": 1, "l2_lambda": 0.009927140984109567, "dropout_rate": 0.3081854005842446, "lr": 0.06454687620864133}