{"out_channels": 110, "kernel_size": 5, "num_blocks": 3, "lstm_hidden_size": 111, "l2_lambda": 0.005524393392182245, "dropout_rate": 0.34297950124206344, "lr": 0.01156022164784181}