{"out_channels": 34, "kernel_size": 3, "num_blocks": 1, "lstm_hidden_size": 86, "l2_lambda": 0.002573174858048126, "dropout_rate": 0.35626995413826457, "lr": 0.011286670087680853}