{"out_channels": 48, "kernel_size": 6, "num_blocks": 5, "lstm_hidden_size": 36, "l2_lambda": 0.003190341075153383, "dropout_rate": 0.3442897057537041, "lr": 0.028393226983658128}