{"out_channels": 85, "kernel_size": 3, "num_blocks": 3, "lstm_hidden_size": 73, "l2_lambda": 0.002868012927792337, "dropout_rate": 0.14934549134012262, "lr": 0.037676615753063546}