{"out_channels": 93, "kernel_size": 5, "num_blocks": 1, "lstm_hidden_size": 81, "l2_lambda": 0.008783978046315945, "dropout_rate": 0.17205629287485735, "lr": 0.07336428060798}