{"out_channels": 105, "kernel_size": 7, "num_blocks": 1, "lstm_hidden_size": 99, "l2_lambda": 0.009092577931050463, "dropout_rate": 0.21883718188462573, "lr": 0.04428112586465691, "batch_size": 36}