{"out_channels": 81, "kernel_size": 7, "num_blocks": 1, "lstm_hidden_size": 94, "l2_lambda": 0.006629246737097835, "dropout_rate": 0.27356113411408134, "lr": 0.09281071009911336, "batch_size": 140}