{"out_channels": 100, "kernel_size": 6, "num_blocks": 3, "lstm_hidden_size": 110, "l2_lambda": 0.00917377354702852, "dropout_rate": 0.16311468995541295, "lr": 0.034427521514283535}