{"out_channels": 62, "kernel_size": 6, "num_blocks": 3, "lstm_hidden_size": 101, "l2_lambda": 0.0011800368825390644, "dropout_rate": 0.16438198588973824, "lr": 0.047974722071619326, "batch_size": 207}