{"out_channels": 101, "kernel_size": 5, "num_blocks": 1, "lstm_hidden_size": 126, "l2_lambda": 0.0014951363101420496, "dropout_rate": 0.3367882028791075, "lr": 0.023073250695462268, "batch_size": 219}