{"out_channels": 83, "kernel_size": 6, "num_blocks": 1, "lstm_hidden_size": 104, "l2_lambda": 0.0035476788595451315, "dropout_rate": 0.30267258267469443, "lr": 0.010755778012191583, "batch_size": 97}