{"out_channels": 62, "kernel_size": 5, "num_blocks": 1, "lstm_hidden_size": 115, "l2_lambda": 0.0005630821883766203, "dropout_rate": 0.31983798678979936, "lr": 0.045975999230619784, "batch_size": 206}