{"out_channels": 99, "kernel_size": 3, "num_blocks": 2, "lstm_hidden_size": 76, "l2_lambda": 0.009285074666093853, "dropout_rate": 0.2669490968455131, "lr": 0.08730997478943929}