{"out_channels": 112, "kernel_size": 7, "num_blocks": 1, "lstm_hidden_size": 76, "l2_lambda": 0.008122315837192397, "dropout_rate": 0.41796375635484573, "lr": 0.0056961334608117324}