{"out_channels": 107, "kernel_size": 5, "num_blocks": 5, "lstm_hidden_size": 128, "l2_lambda": 0.00516011982752197, "dropout_rate": 0.19148638010418037, "lr": 0.00812696008023179}