{"out_channels": 96, "kernel_size": 6, "num_blocks": 2, "lstm_hidden_size": 70, "l2_lambda": 0.003279399504097637, "dropout_rate": 0.4743021023906352, "lr": 0.03241351317937689}