{"out_channels": 21, "kernel_size": 4, "num_blocks": 5, "lstm_hidden_size": 121, "l2_lambda": 0.007234308505940972, "dropout_rate": 0.1961492076715041, "lr": 0.038161508316373334}