{"out_channels": 70, "kernel_size": 7, "num_blocks": 2, "lstm_hidden_size": 116, "l2_lambda": 0.005386918119260752, "dropout_rate": 0.3282013949941625, "lr": 0.034489483372550346, "batch_size": 232}