{"out_channels": 121, "kernel_size": 4, "num_blocks": 2, "lstm_hidden_size": 51, "l2_lambda": 0.003361681696347992, "dropout_rate": 0.15309694814845512, "lr": 0.08606473829991883, "batch_size": 50}