{"out_channels": 113, "kernel_size": 7, "num_blocks": 5, "lstm_hidden_size": 81, "l2_lambda": 0.009237705757781095, "dropout_rate": 0.32398050060498296, "lr": 0.07243151979532515}