{"out_channels": 111, "kernel_size": 6, "num_blocks": 1, "lstm_hidden_size": 53, "l2_lambda": 6.923516235112995e-05, "dropout_rate": 0.1299236568520979, "lr": 0.09015247885792488, "batch_size": 41}