{"out_channels": 76, "kernel_size": 4, "num_blocks": 3, "lstm_hidden_size": 91, "l2_lambda": 0.004286068122989478, "dropout_rate": 0.18193393049132092, "lr": 0.023524189304987904}