{"out_channels": 77, "kernel_size": 7, "num_blocks": 2, "lstm_hidden_size": 55, "l2_lambda": 0.005197709764921726, "dropout_rate": 0.3603975769725002, "lr": 0.025286155295661483}