{"out_channels": 23, "kernel_size": 5, "num_blocks": 3, "lstm_hidden_size": 93, "l2_lambda": 0.004644226854125577, "dropout_rate": 0.4004493518947514, "lr": 0.09013855811583323}