{"out_channels": 103, "kernel_size": 5, "num_blocks": 3, "lstm_hidden_size": 68, "l2_lambda": 0.005351306478332708, "dropout_rate": 0.32624940361313565, "lr": 0.07935470416350089, "batch_size": 243}