{"out_channels": 73, "kernel_size": 7, "num_blocks": 1, "lstm_hidden_size": 76, "l2_lambda": 0.0027568537129744834, "dropout_rate": 0.1431345336293407, "lr": 0.029724805712796277}