{"out_channels": 51, "kernel_size": 5, "num_blocks": 5, "lstm_hidden_size": 33, "l2_lambda": 0.002144450344465428, "dropout_rate": 0.2372129646548983, "lr": 0.01687330177288946}