{"out_channels": 83, "kernel_size": 6, "num_blocks": 3, "lstm_hidden_size": 75, "l2_lambda": 0.007815721367123909, "dropout_rate": 0.14692123590492542, "lr": 0.021980835554622803, "batch_size": 220}