{"out_channels": 94, "kernel_size": 4, "num_blocks": 3, "lstm_hidden_size": 116, "l2_lambda": 0.0006464192679225807, "dropout_rate": 0.4439220596664635, "lr": 0.042374845024745145}