{"out_channels": 20, "kernel_size": 5, "num_blocks": 2, "lstm_hidden_size": 94, "l2_lambda": 0.00015866096418725809, "dropout_rate": 0.1246449259954678, "lr": 0.04752622417000056}