{"out_channels": 65, "kernel_size": 3, "num_blocks": 4, "lstm_hidden_size": 63, "l2_lambda": 0.003273532705563481, "dropout_rate": 0.42233934402450446, "lr": 0.08902588060077236}