{"out_channels": 77, "kernel_size": 6, "num_blocks": 2, "lstm_hidden_size": 95, "l2_lambda": 0.008346756559693313, "dropout_rate": 0.404202528128086, "lr": 0.0733669422992762, "batch_size": 28}