{"out_channels": 58, "kernel_size": 4, "num_blocks": 1, "lstm_hidden_size": 69, "l2_lambda": 0.002655189596408698, "dropout_rate": 0.1790761596521341, "lr": 0.09811614838418162, "batch_size": 173}