{"out_channels": 99, "kernel_size": 6, "num_blocks": 1, "lstm_hidden_size": 118, "l2_lambda": 0.003234333246672019, "dropout_rate": 0.14167272176278606, "lr": 0.050436554693559454, "batch_size": 154}