{"out_channels": 103, "kernel_size": 6, "num_blocks": 3, "lstm_hidden_size": 42, "l2_lambda": 0.0007853150670481571, "dropout_rate": 0.4110802808623233, "lr": 0.029286378218035078, "batch_size": 49}