{"out_channels": 33, "kernel_size": 6, "num_blocks": 2, "lstm_hidden_size": 52, "l2_lambda": 0.008376153677483079, "dropout_rate": 0.28650668254003275, "lr": 0.054844305478702324, "batch_size": 255}