{"out_channels": 94, "kernel_size": 4, "num_blocks": 2, "lstm_hidden_size": 65, "l2_lambda": 0.008705048994330526, "dropout_rate": 0.30692986418192936, "lr": 0.04477188111582879, "batch_size": 248}