{"out_channels": 41, "kernel_size": 7, "num_blocks": 5, "lstm_hidden_size": 114, "l2_lambda": 0.004438965286839269, "dropout_rate": 0.17513173352260758, "lr": 0.09889845137103424}