{"out_channels": 127, "kernel_size": 4, "num_blocks": 3, "lstm_hidden_size": 97, "l2_lambda": 0.00046978129982243127, "dropout_rate": 0.1395766662705562, "lr": 0.06860044301933398, "batch_size": 170}