{"out_channels": 66, "kernel_size": 4, "num_blocks": 2, "lstm_hidden_size": 47, "l2_lambda": 0.00021239813030570607, "dropout_rate": 0.43590642490835463, "lr": 0.04749683949990068}