{"out_channels": 31, "kernel_size": 7, "num_blocks": 2, "lstm_hidden_size": 60, "l2_lambda": 0.001177140471869956, "dropout_rate": 0.34167638592210015, "lr": 0.08387638377771399, "batch_size": 227}