{"out_channels": 118, "kernel_size": 5, "num_blocks": 2, "lstm_hidden_size": 38, "l2_lambda": 0.00014909888520907232, "dropout_rate": 0.21503252585657417, "lr": 0.039274391302949886, "batch_size": 146}