{"out_channels": 118, "kernel_size": 5, "num_blocks": 3, "lstm_hidden_size": 76, "l2_lambda": 0.002327462231687252, "dropout_rate": 0.11550311720976013, "lr": 0.0005171397425432762}