{"out_channels": 119, "kernel_size": 3, "num_blocks": 1, "lstm_hidden_size": 89, "l2_lambda": 0.0017064815232605203, "dropout_rate": 0.1526967280649276, "lr": 0.07262125828657308, "batch_size": 179}