{"out_channels": 39, "kernel_size": 3, "num_blocks": 2, "lstm_hidden_size": 48, "l2_lambda": 0.005932706791310104, "dropout_rate": 0.1980811392560758, "lr": 0.08270734108826346, "batch_size": 35}