{"out_channels": 116, "kernel_size": 7, "num_blocks": 1, "lstm_hidden_size": 59, "l2_lambda": 0.009367207624920524, "dropout_rate": 0.3728635786743336, "lr": 0.07784806314031198, "batch_size": 216}