{"out_channels": 55, "kernel_size": 4, "num_blocks": 1, "lstm_hidden_size": 54, "l2_lambda": 0.004982314356643603, "dropout_rate": 0.37562371790725646, "lr": 0.02787278883920038}