{"out_channels": 126, "kernel_size": 7, "num_blocks": 3, "lstm_hidden_size": 123, "l2_lambda": 0.005102378760442181, "dropout_rate": 0.13745254672484655, "lr": 0.009238499138904637}