{"out_channels": 85, "kernel_size": 5, "num_blocks": 2, "lstm_hidden_size": 69, "l2_lambda": 0.007149161676894434, "dropout_rate": 0.4119954999072132, "lr": 0.028168244652423697}