{"out_channels": 51, "kernel_size": 5, "num_blocks": 1, "lstm_hidden_size": 52, "l2_lambda": 0.001897575396278118, "dropout_rate": 0.1481864027876829, "lr": 0.054518328487404864}