{"out_channels": 58, "kernel_size": 5, "num_blocks": 3, "lstm_hidden_size": 72, "l2_lambda": 0.005903523601159044, "dropout_rate": 0.2729793800376249, "lr": 0.07364053901457679, "batch_size": 142}