{"out_channels": 28, "kernel_size": 7, "num_blocks": 2, "lstm_hidden_size": 101, "l2_lambda": 0.00042079780069320465, "dropout_rate": 0.3307625015540484, "lr": 0.0778124240907031, "batch_size": 170}