{"out_channels": 20, "kernel_size": 6, "num_blocks": 1, "lstm_hidden_size": 73, "l2_lambda": 0.00854071943853888, "dropout_rate": 0.27726287706908026, "lr": 0.008174860970353408}