{"out_channels": 37, "kernel_size": 4, "num_blocks": 5, "lstm_hidden_size": 52, "l2_lambda": 0.004167755703644519, "dropout_rate": 0.34737632300538174, "lr": 0.053146725943628445}