{"out_channels": 86, "kernel_size": 3, "num_blocks": 4, "lstm_hidden_size": 52, "l2_lambda": 0.00521652615225047, "dropout_rate": 0.2035402272440864, "lr": 0.0657367927406415}