{"out_channels": 66, "kernel_size": 6, "num_blocks": 2, "lstm_hidden_size": 102, "l2_lambda": 0.008735530449358092, "dropout_rate": 0.23062545508199836, "lr": 0.0008096369233267655, "batch_size": 156}