{"out_channels": 17, "kernel_size": 3, "num_blocks": 1, "lstm_hidden_size": 108, "l2_lambda": 0.001657496645657455, "dropout_rate": 0.39179434904308086, "lr": 0.0687704921942362}