{"out_channels": 32, "kernel_size": 5, "num_blocks": 1, "lstm_hidden_size": 70, "l2_lambda": 0.002641167190687395, "dropout_rate": 0.19837207523273181, "lr": 0.004721732162163917, "batch_size": 22}