{"out_channels": 43, "kernel_size": 3, "num_blocks": 5, "lstm_hidden_size": 99, "l2_lambda": 0.002116278541764221, "dropout_rate": 0.2843043446551806, "lr": 0.058641648359363384}