{"out_channels": 41, "kernel_size": 4, "num_blocks": 3, "lstm_hidden_size": 35, "l2_lambda": 0.00065863316093318, "dropout_rate": 0.43633373724944713, "lr": 0.06910422468096296}