{"out_channels": 44, "kernel_size": 6, "num_blocks": 1, "lstm_hidden_size": 74, "l2_lambda": 0.007797635893321169, "dropout_rate": 0.2721466619107408, "lr": 0.06754590007036208, "batch_size": 221}