{"out_channels": 112, "kernel_size": 3, "num_blocks": 3, "lstm_hidden_size": 68, "l2_lambda": 0.004086277944195546, "dropout_rate": 0.20875653973922656, "lr": 0.06612293839784447}