{"out_channels": 63, "kernel_size": 4, "num_blocks": 2, "lstm_hidden_size": 100, "l2_lambda": 0.004398183761249367, "dropout_rate": 0.4802299983885584, "lr": 0.02065504046574267, "batch_size": 31}