{"out_channels": 54, "kernel_size": 5, "num_blocks": 1, "lstm_hidden_size": 52, "l2_lambda": 0.002442419034666764, "dropout_rate": 0.15949383594805663, "lr": 0.03564924841926999}