{"out_channels": 28, "kernel_size": 6, "num_blocks": 3, "lstm_hidden_size": 40, "l2_lambda": 0.0017539490820108123, "dropout_rate": 0.43580273395160074, "lr": 0.08077153561444568, "batch_size": 22}