{"out_channels": 73, "kernel_size": 4, "num_blocks": 3, "lstm_hidden_size": 90, "l2_lambda": 0.006123096237487634, "dropout_rate": 0.16562025107880674, "lr": 0.09582261072740542}