{"out_channels": 62, "kernel_size": 5, "num_blocks": 4, "lstm_hidden_size": 119, "l2_lambda": 0.0027528133082172193, "dropout_rate": 0.2985341685128816, "lr": 0.04869086602608726}