{"out_channels": 68, "kernel_size": 7, "num_blocks": 2, "lstm_hidden_size": 69, "l2_lambda": 0.0056755546281286404, "dropout_rate": 0.3842471692687125, "lr": 0.08050808717903486}