{"out_channels": 84, "kernel_size": 3, "num_blocks": 4, "lstm_hidden_size": 89, "l2_lambda": 0.0052745389318971225, "dropout_rate": 0.10577514696800634, "lr": 0.0646349613667338}