{"out_channels": 39, "kernel_size": 7, "num_blocks": 2, "lstm_hidden_size": 42, "l2_lambda": 0.004196961560140344, "dropout_rate": 0.25856415221099166, "lr": 0.08682820610348592}