{"out_channels": 68, "kernel_size": 4, "num_blocks": 2, "lstm_hidden_size": 118, "l2_lambda": 0.0017707920967854017, "dropout_rate": 0.31730856341730235, "lr": 0.0675012491952253, "batch_size": 252}