{"out_channels": 36, "kernel_size": 7, "num_blocks": 2, "lstm_hidden_size": 50, "l2_lambda": 0.001628039015786743, "dropout_rate": 0.2586610213355998, "lr": 0.00431863964198286}