{"out_channels": 88, "kernel_size": 5, "num_blocks": 1, "lstm_hidden_size": 58, "l2_lambda": 0.008959630864753551, "dropout_rate": 0.11685918896326825, "lr": 0.08269467425122745, "batch_size": 57}