{"out_channels": 27, "kernel_size": 3, "num_blocks": 2, "lstm_hidden_size": 109, "l2_lambda": 0.0013092745657866847, "dropout_rate": 0.3362182229783216, "lr": 0.03753362322073934}