{"out_channels": 51, "kernel_size": 6, "num_blocks": 2, "lstm_hidden_size": 55, "l2_lambda": 0.006208004716426052, "dropout_rate": 0.364884029686784, "lr": 0.06210654763964756}