{"out_channels": 71, "kernel_size": 3, "num_blocks": 2, "lstm_hidden_size": 108, "l2_lambda": 0.0023981484870465707, "dropout_rate": 0.420334596507262, "lr": 0.09921526105394714}