{"out_channels": 42, "kernel_size": 5, "num_blocks": 3, "lstm_hidden_size": 32, "l2_lambda": 0.0034340368201289887, "dropout_rate": 0.3894596694916367, "lr": 0.0992241329451694, "batch_size": 166}