{"out_channels": 111, "kernel_size": 7, "num_blocks": 1, "lstm_hidden_size": 40, "l2_lambda": 0.007583121822122098, "dropout_rate": 0.2731700752688835, "lr": 0.03612943503019579}