{"out_channels": 110, "kernel_size": 3, "num_blocks": 1, "lstm_hidden_size": 44, "l2_lambda": 0.002613827266264161, "dropout_rate": 0.10910958823172878, "lr": 0.026419370584829727}