{"out_channels": 86, "kernel_size": 6, "num_blocks": 2, "lstm_hidden_size": 89, "l2_lambda": 0.009302308393458891, "dropout_rate": 0.22011605700727294, "lr": 0.05036475194749736}