{"out_channels": 39, "kernel_size": 3, "num_blocks": 5, "lstm_hidden_size": 68, "l2_lambda": 0.006741288254043768, "dropout_rate": 0.10459588325000953, "lr": 0.03335583909387257}