{"out_channels": 17, "kernel_size": 7, "num_blocks": 1, "lstm_hidden_size": 82, "l2_lambda": 0.009252203097271873, "dropout_rate": 0.19116734018800702, "lr": 0.02345977556283664, "batch_size": 187}