{"out_channels": 22, "kernel_size": 3, "num_blocks": 3, "lstm_hidden_size": 108, "l2_lambda": 0.009364239099258332, "dropout_rate": 0.2788431174218307, "lr": 0.08631623212990736}