{"out_channels": 38, "kernel_size": 6, "num_blocks": 2, "lstm_hidden_size": 79, "l2_lambda": 0.0053224513290441484, "dropout_rate": 0.43350708434561946, "lr": 0.07324139910301165}