{"out_channels": 69, "kernel_size": 4, "num_blocks": 1, "lstm_hidden_size": 80, "l2_lambda": 0.005000766055355593, "dropout_rate": 0.29125660757687144, "lr": 0.06721915290888435}