{"out_channels": 58, "kernel_size": 5, "num_blocks": 2, "lstm_hidden_size": 78, "l2_lambda": 0.004878877412956162, "dropout_rate": 0.20991455471695752, "lr": 0.09605349778176855, "batch_size": 165}