{"out_channels": 101, "kernel_size": 3, "num_blocks": 5, "lstm_hidden_size": 59, "l2_lambda": 0.001271375009045716, "dropout_rate": 0.34834269438312515, "lr": 0.004456558962500147}