{"out_channels": 23, "kernel_size": 6, "num_blocks": 1, "lstm_hidden_size": 116, "l2_lambda": 0.000555933357010567, "dropout_rate": 0.21263702702258122, "lr": 0.016673991450185253}