{"out_channels": 67, "kernel_size": 4, "num_blocks": 2, "lstm_hidden_size": 40, "l2_lambda": 0.00792419141106071, "dropout_rate": 0.4302237284320194, "lr": 0.0986463739657549, "batch_size": 106}