{"out_channels": 112, "kernel_size": 3, "num_blocks": 2, "lstm_hidden_size": 73, "l2_lambda": 0.0041296539124079275, "dropout_rate": 0.2696668911029564, "lr": 0.019144921779107735}