{"out_channels": 96, "kernel_size": 3, "num_blocks": 1, "lstm_hidden_size": 98, "l2_lambda": 0.009574213952308555, "dropout_rate": 0.4188394751967234, "lr": 0.0702686168804508, "batch_size": 119}