{"out_channels": 102, "kernel_size": 7, "num_blocks": 1, "lstm_hidden_size": 96, "l2_lambda": 0.009094909112531892, "dropout_rate": 0.4688635493556105, "lr": 0.09074315589932429, "batch_size": 70}