{"out_channels": 67, "kernel_size": 4, "num_blocks": 1, "lstm_hidden_size": 124, "l2_lambda": 0.00846572734539726, "dropout_rate": 0.2247407704084371, "lr": 0.015438137811056978}