{"out_channels": 61, "kernel_size": 4, "num_blocks": 2, "lstm_hidden_size": 126, "l2_lambda": 0.0018113245800310445, "dropout_rate": 0.10264836065720373, "lr": 0.08502534718493089, "batch_size": 157}