{"out_channels": 85, "kernel_size": 4, "num_blocks": 2, "lstm_hidden_size": 111, "l2_lambda": 0.0075255869059108246, "dropout_rate": 0.17068033899573115, "lr": 0.04497193203482407, "batch_size": 184}