{"out_channels": 73, "kernel_size": 3, "num_blocks": 1, "lstm_hidden_size": 120, "l2_lambda": 0.007531085005826083, "dropout_rate": 0.30105373177422123, "lr": 0.08186200612595734, "batch_size": 162}