{"out_channels": 44, "kernel_size": 3, "num_blocks": 4, "lstm_hidden_size": 67, "l2_lambda": 0.00384194089485208, "dropout_rate": 0.44962699928446803, "lr": 0.05885226772313228}