{"out_channels": 32, "kernel_size": 7, "num_blocks": 3, "lstm_hidden_size": 89, "l2_lambda": 0.004243338551710161, "dropout_rate": 0.11350484154002434, "lr": 3.035333801899101e-05, "batch_size": 254}