{"out_channels": 121, "kernel_size": 5, "num_blocks": 2, "lstm_hidden_size": 51, "l2_lambda": 0.002777866521095894, "dropout_rate": 0.4864703513628932, "lr": 0.09171011670159303}