{"out_channels": 65, "kernel_size": 7, "num_blocks": 2, "lstm_hidden_size": 80, "l2_lambda": 0.009512079830549988, "dropout_rate": 0.11245332747605082, "lr": 0.027593146685127034}