{"out_channels": 81, "kernel_size": 7, "num_blocks": 2, "lstm_hidden_size": 123, "l2_lambda": 0.006277608670941321, "dropout_rate": 0.29120763157210977, "lr": 0.040012364702209785, "batch_size": 58}