{"out_channels": 109, "kernel_size": 7, "num_blocks": 4, "lstm_hidden_size": 75, "l2_lambda": 0.008523374830945262, "dropout_rate": 0.15949465239674254, "lr": 0.05611831114185891}