{"out_channels": 80, "kernel_size": 7, "num_blocks": 4, "lstm_hidden_size": 74, "l2_lambda": 0.0038611483030117997, "dropout_rate": 0.18570349038971737, "lr": 0.058287277126817125}