{"out_channels": 33, "kernel_size": 6, "num_blocks": 2, "lstm_hidden_size": 105, "l2_lambda": 0.008069419013886865, "dropout_rate": 0.4779128825332821, "lr": 0.09881193897222136}