{"out_channels": 128, "kernel_size": 6, "num_blocks": 3, "lstm_hidden_size": 96, "l2_lambda": 0.003676040545359254, "dropout_rate": 0.3914850242718092, "lr": 0.09399912367694886, "batch_size": 118}