{"out_channels": 96, "kernel_size": 5, "num_blocks": 5, "lstm_hidden_size": 46, "l2_lambda": 0.0019817337567231935, "dropout_rate": 0.4183461869930969, "lr": 0.06093418495473667}