{"out_channels": 59, "kernel_size": 5, "num_blocks": 1, "lstm_hidden_size": 127, "l2_lambda": 0.004545014918132624, "dropout_rate": 0.29065848592190036, "lr": 0.08850582597643283}