{"out_channels": 31, "kernel_size": 7, "num_blocks": 4, "lstm_hidden_size": 107, "l2_lambda": 0.0036753561878215446, "dropout_rate": 0.3287394129283932, "lr": 0.06535289918089801}