{"out_channels": 82, "kernel_size": 5, "num_blocks": 2, "lstm_hidden_size": 36, "l2_lambda": 0.004415876024194252, "dropout_rate": 0.4002009012090454, "lr": 0.05200065831708161}