{"out_channels": 75, "kernel_size": 6, "num_blocks": 2, "lstm_hidden_size": 97, "l2_lambda": 0.0070327940776972395, "dropout_rate": 0.2228296752882844, "lr": 0.03022723953856557, "batch_size": 239}