{"out_channels": 42, "kernel_size": 3, "num_blocks": 2, "lstm_hidden_size": 60, "l2_lambda": 0.0048762656179553, "dropout_rate": 0.3782816889462203, "lr": 0.019981143644548068, "batch_size": 141}