{"out_channels": 103, "kernel_size": 4, "num_blocks": 2, "lstm_hidden_size": 89, "l2_lambda": 0.007817377852525753, "dropout_rate": 0.1481268311494166, "lr": 0.0713088125211363, "batch_size": 95}