{"out_channels": 62, "kernel_size": 3, "num_blocks": 2, "lstm_hidden_size": 107, "l2_lambda": 0.009140962746688141, "dropout_rate": 0.4406098543926563, "lr": 0.05602257725603365}