{"out_channels": 108, "kernel_size": 7, "num_blocks": 1, "lstm_hidden_size": 108, "l2_lambda": 0.0015670313090745047, "dropout_rate": 0.3792427535538726, "lr": 0.09893353291480865, "batch_size": 249}