{"out_channels": 79, "kernel_size": 7, "num_blocks": 5, "lstm_hidden_size": 51, "l2_lambda": 0.008002119082992792, "dropout_rate": 0.12776889894632323, "lr": 0.0833411349903344}