{"out_channels": 107, "kernel_size": 7, "num_blocks": 5, "lstm_hidden_size": 119, "l2_lambda": 0.001842149036633993, "dropout_rate": 0.3797690312449554, "lr": 0.04403240311392322}