{"out_channels": 60, "kernel_size": 4, "num_blocks": 2, "lstm_hidden_size": 58, "l2_lambda": 0.007111100809150786, "dropout_rate": 0.29989671887245806, "lr": 0.03765032479978305, "batch_size": 84}