{"out_channels": 100, "kernel_size": 3, "num_blocks": 2, "lstm_hidden_size": 61, "l2_lambda": 0.0009663072299054579, "dropout_rate": 0.40892497027243013, "lr": 0.017447653372198314, "batch_size": 125}