{"out_channels": 57, "kernel_size": 5, "num_blocks": 2, "lstm_hidden_size": 81, "l2_lambda": 0.005661008516692843, "dropout_rate": 0.38197666249086004, "lr": 0.05230268865202746}