{"out_channels": 49, "kernel_size": 5, "num_blocks": 2, "lstm_hidden_size": 63, "l2_lambda": 0.006610245049827394, "dropout_rate": 0.15918601285529013, "lr": 0.07814466406632284, "batch_size": 16}