{"out_channels": 88, "kernel_size": 4, "num_blocks": 3, "lstm_hidden_size": 69, "l2_lambda": 0.005909077937156021, "dropout_rate": 0.39920093707539317, "lr": 0.04803693157927314, "batch_size": 68}