{"out_channels": 54, "kernel_size": 6, "num_blocks": 1, "lstm_hidden_size": 67, "l2_lambda": 0.002601020536889679, "dropout_rate": 0.1425440718368471, "lr": 0.00881940377444599, "batch_size": 142}