{"out_channels": 95, "kernel_size": 3, "num_blocks": 2, "lstm_hidden_size": 42, "l2_lambda": 0.0006239936611853291, "dropout_rate": 0.1458928412926487, "lr": 0.08611640100746745}