{"out_channels": 70, "kernel_size": 4, "num_blocks": 1, "lstm_hidden_size": 90, "l2_lambda": 0.003843373140023949, "dropout_rate": 0.16982454492614785, "lr": 0.05390878547076008, "batch_size": 52}