{"out_channels": 19, "kernel_size": 5, "num_blocks": 4, "lstm_hidden_size": 79, "l2_lambda": 0.00265530501157487, "dropout_rate": 0.20113920123953624, "lr": 0.03721160752523262}