{"out_channels": 100, "kernel_size": 3, "num_blocks": 3, "lstm_hidden_size": 62, "l2_lambda": 0.005028957781651556, "dropout_rate": 0.32806898577694454, "lr": 0.060801935414924284}