{"out_channels": 57, "kernel_size": 4, "num_blocks": 3, "lstm_hidden_size": 85, "l2_lambda": 0.0014375166040710243, "dropout_rate": 0.48293047857742255, "lr": 0.05468836725977487}