{"out_channels": 90, "kernel_size": 5, "num_blocks": 1, "lstm_hidden_size": 39, "l2_lambda": 0.0049460820601116805, "dropout_rate": 0.3416211666108342, "lr": 0.028487020879724233, "batch_size": 134}