{"out_channels": 51, "kernel_size": 4, "num_blocks": 3, "lstm_hidden_size": 105, "l2_lambda": 0.003391498328363976, "dropout_rate": 0.30667258000721237, "lr": 0.00673824105613616}