{"out_channels": 85, "kernel_size": 7, "num_blocks": 1, "lstm_hidden_size": 43, "l2_lambda": 0.00371321398146967, "dropout_rate": 0.49356867227688295, "lr": 0.0063653752626864546}