{"out_channels": 38, "kernel_size": 3, "num_blocks": 3, "lstm_hidden_size": 116, "l2_lambda": 0.005114184621032771, "dropout_rate": 0.14532335970185717, "lr": 0.048376551435360474, "batch_size": 116}