{"out_channels": 70, "kernel_size": 3, "num_blocks": 3, "lstm_hidden_size": 41, "l2_lambda": 0.0028829510429303432, "dropout_rate": 0.2905278823381764, "lr": 0.0580998544468915, "batch_size": 236}