{"out_channels": 20, "kernel_size": 3, "num_blocks": 1, "lstm_hidden_size": 73, "l2_lambda": 0.006823814491070916, "dropout_rate": 0.3822709466444826, "lr": 0.08428747121130477, "batch_size": 17}