{"out_channels": 62, "kernel_size": 4, "num_blocks": 3, "lstm_hidden_size": 113, "l2_lambda": 0.008028326165258632, "dropout_rate": 0.31117882992721235, "lr": 0.09150114364191211, "batch_size": 167}