{"out_channels": 35, "kernel_size": 5, "num_blocks": 3, "lstm_hidden_size": 32, "l2_lambda": 0.0022135743058262335, "dropout_rate": 0.1391176252802569, "lr": 0.02848555909681015, "batch_size": 17}