{"out_channels": 117, "kernel_size": 5, "num_blocks": 2, "lstm_hidden_size": 115, "l2_lambda": 0.006748468456416983, "dropout_rate": 0.35058709899228546, "lr": 0.05680593847906806, "batch_size": 28}