{"out_channels": 82, "kernel_size": 4, "num_blocks": 3, "lstm_hidden_size": 40, "l2_lambda": 0.000587433137500104, "dropout_rate": 0.4580548405931667, "lr": 0.023162562951135512, "batch_size": 221}