{"out_channels": 46, "kernel_size": 4, "num_blocks": 2, "lstm_hidden_size": 87, "l2_lambda": 0.008246332931628108, "dropout_rate": 0.10338090634719027, "lr": 0.07338759059124682, "batch_size": 142}