{"out_channels": 125, "kernel_size": 7, "num_blocks": 1, "lstm_hidden_size": 80, "l2_lambda": 0.006138095541856242, "dropout_rate": 0.19196948565261726, "lr": 0.08531604701296945}