{"out_channels": 74, "kernel_size": 7, "num_blocks": 1, "lstm_hidden_size": 88, "l2_lambda": 0.007126295053697191, "dropout_rate": 0.11574354774657786, "lr": 0.08628696189308589}