{"out_channels": 107, "kernel_size": 4, "num_blocks": 3, "lstm_hidden_size": 116, "l2_lambda": 0.0045000818935305095, "dropout_rate": 0.14607481675196576, "lr": 0.021644455193806755, "batch_size": 225}