{"out_channels": 28, "kernel_size": 5, "num_blocks": 2, "lstm_hidden_size": 107, "l2_lambda": 0.004045787446558227, "dropout_rate": 0.21336993415980535, "lr": 0.044233634485391665}