{"out_channels": 43, "kernel_size": 4, "num_blocks": 2, "lstm_hidden_size": 104, "l2_lambda": 0.004287006983623164, "dropout_rate": 0.471274565586142, "lr": 0.05985700023271929, "batch_size": 64}