{"out_channels": 107, "kernel_size": 6, "num_blocks": 5, "lstm_hidden_size": 34, "l2_lambda": 0.0014812442619647653, "dropout_rate": 0.13094918140827497, "lr": 0.08694029704760936}