{"out_channels": 24, "kernel_size": 3, "num_blocks": 3, "lstm_hidden_size": 61, "l2_lambda": 0.002173386092924276, "dropout_rate": 0.14467529210403832, "lr": 0.045804694968472205}