{"out_channels": 30, "kernel_size": 5, "num_blocks": 3, "lstm_hidden_size": 92, "l2_lambda": 0.008187089293005703, "dropout_rate": 0.3401492086278888, "lr": 0.0615511795809259}