{"out_channels": 38, "kernel_size": 6, "num_blocks": 4, "lstm_hidden_size": 119, "l2_lambda": 0.007726540500928801, "dropout_rate": 0.15286297923144426, "lr": 0.019037546920543828}