{"out_channels": 18, "kernel_size": 7, "num_blocks": 3, "lstm_hidden_size": 100, "l2_lambda": 0.0007567443773713458, "dropout_rate": 0.4639168450654475, "lr": 0.038675114038467476}