{"out_channels": 53, "kernel_size": 4, "num_blocks": 1, "lstm_hidden_size": 39, "l2_lambda": 0.00381858235551789, "dropout_rate": 0.3487459931467346, "lr": 0.048522480952635276, "batch_size": 72}