{"out_channels": 17, "kernel_size": 3, "num_blocks": 3, "lstm_hidden_size": 92, "l2_lambda": 0.009770896746849948, "dropout_rate": 0.47371814808227364, "lr": 0.05258846344961905}