{"out_channels": 26, "kernel_size": 5, "num_blocks": 2, "lstm_hidden_size": 105, "l2_lambda": 0.009004573714313608, "dropout_rate": 0.24134796431547453, "lr": 0.037098286715865035}