{"out_channels": 72, "kernel_size": 5, "num_blocks": 1, "lstm_hidden_size": 98, "l2_lambda": 0.0034028448179285486, "dropout_rate": 0.3550974447314118, "lr": 0.042893946209846295}