{"out_channels": 51, "kernel_size": 4, "num_blocks": 2, "lstm_hidden_size": 55, "l2_lambda": 0.008308370894303942, "dropout_rate": 0.4595827436401686, "lr": 0.0930500078757068}