{"out_channels": 102, "kernel_size": 3, "num_blocks": 2, "lstm_hidden_size": 110, "l2_lambda": 0.0020265043258872305, "dropout_rate": 0.40407887466529024, "lr": 0.007567566070634123, "batch_size": 39}