{"out_channels": 21, "kernel_size": 4, "num_blocks": 3, "lstm_hidden_size": 59, "l2_lambda": 0.009805036927503764, "dropout_rate": 0.3905715833289978, "lr": 0.020666970123318473, "batch_size": 32}