{"out_channels": 70, "kernel_size": 7, "num_blocks": 5, "lstm_hidden_size": 61, "l2_lambda": 0.0037251947946687096, "dropout_rate": 0.30298286402359653, "lr": 0.08627596981573833}