{"out_channels": 58, "kernel_size": 6, "num_blocks": 2, "lstm_hidden_size": 105, "l2_lambda": 0.006262840693021499, "dropout_rate": 0.4503779827697231, "lr": 0.01360903315672209, "batch_size": 83}