{"out_channels": 118, "kernel_size": 5, "num_blocks": 3, "lstm_hidden_size": 42, "l2_lambda": 0.00031264634295608516, "dropout_rate": 0.21259064910987271, "lr": 0.0949395129888543, "batch_size": 60}