{"out_channels": 40, "kernel_size": 5, "num_blocks": 2, "lstm_hidden_size": 40, "l2_lambda": 0.006366599665785028, "dropout_rate": 0.3067730870073788, "lr": 0.0984417400700096, "batch_size": 30}