{"out_channels": 91, "kernel_size": 6, "num_blocks": 3, "lstm_hidden_size": 102, "l2_lambda": 0.007782227832555239, "dropout_rate": 0.32900143148679484, "lr": 0.012484787205760442, "batch_size": 91}