{"out_channels": 90, "kernel_size": 4, "num_blocks": 4, "lstm_hidden_size": 105, "l2_lambda": 0.0060705086213779175, "dropout_rate": 0.28415823832851594, "lr": 0.07141853372518317}