{"out_channels": 106, "kernel_size": 5, "num_blocks": 1, "lstm_hidden_size": 102, "l2_lambda": 0.0008261432916878115, "dropout_rate": 0.1305912256025939, "lr": 0.06605183476378815, "batch_size": 210}