{"out_channels": 110, "kernel_size": 5, "num_blocks": 2, "lstm_hidden_size": 74, "l2_lambda": 0.0022429864448113446, "dropout_rate": 0.3951856480189575, "lr": 0.05482338099595945}