{"out_channels": 127, "kernel_size": 5, "num_blocks": 3, "lstm_hidden_size": 74, "l2_lambda": 0.005232335751266855, "dropout_rate": 0.42841529199270423, "lr": 0.05494184374621754}