{"out_channels": 126, "kernel_size": 3, "num_blocks": 1, "lstm_hidden_size": 48, "l2_lambda": 0.005202676870082804, "dropout_rate": 0.28816226129882483, "lr": 0.0952418831532406}