{"out_channels": 81, "kernel_size": 7, "num_blocks": 5, "lstm_hidden_size": 38, "l2_lambda": 0.00033738985870758416, "dropout_rate": 0.3136936277291462, "lr": 0.016904649878989268}