{"out_channels": 85, "kernel_size": 3, "num_blocks": 3, "lstm_hidden_size": 56, "l2_lambda": 0.0065564061589767275, "dropout_rate": 0.17480693421715832, "lr": 0.012938866482022164, "batch_size": 67}