{"out_channels": 104, "kernel_size": 7, "num_blocks": 5, "lstm_hidden_size": 128, "l2_lambda": 0.002314162754737366, "dropout_rate": 0.19234138436580897, "lr": 0.043939309293780225}