{"out_channels": 37, "kernel_size": 6, "num_blocks": 1, "lstm_hidden_size": 99, "l2_lambda": 0.008787157457684254, "dropout_rate": 0.4533131519358029, "lr": 0.06320248392235507}