{"out_channels": 68, "kernel_size": 7, "num_blocks": 1, "lstm_hidden_size": 82, "l2_lambda": 0.001310993430906138, "dropout_rate": 0.2438490205229043, "lr": 0.05037135706531837}