{"out_channels": 62, "kernel_size": 6, "num_blocks": 1, "lstm_hidden_size": 38, "l2_lambda": 0.0038960782595421203, "dropout_rate": 0.17572062316044007, "lr": 0.06920155919804102}