{"out_channels": 123, "kernel_size": 4, "num_blocks": 2, "lstm_hidden_size": 82, "l2_lambda": 0.0042078399706175435, "dropout_rate": 0.12808153370284725, "lr": 0.025379150127609596, "batch_size": 100}