{"out_channels": 84, "kernel_size": 7, "num_blocks": 1, "lstm_hidden_size": 36, "l2_lambda": 0.001793312250567256, "dropout_rate": 0.4057408840718678, "lr": 0.028230634618118852, "batch_size": 23}