{"out_channels": 110, "kernel_size": 3, "num_blocks": 2, "lstm_hidden_size": 64, "l2_lambda": 0.007930313574395048, "dropout_rate": 0.18903894336312616, "lr": 0.09354099737632425, "batch_size": 44}