{"out_channels": 86, "kernel_size": 6, "num_blocks": 2, "lstm_hidden_size": 65, "l2_lambda": 0.003980100319722077, "dropout_rate": 0.4724324698623976, "lr": 0.051900007392566005, "batch_size": 114}