{"out_channels": 82, "kernel_size": 7, "num_blocks": 1, "lstm_hidden_size": 87, "l2_lambda": 0.003200287855360641, "dropout_rate": 0.18646384517072292, "lr": 0.05200613727916015, "batch_size": 16}