{"out_channels": 101, "kernel_size": 7, "num_blocks": 2, "lstm_hidden_size": 56, "l2_lambda": 0.008506750180811696, "dropout_rate": 0.4533850396324951, "lr": 0.0533253103211264}