{"out_channels": 60, "kernel_size": 7, "num_blocks": 2, "lstm_hidden_size": 123, "l2_lambda": 0.006054934267372073, "dropout_rate": 0.23145740017559155, "lr": 0.04179740895511857, "batch_size": 253}