{"out_channels": 83, "kernel_size": 7, "num_blocks": 1, "lstm_hidden_size": 101, "l2_lambda": 0.001650185628767178, "dropout_rate": 0.11007333271848152, "lr": 0.04234720302010219}