{"out_channels": 44, "kernel_size": 4, "num_blocks": 3, "lstm_hidden_size": 122, "l2_lambda": 0.0012367350122969478, "dropout_rate": 0.11277720342465157, "lr": 0.04421729950169136}