{"out_channels": 91, "kernel_size": 7, "num_blocks": 1, "lstm_hidden_size": 50, "l2_lambda": 0.0036422001158253497, "dropout_rate": 0.46004017603033487, "lr": 0.040595110346255424, "batch_size": 77}