{"out_channels": 108, "kernel_size": 5, "num_blocks": 2, "lstm_hidden_size": 63, "l2_lambda": 0.008718739771210904, "dropout_rate": 0.3891062216936194, "lr": 0.06640551841093331, "batch_size": 153}