{"out_channels": 100, "kernel_size": 3, "num_blocks": 1, "lstm_hidden_size": 42, "l2_lambda": 0.0046516799084178224, "dropout_rate": 0.1404578106683041, "lr": 0.07019857766858029}