{"out_channels": 25, "kernel_size": 3, "num_blocks": 4, "lstm_hidden_size": 33, "l2_lambda": 0.004834325081751736, "dropout_rate": 0.34608329931557164, "lr": 0.09558110615280034}