{"out_channels": 93, "kernel_size": 7, "num_blocks": 3, "lstm_hidden_size": 87, "l2_lambda": 0.005615380139443744, "dropout_rate": 0.25042726059715004, "lr": 0.016476069774846037}