{"out_channels": 24, "kernel_size": 7, "num_blocks": 2, "lstm_hidden_size": 111, "l2_lambda": 0.007362038535666738, "dropout_rate": 0.11877834883668381, "lr": 0.018437778266931156}