{"out_channels": 32, "kernel_size": 6, "num_blocks": 3, "lstm_hidden_size": 98, "l2_lambda": 0.0024844365121046027, "dropout_rate": 0.43195100517161755, "lr": 0.021585428850536534, "batch_size": 30}