{"out_channels": 55, "kernel_size": 5, "num_blocks": 2, "lstm_hidden_size": 115, "l2_lambda": 0.001865770172080764, "dropout_rate": 0.3703713080203891, "lr": 0.04738093061062506, "batch_size": 59}