{"out_channels": 66, "kernel_size": 5, "num_blocks": 1, "lstm_hidden_size": 124, "l2_lambda": 0.002314456846877891, "dropout_rate": 0.18625440074658225, "lr": 0.08958087734504411, "batch_size": 183}