{"out_channels": 53, "kernel_size": 4, "num_blocks": 3, "lstm_hidden_size": 107, "l2_lambda": 0.008799727693859522, "dropout_rate": 0.3898992463563341, "lr": 0.09468492931619503}