{"out_channels": 45, "kernel_size": 4, "num_blocks": 2, "lstm_hidden_size": 125, "l2_lambda": 0.0007032812739809364, "dropout_rate": 0.3708166341568122, "lr": 0.09711086875555952}