{"out_channels": 45, "kernel_size": 6, "num_blocks": 3, "lstm_hidden_size": 117, "l2_lambda": 0.008723858900344376, "dropout_rate": 0.1541085398754165, "lr": 0.07607455463955888}