{"out_channels": 72, "kernel_size": 7, "num_blocks": 3, "lstm_hidden_size": 54, "l2_lambda": 0.00892607421505941, "dropout_rate": 0.4953269363960079, "lr": 0.02830201631625314}