{"out_channels": 116, "kernel_size": 5, "num_blocks": 3, "lstm_hidden_size": 117, "l2_lambda": 0.008962139499695805, "dropout_rate": 0.30602068734653415, "lr": 0.07570182195594354, "batch_size": 94}