{"out_channels": 115, "kernel_size": 7, "num_blocks": 3, "lstm_hidden_size": 114, "l2_lambda": 0.004239088608782149, "dropout_rate": 0.42913169159079456, "lr": 0.05389575230724027}