{"out_channels": 84, "kernel_size": 3, "num_blocks": 3, "lstm_hidden_size": 61, "l2_lambda": 0.0008039514431477418, "dropout_rate": 0.10821434758854216, "lr": 0.09553543196996912, "batch_size": 213}