{"out_channels": 86, "kernel_size": 7, "num_blocks": 1, "lstm_hidden_size": 55, "l2_lambda": 0.004281447485301647, "dropout_rate": 0.13011279126114028, "lr": 0.00984591506570085}