{"out_channels": 62, "kernel_size": 4, "num_blocks": 1, "lstm_hidden_size": 34, "l2_lambda": 0.006546451609631265, "dropout_rate": 0.23943362751245845, "lr": 0.009460690996237841}