{"out_channels": 85, "kernel_size": 4, "num_blocks": 2, "lstm_hidden_size": 110, "l2_lambda": 0.007029061275777502, "dropout_rate": 0.20553853834145897, "lr": 0.06011968279486947}