{"out_channels": 56, "kernel_size": 4, "num_blocks": 2, "lstm_hidden_size": 95, "l2_lambda": 0.00020706204950267785, "dropout_rate": 0.2105892289995, "lr": 0.09468776703580946, "batch_size": 122}