{"out_channels": 117, "kernel_size": 7, "num_blocks": 3, "lstm_hidden_size": 50, "l2_lambda": 0.00026881237160246776, "dropout_rate": 0.39166071008028547, "lr": 0.07140628516767485}