{"out_channels": 76, "kernel_size": 4, "num_blocks": 3, "lstm_hidden_size": 50, "l2_lambda": 0.0036561590347799953, "dropout_rate": 0.45745588302310114, "lr": 0.09039817289566474}