{"out_channels": 34, "kernel_size": 7, "num_blocks": 3, "lstm_hidden_size": 76, "l2_lambda": 0.002590864178563753, "dropout_rate": 0.479858619575922, "lr": 0.08116242336053722, "batch_size": 24}