{"out_channels": 48, "kernel_size": 3, "num_blocks": 1, "lstm_hidden_size": 43, "l2_lambda": 0.004515728430005452, "dropout_rate": 0.31794432106924664, "lr": 0.07775221956658818, "batch_size": 87}