{"out_channels": 55, "kernel_size": 7, "num_blocks": 3, "lstm_hidden_size": 97, "l2_lambda": 0.007681756617404584, "dropout_rate": 0.42006226620270115, "lr": 0.07980285283217375}