{"out_channels": 107, "kernel_size": 7, "num_blocks": 2, "lstm_hidden_size": 86, "l2_lambda": 0.004557089494700178, "dropout_rate": 0.4751576995815613, "lr": 0.02406229776737517}