{"out_channels": 106, "kernel_size": 6, "num_blocks": 3, "lstm_hidden_size": 56, "l2_lambda": 0.0037552005353623944, "dropout_rate": 0.14798260929660256, "lr": 0.04526279628314803}