{"out_channels": 58, "kernel_size": 5, "num_blocks": 2, "lstm_hidden_size": 87, "l2_lambda": 0.003952234618659388, "dropout_rate": 0.12773311685626046, "lr": 0.03886341942738352}