{"out_channels": 85, "kernel_size": 3, "num_blocks": 3, "lstm_hidden_size": 93, "l2_lambda": 0.006392120512845787, "dropout_rate": 0.2358689702018516, "lr": 0.0010876003159321955, "batch_size": 132}