{"out_channels": 96, "kernel_size": 4, "num_blocks": 3, "lstm_hidden_size": 44, "l2_lambda": 0.0072209836614830466, "dropout_rate": 0.46628689404653134, "lr": 0.06924793265966521, "batch_size": 34}