{"out_channels": 74, "kernel_size": 4, "num_blocks": 2, "lstm_hidden_size": 89, "l2_lambda": 0.002844743763165381, "dropout_rate": 0.4122272654163519, "lr": 0.015553152812448201, "batch_size": 35}