{"out_channels": 79, "kernel_size": 3, "num_blocks": 3, "lstm_hidden_size": 76, "l2_lambda": 0.006826813522154703, "dropout_rate": 0.3941904073779867, "lr": 0.010911465638666015, "batch_size": 113}