{"out_channels": 101, "kernel_size": 7, "num_blocks": 5, "lstm_hidden_size": 63, "l2_lambda": 0.007347441165754497, "dropout_rate": 0.4008469151262788, "lr": 0.04272536828008148}