{"out_channels": 22, "kernel_size": 6, "num_blocks": 3, "lstm_hidden_size": 81, "l2_lambda": 0.008457365338010513, "dropout_rate": 0.10034872393975208, "lr": 0.0767790001290133}