{"out_channels": 82, "kernel_size": 6, "num_blocks": 3, "lstm_hidden_size": 68, "l2_lambda": 0.000279290420630516, "dropout_rate": 0.14710385285892003, "lr": 0.04944321760188341}