{"out_channels": 89, "kernel_size": 7, "num_blocks": 1, "lstm_hidden_size": 71, "l2_lambda": 0.0033970563326629786, "dropout_rate": 0.3380108142925008, "lr": 0.024002795836960165}