{"out_channels": 36, "kernel_size": 5, "num_blocks": 2, "lstm_hidden_size": 50, "l2_lambda": 0.0014854982805416208, "dropout_rate": 0.12958335432000423, "lr": 0.029700447005932183}