{"out_channels": 31, "kernel_size": 5, "num_blocks": 1, "lstm_hidden_size": 67, "l2_lambda": 0.005942397568694015, "dropout_rate": 0.3084492882196988, "lr": 0.08415097180173202}