{"out_channels": 103, "kernel_size": 5, "num_blocks": 3, "lstm_hidden_size": 80, "l2_lambda": 0.0019321285196639362, "dropout_rate": 0.44079212879663576, "lr": 0.07727779158184107, "batch_size": 225}