{"out_channels": 50, "kernel_size": 3, "num_blocks": 2, "lstm_hidden_size": 45, "l2_lambda": 0.008556487128942806, "dropout_rate": 0.2148525977663213, "lr": 0.07890809763000839, "batch_size": 225}