{"out_channels": 21, "kernel_size": 6, "num_blocks": 1, "lstm_hidden_size": 37, "l2_lambda": 0.009885353038127128, "dropout_rate": 0.10277001410743308, "lr": 0.06511076440504879, "batch_size": 38}