{"out_channels": 33, "kernel_size": 7, "num_blocks": 5, "lstm_hidden_size": 68, "l2_lambda": 0.0017337687151699908, "dropout_rate": 0.3679599969254228, "lr": 0.05162981997426676}