{"out_channels": 72, "kernel_size": 5, "num_blocks": 1, "lstm_hidden_size": 117, "l2_lambda": 0.002300095529914243, "dropout_rate": 0.24614736790779146, "lr": 0.06946927441750779}