{"out_channels": 112, "kernel_size": 7, "num_blocks": 3, "lstm_hidden_size": 36, "l2_lambda": 0.0011834882587543004, "dropout_rate": 0.293363744707432, "lr": 0.05671546389347238, "batch_size": 162}