{"out_channels": 111, "kernel_size": 6, "num_blocks": 1, "lstm_hidden_size": 99, "l2_lambda": 0.006500009335185631, "dropout_rate": 0.2604771234992227, "lr": 0.05181641793224236, "batch_size": 223}