{"out_channels": 24, "kernel_size": 3, "num_blocks": 3, "lstm_hidden_size": 94, "l2_lambda": 0.0049442375430932255, "dropout_rate": 0.11601529953046526, "lr": 0.02754877870904016}