{"out_channels": 42, "kernel_size": 7, "num_blocks": 2, "lstm_hidden_size": 82, "l2_lambda": 0.005641400263551152, "dropout_rate": 0.20630047773102295, "lr": 0.04686194183209181}