{"out_channels": 65, "kernel_size": 5, "num_blocks": 3, "lstm_hidden_size": 103, "l2_lambda": 0.008893002110931568, "dropout_rate": 0.4498209126693209, "lr": 0.003350916459857653, "batch_size": 121}