{"out_channels": 23, "kernel_size": 5, "num_blocks": 3, "lstm_hidden_size": 47, "l2_lambda": 0.002831494931634255, "dropout_rate": 0.11769548803501283, "lr": 0.09635223196609771, "batch_size": 59}