{"out_channels": 96, "kernel_size": 4, "num_blocks": 2, "lstm_hidden_size": 56, "l2_lambda": 1.541100916712976e-05, "dropout_rate": 0.3992822862019352, "lr": 0.003863409091558678}