{"out_channels": 39, "kernel_size": 7, "num_blocks": 1, "lstm_hidden_size": 104, "l2_lambda": 0.009701881474923638, "dropout_rate": 0.30053483243306345, "lr": 0.009601431735109956}