{"out_channels": 95, "kernel_size": 5, "num_blocks": 2, "lstm_hidden_size": 99, "l2_lambda": 0.002552623192694368, "dropout_rate": 0.12148601124569258, "lr": 0.0362703819450206, "batch_size": 122}