{"out_channels": 95, "kernel_size": 5, "num_blocks": 2, "lstm_hidden_size": 66, "l2_lambda": 0.00013960495563664663, "dropout_rate": 0.34451887240132073, "lr": 0.05897874670877173}