{"out_channels": 53, "kernel_size": 6, "num_blocks": 2, "lstm_hidden_size": 102, "l2_lambda": 0.009865644343167926, "dropout_rate": 0.28481620171701405, "lr": 0.07095035421349322}