{"out_channels": 122, "kernel_size": 6, "num_blocks": 2, "lstm_hidden_size": 69, "l2_lambda": 0.008101090261662093, "dropout_rate": 0.4816190253263737, "lr": 0.010166723737121698}