{"out_channels": 43, "kernel_size": 3, "num_blocks": 1, "lstm_hidden_size": 115, "l2_lambda": 0.005224936758271709, "dropout_rate": 0.29976423631418203, "lr": 0.06170044844136683, "batch_size": 111}