{"out_channels": 58, "kernel_size": 5, "num_blocks": 3, "lstm_hidden_size": 44, "l2_lambda": 0.004804464841422969, "dropout_rate": 0.24189846081867328, "lr": 0.03346473637590684, "batch_size": 248}