{"sigma": 0.7421466752728207, "lr": 0.00016602368850140097, "l2_lambda": 0.0016914913199274767, "batch_size": 25}