{"sigma": 0.3600682830814298, "lr": 1.015505961215898e-05, "l2_lambda": 0.0021593170783507894, "batch_size": 117}