{"sigma": 0.5188944942935224, "lr": 5.641500519325856e-05, "l2_lambda": 0.0032807034360589054, "batch_size": 31}