{"sigma": 0.1789193257909616, "lr": 0.002995321203928583, "l2_lambda": 0.009562327323009037, "batch_size": 117}