{"sigma": 0.8523113190508089, "lr": 2.688265959606408e-05, "l2_lambda": 0.0062338471797448725, "batch_size": 81}