{"sigma": 0.6409338211464068, "lr": 0.016364970690616744, "l2_lambda": 0.0012917973398572907, "batch_size": 17}