{"sigma": 0.22556669763828335, "lr": 0.0013995457228687337, "l2_lambda": 0.0009633850288341437, "batch_size": 101}