{"sigma": 0.6481222005398856, "lr": 0.00030693465431779377, "l2_lambda": 0.006409678104363705, "batch_size": 27}