{"sigma": 0.6833907300394934, "lr": 0.0598675110750458, "l2_lambda": 0.0024824221252618688, "batch_size": 21}