{"sigma": 0.7874728553996795, "lr": 1.4696465367598049e-05, "l2_lambda": 0.0034536140646174154, "batch_size": 44}