{"sigma": 0.31904075152063266, "lr": 3.0144197425740417e-05, "l2_lambda": 0.00960631991347136, "batch_size": 43}