{"sigma": 0.7869209107644697, "lr": 2.059964447750511e-05, "l2_lambda": 0.007645870558326635, "batch_size": 32}