{"sigma": 0.857109385951707, "lr": 0.010580925975694487, "l2_lambda": 0.0011874289767697837, "batch_size": 65}