{"sigma": 0.5984636719627277, "lr": 1.8797243363674847e-05, "l2_lambda": 0.004265591783269145, "batch_size": 73}