{"sigma": 0.7387600922212773, "lr": 0.013943768830932811, "l2_lambda": 0.001881039813655687, "batch_size": 16}