{"sigma": 0.3781227356006848, "lr": 0.005961708698739563, "l2_lambda": 0.006978926813974877, "batch_size": 51}