{"sigma": 0.7182062851801367, "lr": 0.0034246013300844418, "l2_lambda": 0.004099372891034059, "batch_size": 42}