{"sigma": 0.29098100262743815, "lr": 0.08524358216717813, "l2_lambda": 0.0023492338343577383, "batch_size": 29}