{"sigma": 0.6900972055575805, "lr": 0.04030869820630904, "l2_lambda": 0.008008427310977407, "batch_size": 45}