{"sigma": 0.8871295963166286, "lr": 0.00653658693270982, "l2_lambda": 0.0007359014653649319, "batch_size": 33}