{"sigma": 0.29504744205765465, "lr": 0.0002609340798746043, "l2_lambda": 0.0012197203945335164, "batch_size": 34}