{"sigma": 0.711439519416315, "lr": 1.2139555694726566e-05, "l2_lambda": 0.008819089567708261, "batch_size": 22}