{"sigma": 0.9192004966108983, "lr": 0.00018221653686801778, "l2_lambda": 0.0010487460161070668, "batch_size": 49}