{"sigma": 0.1415027846452701, "lr": 0.08562287953892969, "l2_lambda": 0.006440193475493868, "batch_size": 57}