{"sigma": 0.5403045078627372, "lr": 0.038207773756985156, "l2_lambda": 0.005606461318140991, "batch_size": 22}