{"sigma": 0.4791825722745249, "lr": 0.011635470515767006, "l2_lambda": 0.006501719751001961, "batch_size": 18}