{"sigma": 0.2751115660988437, "lr": 0.044716582460340486, "l2_lambda": 0.0007467285350288696, "batch_size": 28}