{"sigma": 0.3673808727217504, "lr": 0.027133191014422242, "l2_lambda": 0.008064733716583401, "batch_size": 30}