{"sigma": 0.5034124385690454, "lr": 1.8112193912413784e-05, "l2_lambda": 0.007137368687038641, "batch_size": 67}