{"sigma": 0.16700593731772614, "lr": 0.0030026459609084266, "l2_lambda": 0.006603580607487997, "batch_size": 54}