{"sigma": 0.7340061751435276, "lr": 0.0012366217259467216, "l2_lambda": 0.0012153790535281053, "batch_size": 127}