{"sigma": 0.13701056459998406, "lr": 0.00014704288475457327, "l2_lambda": 0.007856022099910187, "batch_size": 20}