{"sigma": 0.6852850976993279, "lr": 0.0015298337967680695, "l2_lambda": 0.0043533188968919, "batch_size": 42}