{"sigma": 0.45559904299734055, "lr": 0.0004954186518317583, "l2_lambda": 0.005817628761416216, "batch_size": 48}