{"sigma": 0.14252083438162308, "lr": 1.9151243927025453e-05, "l2_lambda": 0.006133388773353554, "batch_size": 23}