{"sigma": 0.2638713689129817, "lr": 0.06065760146178643, "l2_lambda": 0.0014482329744461898, "batch_size": 47}