{"sigma": 0.704731577107261, "lr": 0.0003301007544561618, "l2_lambda": 0.008307292015493697, "batch_size": 16}