{"sigma": 0.2983722938650983, "lr": 0.004780020340152332, "l2_lambda": 0.008374451160911662, "batch_size": 68}