{"sigma": 0.04699342687920938, "lr": 0.00017252900767786682, "l2_lambda": 0.004827649482361599, "batch_size": 17}