{"sigma": 0.47569118496255736, "lr": 0.015223113893006771, "l2_lambda": 0.0036176219642917607, "batch_size": 17}