{"sigma": 0.9023708579418447, "lr": 0.00021982289489993405, "l2_lambda": 0.0022355528241388223, "batch_size": 74}