{"sigma": 0.26495555788556485, "lr": 0.00037218534781269306, "l2_lambda": 0.0026566082030277344, "batch_size": 18}