{"sigma": 0.8788328208691948, "lr": 0.09697567085898612, "l2_lambda": 0.005412862731742173, "batch_size": 106}