{"sigma": 0.5009763102802685, "lr": 5.444368150910657e-05, "l2_lambda": 0.006045834693326205, "batch_size": 107}