{"sigma": 0.48504295141495407, "lr": 0.001358066378327725, "l2_lambda": 0.0040764835833393565, "batch_size": 123}