{"sigma": 0.7031692275618234, "lr": 7.803281740201522e-05, "l2_lambda": 0.002380629853380479, "batch_size": 26}