{"sigma": 0.9797730751584356, "lr": 0.022124835075265338, "l2_lambda": 0.0006236570404412323, "batch_size": 56}