{"sigma": 0.4344352862584153, "lr": 0.00042545105476292627, "l2_lambda": 0.002087140953888612, "batch_size": 16}