{"sigma": 0.953091272667431, "lr": 5.417362989922439e-05, "l2_lambda": 0.0060004954768905095, "batch_size": 26}