{"sigma": 0.30083070339590884, "lr": 3.2302292073449075e-05, "l2_lambda": 0.007164517802328267, "batch_size": 33}