{"sigma": 0.5772135366565708, "lr": 2.7441638449422904e-05, "l2_lambda": 0.0019716457474289535, "batch_size": 45}