{"sigma": 0.10515892443480039, "lr": 1.7080420538511718e-05, "l2_lambda": 0.00267445629561464, "batch_size": 20}