{"sigma": 0.11529629761517635, "lr": 8.93545407225348e-05, "l2_lambda": 0.004345618714936143, "batch_size": 102}