{"sigma": 0.9073332895235403, "lr": 6.158946400376614e-05, "l2_lambda": 0.004679349086061843, "batch_size": 25}