{"sigma": 0.7747645577578706, "lr": 0.002424805402772938, "l2_lambda": 0.0011792236797522429, "batch_size": 84}