{"sigma": 0.6425804504757296, "lr": 0.0003483818645321087, "l2_lambda": 0.005808072216444177, "batch_size": 53}