{"sigma": 0.22128994279359848, "lr": 0.0021503296815461007, "l2_lambda": 0.002772683924466964, "batch_size": 29}