{"sigma": 0.42247960298040704, "lr": 0.00032951361612724284, "l2_lambda": 0.005314827958221926, "batch_size": 101}