{"sigma": 0.9998893594150172, "lr": 0.003039333516722314, "l2_lambda": 0.009394531504842889, "batch_size": 107}