{"sigma": 0.5937636161946711, "lr": 0.0005657361306202562, "l2_lambda": 0.007976251927557102, "batch_size": 78}