{"sigma": 0.5682064860739683, "lr": 0.0006374167150096052, "l2_lambda": 0.007407561853363417, "batch_size": 100}