{"sigma": 0.5706152180531205, "lr": 0.001634303157262446, "l2_lambda": 0.007356109089270515, "batch_size": 59}