{"sigma": 0.45843126088971553, "lr": 0.00017454279277099623, "l2_lambda": 0.0022491743246971225, "batch_size": 23}