{"sigma": 0.7993587807528549, "lr": 0.00012520435907524248, "l2_lambda": 0.009900955293443996, "batch_size": 90}