{"sigma": 0.2768682792898199, "lr": 0.007029419082535714, "l2_lambda": 0.007434688482318377, "batch_size": 39}