{"sigma": 0.8653555618502488, "lr": 0.004262223536250073, "l2_lambda": 0.005521967720385277, "batch_size": 52}