{"sigma": 0.2394732909472935, "lr": 0.009443535996619797, "l2_lambda": 0.0022775678822132103, "batch_size": 28}