{"sigma": 0.8403071010763165, "lr": 0.000553624900317467, "l2_lambda": 0.0018752305900440064, "batch_size": 31}