{"sigma": 0.9281375738932892, "lr": 5.238342067589126e-05, "l2_lambda": 0.0021813471697076717, "batch_size": 35}