{"sigma": 0.38610976945237885, "lr": 0.0894923110602402, "l2_lambda": 0.00887093773255813, "batch_size": 81}