{"sigma": 0.13068675502509322, "lr": 0.029544972272471805, "l2_lambda": 1.6694410822632674e-05, "batch_size": 73}