{"sigma": 0.6457805851146307, "lr": 0.00025874954191549914, "l2_lambda": 0.004783813767998212, "batch_size": 32}