{"sigma": 0.8260505836927484, "lr": 0.008799334428907232, "l2_lambda": 0.003621466796319869, "batch_size": 86}