{"sigma": 0.11751774065338716, "lr": 0.05217985467834454, "l2_lambda": 0.0052864696796256355, "batch_size": 16}