{"sigma": 0.7211184026915156, "lr": 3.175627650009868e-05, "l2_lambda": 0.004075258259169331, "batch_size": 118}