{"sigma": 0.4887434223367306, "lr": 5.402856246332334e-05, "l2_lambda": 0.008906979777234219, "batch_size": 16}