{"sigma": 0.7739023258307656, "lr": 1.6034182351183137e-05, "l2_lambda": 0.009034681394522834, "batch_size": 46}