{"sigma": 0.07830304051463624, "lr": 0.00013589101654756208, "l2_lambda": 0.0022370795789399068, "batch_size": 89}