{"sigma": 0.10115077410403622, "lr": 0.00039513198417044453, "l2_lambda": 0.006305144714468548, "batch_size": 54}