{"sigma": 0.2201479055518225, "lr": 0.005754230769379361, "l2_lambda": 0.0013842936379522067, "batch_size": 20}