{"sigma": 0.7625129374176327, "lr": 0.000799070652180081, "l2_lambda": 0.0003321038519095264, "batch_size": 65}