{"sigma": 0.9705002430080658, "lr": 0.000807853915203452, "l2_lambda": 0.009644583261631477, "batch_size": 22}