{"sigma": 0.11029241014824696, "lr": 0.018862044261355446, "l2_lambda": 0.0050967048540078025, "batch_size": 38}