{"sigma": 0.8933892236357776, "lr": 0.0004671016239779342, "l2_lambda": 0.0013549054060649122, "batch_size": 18}