{"sigma": 0.3412674938121436, "lr": 0.005753183666478378, "l2_lambda": 0.008816075120595394, "batch_size": 89}