{"sigma": 0.8141099976847783, "lr": 0.008167767712252463, "l2_lambda": 0.0021655796369384798, "batch_size": 121}