{"sigma": 0.19311871154386262, "lr": 0.0006322223533880171, "l2_lambda": 0.0008832010243098747, "batch_size": 49}