{"sigma": 0.10488568087957872, "lr": 0.0024460792191313523, "l2_lambda": 0.006459999035852326, "batch_size": 22}