{"sigma": 0.9659328005634734, "lr": 0.0913356352315979, "l2_lambda": 0.004358691493591035, "batch_size": 24}