{"sigma": 0.986971101552085, "lr": 0.071743513066403, "l2_lambda": 0.008670064879044405, "batch_size": 90}