{"sigma": 0.6944724901242963, "lr": 7.975336672408134e-05, "l2_lambda": 0.0010788869221046965, "batch_size": 98}