{"sigma": 0.06784750623340761, "lr": 0.0791764820515788, "l2_lambda": 0.008365150803408432, "batch_size": 118}