{"sigma": 0.8313404280965427, "lr": 0.00017169250869717809, "l2_lambda": 0.009451154914204469, "batch_size": 19}