{"sigma": 0.11760752133913442, "lr": 4.693550936883943e-05, "l2_lambda": 0.0026081216198078584, "batch_size": 111}