{"sigma": 0.16509393508468037, "lr": 0.0029056025779781187, "l2_lambda": 0.0040097352529999365, "batch_size": 33}