{"sigma": 0.22462110128749138, "lr": 4.98073099709144e-05, "l2_lambda": 0.0002741576450986901, "batch_size": 33}