{"sigma": 0.3141970864135141, "lr": 2.5726994773651332e-05, "l2_lambda": 0.007801602908823195, "batch_size": 96}