{"sigma": 0.021663900211179237, "lr": 5.972439270213822e-05, "l2_lambda": 0.008061383652791545, "batch_size": 43}