{"sigma": 0.11940609358006825, "lr": 0.0003349473321720543, "l2_lambda": 0.008733438687556735, "batch_size": 56}