{"sigma": 0.24173089278149565, "lr": 0.04424401135822042, "l2_lambda": 0.009375944467886541, "batch_size": 25}