{"sigma": 0.8438491123929228, "lr": 4.702573491464805e-05, "l2_lambda": 0.0007094341809931354, "batch_size": 99}