{"sigma": 0.4924776265561088, "lr": 0.020753777603125592, "l2_lambda": 0.001445828963769639, "batch_size": 121}