{"sigma": 0.48756591013180123, "lr": 0.001361692019873621, "l2_lambda": 0.0045276725466312055, "batch_size": 108}