{"sigma": 0.27817712801763184, "lr": 0.000618911645486399, "l2_lambda": 0.009881214079293826, "batch_size": 31}