{"sigma": 0.7479529700407476, "lr": 1.9831101432695912e-05, "l2_lambda": 0.005182507540230988, "batch_size": 28}