{"sigma": 0.7855726737200001, "lr": 0.0016734955254551023, "l2_lambda": 0.0007245989940407896, "batch_size": 20}