{"sigma": 0.09552879536323013, "lr": 0.09988251729971259, "l2_lambda": 0.007058527739047127, "batch_size": 29}