{"sigma": 0.9168391335576478, "lr": 0.0742342739507841, "l2_lambda": 0.0020215443563228615, "batch_size": 19}