{"sigma": 0.8022888910370914, "lr": 6.949887045668581e-05, "l2_lambda": 0.006548746189913388, "batch_size": 23}