{"sigma": 0.7264822731564043, "lr": 0.0003721658587111369, "l2_lambda": 0.006610780023837533, "batch_size": 42}