{"sigma": 0.0947024420114483, "lr": 2.1219794506904374e-05, "l2_lambda": 0.002109016309126374, "batch_size": 52}