{"sigma": 0.8827237406100025, "lr": 0.02195237061224107, "l2_lambda": 0.0056593925384538024, "batch_size": 19}