{"sigma": 0.9243183095255098, "lr": 1.2560590923557323e-05, "l2_lambda": 0.00234626396446398, "batch_size": 44}