{"sigma": 0.4216747935262287, "lr": 4.498260772772933e-05, "l2_lambda": 0.009032501768644823, "batch_size": 118}