{"sigma": 0.11295467331156844, "lr": 0.0005785538106354858, "l2_lambda": 0.008399781276625835, "batch_size": 30}