{"sigma": 0.6225309008088951, "lr": 4.864720624767423e-05, "l2_lambda": 0.0023969869633910204, "batch_size": 85}