{"sigma": 0.8711104876003181, "lr": 1.5772115345498632e-05, "l2_lambda": 0.004053359481477472, "batch_size": 103}