{"sigma": 0.29785465611889833, "lr": 0.005394490487954258, "l2_lambda": 0.009100223356459188, "batch_size": 34}