{"sigma": 0.4300530820939089, "lr": 2.0752222049327185e-05, "l2_lambda": 0.0034227449077781002, "batch_size": 17}