{"sigma": 0.8545335932567838, "lr": 1.1592470405916516e-05, "l2_lambda": 0.00048342773174499465, "batch_size": 83}