{"sigma": 0.6678327126715609, "lr": 1.5898210408374672e-05, "l2_lambda": 0.008705644576009012, "batch_size": 17}