{"sigma": 0.06407479599510549, "lr": 0.028724277007426, "l2_lambda": 0.007394867540002094, "batch_size": 20}