{"sigma": 0.5591953764592973, "lr": 0.005889430961126189, "l2_lambda": 0.009439051477025073, "batch_size": 99}