{"sigma": 0.7555856966754653, "lr": 8.135724049944656e-05, "l2_lambda": 0.0006599473947086404, "batch_size": 17}