{"sigma": 0.4427822271912414, "lr": 0.000399064165111295, "l2_lambda": 0.009638633731667743, "batch_size": 32}