{"sigma": 0.9278593431538722, "lr": 7.984430893869021e-05, "l2_lambda": 0.00446659987601657, "batch_size": 62}