{"sigma": 0.07384005745960276, "lr": 6.595796312776903e-05, "l2_lambda": 0.00031129461100400433, "batch_size": 100}