{"sigma": 0.6019426400402055, "lr": 0.00019025234284664657, "l2_lambda": 0.002359150459966905, "batch_size": 123}