{"sigma": 0.7343565007816036, "lr": 0.019001153089796385, "l2_lambda": 0.004009668641412346, "batch_size": 36}