{"sigma": 0.5953677143024124, "lr": 0.041826029220347775, "l2_lambda": 0.0027749937793398274, "batch_size": 57}