{"sigma": 0.4093107181545918, "lr": 0.0027058105580735283, "l2_lambda": 0.006648351000923628, "batch_size": 106}