{"sigma": 0.6286420381928032, "lr": 2.9391743374960187e-05, "l2_lambda": 0.00024864334912584867, "batch_size": 78}