{"sigma": 0.2228479420675508, "lr": 0.011112160637884186, "l2_lambda": 0.005787431214905558, "batch_size": 31}