{"sigma": 0.16421188467372125, "lr": 1.0728933330948707e-05, "l2_lambda": 0.003291370842624304, "batch_size": 56}