{"sigma": 0.1632826293430161, "lr": 2.038573159739685e-05, "l2_lambda": 0.0018478215222306358, "batch_size": 33}