{"sigma": 0.6021995746866425, "lr": 0.08818118271417201, "l2_lambda": 0.002843532857356782, "batch_size": 55}