{"sigma": 0.7268386505090003, "lr": 0.0003148511021530876, "l2_lambda": 0.0033579288946398982, "batch_size": 18}