{"sigma": 0.8321593349962512, "lr": 0.00012925908910725353, "l2_lambda": 0.009846540276980804, "batch_size": 81}