{"sigma": 0.5972357893619434, "lr": 0.04503976060382489, "l2_lambda": 0.007108285001735691, "batch_size": 92}