{"sigma": 0.4281353490736463, "lr": 0.01252067050050725, "l2_lambda": 0.005270027828554136, "batch_size": 89}