{"sigma": 0.930342002588571, "lr": 0.0004185777678130964, "l2_lambda": 8.24701669389168e-05, "batch_size": 61}