{"sigma": 0.4435137296958766, "lr": 0.00034142213432967474, "l2_lambda": 0.001957396273422325, "batch_size": 29}