{"sigma": 0.5171692138242032, "lr": 0.035823227005924003, "l2_lambda": 0.00368979200936875, "batch_size": 31}