{"sigma": 0.6649679069838647, "lr": 0.0003920155683623622, "l2_lambda": 0.0003632475804745318, "batch_size": 73}