{"sigma": 0.09394347709769306, "lr": 0.04307390089016993, "l2_lambda": 0.009743096648925033, "batch_size": 61}