{"sigma": 0.6794940993431187, "lr": 1.070314703383077e-05, "l2_lambda": 0.0012407830145035183, "batch_size": 41}