{"sigma": 0.42854934724867005, "lr": 0.0008556663796709864, "l2_lambda": 0.008848965488013916, "batch_size": 82}