{"sigma": 0.4829016996907739, "lr": 0.0029915625904645376, "l2_lambda": 0.009034882216603101, "batch_size": 22}