{"sigma": 0.6194808025021684, "lr": 3.993999640469497e-05, "l2_lambda": 0.0018139401048219805, "batch_size": 55}