{"sigma": 0.6629012971732534, "lr": 3.448159708881262e-05, "l2_lambda": 0.007605560153394214, "batch_size": 17}