{"sigma": 0.5441825867028995, "lr": 0.005754610605666607, "l2_lambda": 0.003054884646928998, "batch_size": 63}