{"sigma": 0.39047718273773624, "lr": 4.5200458653892414e-05, "l2_lambda": 0.009627735496468991, "batch_size": 114}