{"sigma": 0.26410754639058126, "lr": 0.0006712201943365934, "l2_lambda": 0.008811631372636887, "batch_size": 22}