{"sigma": 0.8753910581768138, "lr": 0.013259680016324984, "l2_lambda": 0.004025938232422092, "batch_size": 64}