{"sigma": 0.45223823734483237, "lr": 0.0013000990257394547, "l2_lambda": 0.008436796568381725, "batch_size": 18}