{"sigma": 0.9329564850942808, "lr": 0.004119070831593703, "l2_lambda": 0.008407668025453726, "batch_size": 122}