{"sigma": 0.9033970213580526, "lr": 0.0036737406967325232, "l2_lambda": 0.007006065383185911, "batch_size": 21}