{"sigma": 0.37152586775249086, "lr": 0.0003961230008202793, "l2_lambda": 0.0011017480653870775, "batch_size": 43}