{"sigma": 0.1216021178777826, "lr": 0.04454753687518461, "l2_lambda": 0.005489262037414129, "batch_size": 45}