{"sigma": 0.11269676120617278, "lr": 1.3842242766012597e-05, "l2_lambda": 0.0020125448809341895, "batch_size": 20}