{"sigma": 0.08200774501577916, "lr": 0.00012759801784589241, "l2_lambda": 0.004927604033999487, "batch_size": 75}