{"sigma": 0.7975551638680587, "lr": 2.3136117619327157e-05, "l2_lambda": 0.00274892730034296, "batch_size": 78}