{"sigma": 0.6890199370028418, "lr": 0.03474171520267669, "l2_lambda": 0.0037939550694415735, "batch_size": 26}