{"sigma": 0.7987923626454296, "lr": 0.007041377907919983, "l2_lambda": 0.0022381560153496827, "batch_size": 23}