{"sigma": 0.6826704677275759, "lr": 0.0028312605000363703, "l2_lambda": 0.002187280386960658, "batch_size": 98}