{"sigma": 0.2505278194615174, "lr": 0.02000603587245965, "l2_lambda": 0.0018394347299867878, "batch_size": 16}