{"sigma": 0.1328637861421828, "lr": 0.014078282563053707, "l2_lambda": 0.0037894151912805426, "batch_size": 68}