{"sigma": 0.37017841559827536, "lr": 6.195597835785292e-05, "l2_lambda": 0.004502983469261389, "batch_size": 18}