{"sigma": 0.6308477005716416, "lr": 0.04592423771461257, "l2_lambda": 0.0032930305656991275, "batch_size": 18}