{"sigma": 0.9889094352504054, "lr": 0.06228830738060901, "l2_lambda": 0.00487469997078136, "batch_size": 27}