{"sigma": 0.14216983561686114, "lr": 0.0033140939839178185, "l2_lambda": 0.0061021476670529515, "batch_size": 126}