{"sigma": 0.951537555707065, "lr": 3.6099238639232244e-05, "l2_lambda": 0.0077367069166735455, "batch_size": 33}