{"sigma": 0.5384111938422407, "lr": 0.011340263188141705, "l2_lambda": 0.007368752815003943, "batch_size": 19}