{"sigma": 0.8855013011109992, "lr": 0.005137397169385663, "l2_lambda": 0.005401324104944756, "batch_size": 125}