{"sigma": 0.12276836557873703, "lr": 3.8095699657213486e-05, "l2_lambda": 0.009582060089681708, "batch_size": 24}