{"sigma": 0.9435875037562086, "lr": 0.02626381415698022, "l2_lambda": 0.0045534557221592825, "batch_size": 17}