{"sigma": 0.04452315759592529, "lr": 0.000803462822348404, "l2_lambda": 0.004256751013906156, "batch_size": 26}