{"sigma": 0.7520330867777327, "lr": 0.00937179907923606, "l2_lambda": 0.0013995019810288732, "batch_size": 24}