{"sigma": 0.3090878228033146, "lr": 6.594947366076857e-05, "l2_lambda": 0.008841234420959649, "batch_size": 61}