{"sigma": 0.5167677032813112, "lr": 0.06153102097345023, "l2_lambda": 0.006159440104518909, "batch_size": 34}