{"sigma": 0.91448053630581, "lr": 0.009755945621067475, "l2_lambda": 0.0021864549812252556, "batch_size": 30}