{"sigma": 0.29371795972943743, "lr": 0.0003562823952482118, "l2_lambda": 0.005767077364826929, "batch_size": 59}