{"sigma": 0.07499257310444257, "lr": 0.003119972087279658, "l2_lambda": 0.0003415542333864704, "batch_size": 124}