{"sigma": 0.7525650664656287, "lr": 0.0004344029974245339, "l2_lambda": 0.001804722184508034, "batch_size": 22}