{"sigma": 0.42224651981836137, "lr": 5.601736529571107e-05, "l2_lambda": 0.0005434231575759791, "batch_size": 58}