{"sigma": 0.3406600527813142, "lr": 6.86486792209262e-05, "l2_lambda": 0.004257832532154002, "batch_size": 55}