{"sigma": 0.28043267499757835, "lr": 0.015080991674858978, "l2_lambda": 0.0030683805191474645, "batch_size": 22}