{"sigma": 0.9319837401051356, "lr": 4.3818845961017566e-05, "l2_lambda": 0.00281390416388704, "batch_size": 57}