{"sigma": 0.570326813358708, "lr": 0.005145815384561734, "l2_lambda": 0.001436279679954943, "batch_size": 125}