{"sigma": 0.9073404128745844, "lr": 5.544035784903937e-05, "l2_lambda": 0.0014296990846791226, "batch_size": 26}