{"sigma": 0.19417276016231422, "lr": 0.0003959363733134208, "l2_lambda": 0.0005167899683221729, "batch_size": 33}