{"sigma": 0.6044382501847599, "lr": 1.041906600795956e-05, "l2_lambda": 0.003909072220931851, "batch_size": 117}