{"sigma": 0.4838943524395716, "lr": 1.9970820383042922e-05, "l2_lambda": 0.0005660535529552013, "batch_size": 60}