{"sigma": 0.636206732550711, "lr": 0.0522228868365056, "l2_lambda": 0.007479449600365576, "batch_size": 46}