{"sigma": 0.29346201124273935, "lr": 0.03195832694380038, "l2_lambda": 0.009943738140769768, "batch_size": 82}