{"sigma": 0.9051795191079074, "lr": 0.0001077453711693982, "l2_lambda": 0.008402114873243504, "batch_size": 18}