{"sigma": 0.7590025546781642, "lr": 0.0022393079894183544, "l2_lambda": 0.004503226621348667, "batch_size": 85}