{"sigma": 0.7498389572425479, "lr": 6.634627049304691e-05, "l2_lambda": 0.005167667767894546, "batch_size": 18}