{"sigma": 0.31603490954448743, "lr": 0.0006252226988468611, "l2_lambda": 0.0006438621715626608, "batch_size": 20}