{"sigma": 0.8270666592984148, "lr": 0.0001358962063031719, "l2_lambda": 0.0018370896589801457, "batch_size": 119}