{"sigma": 0.7646831094231249, "lr": 0.0017485794601085128, "l2_lambda": 0.0018025902345212542, "batch_size": 28}