{"sigma": 0.3450728636724093, "lr": 3.932698395864951e-05, "l2_lambda": 0.001233100597571719, "batch_size": 86}