{"sigma": 0.08789725248265282, "lr": 0.00042277578118707365, "l2_lambda": 0.0029998605240839707, "batch_size": 70}