{"sigma": 0.698354891553712, "lr": 0.0018733578261444857, "l2_lambda": 0.003020787351228289, "batch_size": 92}