{"sigma": 0.6899968408977506, "lr": 0.001119172367892864, "l2_lambda": 0.004088156718858984, "batch_size": 22}