{"sigma": 0.7947102338807426, "lr": 3.18811515408017e-05, "l2_lambda": 0.0012883571047550971, "batch_size": 22}