{"sigma": 0.06601028907524772, "lr": 0.09081076354231375, "l2_lambda": 0.0020523062353300947, "batch_size": 20}