{"sigma": 0.6408690529101835, "lr": 0.0003855398889387672, "l2_lambda": 0.0034851661790390336, "batch_size": 28}