{"sigma": 0.3411970482843729, "lr": 0.005182701691485868, "l2_lambda": 0.002673487062545094, "batch_size": 49}