{"sigma": 0.5091485752674825, "lr": 9.826175102706243e-05, "l2_lambda": 0.008207621213058045, "batch_size": 16}