{"sigma": 0.8848400106959164, "lr": 0.0015810237435218864, "l2_lambda": 0.0018976988419147811, "batch_size": 17}