{"sigma": 0.31120589388241027, "lr": 0.0005313448258457364, "l2_lambda": 0.0008814523119187898, "batch_size": 18}