{"sigma": 0.7987056907023649, "lr": 0.0011591686122653393, "l2_lambda": 0.005422897986343769, "batch_size": 21}