{"sigma": 0.4965535812705317, "lr": 5.8536833712485574e-05, "l2_lambda": 0.002774325691781882, "batch_size": 101}