{"sigma": 0.27909119502593827, "lr": 0.07344686828477394, "l2_lambda": 0.003748951932296723, "batch_size": 68}