{"sigma": 0.20779444713942796, "lr": 0.0004424163678447959, "l2_lambda": 0.0011125484394014131, "batch_size": 113}