{"sigma": 0.8842010347746625, "lr": 2.0275303512807855e-05, "l2_lambda": 0.008496175414933827, "batch_size": 22}