{"sigma": 0.7403209700568085, "lr": 0.011587449283416179, "l2_lambda": 0.008259642861691353, "batch_size": 25}