{"sigma": 0.03939034639432201, "lr": 0.0031088069832540806, "l2_lambda": 0.0033075962677823925, "batch_size": 30}