{"sigma": 0.9949469481632249, "lr": 0.03692681028925579, "l2_lambda": 0.0020067592520111887, "batch_size": 36}