{"sigma": 0.3178029785197595, "lr": 0.005454598634258663, "l2_lambda": 0.0018693200183235014, "batch_size": 33}