{"sigma": 0.81774057746235, "lr": 0.0922934815915632, "l2_lambda": 0.008741290667865352, "batch_size": 36}