{"sigma": 0.6101517343491947, "lr": 6.373646178251132e-05, "l2_lambda": 0.007372880251285311, "batch_size": 33}