{"sigma": 0.7309410997594136, "lr": 0.018028486433854015, "l2_lambda": 0.007979434413913175, "batch_size": 22}