{"sigma": 0.27830459296575677, "lr": 3.7038548142683675e-05, "l2_lambda": 0.008116154136186115, "batch_size": 25}