{"sigma": 0.7652972469172664, "lr": 0.006325243281376091, "l2_lambda": 0.007032319657240717, "batch_size": 50}