{"sigma": 0.30312967405907565, "lr": 0.0029854393841576387, "l2_lambda": 0.0015837015088285373, "batch_size": 23}