{"sigma": 0.9740526835070343, "lr": 0.0013827387704998446, "l2_lambda": 0.002801756793045727, "batch_size": 43}