{"sigma": 0.08682839146856793, "lr": 0.004911794388274228, "l2_lambda": 0.008377491472821033, "batch_size": 86}