{"sigma": 0.8325284562245718, "lr": 3.837341348591014e-05, "l2_lambda": 0.0025154000737964456, "batch_size": 30}