{"sigma": 0.03259211312321178, "lr": 0.05009170324440986, "l2_lambda": 0.009542283794549028, "batch_size": 51}