{"sigma": 0.16134327367256418, "lr": 4.519947173569168e-05, "l2_lambda": 0.0065735139108680654, "batch_size": 93}