{"sigma": 0.20781215117771257, "lr": 1.4127424034136522e-05, "l2_lambda": 0.0035847241420785166, "batch_size": 61}