{"sigma": 0.12972503164079366, "lr": 0.007583688648695723, "l2_lambda": 0.0038285838996748494, "batch_size": 44}