{"sigma": 0.13499147017334226, "lr": 0.008074436063868947, "l2_lambda": 0.006282956637536577, "batch_size": 32}