{"sigma": 0.43923169820314517, "lr": 0.000502161318110115, "l2_lambda": 0.0011314433712020515, "batch_size": 29}