{"sigma": 0.43965770895041145, "lr": 0.0008193492043473648, "l2_lambda": 0.0006045103588798835, "batch_size": 22}