{"sigma": 0.953862956025411, "lr": 0.000755171276853131, "l2_lambda": 0.0029550639035914573, "batch_size": 55}