{"sigma": 0.06138706852139353, "lr": 0.006537318508806289, "l2_lambda": 0.005743747603268426, "batch_size": 51}