{"sigma": 0.23420177025879968, "lr": 0.00028172965660126445, "l2_lambda": 0.0026428592933086053, "batch_size": 25}