{"sigma": 0.5831083143781955, "lr": 0.0017073930022877784, "l2_lambda": 0.005810502249765633, "batch_size": 52}