{"sigma": 0.29225329948032536, "lr": 0.010098182894447177, "l2_lambda": 0.00034414406934368976, "batch_size": 45}