{"sigma": 0.46166504059626634, "lr": 0.009326414654181542, "l2_lambda": 0.0025457185692304156, "batch_size": 22}