{"sigma": 0.8592575332392923, "lr": 0.0012442504183644398, "l2_lambda": 0.0013334827026168761, "batch_size": 67}