{"sigma": 0.4022586114573666, "lr": 5.972899784529191e-05, "l2_lambda": 0.003272472079212147, "batch_size": 17}