{"sigma": 0.45472027793285147, "lr": 7.51360418781312e-05, "l2_lambda": 0.0018515296278152473, "batch_size": 67}