{"sigma": 0.44411150426608614, "lr": 4.3508311099242834e-05, "l2_lambda": 0.0034456851633932572, "batch_size": 24}