{"sigma": 0.05743947177615872, "lr": 0.00013622080939386583, "l2_lambda": 0.0011558257475460232, "batch_size": 86}