{"sigma": 0.36839413484799727, "lr": 0.00021406861941552648, "l2_lambda": 0.0024554298136353022, "batch_size": 32}