{"sigma": 0.13954711780814735, "lr": 0.022563003974832022, "l2_lambda": 0.008375149905984466, "batch_size": 24}