{"sigma": 0.13326817691698845, "lr": 0.08120788041359474, "l2_lambda": 0.006277842380488899, "batch_size": 96}