{"sigma": 0.35685600357587305, "lr": 0.00019355918053367275, "l2_lambda": 0.0028376519180520654, "batch_size": 33}