{"sigma": 0.9948950814269767, "lr": 0.0004620593903441147, "l2_lambda": 0.0031788201470334147, "batch_size": 97}