{"sigma": 0.19561565975134346, "lr": 0.0004374262042620866, "l2_lambda": 0.0007370147292844447, "batch_size": 25}