{"sigma": 0.5959539899139662, "lr": 3.949654211405247e-05, "l2_lambda": 0.003943002995654206, "batch_size": 26}