{"sigma": 0.29940116378429676, "lr": 0.02576853001376271, "l2_lambda": 0.0076834412086051185, "batch_size": 93}