{"sigma": 0.5922717715691396, "lr": 0.0060402130994488675, "l2_lambda": 0.0039565585157342485, "batch_size": 30}