{"sigma": 0.19547654090775382, "lr": 5.513203059676035e-05, "l2_lambda": 0.003909599928439789, "batch_size": 19}