{"sigma": 0.8099885947050893, "lr": 0.0006506136860871781, "l2_lambda": 0.003627882267608898, "batch_size": 19}