{"sigma": 0.849693295244946, "lr": 0.09964421454719101, "l2_lambda": 0.0032650034930624874, "batch_size": 28}