{"n_estimators": 919, "max_depth": 10, "learning_rate": 0.06864585395196271, "subsample": 0.8290434024052147, "colsample_bytree": 0.6834036099929869, "gamma": 4.820625048953078, "lambda": 0.86898987655024, "alpha": 0.9803434748997648}