{"n_estimators": 522, "max_depth": 3, "learning_rate": 0.08645601350429771, "subsample": 0.944237877310132, "colsample_bytree": 0.7679617435659508, "gamma": 2.900821186548067, "lambda": 3.8168670037875396e-06, "alpha": 2.4086849231980486e-05}