{"n_estimators": 584, "max_depth": 8, "learning_rate": 0.030309377282626573, "subsample": 0.8374591296558732, "colsample_bytree": 0.6379510809389625, "gamma": 2.9757001621915684, "lambda": 2.1627592794118093e-06, "alpha": 0.031991199582752115}