{"n_estimators": 941, "max_depth": 5, "learning_rate": 0.2551019566687931, "subsample": 0.5835297013430716, "colsample_bytree": 0.5883599847278993, "gamma": 3.5677838156525095, "lambda": 1.0958420878108562e-06, "alpha": 0.0005800378819661857}