{"n_estimators": 433, "max_depth": 4, "learning_rate": 0.11648257095427822, "subsample": 0.5738055079180043, "colsample_bytree": 0.6598529381896598, "gamma": 4.121983125327708, "lambda": 9.860274063507362e-06, "alpha": 0.13075704221247708}