{"n_estimators": 295, "max_depth": 8, "learning_rate": 0.2962833492172171, "subsample": 0.6035161663059153, "colsample_bytree": 0.7338805143900369, "gamma": 1.7864317644938974, "lambda": 0.04597628298190671, "alpha": 1.1516197121468634e-08}