{"n_estimators": 226, "max_depth": 8, "learning_rate": 0.022489155596258352, "subsample": 0.9402729312211647, "colsample_bytree": 0.6006699575524481, "gamma": 2.9612552277230577, "lambda": 0.0008266816774315333, "alpha": 0.00018552060777670798}