{"n_estimators": 705, "max_depth": 8, "learning_rate": 0.13507110856669116, "subsample": 0.8245278106802796, "colsample_bytree": 0.9421298986915356, "gamma": 0.34029793201037417, "lambda": 0.26034904739513726, "alpha": 7.990720955933313e-06}