{"n_estimators": 406, "max_depth": 6, "learning_rate": 0.08394129268932295, "subsample": 0.866843608916679, "colsample_bytree": 0.765003712965619, "gamma": 2.3147615264339425, "lambda": 0.002590606205254472, "alpha": 1.4024518694113583e-07}