{"n_estimators": 703, "max_depth": 7, "learning_rate": 0.25890913889847705, "subsample": 0.9008415392575253, "colsample_bytree": 0.9211513293808373, "gamma": 3.2215732842092786, "lambda": 1.3675963271060572e-05, "alpha": 0.04329234592697976}