{"n_estimators": 878, "max_depth": 4, "learning_rate": 0.09457176664084149, "subsample": 0.749002879750067, "colsample_bytree": 0.7455870345949214, "gamma": 3.8737886894722853, "lambda": 0.01238339027243189, "alpha": 5.862411593149966e-06}