{"n_estimators": 937, "max_depth": 4, "learning_rate": 0.16838126514811286, "subsample": 0.6167684194137395, "colsample_bytree": 0.9002056506321117, "gamma": 1.5886844046924258, "lambda": 0.00014890456387311516, "alpha": 3.9266228708903595e-05}