{"n_estimators": 969, "max_depth": 8, "learning_rate": 0.0951534170315014, "subsample": 0.6020299114002088, "colsample_bytree": 0.6336829972127092, "gamma": 0.02639447742227219, "lambda": 0.005424033885866779, "alpha": 0.6337372788484845}