{"n_estimators": 289, "max_depth": 7, "learning_rate": 0.14855492463876355, "subsample": 0.777715984662933, "colsample_bytree": 0.9065375974857002, "gamma": 4.486479356646436, "lambda": 0.03923777457030685, "alpha": 7.01654771765176e-07}