{"n_estimators": 775, "max_depth": 10, "learning_rate": 0.17392977167793225, "subsample": 0.5798801667427917, "colsample_bytree": 0.6500527090910719, "gamma": 3.249474418878276, "lambda": 0.019812762744606055, "alpha": 2.7587673906673453e-06}