{"n_estimators": 309, "max_depth": 10, "learning_rate": 0.16155013481511832, "subsample": 0.9853631175233342, "colsample_bytree": 0.8507101290841496, "gamma": 0.1840045232977221, "lambda": 0.0010818820896585828, "alpha": 0.7360474081182983}