{"n_estimators": 910, "max_depth": 3, "learning_rate": 0.24045545605316973, "subsample": 0.6275307038737729, "colsample_bytree": 0.5136243925602029, "gamma": 0.658059070145629, "lambda": 0.055524580387884465, "alpha": 0.032636510245968045}