{"n_estimators": 153, "max_depth": 4, "learning_rate": 0.07412722716887638, "subsample": 0.5774290285995631, "colsample_bytree": 0.7734426436328704, "gamma": 4.101921982962886, "lambda": 0.006913698231729991, "alpha": 9.376715679248147e-06}