{"n_estimators": 434, "max_depth": 5, "learning_rate": 0.1250863850735974, "subsample": 0.8195434809910066, "colsample_bytree": 0.7225405394846218, "gamma": 3.0064684889735, "lambda": 8.240329219150025e-06, "alpha": 0.01651376716939212}