{"n_estimators": 785, "max_depth": 5, "learning_rate": 0.10930502366827113, "subsample": 0.9215642182070609, "colsample_bytree": 0.9652899947184598, "gamma": 4.4977728620319954, "lambda": 8.629812326650945e-07, "alpha": 9.99748461052422e-06}