{"n_estimators": 251, "max_depth": 7, "learning_rate": 0.2130943856778952, "subsample": 0.7816044045976349, "colsample_bytree": 0.603979365269883, "gamma": 1.513860965767345, "lambda": 4.305121886694999e-06, "alpha": 1.993546173117866e-05}