{"n_estimators": 611, "max_depth": 7, "learning_rate": 0.06434278307406523, "subsample": 0.8897248065995235, "colsample_bytree": 0.8689892375223149, "gamma": 4.966804969785291, "lambda": 0.06122006803694972, "alpha": 0.000741613740857844}