{"n_estimators": 562, "max_depth": 9, "learning_rate": 0.1798603454836653, "subsample": 0.8286480264228417, "colsample_bytree": 0.9257148584494225, "gamma": 1.812685904530388, "lambda": 0.0015668476254965282, "alpha": 0.40373473020461204}