{"n_estimators": 734, "max_depth": 3, "learning_rate": 0.20728322614192202, "subsample": 0.9174326832416964, "colsample_bytree": 0.9726421077811633, "gamma": 2.4940891745760267, "lambda": 0.00024076185831843456, "alpha": 0.03608332404546434}