{"n_estimators": 778, "max_depth": 6, "learning_rate": 0.2454606910626478, "subsample": 0.6203738739979197, "colsample_bytree": 0.7333707155581909, "gamma": 3.0297421970471983, "lambda": 0.002476631418047691, "alpha": 0.0004111405439473348}