{"n_estimators": 399, "max_depth": 6, "learning_rate": 0.24228792465942123, "subsample": 0.7078205947866759, "colsample_bytree": 0.6296490080331912, "gamma": 1.1182370137469573, "lambda": 0.0034150749883907145, "alpha": 3.260642703830874e-08}