{"sequence_length": 2, "hidden_size": 19, "num_layers": 1, "num_blocks": 3, "dropout_rate": 0.3815988692687873, "lr": 0.09259424254139544, "batch_size": 69, "l2_lambda": 0.003004916156539169}