{"sequence_length": 5, "hidden_size": 85, "num_layers": 3, "num_blocks": 3, "dropout_rate": 0.44231144298282243, "lr": 0.03375673722052983, "batch_size": 210, "l2_lambda": 0.007925419771945398}