{"sequence_length": 7, "hidden_size": 88, "num_layers": 3, "num_blocks": 1, "dropout_rate": 0.1711364688359837, "lr": 0.015401331337179738, "batch_size": 87, "l2_lambda": 0.005671856160247304}