{"sequence_length": 8, "hidden_size": 60, "num_layers": 2, "num_blocks": 3, "dropout_rate": 0.3008105498468583, "lr": 0.0924064754194319, "batch_size": 195, "l2_lambda": 0.00577516168241109}