{"sequence_length": 12, "hidden_size": 114, "num_layers": 2, "num_blocks": 3, "dropout_rate": 0.12906503110842818, "lr": 0.0626901059122266, "batch_size": 160, "l2_lambda": 0.008357282233914949}