{"sequence_length": 21, "hidden_size": 110, "num_layers": 2, "num_blocks": 2, "dropout_rate": 0.4093525861506432, "lr": 0.03330840767590738, "batch_size": 89, "l2_lambda": 0.002667029919872402}