{"sequence_length": 11, "hidden_size": 113, "num_layers": 2, "num_blocks": 1, "dropout_rate": 0.4233050791125692, "lr": 0.050382592897798256, "batch_size": 37, "l2_lambda": 0.00978145760789772}