{"sequence_length": 2, "hidden_size": 107, "num_layers": 2, "num_blocks": 3, "dropout_rate": 0.34152961781311386, "lr": 0.0774366476753275, "batch_size": 185, "l2_lambda": 0.00495494261724356}