{"sequence_length": 30, "hidden_size": 104, "num_layers": 1, "num_blocks": 3, "dropout_rate": 0.43695960756878693, "lr": 0.0732427175319475, "batch_size": 159, "l2_lambda": 0.009162010121973787}