{"sequence_length": 8, "hidden_size": 28, "num_layers": 1, "num_blocks": 3, "dropout_rate": 0.4866673796955905, "lr": 0.012422230676270891, "batch_size": 26, "l2_lambda": 0.00400481051901236}