{"sequence_length": 20, "hidden_size": 95, "num_layers": 3, "num_blocks": 2, "dropout_rate": 0.3489709938522206, "lr": 0.02199167657662705, "batch_size": 55, "l2_lambda": 0.007546114600818507}