{"sequence_length": 28, "hidden_size": 32, "num_layers": 2, "num_blocks": 2, "dropout_rate": 0.4202232078995016, "lr": 0.09267674755154809, "batch_size": 105, "l2_lambda": 0.005057114889572865}