{"sequence_length": 22, "hidden_size": 100, "num_layers": 1, "num_blocks": 3, "dropout_rate": 0.36506495828215113, "lr": 0.01750661894407857, "batch_size": 107, "l2_lambda": 0.007701874821908324}