{"sequence_length": 7, "hidden_size": 92, "num_layers": 2, "num_blocks": 3, "dropout_rate": 0.29372601729233894, "lr": 0.03054188331988846, "batch_size": 75, "l2_lambda": 0.0023526093312399472}