{"sequence_length": 7, "hidden_size": 118, "num_layers": 2, "num_blocks": 3, "dropout_rate": 0.354970086522835, "lr": 0.0077029684695983595, "batch_size": 76, "l2_lambda": 0.0026120140027954034}