{"sequence_length": 29, "hidden_size": 61, "num_layers": 3, "num_blocks": 2, "dropout_rate": 0.37787000911222046, "lr": 0.057037755807593994, "batch_size": 57, "l2_lambda": 0.0071278559058180245}