{"sequence_length": 25, "hidden_size": 106, "num_layers": 3, "num_blocks": 2, "dropout_rate": 0.2730863704422855, "lr": 0.04336901218770731, "batch_size": 246, "l2_lambda": 0.00394866556893849}