{"sequence_length": 24, "hidden_size": 91, "num_layers": 3, "num_blocks": 1, "dropout_rate": 0.16869358298901155, "lr": 0.006381010138196738, "batch_size": 155, "l2_lambda": 0.0011016580725705294}