{"sequence_length": 10, "hidden_size": 19, "num_layers": 3, "num_blocks": 3, "dropout_rate": 0.17430837999634555, "lr": 0.017535012063030292, "batch_size": 39, "l2_lambda": 0.0039575731353047846}