{"sequence_length": 10, "hidden_size": 68, "num_layers": 2, "num_blocks": 3, "dropout_rate": 0.28059301484970656, "lr": 0.06600599995687378, "batch_size": 132, "l2_lambda": 0.004902064168912807}