{"sequence_length": 4, "hidden_size": 115, "num_layers": 2, "num_blocks": 1, "dropout_rate": 0.2673322668207928, "lr": 0.08785592839038388, "batch_size": 80, "l2_lambda": 0.0011559433015013974}