{"sequence_length": 14, "hidden_size": 100, "num_layers": 3, "num_blocks": 2, "dropout_rate": 0.42487090257378946, "lr": 0.09137329104804412, "batch_size": 101, "l2_lambda": 0.0008348337016696866}