{"sequence_length": 26, "hidden_size": 65, "num_layers": 2, "num_blocks": 2, "dropout_rate": 0.23576135164035544, "lr": 0.04675512195233539, "batch_size": 54, "l2_lambda": 0.00552555439522256}