{"sequence_length": 27, "hidden_size": 57, "num_layers": 2, "num_blocks": 3, "dropout_rate": 0.4592593095732248, "lr": 0.05530748933515735, "batch_size": 209, "l2_lambda": 0.007466239771996615}