{"sequence_length": 14, "hidden_size": 65, "num_layers": 3, "num_blocks": 1, "dropout_rate": 0.3306764131750549, "lr": 0.05455570929806972, "batch_size": 118, "l2_lambda": 0.001410878922255577}