{"sequence_length": 25, "hidden_size": 105, "num_layers": 2, "num_blocks": 3, "dropout_rate": 0.45081397430978853, "lr": 0.009133570717785006, "batch_size": 93, "l2_lambda": 0.008821810915700343}