{"sequence_length": 10, "hidden_size": 41, "num_layers": 3, "num_blocks": 3, "dropout_rate": 0.3500189665318929, "lr": 0.04097231339904149, "batch_size": 159, "l2_lambda": 0.003451521105433743}