{"sequence_length": 14, "hidden_size": 111, "num_layers": 1, "num_blocks": 1, "dropout_rate": 0.23858595668611984, "lr": 0.037940848899302805, "batch_size": 193, "l2_lambda": 0.003173141650649443}