{"sequence_length": 6, "hidden_size": 31, "num_layers": 1, "num_blocks": 1, "dropout_rate": 0.12235323285317486, "lr": 0.09579643679017259, "batch_size": 51, "l2_lambda": 0.009392629239925449}