{"sequence_length": 26, "hidden_size": 23, "num_layers": 1, "num_blocks": 3, "dropout_rate": 0.18655581913632033, "lr": 0.07785676579168806, "batch_size": 22, "l2_lambda": 0.007805302763734445}