{"sequence_length": 9, "hidden_size": 100, "num_layers": 2, "num_blocks": 3, "dropout_rate": 0.4192285282781689, "lr": 0.0683325231030265, "batch_size": 233, "l2_lambda": 0.00827242928819817}