{"sequence_length": 17, "hidden_size": 50, "num_layers": 3, "num_blocks": 1, "dropout_rate": 0.2539588424607431, "lr": 0.03051212254645876, "batch_size": 39, "l2_lambda": 0.009372812769212981}