{"sequence_length": 24, "hidden_size": 108, "num_layers": 1, "num_blocks": 1, "dropout_rate": 0.14023936098509823, "lr": 0.05480633451667719, "batch_size": 158, "l2_lambda": 0.0024179954051717838}