{"sequence_length": 17, "hidden_size": 63, "num_layers": 1, "num_blocks": 2, "dropout_rate": 0.1460148705002572, "lr": 0.05929379396654256, "batch_size": 211, "l2_lambda": 0.003919995490421418}