{"sequence_length": 29, "hidden_size": 42, "num_layers": 2, "num_blocks": 1, "dropout_rate": 0.3574504865024468, "lr": 0.07332480118966989, "batch_size": 210, "l2_lambda": 0.006577779243135967}