{"sequence_length": 13, "hidden_size": 110, "num_layers": 3, "num_blocks": 3, "dropout_rate": 0.42729902386686336, "lr": 0.035516606413191154, "batch_size": 230, "l2_lambda": 0.0005200941699764809}