{"sequence_length": 7, "hidden_size": 47, "num_layers": 2, "num_blocks": 3, "dropout_rate": 0.29747878094950964, "lr": 0.07076500013010194, "batch_size": 204, "l2_lambda": 0.00824922886036072}