{"sequence_length": 28, "hidden_size": 56, "num_layers": 1, "num_blocks": 3, "dropout_rate": 0.2354043592252667, "lr": 0.05241190093459495, "batch_size": 207, "l2_lambda": 0.00825082702298358}