{"sequence_length": 12, "hidden_size": 88, "num_layers": 2, "num_blocks": 3, "dropout_rate": 0.4083019410465857, "lr": 0.012453289842303572, "batch_size": 188, "l2_lambda": 0.00829658658771319}