{"sequence_length": 14, "hidden_size": 42, "num_layers": 3, "num_blocks": 2, "dropout_rate": 0.3409083120401249, "lr": 0.0031624434602391597, "batch_size": 229, "l2_lambda": 0.007924865490823883}