{"sequence_length": 17, "hidden_size": 89, "num_layers": 2, "num_blocks": 1, "dropout_rate": 0.15266091248325264, "lr": 0.024389825807046607, "batch_size": 217, "l2_lambda": 0.005222095369151667}