{"sequence_length": 10, "hidden_size": 123, "num_layers": 1, "num_blocks": 3, "dropout_rate": 0.34968978107679055, "lr": 0.08039256381732544, "batch_size": 217, "l2_lambda": 0.005127699795035935}