{"sequence_length": 10, "hidden_size": 108, "num_layers": 1, "num_blocks": 1, "dropout_rate": 0.4192170935228138, "lr": 0.014475511895896643, "batch_size": 148, "l2_lambda": 0.008548755819558603}