{"sigma": 0.040142334424423165, "lr": 0.004128667306955216, "l2_lambda": 0.007639636937669925, "batch_size": 32}