{"sigma": 0.5761505695663832, "lr": 0.010798510607422707, "l2_lambda": 0.0036422408113537786, "batch_size": 16}