{"sigma": 0.41683493146684897, "lr": 6.456894645891006e-05, "l2_lambda": 0.0037010891240835822, "batch_size": 44}