{"sigma": 0.14280498827747334, "lr": 5.480597120959029e-05, "l2_lambda": 0.004345467176253933, "batch_size": 16}