{"sigma": 0.7853786230987551, "lr": 0.002400886538316214, "l2_lambda": 0.0004851393687243379, "batch_size": 26}