{"sigma": 0.9379937828304724, "lr": 0.016698378071502717, "l2_lambda": 0.009855645860433018, "batch_size": 16}