{"sigma": 0.14082675526628774, "lr": 0.013745799822467236, "l2_lambda": 0.0019216306162041666, "batch_size": 82}