{"sigma": 0.1925358005034488, "lr": 1.549017921161611e-05, "l2_lambda": 0.008371997173713544, "batch_size": 55}