{"sigma": 0.9440565634712967, "lr": 0.004163597295138644, "l2_lambda": 2.5622357999102977e-05, "batch_size": 126}