{"sigma": 0.4496668793166518, "lr": 9.419938713253005e-05, "l2_lambda": 0.0018439102137484291, "batch_size": 16}