{"sigma": 0.22310132888581696, "lr": 3.341259743940475e-05, "l2_lambda": 0.00019485754083491393, "batch_size": 27}