{"sigma": 0.38703662144638223, "lr": 1.571130572714931e-05, "l2_lambda": 0.008460705328335354, "batch_size": 104}