{"sigma": 0.5994642150697091, "lr": 0.000676107389280254, "l2_lambda": 0.008092401586850415, "batch_size": 31}