{"sigma": 0.9961957104826444, "lr": 0.011529551460212381, "l2_lambda": 0.0011206867653123069, "batch_size": 95}