{"sigma": 0.010630175639500763, "lr": 0.0030788636382036378, "l2_lambda": 0.004033874541237561, "batch_size": 113}