{"sigma": 0.6303107278739282, "lr": 4.9202058827622e-05, "l2_lambda": 0.004158860063421335, "batch_size": 99}