{"sigma": 0.3110718791666442, "lr": 0.0019203784147262268, "l2_lambda": 0.009790036141628473, "batch_size": 47}