{"sigma": 0.12496520750356659, "lr": 0.0010073234686584689, "l2_lambda": 0.003007077219788941, "batch_size": 26}