{"sigma": 0.2788168007006547, "lr": 7.988653754308298e-05, "l2_lambda": 0.00013801896969670158, "batch_size": 68}