{"sigma": 0.3203416222599546, "lr": 0.03663969433587965, "l2_lambda": 0.007418737918449767, "batch_size": 50}