{"sigma": 0.7125230176821004, "lr": 4.028476098070833e-05, "l2_lambda": 0.0027415383413939656, "batch_size": 16}