{"sigma": 0.9735278196242794, "lr": 0.001792374055151296, "l2_lambda": 0.002346045042301893, "batch_size": 31}