{"sigma": 0.8973121809353874, "lr": 0.024749144070180563, "l2_lambda": 0.0005670689930253758, "batch_size": 37}