{"sigma": 0.8810244145949094, "lr": 0.055749777474258716, "l2_lambda": 0.0060287375123070095, "batch_size": 55}