{"sigma": 0.07796909362756743, "lr": 0.009709558536921112, "l2_lambda": 0.0035699469373751337, "batch_size": 16}