{"sigma": 0.545870884512001, "lr": 0.009127718166116633, "l2_lambda": 0.005256474700462805, "batch_size": 126}