{"sigma": 0.5499337289184167, "lr": 0.0008061175819791256, "l2_lambda": 0.009829539508580605, "batch_size": 70}