{"sigma": 0.19136345913608702, "lr": 0.00013314692058305258, "l2_lambda": 0.0062795105182574225, "batch_size": 70}