{"sigma": 0.861527132781193, "lr": 0.0011242866465204393, "l2_lambda": 0.0002503451433171604, "batch_size": 93}