{"sigma": 0.40828999957872103, "lr": 0.02008422456810403, "l2_lambda": 0.005197771980074191, "batch_size": 88}