{"sigma": 0.6379985627756461, "lr": 0.005877690379408235, "l2_lambda": 0.004162649238971601, "batch_size": 43}