{"sigma": 0.41795499261182784, "lr": 0.0017353820762512418, "l2_lambda": 0.007378598950699108, "batch_size": 33}