{"sigma": 0.5772816928442663, "lr": 0.0018479551987962669, "l2_lambda": 0.008323678832106178, "batch_size": 116}