{"sigma": 0.4175861650289895, "lr": 0.0005983300932082968, "l2_lambda": 0.009157681720582367, "batch_size": 67}