{"sigma": 0.33994343923983633, "lr": 7.430132474132531e-05, "l2_lambda": 0.009635554027848351, "batch_size": 43}