{"sigma": 0.7147030471392231, "lr": 5.886906747603974e-05, "l2_lambda": 0.009419262755823948, "batch_size": 81}