{"sigma": 0.46405342184445375, "lr": 0.0009452251750738746, "l2_lambda": 0.0011491379194830357, "batch_size": 30}