{"sigma": 0.7213663232230676, "lr": 0.016392398632029962, "l2_lambda": 0.005513234659670588, "batch_size": 20}