{"sigma": 0.9329812134691288, "lr": 0.000964244739660105, "l2_lambda": 0.007322239494970785, "batch_size": 41}