{"sigma": 0.16122583822787284, "lr": 0.009626548943967089, "l2_lambda": 0.0009766841025945782, "batch_size": 37}