{"sigma": 0.7163054672316103, "lr": 6.544219352918451e-05, "l2_lambda": 0.00788977027910073, "batch_size": 17}