{"sigma": 0.1894394259047023, "lr": 0.0003723359760764046, "l2_lambda": 0.002186351521094666, "batch_size": 72}