{"sigma": 0.08784381819505273, "lr": 1.2716695043898878e-05, "l2_lambda": 0.002473346352893723, "batch_size": 92}