{"sigma": 0.3880605582183574, "lr": 9.13424401309153e-05, "l2_lambda": 0.002758964395789795, "batch_size": 20}