{"sigma": 0.16317558735631282, "lr": 0.04384380043887271, "l2_lambda": 0.0007007178480962522, "batch_size": 106}