{"sigma": 0.055916087017709164, "lr": 6.720019916713036e-05, "l2_lambda": 0.000489146882581369, "batch_size": 65}