{"sigma": 0.2655287950559577, "lr": 0.0005543464702534022, "l2_lambda": 0.006951048064935639, "batch_size": 48}