{"sigma": 0.14299790044810673, "lr": 0.001627804190977428, "l2_lambda": 0.007933818403339144, "batch_size": 23}