{"sigma": 0.24179829561581342, "lr": 3.411541980320159e-05, "l2_lambda": 0.005894521379215466, "batch_size": 46}