{"sigma": 0.7689637573254253, "lr": 0.022434038840836605, "l2_lambda": 0.0008959669776165633, "batch_size": 81}