{"sigma": 0.9816831866726053, "lr": 1.8671100032947032e-05, "l2_lambda": 0.007281563934041913, "batch_size": 44}