{"sigma": 0.33891979526721444, "lr": 0.00014783723871678562, "l2_lambda": 0.008834049973826705, "batch_size": 63}