{"sigma": 0.9488179324176124, "lr": 0.004175127047097326, "l2_lambda": 0.0009496495754268929, "batch_size": 18}