{"sigma": 0.8572569872301965, "lr": 0.0031608762308328073, "l2_lambda": 0.009726423249829969, "batch_size": 38}