{"sigma": 0.055596211118244455, "lr": 0.002968255797308216, "l2_lambda": 0.0007099157625637208, "batch_size": 65}