{"sigma": 0.3452402735101498, "lr": 0.0005708224640161226, "l2_lambda": 0.0015079578509346436, "batch_size": 111}