{"sigma": 0.20797228740657653, "lr": 0.009920471236298257, "l2_lambda": 0.0007895720357537688, "batch_size": 46}