{"sigma": 0.05572532461266984, "lr": 0.004287686732818454, "l2_lambda": 0.007864989015429879, "batch_size": 36}