{"sigma": 0.43227682434653014, "lr": 1.2514900574747875e-05, "l2_lambda": 0.0034289632125131904, "batch_size": 31}