{"sigma": 0.4410764835668178, "lr": 0.027662496611489125, "l2_lambda": 0.009507280079881667, "batch_size": 67}