{"sigma": 0.16150299825198458, "lr": 2.8662088106161128e-05, "l2_lambda": 0.005039244063864651, "batch_size": 17}