{"sigma": 0.6021511602634461, "lr": 0.015513586608126424, "l2_lambda": 0.0017101950983862927, "batch_size": 35}