{"sigma": 0.6993583660496557, "lr": 0.0010083513756673104, "l2_lambda": 0.002292511985976728, "batch_size": 89}