{"sigma": 0.26981942286124283, "lr": 0.008066687062277759, "l2_lambda": 0.00886152822308836, "batch_size": 101}