{"sigma": 0.3234789972723049, "lr": 0.00016984049707429092, "l2_lambda": 0.0058867588179557515, "batch_size": 46}