{"sigma": 0.011196480812867123, "lr": 0.00016142448366025162, "l2_lambda": 0.007220220440781851, "batch_size": 22}