{"sigma": 0.013678720201772344, "lr": 0.022360344517309155, "l2_lambda": 0.005320423533195971, "batch_size": 114}