{"sigma": 0.21491146378987436, "lr": 1.0207065946944971e-05, "l2_lambda": 0.004186317401131334, "batch_size": 58}