{"sigma": 0.2624523817659117, "lr": 0.042359092497661816, "l2_lambda": 0.0018823389666690826, "batch_size": 40}