{"sigma": 0.31438498529621556, "lr": 0.0008816963763020203, "l2_lambda": 0.000177074261734901, "batch_size": 57}