{"sigma": 0.5920301840078341, "lr": 0.03427587483318987, "l2_lambda": 0.009834353477210626, "batch_size": 20}