{"sigma": 0.3360594036133132, "lr": 0.0002523210324426692, "l2_lambda": 0.003893545534860807, "batch_size": 26}