{"sigma": 0.05356940481794409, "lr": 0.0020388971317800903, "l2_lambda": 0.009193743645102209, "batch_size": 18}