{"sigma": 0.05237096673923723, "lr": 0.0032526351292014193, "l2_lambda": 0.004396250470922778, "batch_size": 54}