{"sigma": 0.7088696932996548, "lr": 1.3651502291323328e-05, "l2_lambda": 0.004254811142342795, "batch_size": 47}