{"sigma": 0.41397415480588834, "lr": 1.4864600440937558e-05, "l2_lambda": 0.00978192512624563, "batch_size": 44}