{"sigma": 0.3550792526021139, "lr": 2.054951614851876e-05, "l2_lambda": 0.0007614193815359338, "batch_size": 73}