{"sigma": 0.6217700098979537, "lr": 0.0027574092490180043, "l2_lambda": 0.004139805357041894, "batch_size": 58}