{"sigma": 0.27759646194601967, "lr": 0.030571094232598135, "l2_lambda": 0.006783779508383086, "batch_size": 91}