{"sigma": 0.3698783484224943, "lr": 0.01804747696169364, "l2_lambda": 0.006307423423983268, "batch_size": 43}