{"sigma": 0.6087001340030778, "lr": 0.0004946364403248903, "l2_lambda": 0.005574009907402378, "batch_size": 20}