{"sigma": 0.7849833187920886, "lr": 0.02123770546346424, "l2_lambda": 0.0029448012117256977, "batch_size": 31}