{"sigma": 0.04466908311581956, "lr": 0.0956115149541559, "l2_lambda": 0.004979507739004469, "batch_size": 52}