{"sigma": 0.36098627809807665, "lr": 4.444299510392371e-05, "l2_lambda": 0.0047566097099614015, "batch_size": 128}