{"sigma": 0.8301869507552537, "lr": 0.0009767534068706844, "l2_lambda": 0.004472104503148275, "batch_size": 69}