{"sigma": 0.886529949719115, "lr": 0.0030599872836769523, "l2_lambda": 0.0013435836616423635, "batch_size": 16}