{"sigma": 0.24937197677119982, "lr": 5.640649273547481e-05, "l2_lambda": 0.002108015665754621, "batch_size": 126}