{"sigma": 0.09162986344766352, "lr": 0.012090946221765384, "l2_lambda": 0.0033930147949221435, "batch_size": 35}