{"sigma": 0.04588446403413392, "lr": 0.0017969019837332648, "l2_lambda": 0.0013161301544627173, "batch_size": 29}