{"sigma": 0.8162646497360685, "lr": 1.2960610211179496e-05, "l2_lambda": 0.009726195931713082, "batch_size": 78}