{"sigma": 0.6249081296670628, "lr": 6.454461660896003e-05, "l2_lambda": 0.0072129565363330235, "batch_size": 35}