{"sigma": 0.8584347159678346, "lr": 0.0002904861327886944, "l2_lambda": 0.001520958075406185, "batch_size": 35}