{"sigma": 0.6803200134123285, "lr": 0.00022864780011674704, "l2_lambda": 0.007156761859475519, "batch_size": 50}