{"sigma": 0.3069401623891662, "lr": 8.913423172928717e-05, "l2_lambda": 0.006489228031513014, "batch_size": 114}