{"sigma": 0.2667180070022987, "lr": 1.0649709757993408e-05, "l2_lambda": 0.007895167547727715, "batch_size": 57}