{"sigma": 0.07352256016464169, "lr": 0.0008224671860369714, "l2_lambda": 0.0012853163411888735, "batch_size": 83}