{"sigma": 0.14649503220607057, "lr": 0.011412016754161744, "l2_lambda": 0.002447726843201848, "batch_size": 26}