{"sigma": 0.692108562094182, "lr": 7.909247662448725e-05, "l2_lambda": 0.004217081283864147, "batch_size": 26}