{"sigma": 0.5383107201869033, "lr": 0.09604650091569597, "l2_lambda": 0.0027606323701724277, "batch_size": 96}