{"sigma": 0.7369098238132747, "lr": 4.988518474442254e-05, "l2_lambda": 0.008493209879269588, "batch_size": 58}