{"sigma": 0.423953346933941, "lr": 0.0007032072280516006, "l2_lambda": 0.005289973455247439, "batch_size": 27}