{"sigma": 0.9994039400775993, "lr": 0.0007933110908011353, "l2_lambda": 0.009959197736636267, "batch_size": 17}