{"sigma": 0.25569215919825145, "lr": 0.010191238748923324, "l2_lambda": 0.009036776899596767, "batch_size": 46}