{"sigma": 0.6480721258491104, "lr": 0.001660723456072602, "l2_lambda": 0.0040623779785862605, "batch_size": 16}