{"sigma": 0.8863369761526134, "lr": 0.019062622727472712, "l2_lambda": 0.009381715726765218, "batch_size": 20}