{"sigma": 0.3963079020882524, "lr": 0.0013203884242174292, "l2_lambda": 0.0053121339430391035, "batch_size": 36}