{"sigma": 0.2099640820147573, "lr": 0.0002536181254499008, "l2_lambda": 0.003698805438466892, "batch_size": 76}