{"sigma": 0.050530219003543535, "lr": 0.0002023809975354838, "l2_lambda": 0.007424881095342328, "batch_size": 25}