{"sigma": 0.46865137876532925, "lr": 0.008073186778347124, "l2_lambda": 0.008976037943001605, "batch_size": 17}