{"sigma": 0.6955561983077565, "lr": 0.00020930649457893472, "l2_lambda": 0.008717170033951414, "batch_size": 82}