{"sigma": 0.44632435994440056, "lr": 0.0006523020369136492, "l2_lambda": 0.0020538065287477856, "batch_size": 22}