{"sigma": 0.019569532634596078, "lr": 5.7544780278805825e-05, "l2_lambda": 0.009806219782999582, "batch_size": 60}