{"sigma": 0.07218608275855137, "lr": 0.01588330573510317, "l2_lambda": 0.0072429816169142245, "batch_size": 26}