{"sigma": 0.027587679089465876, "lr": 1.7522983574484953e-05, "l2_lambda": 0.008836845858677368, "batch_size": 23}