{"sigma": 0.9773325179152824, "lr": 0.000959685460746337, "l2_lambda": 0.008052629943904205, "batch_size": 40}