{"sigma": 0.39349138852609, "lr": 0.03792626950117061, "l2_lambda": 0.006824953999285205, "batch_size": 35}