{"sigma": 0.9225039018321303, "lr": 2.7344146162317602e-05, "l2_lambda": 0.0072620579284003095, "batch_size": 60}