{"sigma": 0.1360583050418527, "lr": 0.00025915651920247276, "l2_lambda": 0.00442492845891219, "batch_size": 27}