{"sigma": 0.6509149452093262, "lr": 0.0006889458134276677, "l2_lambda": 0.0018174222753031752, "batch_size": 79}