{"sigma": 0.408764411976611, "lr": 0.004193772760377045, "l2_lambda": 0.0030367990929967108, "batch_size": 46}