{"sigma": 0.1426894676373353, "lr": 0.0009052777399194275, "l2_lambda": 0.0056414593968820495, "batch_size": 46}