{"sigma": 0.08482536851274264, "lr": 0.004735838578429764, "l2_lambda": 0.004122966305498174, "batch_size": 60}