{"sigma": 0.8843851740704313, "lr": 0.0015788695932673817, "l2_lambda": 0.00860529113174223, "batch_size": 21}