{"sigma": 0.8004196232758995, "lr": 0.08165265488495115, "l2_lambda": 0.003085080871202035, "batch_size": 39}