{"sigma": 0.7656025483457899, "lr": 0.08139833460314158, "l2_lambda": 0.007048964885261218, "batch_size": 65}