{"sigma": 0.07751210872990762, "lr": 0.00010385718534237038, "l2_lambda": 0.005881686854781424, "batch_size": 62}