{"sigma": 0.8441460518259172, "lr": 0.06836195788934123, "l2_lambda": 0.0032583678517715, "batch_size": 47}