{"sigma": 0.46810909613693763, "lr": 0.012470064716155293, "l2_lambda": 0.0016666618099291906, "batch_size": 51}