{"sigma": 0.619233797016654, "lr": 0.004032137329254779, "l2_lambda": 0.0003173134923884405, "batch_size": 27}