{"sigma": 0.9083671625382952, "lr": 0.010246190466630764, "l2_lambda": 0.009745734194445308, "batch_size": 18}