{"sigma": 0.90526281617358, "lr": 0.00021237307107114546, "l2_lambda": 0.009914547163688461, "batch_size": 88}