{"sigma": 0.12798859132395024, "lr": 0.08091649473909412, "l2_lambda": 0.0016105474085104556, "batch_size": 66}