{"sigma": 0.918500965329404, "lr": 0.0012497151010847354, "l2_lambda": 0.008144102206660304, "batch_size": 16}