{"sigma": 0.358144063559404, "lr": 0.038570357447270935, "l2_lambda": 0.009789325138425767, "batch_size": 25}