{"sigma": 0.7963766404942961, "lr": 0.06181473872396828, "l2_lambda": 0.0009259221875994025, "batch_size": 16}