{"sigma": 0.1394095645941791, "lr": 0.010770524416441614, "l2_lambda": 0.004408436374928696, "batch_size": 93}