{"sigma": 0.19319459291679605, "lr": 0.003823579545220395, "l2_lambda": 0.006794069436090729, "batch_size": 40}