{"sigma": 0.26130488845200406, "lr": 0.002104360165142101, "l2_lambda": 0.007128504867473238, "batch_size": 27}