{"sigma": 0.8252017803797919, "lr": 0.011320030515017076, "l2_lambda": 0.005520913278207235, "batch_size": 76}