{"sigma": 0.14924445682454612, "lr": 0.00014270155132335396, "l2_lambda": 0.0077482252079423665, "batch_size": 20}