{"sigma": 0.7298917577843095, "lr": 0.08983672442368178, "l2_lambda": 0.0025563884426930998, "batch_size": 62}