{"sigma": 0.07326771258081705, "lr": 0.005246879721181791, "l2_lambda": 0.007184267299989936, "batch_size": 108}