{"sigma": 0.5729933901998657, "lr": 4.67779304571621e-05, "l2_lambda": 0.0005614756582806841, "batch_size": 23}