{"sigma": 0.3644782139133463, "lr": 0.0002725644043397403, "l2_lambda": 0.0023394612851536825, "batch_size": 66}