{"sigma": 0.6319347562905946, "lr": 0.0006225843760305367, "l2_lambda": 0.005790282574620121, "batch_size": 39}