{"sigma": 0.0767593175905794, "lr": 0.004160776399811658, "l2_lambda": 0.005674784447633631, "batch_size": 35}