{"sigma": 0.05463408419970593, "lr": 0.001111020627634962, "l2_lambda": 0.005838813646868411, "batch_size": 30}