{"sigma": 0.5902004580881992, "lr": 0.045379287245850525, "l2_lambda": 0.005773525108569455, "batch_size": 100}