{"sigma": 0.7758372648167525, "lr": 0.0021957260771007514, "l2_lambda": 0.006829402542321708, "batch_size": 91}