{"sigma": 0.5791008490525044, "lr": 0.014586994462608097, "l2_lambda": 0.0014164399288237681, "batch_size": 19}