{"sigma": 0.539544775819771, "lr": 0.03617954206992909, "l2_lambda": 0.003092722376961223, "batch_size": 24}