{"sigma": 0.24480942388865043, "lr": 0.0024400616408021603, "l2_lambda": 0.0020718551709369023, "batch_size": 67}