{"sigma": 0.8035953918969173, "lr": 0.0006804239050757598, "l2_lambda": 0.008202244898225353, "batch_size": 23}