{"sigma": 0.610988056328225, "lr": 0.004361125232222156, "l2_lambda": 0.006626549192062354, "batch_size": 23}