{"sigma": 0.8230310922559012, "lr": 2.7030220719131588e-05, "l2_lambda": 0.007092379903425506, "batch_size": 16}