{"sigma": 0.3349915223728325, "lr": 6.015501767118109e-05, "l2_lambda": 0.0045125067175473986, "batch_size": 23}