{"sigma": 0.7452135819864268, "lr": 0.0006427600508695481, "l2_lambda": 0.006588232833567206, "batch_size": 29}