{"sigma": 0.17096731179647418, "lr": 3.54772782356362e-05, "l2_lambda": 0.007782616550016981, "batch_size": 98}