{"sigma": 0.7367226021173223, "lr": 0.046677108278801116, "l2_lambda": 0.005930651606243438, "batch_size": 68}