{"sigma": 0.6964807115465644, "lr": 0.03247114316314805, "l2_lambda": 0.004535388266768933, "batch_size": 111}