{"sigma": 0.1504239432443389, "lr": 0.09688014635000684, "l2_lambda": 0.009781698813723833, "batch_size": 45}