{"sigma": 0.2807880123287746, "lr": 0.001350297505915423, "l2_lambda": 0.006069076114147553, "batch_size": 26}