{"sigma": 0.28874660601917657, "lr": 0.00019036382110829245, "l2_lambda": 0.009747594634664762, "batch_size": 25}