{"sigma": 0.10363562169923933, "lr": 0.00013997232448890372, "l2_lambda": 0.005485982154283615, "batch_size": 48}