{"sigma": 0.2257357560978267, "lr": 0.004334089600607843, "l2_lambda": 0.008223328529634704, "batch_size": 50}