{"sigma": 0.34445947240055597, "lr": 0.002468131330327498, "l2_lambda": 0.007743242077478749, "batch_size": 20}