{"sigma": 0.28724668284537047, "lr": 0.013148953574192185, "l2_lambda": 0.004755871225093268, "batch_size": 44}