{"sigma": 0.2754598004981822, "lr": 1.3400303735398263e-05, "l2_lambda": 0.003135407494708212, "batch_size": 19}