{"sigma": 0.03783528704272228, "lr": 7.096227536820609e-05, "l2_lambda": 0.007944774163841381, "batch_size": 26}