{"sigma": 0.317974349710787, "lr": 0.022418914922832017, "l2_lambda": 0.009717162716177464, "batch_size": 75}