{"sigma": 0.3924967268648209, "lr": 0.0014024072138800131, "l2_lambda": 0.002519625281843598, "batch_size": 39}