{"sigma": 0.37793527915592834, "lr": 0.009520187742376509, "l2_lambda": 0.003405325672537421, "batch_size": 48}