{"sigma": 0.051459953163697975, "lr": 0.000346648458202265, "l2_lambda": 0.00426770735231377, "batch_size": 60}