{"sigma": 0.7287885412854375, "lr": 0.03858992979251091, "l2_lambda": 0.0008258125410791396, "batch_size": 36}