{"sigma": 0.4609366501193197, "lr": 0.00963667647965118, "l2_lambda": 0.003810677405956024, "batch_size": 20}