{"sigma": 0.39566036787669195, "lr": 0.00018401546661713707, "l2_lambda": 0.005872513862654235, "batch_size": 84}