{"sigma": 0.34620658959833267, "lr": 0.0012796668999151524, "l2_lambda": 0.007630452485348945, "batch_size": 18}