{"sigma": 0.2572499792103242, "lr": 0.0004644664322588401, "l2_lambda": 0.004171126014562268, "batch_size": 20}