{"sigma": 0.12260024573768256, "lr": 6.305726767826832e-05, "l2_lambda": 0.00538921531687753, "batch_size": 39}