{"sigma": 0.48373704785924315, "lr": 0.020757983614119953, "l2_lambda": 0.005933399236984405, "batch_size": 31}