{"sigma": 0.018610944843868327, "lr": 0.000149468303393529, "l2_lambda": 0.0045789510745324145, "batch_size": 117}