{"sigma": 0.9658054806150346, "lr": 0.0003374672826807553, "l2_lambda": 0.006389879226890271, "batch_size": 16}