{"sigma": 0.1609885178187687, "lr": 0.0024433749578850793, "l2_lambda": 0.009922767363027418, "batch_size": 118}