{"sigma": 0.6205512220217735, "lr": 0.002335757327297495, "l2_lambda": 0.0016209500416701657, "batch_size": 32}