{"sigma": 0.39609017293452237, "lr": 0.0023978285224132054, "l2_lambda": 0.004062195006760965, "batch_size": 27}