{"sigma": 0.7555937296889462, "lr": 7.394315130027243e-05, "l2_lambda": 0.0002697301193300336, "batch_size": 40}