{"sigma": 0.9508595915663455, "lr": 0.0003560887551228945, "l2_lambda": 0.003164720124481926, "batch_size": 79}