{"sigma": 0.5504066577838186, "lr": 0.07442597138589904, "l2_lambda": 0.005166940537436662, "batch_size": 77}