{"sigma": 0.2684227373457545, "lr": 0.01456703631371841, "l2_lambda": 0.0033110218747036883, "batch_size": 17}