{"sigma": 0.6734168499379378, "lr": 3.2850244188425e-05, "l2_lambda": 0.009424792011929632, "batch_size": 43}