{"sigma": 0.44072260847048705, "lr": 5.201226716602933e-05, "l2_lambda": 0.0011916869982868793, "batch_size": 59}