{"sigma": 0.928704417825734, "lr": 0.00010334846539601308, "l2_lambda": 0.002315804327338826, "batch_size": 23}