{"sigma": 0.215516381736827, "lr": 0.0003252914357208034, "l2_lambda": 0.005142576392520099, "batch_size": 39}