{"sigma": 0.39694708258762673, "lr": 0.030874268786539014, "l2_lambda": 0.0027155453451218974, "batch_size": 52}