{"sigma": 0.035617054938933086, "lr": 1.4393220169257279e-05, "l2_lambda": 0.008825372742700649, "batch_size": 72}