{"sigma": 0.1832958547894603, "lr": 9.562197697323617e-05, "l2_lambda": 0.005452488361207458, "batch_size": 22}