{"sigma": 0.40127947962571997, "lr": 0.05106473357022699, "l2_lambda": 0.008830275447924953, "batch_size": 86}