{"sigma": 0.3695798692712763, "lr": 0.09008416764878276, "l2_lambda": 0.00998852628198602, "batch_size": 20}