{"sigma": 0.24373862611601652, "lr": 0.00017100784871444747, "l2_lambda": 0.0065551966584631695, "batch_size": 23}