{"sigma": 0.9651711469217615, "lr": 0.03134701964343486, "l2_lambda": 0.00947622635686237, "batch_size": 28}