{"sigma": 0.03331225009798791, "lr": 1.0731017822143654e-05, "l2_lambda": 0.007274874181039607, "batch_size": 25}