{"sigma": 0.6718234039840351, "lr": 0.010841701417766221, "l2_lambda": 0.007769769587764901, "batch_size": 99}