{"sigma": 0.9899470012187821, "lr": 0.008053873027191042, "l2_lambda": 0.006341172803959103, "batch_size": 51}