{"sigma": 0.24252085466088458, "lr": 0.0007629320526375566, "l2_lambda": 0.005488499882333332, "batch_size": 36}