{"sigma": 0.17719769756653087, "lr": 1.9390731524196072e-05, "l2_lambda": 0.007507747003819008, "batch_size": 79}