{"sigma": 0.49792969183705166, "lr": 0.0037995793764854144, "l2_lambda": 0.004530179774771259, "batch_size": 91}