{"sigma": 0.48771385388364846, "lr": 0.022325269832294346, "l2_lambda": 0.0098100258584401, "batch_size": 26}