{"sigma": 0.9876296624966434, "lr": 0.002067920233031136, "l2_lambda": 0.0039032381689171384, "batch_size": 46}