{"sigma": 0.9667537650615848, "lr": 0.05205616463805327, "l2_lambda": 0.0065949632114300485, "batch_size": 36}