{"sigma": 0.42145942750023374, "lr": 0.0016030384149766572, "l2_lambda": 0.0033385212205789597, "batch_size": 35}