{"sigma": 0.3157458030161748, "lr": 1.706493222391143e-05, "l2_lambda": 0.005861332630654935, "batch_size": 19}