{"sigma": 0.5229413636849239, "lr": 0.015651515905368712, "l2_lambda": 0.007371536626141774, "batch_size": 119}