{"sigma": 0.8383954271549376, "lr": 0.0019890437609631083, "l2_lambda": 0.00751436900833825, "batch_size": 125}