{"sigma": 0.9857791446908453, "lr": 3.907000062248e-05, "l2_lambda": 0.0035574906883267254, "batch_size": 16}