{"sigma": 0.273638060525853, "lr": 0.00018642780079846776, "l2_lambda": 0.003920132408538808, "batch_size": 126}