{"sigma": 0.8991155381460278, "lr": 0.011922327346740863, "l2_lambda": 0.00317636668177162, "batch_size": 29}