{"sigma": 0.06862775256286026, "lr": 0.04382617965841576, "l2_lambda": 0.0030847297532503788, "batch_size": 72}