{"sigma": 0.6666498227991541, "lr": 0.00013849719071275834, "l2_lambda": 0.002908408612577818, "batch_size": 83}