{"sigma": 0.7961860791729574, "lr": 0.0008023583193695309, "l2_lambda": 0.008172422052962404, "batch_size": 27}