{"sigma": 0.3942624099045349, "lr": 0.008033943271302581, "l2_lambda": 0.008696166180058525, "batch_size": 24}