{"sigma": 0.5531310737505639, "lr": 0.002498202946981549, "l2_lambda": 0.005506085560620604, "batch_size": 52}