{"sigma": 0.3006571791668638, "lr": 0.0002628843212839194, "l2_lambda": 0.00012925594448304293, "batch_size": 41}