{"sigma": 0.9047840921242278, "lr": 0.018411368781758922, "l2_lambda": 0.009397769669377838, "batch_size": 53}