{"sigma": 0.9239305505752595, "lr": 0.000709456514565178, "l2_lambda": 0.0027106805992998255, "batch_size": 27}