{"sigma": 0.961679551322848, "lr": 0.03162843045742666, "l2_lambda": 0.0065768980070639825, "batch_size": 24}