{"sigma": 0.26931170360273043, "lr": 1.0713115260612968e-05, "l2_lambda": 0.004633029014825776, "batch_size": 127}