{"sigma": 0.19767195865010811, "lr": 0.0048228190504709416, "l2_lambda": 0.008736057734948122, "batch_size": 118}