{"sigma": 0.6716687643313151, "lr": 2.3765980778622813e-05, "l2_lambda": 0.001389392110810424, "batch_size": 124}