{"sigma": 0.5029782929563195, "lr": 0.0007884546139069791, "l2_lambda": 0.0016387409473631164, "batch_size": 30}