{"sigma": 0.01545839605883929, "lr": 0.0001836083968196594, "l2_lambda": 0.007037024469903497, "batch_size": 94}