{"sigma": 0.32828046264326066, "lr": 0.043593678966775844, "l2_lambda": 0.004109634738516185, "batch_size": 105}