{"sigma": 0.7092716875649433, "lr": 0.01013137192721475, "l2_lambda": 0.008389412057110787, "batch_size": 94}