{"sigma": 0.11081799544023668, "lr": 0.012839148032889157, "l2_lambda": 0.00177554242676437, "batch_size": 64}