{"sigma": 0.6020343747401189, "lr": 0.004629131186319134, "l2_lambda": 0.0075995093618042705, "batch_size": 48}