{"sigma": 0.7177473843005263, "lr": 5.039514490724198e-05, "l2_lambda": 0.002326206502575872, "batch_size": 20}