{"sigma": 0.35469354449016466, "lr": 0.00026167758980518883, "l2_lambda": 0.0016532749578502882, "batch_size": 95}