{"sigma": 0.35648118212952923, "lr": 0.011471821374842761, "l2_lambda": 0.004244246260274071, "batch_size": 85}