{"sigma": 0.3121102725129717, "lr": 1.2737337359072835e-05, "l2_lambda": 0.007513227098842483, "batch_size": 55}