{"sigma": 0.7775415576545046, "lr": 0.0005716652054107511, "l2_lambda": 0.003210141806961467, "batch_size": 24}