{"sigma": 0.5067799547947872, "lr": 8.786243101988392e-05, "l2_lambda": 0.007793658793908894, "batch_size": 24}