{"sigma": 0.5066148774943303, "lr": 4.090147687410577e-05, "l2_lambda": 0.006443882004752504, "batch_size": 76}