{"sigma": 0.06854474334800263, "lr": 0.00010171094793416827, "l2_lambda": 0.008758716510652718, "batch_size": 27}