{"sigma": 0.8290429647356171, "lr": 0.03953563262423251, "l2_lambda": 0.005872970420915469, "batch_size": 64}