{"sigma": 0.8071369946138022, "lr": 0.06713052201413931, "l2_lambda": 0.005609024856181621, "batch_size": 32}