{"sigma": 0.9985856508400733, "lr": 0.06742285485485025, "l2_lambda": 0.005436676473005873, "batch_size": 93}