{"sigma": 0.9714607018776286, "lr": 0.00017955327070580932, "l2_lambda": 0.004099121882037273, "batch_size": 50}