{"sigma": 0.9724831219336167, "lr": 0.00010078634731687687, "l2_lambda": 0.006857082831919699, "batch_size": 22}