{"sigma": 0.07172386514527974, "lr": 3.2205211421181534e-05, "l2_lambda": 0.007369892914461541, "batch_size": 22}