{"sigma": 0.561028670896979, "lr": 0.00016991217720607404, "l2_lambda": 0.00017097552975770683, "batch_size": 89}