{"sigma": 0.7937262675570824, "lr": 1.266016607013315e-05, "l2_lambda": 0.0021589034302325967, "batch_size": 113}