{"sigma": 0.8878377237666032, "lr": 0.08973918634298603, "l2_lambda": 0.0037829534214743354, "batch_size": 39}