{"sigma": 0.9430777692037585, "lr": 0.004294921959842299, "l2_lambda": 0.0017282169456125384, "batch_size": 58}