{"sigma": 0.7828245663566066, "lr": 0.04264084530758973, "l2_lambda": 0.005281564687691691, "batch_size": 20}