{"sigma": 0.362277167284142, "lr": 0.00828656744524455, "l2_lambda": 0.004218342036091314, "batch_size": 49}