{"sigma": 0.9758245994899502, "lr": 2.262685695297344e-05, "l2_lambda": 0.003261948783107242, "batch_size": 22}