{"sigma": 0.0924728608759429, "lr": 0.0005240784906393508, "l2_lambda": 0.0017591605161093253, "batch_size": 88}