{"sigma": 0.2365858993261915, "lr": 1.293424733740306e-05, "l2_lambda": 0.0007060398276321622, "batch_size": 21}