{"sigma": 0.7175216214984664, "lr": 4.7553275896417e-05, "l2_lambda": 0.004734870404862676, "batch_size": 51}