{"sigma": 0.7904465370820917, "lr": 0.0015085219810824792, "l2_lambda": 0.005067510026065941, "batch_size": 48}