{"sigma": 0.09737460415403154, "lr": 0.0006848091635860999, "l2_lambda": 0.004070610679137022, "batch_size": 16}