{"sigma": 0.7808821227395244, "lr": 0.0034179031345559193, "l2_lambda": 0.004822063508703571, "batch_size": 16}