{"sigma": 0.9386028057277723, "lr": 2.6585272663059608e-05, "l2_lambda": 0.0015190089942563787, "batch_size": 46}