{"sigma": 0.8003558695181285, "lr": 0.00021460315276772464, "l2_lambda": 0.009435802445916549, "batch_size": 39}