{"sigma": 0.38934528127474927, "lr": 0.005510910847133557, "l2_lambda": 0.0030425357211573915, "batch_size": 20}