{"sigma": 0.35018371791929354, "lr": 0.021081282649136224, "l2_lambda": 0.009119378163938608, "batch_size": 30}