{"sigma": 0.025490418814312882, "lr": 0.00013755221696393555, "l2_lambda": 0.007628975473844082, "batch_size": 47}