{"sigma": 0.671230235110674, "lr": 0.011352709571770444, "l2_lambda": 0.0013344400645864262, "batch_size": 20}