{"sigma": 0.6037389320169838, "lr": 0.0019863304106258767, "l2_lambda": 0.006382829108482746, "batch_size": 27}