{"sigma": 0.8230874794540306, "lr": 0.001827299197811428, "l2_lambda": 0.003280547580227889, "batch_size": 84}