{"sigma": 0.5483758971560744, "lr": 0.004187730434509139, "l2_lambda": 0.005048659054607779, "batch_size": 33}