{"sigma": 0.029196166619507656, "lr": 1.7406141103399702e-05, "l2_lambda": 0.008964114058335393, "batch_size": 25}