{"sigma": 0.38393082809736007, "lr": 0.00024426370628113307, "l2_lambda": 0.000934411172621842, "batch_size": 21}