{"sigma": 0.22134728954883864, "lr": 0.03629819468467749, "l2_lambda": 0.009472336037312594, "batch_size": 27}