{"sigma": 0.4645166368755615, "lr": 0.013606069302652582, "l2_lambda": 0.00885462586331813, "batch_size": 118}