{"sigma": 0.3054646764618611, "lr": 0.006047352359980899, "l2_lambda": 0.005406563593917182, "batch_size": 25}