{"sigma": 0.8905650683171719, "lr": 1.6144156758540573e-05, "l2_lambda": 0.009516406436811951, "batch_size": 107}