{"sigma": 0.1189787671954275, "lr": 0.0006612726789054524, "l2_lambda": 0.006132721607562671, "batch_size": 27}