{"sigma": 0.02444030935280435, "lr": 0.00045016542863131196, "l2_lambda": 0.004367140442069051, "batch_size": 28}