{"sigma": 0.8180879991623603, "lr": 0.000721088088692081, "l2_lambda": 0.000540140251471373, "batch_size": 33}