{"sigma": 0.6260644835982869, "lr": 0.04139910900487066, "l2_lambda": 0.005690346427734637, "batch_size": 35}