{"sigma": 0.8075090000597396, "lr": 0.01872154065218661, "l2_lambda": 0.0003398842793281545, "batch_size": 60}