{"sigma": 0.8864862491084704, "lr": 0.00018428638817425492, "l2_lambda": 0.006340903544100803, "batch_size": 17}