{"sigma": 0.5990444565522136, "lr": 1.2266755653750921e-05, "l2_lambda": 0.0003908334042796403, "batch_size": 106}