{"sigma": 0.614832258951738, "lr": 0.034694558188999344, "l2_lambda": 0.003450710549323761, "batch_size": 22}