{"sigma": 0.5297866775455121, "lr": 0.011391502390928614, "l2_lambda": 0.004451115905505304, "batch_size": 20}