{"sigma": 0.42061653025115153, "lr": 3.533932215731291e-05, "l2_lambda": 0.008040301221226651, "batch_size": 78}