{"sigma": 0.2473633907347371, "lr": 0.0010251959419705916, "l2_lambda": 0.008799462296110557, "batch_size": 21}