{"sigma": 0.5421218589200746, "lr": 1.0465014309017328e-05, "l2_lambda": 0.003565571871071634, "batch_size": 52}