{"sigma": 0.5075680543297375, "lr": 0.0014650997906655403, "l2_lambda": 0.009966822028915351, "batch_size": 25}