{"sigma": 0.282481826008835, "lr": 1.970572967963773e-05, "l2_lambda": 0.002338159729483511, "batch_size": 32}