{"sigma": 0.5714496511495402, "lr": 0.023464373088262, "l2_lambda": 0.009700304033703741, "batch_size": 24}