{"sigma": 0.4970538608765089, "lr": 0.045288607425307104, "l2_lambda": 0.007839575811613507, "batch_size": 61}