{"sigma": 0.9023755609076791, "lr": 5.3817669654791664e-05, "l2_lambda": 0.007044152257420634, "batch_size": 30}