{"sigma": 0.9068374696094886, "lr": 0.05884078506592801, "l2_lambda": 0.009572092484051135, "batch_size": 102}