{"sigma": 0.8816678696710247, "lr": 0.00016879826245019293, "l2_lambda": 0.0040207124055614205, "batch_size": 91}