{"sigma": 0.0570424859975323, "lr": 0.0001237683299859448, "l2_lambda": 0.005565029774882332, "batch_size": 127}