{"sigma": 0.11965852048913793, "lr": 0.0010955313821538802, "l2_lambda": 0.004694234810948409, "batch_size": 122}