{"sigma": 0.21712174862914757, "lr": 0.00033848823900978263, "l2_lambda": 0.0021107968664539054, "batch_size": 43}