{"sigma": 0.8871036558293628, "lr": 0.0007749265304748259, "l2_lambda": 5.528712722953317e-05, "batch_size": 96}