{"sigma": 0.4419862486586506, "lr": 1.6737627208728757e-05, "l2_lambda": 0.008434440918398872, "batch_size": 23}