{"sigma": 0.7383712391889238, "lr": 3.001284794082103e-05, "l2_lambda": 0.007711239599997115, "batch_size": 99}