{"sigma": 0.9088189787800488, "lr": 0.0011183386491370859, "l2_lambda": 0.006747383804920206, "batch_size": 67}