{"sigma": 0.19927950315694665, "lr": 0.002765232875088978, "l2_lambda": 0.00715994901040377, "batch_size": 35}