{"sigma": 0.36199681107843734, "lr": 0.005217935313696002, "l2_lambda": 0.008128324561938686, "batch_size": 25}