{"sigma": 0.22806434134827097, "lr": 2.0365376527160127e-05, "l2_lambda": 0.0009019659637047421, "batch_size": 66}