{"sigma": 0.6668970825085342, "lr": 0.005214712278049205, "l2_lambda": 0.00545665101462438, "batch_size": 49}