{"sigma": 0.9381717489355894, "lr": 0.05956459902918643, "l2_lambda": 0.006951130074341566, "batch_size": 21}