{"sigma": 0.6693727678608286, "lr": 3.797191080225779e-05, "l2_lambda": 0.008280304610170305, "batch_size": 51}