{"sigma": 0.22786837706552193, "lr": 1.9839180665249668e-05, "l2_lambda": 0.006720064723317925, "batch_size": 27}