{"sigma": 0.5906499929512525, "lr": 0.000508756095144915, "l2_lambda": 0.0056686976938889, "batch_size": 66}