{"sigma": 0.06090362930296321, "lr": 0.05756426146366223, "l2_lambda": 0.002872134478284641, "batch_size": 28}