{"sigma": 0.8215220054716017, "lr": 0.05284443132159214, "l2_lambda": 8.585618924376804e-05, "batch_size": 58}