{"sigma": 0.1885068502246059, "lr": 0.01447821924862948, "l2_lambda": 0.007937100615174863, "batch_size": 17}