{"sigma": 0.1284090757198613, "lr": 9.81807128584391e-05, "l2_lambda": 0.009668827631853984, "batch_size": 21}