{"sigma": 0.46065096048309356, "lr": 2.2459203721798748e-05, "l2_lambda": 0.007854982796311872, "batch_size": 47}