{"sigma": 0.2912012005863224, "lr": 0.010650258786065, "l2_lambda": 0.0032994812973096786, "batch_size": 115}