{"sigma": 0.2879351546141281, "lr": 7.839125331536851e-05, "l2_lambda": 0.007359611368173423, "batch_size": 55}