{"sigma": 0.1756544097616564, "lr": 1.21458438790243e-05, "l2_lambda": 0.007603916816181031, "batch_size": 36}