{"sigma": 0.6441160342213306, "lr": 0.020096528227155394, "l2_lambda": 0.003293857704415924, "batch_size": 98}