{"sigma": 0.6451362726412689, "lr": 0.027672760603750037, "l2_lambda": 0.008677942741903867, "batch_size": 42}