{"sigma": 0.5365846746546191, "lr": 7.155714835475707e-05, "l2_lambda": 0.008365814826131347, "batch_size": 122}