{"sigma": 0.14964630233164236, "lr": 0.09787545107069778, "l2_lambda": 0.0024206946825716773, "batch_size": 126}