{"sigma": 0.731336800217115, "lr": 0.0012330797319699805, "l2_lambda": 0.00785182637007081, "batch_size": 29}