{"sigma": 0.474360412428084, "lr": 0.0008463912779860248, "l2_lambda": 0.007637588630877487, "batch_size": 100}