{"sigma": 0.031931929341552534, "lr": 1.1258799855936736e-05, "l2_lambda": 0.0014676873769683583, "batch_size": 27}