{"sigma": 0.534868637139221, "lr": 0.05469774702224115, "l2_lambda": 0.0021173289743062046, "batch_size": 103}