{"sigma": 0.3582218752648048, "lr": 0.09512494367525368, "l2_lambda": 0.009232578943107302, "batch_size": 36}