{"sigma": 0.03576408787723436, "lr": 0.021376215576774864, "l2_lambda": 0.005610501294587376, "batch_size": 17}