{"sigma": 0.43741841670525444, "lr": 0.09838680240447617, "l2_lambda": 0.009800090327384029, "batch_size": 22}