{"sigma": 0.7800017921075468, "lr": 3.537935546525496e-05, "l2_lambda": 0.0015556917734784344, "batch_size": 43}