{"sigma": 0.48178896861539217, "lr": 0.013916096167910183, "l2_lambda": 0.00589053312964453, "batch_size": 35}