{"sigma": 0.1585301404210887, "lr": 0.00013210919264712315, "l2_lambda": 0.009452723843058758, "batch_size": 90}