{"sigma": 0.2139272227815191, "lr": 0.00011142519926466159, "l2_lambda": 0.004630499581683819, "batch_size": 39}