{"sigma": 0.3561477579063205, "lr": 0.0023505601174306657, "l2_lambda": 0.008746288517828384, "batch_size": 74}