{"sigma": 0.603365727050969, "lr": 2.6687014701747012e-05, "l2_lambda": 0.006539807209739067, "batch_size": 50}