{"sigma": 0.9207017630154731, "lr": 1.768074047782785e-05, "l2_lambda": 0.006743826059209505, "batch_size": 20}