{"sigma": 0.16654948208915846, "lr": 0.036211774469929556, "l2_lambda": 0.007248835663965954, "batch_size": 17}