{"sigma": 0.39816430813592674, "lr": 0.00021306838859591227, "l2_lambda": 0.006115122976912273, "batch_size": 87}