{"sigma": 0.05438447254482682, "lr": 0.014626154965276389, "l2_lambda": 0.0021871930576445975, "batch_size": 46}