{"sigma": 0.5456394900741449, "lr": 0.01057312815852767, "l2_lambda": 0.006249586718309686, "batch_size": 49}