{"sigma": 0.7980101148470211, "lr": 0.09750886043089048, "l2_lambda": 0.005778561434671842, "batch_size": 61}