{"sigma": 0.7436578293277357, "lr": 0.0036568325282907888, "l2_lambda": 0.006784034086860017, "batch_size": 25}