{"sigma": 0.33129069629472474, "lr": 0.0009924903494883614, "l2_lambda": 0.0069036935045276365, "batch_size": 68}