{"sigma": 0.6366015761405002, "lr": 0.006879280024907738, "l2_lambda": 0.006783366014396995, "batch_size": 80}