{"sigma": 0.02874715448485614, "lr": 0.0025737829951975777, "l2_lambda": 0.008005740491868042, "batch_size": 30}