{"sigma": 0.6746314130405876, "lr": 0.0020196781767160797, "l2_lambda": 0.004390375572895744, "batch_size": 51}