{"sigma": 0.665683725897459, "lr": 0.0002982146878752726, "l2_lambda": 0.007419875262379374, "batch_size": 75}