{"sigma": 0.18391207520923272, "lr": 0.0907949897618731, "l2_lambda": 0.006828814652574736, "batch_size": 29}