{"sigma": 0.9862084829127739, "lr": 0.0022978353086471875, "l2_lambda": 0.009284630690302942, "batch_size": 111}