{"sigma": 0.980999221356646, "lr": 2.83583200318307e-05, "l2_lambda": 0.009833159363761428, "batch_size": 75}