{"sigma": 0.1827639478496041, "lr": 2.7852163877673747e-05, "l2_lambda": 0.002408888388400763, "batch_size": 25}