{"sigma": 0.27361263133001845, "lr": 0.002891056978837275, "l2_lambda": 0.00850938808664165, "batch_size": 27}