{"sigma": 0.5852659181515927, "lr": 0.00010671259813140368, "l2_lambda": 0.008041945606617416, "batch_size": 16}