{"sigma": 0.6453205193457532, "lr": 9.5290110281496e-05, "l2_lambda": 0.0035673917998427737, "batch_size": 23}