{"sigma": 0.07382400664090479, "lr": 0.00022983144346819386, "l2_lambda": 0.0007581327831826298, "batch_size": 32}