{"sigma": 0.7268306188978988, "lr": 0.0007287392064953161, "l2_lambda": 0.0007801747169644368, "batch_size": 19}