{"sigma": 0.6176486837442373, "lr": 0.011955392655991917, "l2_lambda": 0.006245855905518071, "batch_size": 23}