{"sigma": 0.6523094535463221, "lr": 0.000355704058361126, "l2_lambda": 0.0065283502276129906, "batch_size": 41}