{"sigma": 0.7236991017020564, "lr": 0.00030542675333660704, "l2_lambda": 0.00899769682371273, "batch_size": 104}