{"sigma": 0.7199139660987023, "lr": 0.027047360359928878, "l2_lambda": 0.002588654169276626, "batch_size": 98}