{"sigma": 0.6416469954871538, "lr": 1.2162592918270962e-05, "l2_lambda": 0.007049808792961161, "batch_size": 25}