{"sigma": 0.09108888533836061, "lr": 0.0010536923715322452, "l2_lambda": 0.008301062673354388, "batch_size": 22}