{"sigma": 0.8095482628921471, "lr": 0.02109547527852102, "l2_lambda": 0.0008428131049295463, "batch_size": 107}