{"sigma": 0.3575919539552177, "lr": 0.00010457467029002049, "l2_lambda": 0.004851910407942759, "batch_size": 38}