{"sigma": 0.07657873875368046, "lr": 0.0004823312383517162, "l2_lambda": 0.004364349168143167, "batch_size": 62}