{"sigma": 0.11521834054883649, "lr": 0.00036147250443123446, "l2_lambda": 0.005629649385777079, "batch_size": 65}