{"sigma": 0.9787712141277567, "lr": 0.0025187739201492847, "l2_lambda": 0.003629743268918033, "batch_size": 17}