{"sigma": 0.9344431081791038, "lr": 0.00011671464392140401, "l2_lambda": 0.006002978085115663, "batch_size": 54}