{"sigma": 0.8507337740417721, "lr": 0.000180413178583707, "l2_lambda": 0.004017513589445349, "batch_size": 114}