{"sigma": 0.3219714936609114, "lr": 0.04283213535349544, "l2_lambda": 0.003472856679052915, "batch_size": 24}