{"sigma": 0.42290318976278185, "lr": 0.0001551372963176932, "l2_lambda": 0.005072593954461422, "batch_size": 75}