{"sigma": 0.38044217076154585, "lr": 0.0012822227157581682, "l2_lambda": 0.004522751748460074, "batch_size": 39}