{"sigma": 0.5741924014778547, "lr": 0.00015279097828098316, "l2_lambda": 0.005986928717268377, "batch_size": 79}