{"sigma": 0.7108252270047437, "lr": 0.00015561868655824708, "l2_lambda": 0.008970355287033362, "batch_size": 29}