{"sigma": 0.4704082980487133, "lr": 4.096779834505666e-05, "l2_lambda": 0.00731159709036755, "batch_size": 94}