{"sigma": 0.9277396451223985, "lr": 0.00032293162945165106, "l2_lambda": 0.00035200733214837173, "batch_size": 35}