{"sigma": 0.7025595060772417, "lr": 0.049608082827980876, "l2_lambda": 0.001286304381999347, "batch_size": 23}