{"sigma": 0.22070329932383595, "lr": 0.007100744375901557, "l2_lambda": 0.0055257863698712955, "batch_size": 61}