{"sigma": 0.5761257599940197, "lr": 4.96519773613513e-05, "l2_lambda": 0.006124792961737588, "batch_size": 56}