{"sigma": 0.011761344518946917, "lr": 2.9106069028721147e-05, "l2_lambda": 0.0018676746688752331, "batch_size": 60}