{"sigma": 0.5497593514043789, "lr": 0.0028505550856145105, "l2_lambda": 0.00020677625080338727, "batch_size": 32}