{"sigma": 0.024007848793289183, "lr": 0.013286901962004839, "l2_lambda": 0.009275759386417849, "batch_size": 17}