{"sigma": 0.8815648391480162, "lr": 0.00011372476376750438, "l2_lambda": 0.008394587010967675, "batch_size": 35}