{"sigma": 0.39481347284168006, "lr": 0.022628175084391536, "l2_lambda": 0.006023434408442603, "batch_size": 101}