{"sigma": 0.4424052200114248, "lr": 0.002795751577648586, "l2_lambda": 0.0014968974038977623, "batch_size": 21}