{"sigma": 0.2783445876644763, "lr": 0.00046765413932517235, "l2_lambda": 0.0017596883372504352, "batch_size": 42}