{"sigma": 0.45507380037440537, "lr": 4.168132352148573e-05, "l2_lambda": 0.0060302112663016055, "batch_size": 25}