{"sigma": 0.7333398523124355, "lr": 0.0021918282360349657, "l2_lambda": 0.006474813570108216, "batch_size": 27}