{"sigma": 0.7100323706691707, "lr": 6.162891194735869e-05, "l2_lambda": 0.005127328551259404, "batch_size": 123}