{"sigma": 0.9122965344903818, "lr": 0.011079185407219558, "l2_lambda": 0.004412406814824456, "batch_size": 69}