{"sigma": 0.35028346235930885, "lr": 0.01213932785396785, "l2_lambda": 0.009551844690676882, "batch_size": 42}