{"sigma": 0.5919508351046773, "lr": 0.019259596113497614, "l2_lambda": 0.00811941065129994, "batch_size": 37}