{"sigma": 0.03258979741426275, "lr": 6.086053190043969e-05, "l2_lambda": 0.002018425062468165, "batch_size": 31}