{"sigma": 0.9344943722646758, "lr": 0.0003728992583860115, "l2_lambda": 0.006797220036332689, "batch_size": 63}