{"sigma": 0.1119536281477187, "lr": 9.209719692930973e-05, "l2_lambda": 0.005360982853624967, "batch_size": 105}