{"sigma": 0.9825871147418843, "lr": 0.00018463582345255993, "l2_lambda": 0.0022467765265295645, "batch_size": 23}