{"sigma": 0.8534804684538866, "lr": 0.029912679017618557, "l2_lambda": 0.00398840826232001, "batch_size": 57}