{"sigma": 0.13634922812853292, "lr": 6.63396014562943e-05, "l2_lambda": 0.0029708629820764964, "batch_size": 41}