{"sigma": 0.9556618956583335, "lr": 3.190888562359024e-05, "l2_lambda": 0.005416508356914439, "batch_size": 35}