{"sigma": 0.9057105217634126, "lr": 0.000840512534618338, "l2_lambda": 0.003646327506620644, "batch_size": 20}