{"sigma": 0.931887992588998, "lr": 0.00017852633664381027, "l2_lambda": 0.004120542615605968, "batch_size": 87}