{"sigma": 0.5333461578508618, "lr": 0.000766309218085959, "l2_lambda": 0.0031020183315319865, "batch_size": 31}