{"sigma": 0.6260409169316391, "lr": 0.00027786043768406136, "l2_lambda": 0.002347396294461526, "batch_size": 17}