{"sigma": 0.3925705846792452, "lr": 0.07228052938548547, "l2_lambda": 0.009916646570073996, "batch_size": 19}