{"sigma": 0.15993383306916908, "lr": 3.3595039910443093e-05, "l2_lambda": 0.009369632731869231, "batch_size": 118}