{"sigma": 0.4654615354414363, "lr": 0.0011982833257579682, "l2_lambda": 0.002727464471937373, "batch_size": 97}