{"sigma": 0.3924857235017459, "lr": 0.0007743157866965894, "l2_lambda": 0.0016397573776982363, "batch_size": 18}