{"sigma": 0.45613473357686235, "lr": 0.0003831906968349442, "l2_lambda": 0.003649881528761345, "batch_size": 37}