{"sigma": 0.49941342269157935, "lr": 0.043464836701650696, "l2_lambda": 0.0010589928164948092, "batch_size": 43}