{"sigma": 0.254483416785605, "lr": 3.4678797157006436e-05, "l2_lambda": 0.004745965728093356, "batch_size": 86}