{"sigma": 0.09422141609706934, "lr": 0.000406065582596045, "l2_lambda": 0.004202001217874211, "batch_size": 90}