{"sigma": 0.9018257040523796, "lr": 7.75629590608796e-05, "l2_lambda": 0.00039983628806589464, "batch_size": 20}