{"sigma": 0.17897111733683918, "lr": 0.06658876066917599, "l2_lambda": 0.00783366917074465, "batch_size": 39}