{"sigma": 0.35871149130952446, "lr": 1.0652895266450316e-05, "l2_lambda": 0.007772356660503584, "batch_size": 40}