{"sigma": 0.7542541667343415, "lr": 0.006153608236261971, "l2_lambda": 0.008338313647119297, "batch_size": 81}