{"sigma": 0.08778282361037121, "lr": 0.00026900255580029816, "l2_lambda": 0.009448495679462592, "batch_size": 58}