{"sigma": 0.5746496633495978, "lr": 0.011065305275913663, "l2_lambda": 0.0020132866280694146, "batch_size": 40}