{"sigma": 0.6020829107892319, "lr": 0.0010136544192819496, "l2_lambda": 0.00831271203282116, "batch_size": 25}