{"sigma": 0.7390338271026441, "lr": 2.9708947646912843e-05, "l2_lambda": 0.0036243334450939938, "batch_size": 41}