{"sigma": 0.12274559895320956, "lr": 3.3576593971622475e-05, "l2_lambda": 0.007593540962193173, "batch_size": 49}