{"sigma": 0.09350210052102866, "lr": 0.0016004525647732768, "l2_lambda": 0.0003661686129641006, "batch_size": 36}