{"sigma": 0.9640875946931199, "lr": 0.005170357773494717, "l2_lambda": 0.0066846223151021365, "batch_size": 16}