{"sigma": 0.15743230444848735, "lr": 0.0017591603655267493, "l2_lambda": 0.0032210995811046924, "batch_size": 20}