{"sigma": 0.6614485194930023, "lr": 1.3061395746579976e-05, "l2_lambda": 0.0065383146961360316, "batch_size": 49}