{"sigma": 0.2652387332858979, "lr": 0.00010451144144189193, "l2_lambda": 0.00016907693817295414, "batch_size": 41}