{"sigma": 0.28661964011439134, "lr": 0.0025092920130782505, "l2_lambda": 0.003946603964294135, "batch_size": 90}