{"sigma": 0.9040116846516325, "lr": 0.009228115561249547, "l2_lambda": 0.003714698091055186, "batch_size": 28}