{"sigma": 0.7273245558477622, "lr": 0.004220533136143045, "l2_lambda": 0.009035697625566585, "batch_size": 25}