{"sigma": 0.7713625147245895, "lr": 0.00034323861542323326, "l2_lambda": 0.003740874812358921, "batch_size": 52}