{"sigma": 0.8090322858438902, "lr": 0.004877482147096927, "l2_lambda": 0.00561434111696226, "batch_size": 21}