{"sigma": 0.8209352833607609, "lr": 6.534049169458593e-05, "l2_lambda": 0.006415877222860009, "batch_size": 34}