{"sigma": 0.197858474749809, "lr": 0.017206234244298294, "l2_lambda": 0.006168192199559154, "batch_size": 48}