{"sigma": 0.744887232539427, "lr": 6.466647923763422e-05, "l2_lambda": 0.008945345623388943, "batch_size": 25}