{"sigma": 0.5964210498771909, "lr": 0.05611780479315173, "l2_lambda": 0.0038815427005715326, "batch_size": 19}