{"sigma": 0.9098436714297065, "lr": 2.2866890438262415e-05, "l2_lambda": 0.006191617747753849, "batch_size": 25}