{"sigma": 0.6855967897796318, "lr": 0.0012483706630910887, "l2_lambda": 0.00820988575059251, "batch_size": 74}