{"sigma": 0.9018972937904839, "lr": 0.0005503624362012231, "l2_lambda": 0.00463507117814249, "batch_size": 39}