{"sigma": 0.055347359205907214, "lr": 0.009922215910668223, "l2_lambda": 0.0004590445391552838, "batch_size": 29}