{"sigma": 0.504930536541677, "lr": 0.00030324384836407953, "l2_lambda": 0.0019361832692241865, "batch_size": 16}