{"sigma": 0.6668315590805192, "lr": 0.016528940783918367, "l2_lambda": 0.004527259819272898, "batch_size": 24}