{"sigma": 0.39005366312981904, "lr": 0.014606257054727553, "l2_lambda": 0.005441288230442497, "batch_size": 79}