{"sigma": 0.9765156763127996, "lr": 0.09997512625531416, "l2_lambda": 0.009166018727693008, "batch_size": 16}