{"sigma": 0.837457893944016, "lr": 0.014905632493890117, "l2_lambda": 0.004460388254207678, "batch_size": 20}