{"sigma": 0.7071157186458342, "lr": 0.008471758065841087, "l2_lambda": 0.0042930553863595655, "batch_size": 28}