{"sigma": 0.5036808978429788, "lr": 0.0005775153964903815, "l2_lambda": 0.005504116163567975, "batch_size": 26}