{"sigma": 0.562070679911181, "lr": 0.00982899376113846, "l2_lambda": 0.0022245068866426493, "batch_size": 36}