{"sigma": 0.7196712685790695, "lr": 0.021733427457185598, "l2_lambda": 0.0011735692803151012, "batch_size": 22}