{"sigma": 0.20827534626023383, "lr": 0.034187532831447924, "l2_lambda": 0.00961969766779418, "batch_size": 35}