{"sigma": 0.9482524097843574, "lr": 0.0007424708017403214, "l2_lambda": 0.003237486898977882, "batch_size": 60}