{"sigma": 0.47176613346514956, "lr": 0.0004064466933433084, "l2_lambda": 0.0015429401161784356, "batch_size": 38}