{"sigma": 0.678160091195469, "lr": 0.0018557248017131004, "l2_lambda": 0.007058174473265635, "batch_size": 77}