{"sigma": 0.5145913004091571, "lr": 0.02345630361256557, "l2_lambda": 0.008745055349450529, "batch_size": 98}