{"sigma": 0.43091319902276126, "lr": 0.0006325670381277836, "l2_lambda": 0.00227319011715944, "batch_size": 35}