{"sigma": 0.2976735954969246, "lr": 0.018507407415581142, "l2_lambda": 0.00607107882542187, "batch_size": 22}