{"sigma": 0.9632202270389522, "lr": 0.021669987721227173, "l2_lambda": 0.0034462432872508467, "batch_size": 64}