{"sigma": 0.07574079993586258, "lr": 0.07854917520804335, "l2_lambda": 0.002427693160833048, "batch_size": 18}