{"sigma": 0.28475285071993695, "lr": 0.0007496670470708172, "l2_lambda": 0.006568878507935005, "batch_size": 28}