{"sigma": 0.9883290963380432, "lr": 7.13105771948038e-05, "l2_lambda": 0.0037520418603662607, "batch_size": 45}