{"sigma": 0.18382444218195898, "lr": 0.005263301239434156, "l2_lambda": 0.008174360037441049, "batch_size": 47}