{"sigma": 0.6617125888244173, "lr": 3.0759240776814354e-05, "l2_lambda": 0.003515504164638658, "batch_size": 18}