{"sigma": 0.42502496213232854, "lr": 0.0001402876186795507, "l2_lambda": 0.009085531576683011, "batch_size": 116}