{"sigma": 0.5940998763870345, "lr": 1.8348499541323245e-05, "l2_lambda": 0.005964493298788614, "batch_size": 47}