{"sigma": 0.9974200394310759, "lr": 1.1775006472499689e-05, "l2_lambda": 0.005230755785131398, "batch_size": 18}