{"sigma": 0.6270013930702486, "lr": 0.0007027711700983371, "l2_lambda": 0.006592958079297314, "batch_size": 26}