{"sigma": 0.3176375717816761, "lr": 0.01073018334943065, "l2_lambda": 0.00479200762050585, "batch_size": 31}