{"sigma": 0.38262513024906697, "lr": 1.0166115692752962e-05, "l2_lambda": 0.009221450348352766, "batch_size": 28}