{"sigma": 0.17828003909914694, "lr": 0.02210601690457809, "l2_lambda": 0.004831912135628691, "batch_size": 23}