{"sigma": 0.2361790466196524, "lr": 3.045362827879125e-05, "l2_lambda": 0.00026587146878756984, "batch_size": 106}