{"sigma": 0.14507612576741918, "lr": 0.0007496918327285977, "l2_lambda": 0.0019502758433771136, "batch_size": 64}