{"sigma": 0.9838393991727885, "lr": 4.864039021177515e-05, "l2_lambda": 0.00556252345387663, "batch_size": 42}