{"sigma": 0.04247709186088225, "lr": 0.006642873189053627, "l2_lambda": 0.0015217459842596015, "batch_size": 97}