{"sigma": 0.5447423047931911, "lr": 1.2769241546378872e-05, "l2_lambda": 0.00839120787384354, "batch_size": 108}