{"sigma": 0.08647193819011889, "lr": 0.0028283243681278335, "l2_lambda": 0.0020930456217865614, "batch_size": 101}