{"sigma": 0.12842172694302037, "lr": 1.586012145073892e-05, "l2_lambda": 0.0033381584253994114, "batch_size": 18}