{"sigma": 0.4438772464882778, "lr": 0.00624128676866389, "l2_lambda": 0.009582591603514346, "batch_size": 39}