{"sigma": 0.13611180533318726, "lr": 0.0005563294171461243, "l2_lambda": 0.006267486923095549, "batch_size": 40}