{"sigma": 0.2756223348164622, "lr": 1.3063130810448892e-05, "l2_lambda": 0.004970032422090412, "batch_size": 34}