{"sigma": 0.3656643503180342, "lr": 0.02517222056628623, "l2_lambda": 0.009714984752695152, "batch_size": 79}