{"sigma": 0.47240953014145187, "lr": 0.021580473653027902, "l2_lambda": 0.0089966634066965, "batch_size": 78}