{"sigma": 0.9892725569294468, "lr": 0.07396705141425919, "l2_lambda": 0.007246262566888344, "batch_size": 98}