{"sigma": 0.8103284206499689, "lr": 3.765478794438083e-05, "l2_lambda": 0.001215321451345324, "batch_size": 30}