{"sigma": 0.2010342455569515, "lr": 1.3003598110106275e-05, "l2_lambda": 0.007446678009922434, "batch_size": 32}