{"sigma": 0.6248356591315883, "lr": 0.0010288338167860156, "l2_lambda": 0.004801879559436979, "batch_size": 16}