{"sigma": 0.868125854999499, "lr": 0.008788910964671586, "l2_lambda": 0.0001589149644661785, "batch_size": 39}