{"sigma": 0.4241087358882622, "lr": 0.025052685908943363, "l2_lambda": 0.007463229671516252, "batch_size": 84}