{"sigma": 0.9035347051047231, "lr": 2.723990703693234e-05, "l2_lambda": 0.004388643953186132, "batch_size": 43}