{"sigma": 0.5996081016618298, "lr": 1.0735311783694162e-05, "l2_lambda": 0.005676629181611014, "batch_size": 37}