{"sigma": 0.24523639868149277, "lr": 0.031785771313665084, "l2_lambda": 0.00042745799432922514, "batch_size": 28}