{"sigma": 0.1719085921065935, "lr": 0.04205194116268487, "l2_lambda": 0.0015244654023472968, "batch_size": 77}