{"sigma": 0.8395471509764529, "lr": 0.00010500035550376593, "l2_lambda": 0.00318486409352056, "batch_size": 58}