{"sigma": 0.48708748107236055, "lr": 7.973386518204869e-05, "l2_lambda": 0.009800566595471499, "batch_size": 65}