{"sigma": 0.27225053677058836, "lr": 0.053408358730678125, "l2_lambda": 0.0008895564644106243, "batch_size": 87}