{"sigma": 0.531213264521028, "lr": 3.5275192034176596e-05, "l2_lambda": 0.0012005358585893185, "batch_size": 33}