{"sigma": 0.4079043570780489, "lr": 0.01430221876389949, "l2_lambda": 0.004173196526088608, "batch_size": 28}