{"sigma": 0.08030612031790732, "lr": 0.00029154051755170485, "l2_lambda": 0.00901294446203294, "batch_size": 47}