{"sigma": 0.6174115155993927, "lr": 0.00030641102061637257, "l2_lambda": 0.006770394448400765, "batch_size": 75}