{"sigma": 0.12290560244714012, "lr": 2.155695652171862e-05, "l2_lambda": 0.005660012771244865, "batch_size": 19}