{"sigma": 0.9685028401974274, "lr": 0.07104040672258997, "l2_lambda": 0.0024849652168425973, "batch_size": 66}