{"sigma": 0.8296915600040919, "lr": 0.0002235939740359895, "l2_lambda": 0.00967347582852587, "batch_size": 22}