{"sigma": 0.862073998563166, "lr": 0.004968795253803807, "l2_lambda": 0.004320268788796077, "batch_size": 120}