{"sigma": 0.9935290016099897, "lr": 0.04349070787617819, "l2_lambda": 0.006443277437023042, "batch_size": 29}