{"sigma": 0.28013806265866004, "lr": 0.0012139607613045728, "l2_lambda": 0.007828161223514827, "batch_size": 42}