{"sigma": 0.9881106172435651, "lr": 9.703277317140364e-05, "l2_lambda": 0.004830796606456318, "batch_size": 120}