{"sigma": 0.14102624699609298, "lr": 0.04121698081132643, "l2_lambda": 0.008871151040656817, "batch_size": 78}