{"sigma": 0.018376913502848122, "lr": 0.0001350471921102477, "l2_lambda": 0.00781700729305723, "batch_size": 71}