{"sigma": 0.1040515997891816, "lr": 0.00031219831426384923, "l2_lambda": 0.000952190425765155, "batch_size": 109}