{"sigma": 0.4929043780436069, "lr": 0.0001653360017272985, "l2_lambda": 0.00878123686323292, "batch_size": 41}