{"sigma": 0.9934466006808091, "lr": 0.0012076483975351055, "l2_lambda": 0.006434319995902932, "batch_size": 35}