{"sigma": 0.3347615684107793, "lr": 0.014961126984953655, "l2_lambda": 0.0017046616906030156, "batch_size": 43}