{"sigma": 0.4863971138727406, "lr": 1.3266641114059405e-05, "l2_lambda": 0.003516747375595464, "batch_size": 57}