{"sigma": 0.11442611930076045, "lr": 0.04581582302112347, "l2_lambda": 0.007618235821705253, "batch_size": 19}