{"sigma": 0.908694078945101, "lr": 0.007691147895463708, "l2_lambda": 0.007005622088223852, "batch_size": 37}