{"sigma": 0.8834430085914663, "lr": 0.02131564621823718, "l2_lambda": 0.003707203664605429, "batch_size": 40}