{"sigma": 0.1811749008702894, "lr": 0.0003857224139538837, "l2_lambda": 0.006299124141361694, "batch_size": 106}