{"sigma": 0.6514629216825756, "lr": 9.52209840274563e-05, "l2_lambda": 0.0009818324662914024, "batch_size": 21}