{"sigma": 0.6378734912410894, "lr": 3.9957401008405915e-05, "l2_lambda": 0.007724570884489988, "batch_size": 85}