{"sigma": 0.8092645719432976, "lr": 0.009198969507936944, "l2_lambda": 0.0019449042521731109, "batch_size": 81}