{"sigma": 0.9398872081580275, "lr": 0.04442912692014161, "l2_lambda": 0.0005739760394542254, "batch_size": 59}