{"sigma": 0.9143029894946635, "lr": 0.000594911121056325, "l2_lambda": 0.0033395463429819255, "batch_size": 81}