{"sigma": 0.9216075420094098, "lr": 0.08050350148778178, "l2_lambda": 0.001027669133456727, "batch_size": 47}