{"sigma": 0.07400116839793935, "lr": 0.00018362731013421384, "l2_lambda": 0.001620515566980042, "batch_size": 82}