{"sigma": 0.244069138922211, "lr": 0.005599467662985617, "l2_lambda": 0.0016878429511833046, "batch_size": 62}