{"sigma": 0.5074260052553954, "lr": 0.003604223890685332, "l2_lambda": 0.00471207584905536, "batch_size": 54}