{"sigma": 0.02184477492851919, "lr": 0.044951882081610745, "l2_lambda": 0.005685796755043449, "batch_size": 94}