{"sigma": 0.7657234715291656, "lr": 0.007752662279684905, "l2_lambda": 0.006218180020522667, "batch_size": 104}