{"sigma": 0.2071058912285571, "lr": 0.0013319401467164788, "l2_lambda": 0.009361839524756974, "batch_size": 20}