{"sigma": 0.4574082761345638, "lr": 0.00021613696854192553, "l2_lambda": 0.004161279183332988, "batch_size": 22}