{"sigma": 0.8025110062258183, "lr": 0.00015426429310205303, "l2_lambda": 0.005559207228514767, "batch_size": 35}