{"sigma": 0.18421687841103848, "lr": 0.017134217642231227, "l2_lambda": 0.007343391404425793, "batch_size": 91}