{"sigma": 0.9636809706508171, "lr": 8.612335153693825e-05, "l2_lambda": 0.008856747887361186, "batch_size": 74}