{"sigma": 0.24273612753239626, "lr": 0.004613047380524762, "l2_lambda": 0.004357751624360973, "batch_size": 36}