{"sigma": 0.497486320510552, "lr": 4.633984497923759e-05, "l2_lambda": 0.005207872893762488, "batch_size": 80}