{"sigma": 0.2036313525716389, "lr": 1.8777234391057e-05, "l2_lambda": 0.0012460549549462155, "batch_size": 62}