{"sigma": 0.36575577346556254, "lr": 0.04568846252213518, "l2_lambda": 0.0030561169703915763, "batch_size": 37}