{"sigma": 0.7390965266659676, "lr": 2.5227932103750542e-05, "l2_lambda": 0.0022965569867104334, "batch_size": 127}