{"sigma": 0.2761092826660615, "lr": 0.020779192073079194, "l2_lambda": 0.00538619902847112, "batch_size": 124}