{"sigma": 0.23509448896492235, "lr": 0.014411430688034129, "l2_lambda": 0.005643185335182924, "batch_size": 43}