{"sigma": 0.2939537012798882, "lr": 0.00011140497662832856, "l2_lambda": 0.0013579215787450105, "batch_size": 124}