{"sigma": 0.24560528017377942, "lr": 0.052951567891360955, "l2_lambda": 0.007227719595156039, "batch_size": 46}