{"max_depth": 6, "learning_rate": 0.1519541903034424, "subsample": 0.7644830378371009, "colsample_bytree": 0.6017979950433201, "gamma": 0.2812832121815062, "lambda": 0.3261624748228442, "alpha": 0.5555606400915961}