{"max_depth": 6, "learning_rate": 0.29665314975216883, "subsample": 0.5915248291880819, "colsample_bytree": 0.7839408960725426, "gamma": 2.5131720852551127, "lambda": 0.8507077622120852, "alpha": 0.00947730380548697}