{"max_depth": 7, "learning_rate": 0.0403984780194936, "subsample": 0.7818604252218799, "colsample_bytree": 0.7551531413174719, "gamma": 1.7683538979920392, "lambda": 0.013846021840486217, "alpha": 3.07835689074744e-07}