{"max_depth": 7, "learning_rate": 0.08671106034961626, "subsample": 0.8689428761025256, "colsample_bytree": 0.8093724089511007, "gamma": 2.846604149057745, "lambda": 3.2748176593416467e-06, "alpha": 0.00010821054413923926}