{"max_depth": 7, "learning_rate": 0.05670717617752113, "subsample": 0.6510295952088041, "colsample_bytree": 0.8237530686128229, "gamma": 3.0990572755104844, "lambda": 9.078813377240163e-06, "alpha": 0.09809614994180081}