{"max_depth": 9, "learning_rate": 0.27343969869729456, "subsample": 0.754973730289988, "colsample_bytree": 0.6977999693352468, "gamma": 3.859942883835351, "lambda": 9.922362572311892e-05, "alpha": 0.32509243281845446}