{"max_depth": 8, "learning_rate": 0.056531551773613194, "subsample": 0.7639696997444381, "colsample_bytree": 0.8307134803665952, "gamma": 0.48193225732375555, "lambda": 1.85249257553207e-05, "alpha": 1.6118009797731284e-08}