{"max_depth": 10, "learning_rate": 0.1669792499811487, "subsample": 0.9675539583543994, "colsample_bytree": 0.7156620238402851, "gamma": 4.337337194841773, "lambda": 7.697551896396486e-05, "alpha": 1.4280754648360517e-05}