{"max_depth": 8, "learning_rate": 0.1847401159633543, "subsample": 0.8809101808820234, "colsample_bytree": 0.8407748340248604, "gamma": 1.6410419141851607, "lambda": 0.9739879693696828, "alpha": 0.556199951616424}