{"max_depth": 7, "learning_rate": 0.11706842511421671, "subsample": 0.7310305222291508, "colsample_bytree": 0.916444837592719, "gamma": 1.8499643039803253, "lambda": 1.1128589276990004e-07, "alpha": 0.0028847081613473475}