{"max_depth": 3, "learning_rate": 0.01571493292534162, "subsample": 0.7849847183139269, "colsample_bytree": 0.5540676366683601, "gamma": 0.5063301082768917, "lambda": 5.414701075158815e-06, "alpha": 2.027251088033594e-06}