{"max_depth": 9, "learning_rate": 0.01895717931586787, "subsample": 0.9230304129578413, "colsample_bytree": 0.5062026547041079, "gamma": 3.413690690577, "lambda": 0.25247788676918564, "alpha": 3.2228091159633234e-06}