{"max_depth": 6, "learning_rate": 0.1758282357615884, "subsample": 0.948036731312258, "colsample_bytree": 0.7544630373572926, "gamma": 4.904934203280606, "lambda": 0.0013368652049284668, "alpha": 0.23053471660207941}