{"max_depth": 6, "learning_rate": 0.2582422766505354, "subsample": 0.6004538027428276, "colsample_bytree": 0.5084424966267054, "gamma": 0.7347433973788414, "lambda": 0.2803907872315478, "alpha": 0.0400219231877571}