{"max_depth": 7, "learning_rate": 0.1310056778807234, "subsample": 0.9145818179695312, "colsample_bytree": 0.8943237462628135, "gamma": 1.236766269303744, "lambda": 2.30613938803441e-07, "alpha": 0.025989491347931454}