{"max_depth": 8, "learning_rate": 0.24333330385575658, "subsample": 0.6965906979210961, "colsample_bytree": 0.7448450097181637, "gamma": 2.634192149105446, "lambda": 2.395934098207884e-08, "alpha": 4.0565603500489615e-05}