{"max_depth": 5, "learning_rate": 0.02503779200526648, "subsample": 0.6020824813911138, "colsample_bytree": 0.9081672159828524, "gamma": 1.321564855156666, "lambda": 2.5176796141260974e-06, "alpha": 0.002580125285067002}