{"max_depth": 8, "learning_rate": 0.09632438489683269, "subsample": 0.8960686267030287, "colsample_bytree": 0.8249345671641534, "gamma": 1.4514772946533672, "lambda": 6.793818616700588e-08, "alpha": 2.7342309561867805e-08}