{"max_depth": 6, "learning_rate": 0.2833402140594853, "subsample": 0.9560804899652602, "colsample_bytree": 0.5908278466465655, "gamma": 4.606984952594005, "lambda": 3.4314229429897256e-07, "alpha": 7.059119887858574e-06}