{"max_depth": 9, "learning_rate": 0.19955880504705262, "subsample": 0.5040844549803492, "colsample_bytree": 0.6814967332712145, "gamma": 2.8150006117673114, "lambda": 0.027796086145255614, "alpha": 1.0894742867015769e-06}