{"max_depth": 4, "learning_rate": 0.0643237068373574, "subsample": 0.5795741285862009, "colsample_bytree": 0.8503193482806897, "gamma": 2.7181650544571303, "lambda": 3.6223448289945548e-06, "alpha": 4.001887709773275e-08}