{"out_channels": 36, "kernel_size": 6, "num_blocks": 3, "l2_lambda": 0.00301422026869719, "dropout_rate": 0.2400931681753142, "lr": 0.04366215202102773, "batch_size": 42}