{"out_channels": 128, "kernel_size": 6, "num_blocks": 3, "l2_lambda": 0.004013520004136393, "dropout_rate": 0.11590776606147438, "lr": 0.05434266072886147, "batch_size": 57}