{"out_channels": 63, "kernel_size": 3, "num_blocks": 1, "l2_lambda": 0.0006549686986897908, "dropout_rate": 0.10338828383726639, "lr": 0.06725438622652079, "batch_size": 93}