{"out_channels": 45, "kernel_size": 3, "num_blocks": 1, "l2_lambda": 0.0017746866079724416, "dropout_rate": 0.4378645666546067, "lr": 0.004630173597904049, "batch_size": 235}