{"out_channels": 90, "kernel_size": 3, "num_blocks": 1, "l2_lambda": 0.0030322481316315372, "dropout_rate": 0.4109783197476322, "lr": 0.008794302014836946, "batch_size": 48}