{"out_channels": 80, "kernel_size": 6, "num_blocks": 2, "l2_lambda": 0.006211515522966398, "dropout_rate": 0.17460747749970076, "lr": 0.0779730899560519, "batch_size": 199}