{"out_channels": 90, "kernel_size": 3, "num_blocks": 1, "l2_lambda": 0.0075079073848426615, "dropout_rate": 0.3366084780798806, "lr": 0.06616449177729467, "batch_size": 196}