{"out_channels": 99, "kernel_size": 6, "num_blocks": 2, "l2_lambda": 0.00670094948906322, "dropout_rate": 0.31405938033609426, "lr": 0.00720692857592478, "batch_size": 155}