{"out_channels": 27, "kernel_size": 7, "num_blocks": 2, "l2_lambda": 0.0053027797180890375, "dropout_rate": 0.13680145726408238, "lr": 0.014217202455676795, "batch_size": 139}