{"out_channels": 23, "kernel_size": 6, "num_blocks": 1, "l2_lambda": 0.0011273786615100178, "dropout_rate": 0.22704651473642096, "lr": 0.01961153242185446, "batch_size": 167}