{"out_channels": 17, "kernel_size": 6, "num_blocks": 1, "l2_lambda": 0.00982755432852152, "dropout_rate": 0.415742032391495, "lr": 0.039274158641626734, "batch_size": 71}