{"out_channels": 23, "kernel_size": 6, "num_blocks": 2, "l2_lambda": 0.00779191117813198, "dropout_rate": 0.40964379993589806, "lr": 0.08193943740216918, "batch_size": 93}