{"out_channels": 106, "kernel_size": 3, "num_blocks": 2, "l2_lambda": 0.008467435228177228, "dropout_rate": 0.13039386042602935, "lr": 0.09412505743015967, "batch_size": 255}