{"out_channels": 25, "kernel_size": 4, "num_blocks": 3, "l2_lambda": 0.0029436155557448322, "dropout_rate": 0.1860063255242065, "lr": 0.008872773863386868, "batch_size": 185}