{"out_channels": 71, "kernel_size": 3, "num_blocks": 2, "l2_lambda": 0.007662346455312307, "dropout_rate": 0.10665454914502925, "lr": 0.038345473207394065, "batch_size": 152}