{"out_channels": 80, "kernel_size": 4, "num_blocks": 1, "l2_lambda": 0.004751034114713174, "dropout_rate": 0.3383511763063053, "lr": 0.03013004330822834, "batch_size": 84}