{"out_channels": 100, "kernel_size": 4, "num_blocks": 2, "l2_lambda": 0.00262017369061816, "dropout_rate": 0.1098352227031601, "lr": 0.012148462711812701, "batch_size": 157}