{"out_channels": 35, "kernel_size": 3, "num_blocks": 1, "l2_lambda": 0.005901269489931871, "dropout_rate": 0.27993549731417944, "lr": 0.03963220359465888, "batch_size": 99}