{"out_channels": 70, "kernel_size": 3, "num_blocks": 2, "l2_lambda": 0.00148962780886581, "dropout_rate": 0.45955662126233, "lr": 0.09498420290470307, "batch_size": 215}