{"out_channels": 98, "kernel_size": 7, "num_blocks": 3, "l2_lambda": 0.004201383394651643, "dropout_rate": 0.32690919129676077, "lr": 0.03851213779283008, "batch_size": 91}