{"out_channels": 94, "kernel_size": 4, "num_blocks": 2, "l2_lambda": 0.0014006877943371382, "dropout_rate": 0.49764903504962343, "lr": 0.03669749855835422, "batch_size": 148}