{"out_channels": 34, "kernel_size": 6, "num_blocks": 3, "l2_lambda": 0.0006880576105033848, "dropout_rate": 0.12741207739827742, "lr": 0.0811152633838707, "batch_size": 212}