{"out_channels": 116, "kernel_size": 5, "num_blocks": 3, "l2_lambda": 0.0026420707311232126, "dropout_rate": 0.31074591781455113, "lr": 0.019927103563045705, "batch_size": 200}