{"out_channels": 109, "kernel_size": 6, "num_blocks": 2, "l2_lambda": 0.005159161435159917, "dropout_rate": 0.4502049793266053, "lr": 0.022915391336606982, "batch_size": 146}