{"out_channels": 17, "kernel_size": 7, "num_blocks": 2, "l2_lambda": 0.004448494247745777, "dropout_rate": 0.26027661679151964, "lr": 0.07693611066390493, "batch_size": 234}