{"out_channels": 40, "kernel_size": 5, "num_blocks": 1, "l2_lambda": 0.002581662384045267, "dropout_rate": 0.26151644993540596, "lr": 0.0331970547002584, "batch_size": 111}