{"out_channels": 51, "kernel_size": 4, "num_blocks": 3, "l2_lambda": 0.004969616013299136, "dropout_rate": 0.355603136042827, "lr": 0.05390083492017266, "batch_size": 92}