{"out_channels": 108, "kernel_size": 7, "num_blocks": 1, "l2_lambda": 0.005695973153582798, "dropout_rate": 0.368497973815583, "lr": 0.06442841768847175, "batch_size": 170}