{"out_channels": 64, "kernel_size": 5, "num_blocks": 1, "l2_lambda": 0.003877498635271429, "dropout_rate": 0.26338861509429123, "lr": 0.041945698341803436, "batch_size": 89}