{"out_channels": 34, "kernel_size": 3, "num_blocks": 1, "l2_lambda": 0.0004662696343499214, "dropout_rate": 0.4382969442353709, "lr": 0.0602982953960124, "batch_size": 117}