{"out_channels": 69, "kernel_size": 3, "num_blocks": 3, "l2_lambda": 0.007456553229058115, "dropout_rate": 0.39662286132580815, "lr": 0.024700553597664404, "batch_size": 95}