{"out_channels": 41, "kernel_size": 5, "num_blocks": 3, "l2_lambda": 0.007248444924437228, "dropout_rate": 0.28541875134555666, "lr": 0.07113549668264921, "batch_size": 94}