{"out_channels": 73, "kernel_size": 5, "num_blocks": 2, "l2_lambda": 0.008064397359046531, "dropout_rate": 0.3385990176208805, "lr": 0.0497403784007689, "batch_size": 199}