{"out_channels": 43, "kernel_size": 6, "num_blocks": 2, "l2_lambda": 0.008942867561592616, "dropout_rate": 0.39259636386823293, "lr": 0.02935171563696152, "batch_size": 79}