{"out_channels": 66, "kernel_size": 3, "num_blocks": 2, "l2_lambda": 0.003387559009923451, "dropout_rate": 0.3081675686795343, "lr": 0.06582100182464036, "batch_size": 62}