{"out_channels": 71, "kernel_size": 4, "num_blocks": 2, "l2_lambda": 0.007263015963996816, "dropout_rate": 0.4924739032996902, "lr": 0.046739514708768186, "batch_size": 201}