{"out_channels": 27, "kernel_size": 7, "num_blocks": 3, "l2_lambda": 0.003883896072043954, "dropout_rate": 0.3977210100248473, "lr": 0.06487847999546861, "batch_size": 72}