{"out_channels": 99, "kernel_size": 4, "num_blocks": 3, "l2_lambda": 0.008927720053584763, "dropout_rate": 0.4383365389124605, "lr": 0.019408157834808232, "batch_size": 19}