{"out_channels": 97, "kernel_size": 3, "num_blocks": 1, "l2_lambda": 0.0024627724009957247, "dropout_rate": 0.4752187767995498, "lr": 0.023827034497562547, "batch_size": 129}