{"out_channels": 28, "kernel_size": 7, "num_blocks": 3, "l2_lambda": 0.004056850634462933, "dropout_rate": 0.2711601135269297, "lr": 0.06327399700266347, "batch_size": 179}