{"out_channels": 24, "kernel_size": 4, "num_blocks": 3, "l2_lambda": 0.00156262146769482, "dropout_rate": 0.46458145540761286, "lr": 0.0670044514179415, "batch_size": 52}