{"out_channels": 70, "kernel_size": 6, "num_blocks": 1, "l2_lambda": 0.005198146214917873, "dropout_rate": 0.4533324909205694, "lr": 0.09056209037262603, "batch_size": 55}