{"out_channels": 122, "kernel_size": 4, "num_blocks": 2, "l2_lambda": 0.009494118244939925, "dropout_rate": 0.4020981094235292, "lr": 0.06501236557235461, "batch_size": 174}