{"out_channels": 49, "kernel_size": 3, "num_blocks": 3, "l2_lambda": 0.004089181400074594, "dropout_rate": 0.19828616188312417, "lr": 0.08216265652699711, "batch_size": 116}