{"out_channels": 26, "kernel_size": 6, "num_blocks": 1, "l2_lambda": 0.0036652440613623915, "dropout_rate": 0.24351033148168033, "lr": 0.023548140965742932, "batch_size": 65}