{"out_channels": 56, "kernel_size": 3, "num_blocks": 2, "l2_lambda": 0.006384969287666278, "dropout_rate": 0.48042297921220456, "lr": 0.0038306713559357925, "batch_size": 82}