{"out_channels": 43, "kernel_size": 4, "num_blocks": 2, "l2_lambda": 0.002481108855383195, "dropout_rate": 0.28058453585898363, "lr": 0.09935295528647607, "batch_size": 80}