{"out_channels": 73, "kernel_size": 5, "num_blocks": 1, "l2_lambda": 9.178114722624942e-05, "dropout_rate": 0.4275991359325857, "lr": 0.0005836588413870787, "batch_size": 79}