{"out_channels": 25, "kernel_size": 5, "num_blocks": 3, "l2_lambda": 0.004658280753188825, "dropout_rate": 0.3669523921654413, "lr": 0.08968215885012053, "batch_size": 129}