{"out_channels": 96, "kernel_size": 4, "num_blocks": 3, "l2_lambda": 0.0042122734633692595, "dropout_rate": 0.4370168767031348, "lr": 0.04976254852366175, "batch_size": 110}