{"out_channels": 59, "kernel_size": 7, "num_blocks": 3, "l2_lambda": 0.004185558576578855, "dropout_rate": 0.2113665821528764, "lr": 0.04035436223833664, "batch_size": 108}