{"out_channels": 33, "kernel_size": 4, "num_blocks": 3, "l2_lambda": 0.00471089577873601, "dropout_rate": 0.2424426542629302, "lr": 0.07593681697277303, "batch_size": 119}