{"out_channels": 87, "kernel_size": 3, "num_blocks": 2, "l2_lambda": 0.008007484672657824, "dropout_rate": 0.4608523446539281, "lr": 0.07064410638638069, "batch_size": 208}