{"out_channels": 76, "kernel_size": 7, "num_blocks": 2, "lstm_hidden_size": 110, "l2_lambda": 0.008539802986224483, "dropout_rate": 0.15580270743363542, "lr": 0.060665105788732535}