{"out_channels": 40, "kernel_size": 4, "num_blocks": 2, "lstm_hidden_size": 102, "l2_lambda": 0.002438780941907355, "dropout_rate": 0.22007955237686305, "lr": 0.028748859207993704}