{"out_channels": 115, "kernel_size": 6, "num_blocks": 5, "lstm_hidden_size": 75, "l2_lambda": 0.002050144544567042, "dropout_rate": 0.31690097803216544, "lr": 0.030702791793770785}