{"out_channels": 128, "kernel_size": 6, "num_blocks": 5, "lstm_hidden_size": 46, "l2_lambda": 0.00492508094713599, "dropout_rate": 0.13353026599507778, "lr": 0.037948204118191664}