{"out_channels": 29, "kernel_size": 4, "num_blocks": 1, "lstm_hidden_size": 81, "l2_lambda": 0.009257474035836457, "dropout_rate": 0.2639574674078524, "lr": 0.09510349846774752}