{"out_channels": 75, "kernel_size": 6, "num_blocks": 3, "lstm_hidden_size": 128, "l2_lambda": 0.007416968150117603, "dropout_rate": 0.3146097934608191, "lr": 0.04750476820989077, "batch_size": 244}