{"out_channels": 117, "kernel_size": 3, "num_blocks": 2, "lstm_hidden_size": 52, "l2_lambda": 0.00036394079194247085, "dropout_rate": 0.2503269803807807, "lr": 0.0014516066410328618}