{"out_channels": 29, "kernel_size": 7, "num_blocks": 3, "lstm_hidden_size": 52, "l2_lambda": 0.00015744249658454534, "dropout_rate": 0.36854574119390326, "lr": 0.05949336740812843}