{"out_channels": 98, "kernel_size": 6, "num_blocks": 2, "lstm_hidden_size": 128, "l2_lambda": 0.003672083622971638, "dropout_rate": 0.35185127385039194, "lr": 0.028652740977401028, "batch_size": 71}