{"out_channels": 19, "kernel_size": 3, "num_blocks": 2, "lstm_hidden_size": 60, "l2_lambda": 0.008723378047429986, "dropout_rate": 0.21247393950631346, "lr": 0.07911242827529316}