{"out_channels": 79, "kernel_size": 3, "num_blocks": 3, "lstm_hidden_size": 42, "l2_lambda": 0.0013494012927169614, "dropout_rate": 0.3656850165110923, "lr": 0.06947818527324628}