{"out_channels": 116, "kernel_size": 7, "num_blocks": 5, "lstm_hidden_size": 96, "l2_lambda": 0.0021940006380364524, "dropout_rate": 0.17805594480176065, "lr": 0.09368615919785779}