{"out_channels": 125, "kernel_size": 3, "num_blocks": 5, "lstm_hidden_size": 119, "l2_lambda": 0.0018275733117026577, "dropout_rate": 0.32966133693164, "lr": 0.03306631531657918}