{"out_channels": 20, "kernel_size": 7, "num_blocks": 3, "lstm_hidden_size": 54, "l2_lambda": 0.0017126564927792032, "dropout_rate": 0.12755898771562155, "lr": 0.010894264481506483, "batch_size": 170}