{"out_channels": 45, "kernel_size": 5, "num_blocks": 5, "lstm_hidden_size": 90, "l2_lambda": 0.005593999117351573, "dropout_rate": 0.48409735353386296, "lr": 0.031205713572347197}