{"out_channels": 68, "kernel_size": 5, "num_blocks": 3, "lstm_hidden_size": 126, "l2_lambda": 0.0002675170259949934, "dropout_rate": 0.13328174906854204, "lr": 0.09088154405870491, "batch_size": 214}