{"out_channels": 33, "kernel_size": 5, "num_blocks": 1, "lstm_hidden_size": 103, "l2_lambda": 0.004451433962748989, "dropout_rate": 0.4206643290218971, "lr": 0.09580812567434739, "batch_size": 195}