{"out_channels": 78, "kernel_size": 6, "num_blocks": 2, "lstm_hidden_size": 127, "l2_lambda": 0.0019068837445002636, "dropout_rate": 0.4978281128921579, "lr": 0.08910297303757443, "batch_size": 151}