{"out_channels": 31, "kernel_size": 7, "num_blocks": 5, "lstm_hidden_size": 37, "l2_lambda": 0.0037098449019366143, "dropout_rate": 0.4438566481046625, "lr": 0.0732774181628702}