{"out_channels": 100, "kernel_size": 6, "num_blocks": 1, "lstm_hidden_size": 103, "l2_lambda": 0.0064523186034697675, "dropout_rate": 0.3647148659458772, "lr": 0.026401236629061846, "batch_size": 220}