{"out_channels": 19, "kernel_size": 3, "num_blocks": 1, "lstm_hidden_size": 71, "l2_lambda": 0.005230455045954776, "dropout_rate": 0.31928667531212873, "lr": 0.08899418764644129}