{"out_channels": 122, "kernel_size": 6, "num_blocks": 2, "lstm_hidden_size": 75, "l2_lambda": 0.0003648898228624672, "dropout_rate": 0.11661846077758026, "lr": 0.09251715001823477}