{"out_channels": 68, "kernel_size": 3, "num_blocks": 1, "lstm_hidden_size": 41, "l2_lambda": 0.0002752761442181476, "dropout_rate": 0.39375119337996656, "lr": 0.05312972213203734, "batch_size": 246}