{"out_channels": 86, "kernel_size": 5, "num_blocks": 5, "lstm_hidden_size": 80, "l2_lambda": 0.009733801006761482, "dropout_rate": 0.29332461587013015, "lr": 0.04089621520131948}