{"out_channels": 71, "kernel_size": 6, "num_blocks": 4, "lstm_hidden_size": 91, "l2_lambda": 0.006545535517704236, "dropout_rate": 0.47039169689527516, "lr": 0.004651276632194059}