{"out_channels": 45, "kernel_size": 5, "num_blocks": 1, "lstm_hidden_size": 121, "l2_lambda": 0.00879536662746646, "dropout_rate": 0.48309019019859245, "lr": 0.0740130997064212, "batch_size": 25}