{"out_channels": 85, "kernel_size": 5, "num_blocks": 2, "lstm_hidden_size": 57, "l2_lambda": 0.001474924204003508, "dropout_rate": 0.27544363666603844, "lr": 0.0364307936243371}