{"out_channels": 62, "kernel_size": 4, "num_blocks": 1, "lstm_hidden_size": 87, "l2_lambda": 0.007988824812508613, "dropout_rate": 0.3978008891110346, "lr": 0.0892694395093815}