{"out_channels": 111, "kernel_size": 6, "num_blocks": 2, "lstm_hidden_size": 32, "l2_lambda": 0.008251976857943284, "dropout_rate": 0.3781677777023862, "lr": 0.012095823960540783, "batch_size": 19}