{"out_channels": 59, "kernel_size": 7, "num_blocks": 3, "lstm_hidden_size": 79, "l2_lambda": 0.00416383907900007, "dropout_rate": 0.4282166462483128, "lr": 0.04025822457980164}