{"out_channels": 120, "kernel_size": 4, "num_blocks": 3, "lstm_hidden_size": 111, "l2_lambda": 0.0013933753090416246, "dropout_rate": 0.36859785807214884, "lr": 0.09566391451787278, "batch_size": 125}