{"out_channels": 82, "kernel_size": 6, "num_blocks": 3, "lstm_hidden_size": 101, "l2_lambda": 0.006990037952055918, "dropout_rate": 0.21018458904942322, "lr": 0.015752181375144454}