{"out_channels": 103, "kernel_size": 3, "num_blocks": 3, "lstm_hidden_size": 81, "l2_lambda": 0.003199728794733569, "dropout_rate": 0.22735502798352034, "lr": 0.05108559201559796, "batch_size": 60}