{"out_channels": 43, "kernel_size": 3, "num_blocks": 1, "lstm_hidden_size": 96, "l2_lambda": 0.004554677193330452, "dropout_rate": 0.2297698522113905, "lr": 0.04337411821827386}