{"out_channels": 122, "kernel_size": 7, "num_blocks": 3, "lstm_hidden_size": 124, "l2_lambda": 0.004516127297467201, "dropout_rate": 0.12727201274975833, "lr": 0.04145680671643944}