{"out_channels": 49, "kernel_size": 7, "num_blocks": 4, "lstm_hidden_size": 45, "l2_lambda": 0.002925460185095491, "dropout_rate": 0.26454940137806304, "lr": 0.0028859311965800604}