{"out_channels": 43, "kernel_size": 5, "num_blocks": 5, "lstm_hidden_size": 57, "l2_lambda": 0.007543327028742048, "dropout_rate": 0.4591496956815324, "lr": 0.06593053635829425}