{"out_channels": 68, "kernel_size": 7, "num_blocks": 5, "lstm_hidden_size": 88, "l2_lambda": 0.007297390353150989, "dropout_rate": 0.1048770338887589, "lr": 0.0008720855973184404}