{"out_channels": 26, "kernel_size": 6, "num_blocks": 2, "lstm_hidden_size": 112, "l2_lambda": 0.008022028983818668, "dropout_rate": 0.3220018021205936, "lr": 0.09555432866246924}