{"out_channels": 40, "kernel_size": 7, "num_blocks": 3, "lstm_hidden_size": 111, "l2_lambda": 0.00764518362226296, "dropout_rate": 0.3877766104488768, "lr": 0.07634050919376784}