{"out_channels": 50, "kernel_size": 7, "num_blocks": 1, "lstm_hidden_size": 124, "l2_lambda": 0.008940194101676955, "dropout_rate": 0.48500584191048535, "lr": 0.09466028259800384, "batch_size": 146}