{"out_channels": 110, "kernel_size": 7, "num_blocks": 2, "lstm_hidden_size": 86, "l2_lambda": 0.0006241778011886116, "dropout_rate": 0.295574701951658, "lr": 0.06031484481687367}