{"out_channels": 46, "kernel_size": 7, "num_blocks": 2, "lstm_hidden_size": 111, "l2_lambda": 0.0022411934865174264, "dropout_rate": 0.35141441837023835, "lr": 0.014640616727556581}