{"out_channels": 120, "kernel_size": 7, "num_blocks": 3, "lstm_hidden_size": 59, "l2_lambda": 0.009863856008167228, "dropout_rate": 0.20273094570703554, "lr": 0.0120843582800617}