{"out_channels": 123, "kernel_size": 3, "num_blocks": 3, "lstm_hidden_size": 70, "l2_lambda": 0.0005604440814289995, "dropout_rate": 0.3328135143774833, "lr": 0.030633748122407458, "batch_size": 247}