{"out_channels": 26, "kernel_size": 4, "num_blocks": 2, "lstm_hidden_size": 96, "l2_lambda": 0.001227417985925914, "dropout_rate": 0.4509299392638598, "lr": 0.006953364338889771, "batch_size": 166}