{"out_channels": 115, "kernel_size": 7, "num_blocks": 2, "lstm_hidden_size": 113, "l2_lambda": 0.0010993062578796928, "dropout_rate": 0.12725437906467799, "lr": 0.010082993321207935, "batch_size": 205}