{"out_channels": 43, "kernel_size": 4, "num_blocks": 1, "lstm_hidden_size": 100, "l2_lambda": 0.00486276804613657, "dropout_rate": 0.203029730637775, "lr": 0.08299346856286814}