{"out_channels": 87, "kernel_size": 7, "num_blocks": 1, "lstm_hidden_size": 74, "l2_lambda": 0.0006874065016265234, "dropout_rate": 0.11227557528719673, "lr": 0.008969354844848334}