{"out_channels": 106, "kernel_size": 3, "num_blocks": 3, "lstm_hidden_size": 45, "l2_lambda": 0.008957674941312225, "dropout_rate": 0.47961733724295386, "lr": 0.07800277073323432}