{"out_channels": 17, "kernel_size": 4, "num_blocks": 2, "lstm_hidden_size": 46, "l2_lambda": 0.007852480056652948, "dropout_rate": 0.2684011625410803, "lr": 0.08692758268589482}