{"out_channels": 110, "kernel_size": 7, "num_blocks": 1, "lstm_hidden_size": 94, "l2_lambda": 0.008711819290938602, "dropout_rate": 0.4393976935326307, "lr": 0.06912110303453588}