{"out_channels": 65, "kernel_size": 6, "num_blocks": 1, "lstm_hidden_size": 116, "l2_lambda": 0.003091270234080946, "dropout_rate": 0.49299910988271967, "lr": 0.005301161103934229, "batch_size": 218}