{"out_channels": 111, "kernel_size": 3, "num_blocks": 2, "lstm_hidden_size": 80, "l2_lambda": 0.0012866039701820732, "dropout_rate": 0.25530366193165444, "lr": 0.09654087264022268}