{"out_channels": 49, "kernel_size": 7, "num_blocks": 1, "lstm_hidden_size": 102, "l2_lambda": 0.008219849089043507, "dropout_rate": 0.49933757361941444, "lr": 0.075135939933054}