{"out_channels": 67, "kernel_size": 4, "num_blocks": 2, "lstm_hidden_size": 107, "l2_lambda": 7.803487701157733e-05, "dropout_rate": 0.3031273126204421, "lr": 0.05180554212257283}