{"out_channels": 92, "kernel_size": 6, "num_blocks": 2, "lstm_hidden_size": 35, "l2_lambda": 0.0006335492117382134, "dropout_rate": 0.4496415899586811, "lr": 0.00098185370190197}