{"out_channels": 119, "kernel_size": 4, "num_blocks": 3, "lstm_hidden_size": 82, "l2_lambda": 0.0020425605628992534, "dropout_rate": 0.22307333594674078, "lr": 0.05029570856102466}