{"out_channels": 106, "kernel_size": 7, "num_blocks": 5, "lstm_hidden_size": 53, "l2_lambda": 0.009532057387838761, "dropout_rate": 0.4303130464572179, "lr": 0.03648395495102813}