{"out_channels": 75, "kernel_size": 7, "num_blocks": 1, "lstm_hidden_size": 115, "l2_lambda": 0.006293327383526091, "dropout_rate": 0.2776115166140252, "lr": 0.019092334222921406}