{"out_channels": 118, "kernel_size": 5, "num_blocks": 1, "lstm_hidden_size": 60, "l2_lambda": 0.006840808940849027, "dropout_rate": 0.43482285694157563, "lr": 0.002039536656598833, "batch_size": 76}