{"out_channels": 30, "kernel_size": 4, "num_blocks": 5, "lstm_hidden_size": 64, "l2_lambda": 0.009546202112791198, "dropout_rate": 0.47895541922002116, "lr": 0.019954872755132594}