{"out_channels": 127, "kernel_size": 4, "num_blocks": 4, "lstm_hidden_size": 38, "l2_lambda": 0.007815875239897121, "dropout_rate": 0.3543355392642328, "lr": 0.03740069212155169}