{"out_channels": 108, "kernel_size": 7, "num_blocks": 3, "lstm_hidden_size": 90, "l2_lambda": 0.009818999179947446, "dropout_rate": 0.1983180338858914, "lr": 0.06090988171145518}