{"out_channels": 108, "kernel_size": 7, "num_blocks": 2, "lstm_hidden_size": 113, "l2_lambda": 0.0005211350132669774, "dropout_rate": 0.37290537478485375, "lr": 0.06719528401677986}