{"out_channels": 115, "kernel_size": 3, "num_blocks": 1, "lstm_hidden_size": 41, "l2_lambda": 0.00558487171521457, "dropout_rate": 0.43190870378824975, "lr": 0.03484365265091826}