{"out_channels": 95, "kernel_size": 6, "num_blocks": 1, "lstm_hidden_size": 45, "l2_lambda": 0.006413394675736659, "dropout_rate": 0.37716615412955923, "lr": 0.05737880411668767}