{"out_channels": 29, "kernel_size": 5, "num_blocks": 3, "lstm_hidden_size": 64, "l2_lambda": 0.009421936331212933, "dropout_rate": 0.2855317170610495, "lr": 0.023086184270246526, "batch_size": 194}