{"out_channels": 66, "kernel_size": 3, "num_blocks": 2, "lstm_hidden_size": 97, "l2_lambda": 0.0042356724024426515, "dropout_rate": 0.4194278258456906, "lr": 0.05989840006819878, "batch_size": 172}