{"out_channels": 112, "kernel_size": 5, "num_blocks": 1, "lstm_hidden_size": 101, "l2_lambda": 0.0027952374782833967, "dropout_rate": 0.27878590923026225, "lr": 0.009766758832420187, "batch_size": 126}