{"out_channels": 45, "kernel_size": 4, "num_blocks": 5, "lstm_hidden_size": 96, "l2_lambda": 0.005099969070704074, "dropout_rate": 0.4295057966661059, "lr": 0.021384400125991413}