{"out_channels": 33, "kernel_size": 6, "num_blocks": 3, "lstm_hidden_size": 98, "l2_lambda": 0.001103858589387196, "dropout_rate": 0.24877041452861579, "lr": 0.06574854655779257, "batch_size": 179}