{"out_channels": 80, "kernel_size": 5, "num_blocks": 2, "lstm_hidden_size": 56, "l2_lambda": 0.0004980079750745156, "dropout_rate": 0.18617692732497218, "lr": 0.049336477904440325}