{"out_channels": 52, "kernel_size": 4, "num_blocks": 3, "lstm_hidden_size": 93, "l2_lambda": 0.00025609243675811744, "dropout_rate": 0.12435419475204582, "lr": 0.053694236240631826}