{"out_channels": 21, "kernel_size": 7, "num_blocks": 4, "lstm_hidden_size": 85, "l2_lambda": 0.008492971493047416, "dropout_rate": 0.48729635604917565, "lr": 0.09134378287367094}