{"out_channels": 24, "kernel_size": 4, "num_blocks": 1, "lstm_hidden_size": 70, "l2_lambda": 0.004904669565597618, "dropout_rate": 0.25712017357825157, "lr": 0.015742985083461117}