{"out_channels": 16, "kernel_size": 4, "num_blocks": 3, "lstm_hidden_size": 71, "l2_lambda": 0.0039053001193706757, "dropout_rate": 0.17621072894070294, "lr": 0.07389283768687582, "batch_size": 115}