{"out_channels": 77, "kernel_size": 3, "num_blocks": 4, "lstm_hidden_size": 124, "l2_lambda": 0.006415917447080654, "dropout_rate": 0.18170289120684271, "lr": 0.02305806136095923}