{"out_channels": 42, "kernel_size": 3, "num_blocks": 4, "lstm_hidden_size": 34, "l2_lambda": 0.0026592294613614603, "dropout_rate": 0.31294891772207334, "lr": 0.05662409377873819}