{"out_channels": 45, "kernel_size": 7, "num_blocks": 3, "lstm_hidden_size": 96, "l2_lambda": 0.0013092383953107265, "dropout_rate": 0.4495326775345104, "lr": 0.05562097717567479}