{"out_channels": 69, "kernel_size": 7, "num_blocks": 1, "lstm_hidden_size": 103, "l2_lambda": 0.006896282267791261, "dropout_rate": 0.47118502087643455, "lr": 0.08785867599070066}