{"out_channels": 38, "kernel_size": 5, "num_blocks": 1, "lstm_hidden_size": 47, "l2_lambda": 0.002149196590503312, "dropout_rate": 0.14625295611903955, "lr": 0.02648217006348777}