{"out_channels": 58, "kernel_size": 5, "num_blocks": 2, "lstm_hidden_size": 105, "l2_lambda": 0.008675098276972647, "dropout_rate": 0.33780790453141624, "lr": 0.004321471806313753}