{"out_channels": 72, "kernel_size": 6, "num_blocks": 2, "lstm_hidden_size": 126, "l2_lambda": 0.004145506916298188, "dropout_rate": 0.4916103330144792, "lr": 0.04998532082053184}