{"out_channels": 64, "kernel_size": 3, "num_blocks": 3, "lstm_hidden_size": 95, "l2_lambda": 0.007204836733891556, "dropout_rate": 0.3100866662157383, "lr": 0.02900578222326326}