{"out_channels": 26, "kernel_size": 5, "num_blocks": 1, "lstm_hidden_size": 61, "l2_lambda": 0.007608403352845392, "dropout_rate": 0.4387631075532442, "lr": 0.09581978298698804, "batch_size": 94}