{"out_channels": 123, "kernel_size": 4, "num_blocks": 3, "lstm_hidden_size": 125, "l2_lambda": 0.006576640381468005, "dropout_rate": 0.47383902381937026, "lr": 0.025870143109406586}