{"out_channels": 32, "kernel_size": 3, "num_blocks": 1, "lstm_hidden_size": 103, "l2_lambda": 0.004599591349450747, "dropout_rate": 0.428690870672661, "lr": 0.04514205950995052}