{"out_channels": 53, "kernel_size": 7, "num_blocks": 1, "lstm_hidden_size": 121, "l2_lambda": 0.00469856085302716, "dropout_rate": 0.42482542899003395, "lr": 0.011742460393058438, "batch_size": 151}