{"out_channels": 109, "kernel_size": 7, "num_blocks": 3, "lstm_hidden_size": 44, "l2_lambda": 0.00040840252356519677, "dropout_rate": 0.1802876618622083, "lr": 0.08950218406945258}