{"out_channels": 40, "kernel_size": 5, "num_blocks": 5, "lstm_hidden_size": 36, "l2_lambda": 0.0006069490785620592, "dropout_rate": 0.38241601722357044, "lr": 0.023045450186830217}