{"out_channels": 45, "kernel_size": 6, "num_blocks": 1, "lstm_hidden_size": 85, "l2_lambda": 0.005026011480429898, "dropout_rate": 0.15599176426361563, "lr": 0.03376604046164095}