{"out_channels": 50, "kernel_size": 5, "num_blocks": 2, "lstm_hidden_size": 87, "l2_lambda": 0.0008991879778411242, "dropout_rate": 0.20360418666209226, "lr": 0.056070429636226514}