{"out_channels": 84, "kernel_size": 3, "num_blocks": 2, "lstm_hidden_size": 122, "l2_lambda": 0.008184681994063013, "dropout_rate": 0.13836610968856725, "lr": 0.09920390206552357}