{"out_channels": 31, "kernel_size": 7, "num_blocks": 5, "lstm_hidden_size": 105, "l2_lambda": 0.00896014482782014, "dropout_rate": 0.2593658350671158, "lr": 0.026949786614294233}