{"out_channels": 35, "kernel_size": 4, "num_blocks": 2, "lstm_hidden_size": 76, "l2_lambda": 0.003798883069380541, "dropout_rate": 0.11302893988687664, "lr": 0.07570813384425122}