{"out_channels": 41, "kernel_size": 6, "num_blocks": 1, "lstm_hidden_size": 112, "l2_lambda": 0.0005121478232190558, "dropout_rate": 0.3173867224474048, "lr": 0.028686450042623962}