{"out_channels": 105, "kernel_size": 3, "num_blocks": 2, "lstm_hidden_size": 58, "l2_lambda": 0.0020389524533996456, "dropout_rate": 0.3974276231395919, "lr": 0.00637265985234792, "batch_size": 103}