{"out_channels": 45, "kernel_size": 7, "num_blocks": 2, "lstm_hidden_size": 60, "l2_lambda": 0.004932325853065289, "dropout_rate": 0.26534639186035053, "lr": 0.053362971713035515, "batch_size": 67}