{"out_channels": 124, "kernel_size": 7, "num_blocks": 1, "lstm_hidden_size": 108, "l2_lambda": 0.008603227739102007, "dropout_rate": 0.32926406188312735, "lr": 0.00593227904346523, "batch_size": 107}