{"out_channels": 32, "kernel_size": 7, "num_blocks": 3, "lstm_hidden_size": 96, "l2_lambda": 0.005780624745718679, "dropout_rate": 0.12370570555536338, "lr": 0.006718075249123991}