{"out_channels": 55, "kernel_size": 4, "num_blocks": 3, "lstm_hidden_size": 64, "l2_lambda": 0.006177711781824899, "dropout_rate": 0.3410333943230487, "lr": 0.011297440902455168}