{"out_channels": 24, "kernel_size": 7, "num_blocks": 1, "lstm_hidden_size": 72, "l2_lambda": 0.007615989996139006, "dropout_rate": 0.23191273287142178, "lr": 0.06372598400882204}