{"out_channels": 100, "kernel_size": 7, "num_blocks": 1, "lstm_hidden_size": 66, "l2_lambda": 0.0037631391123714767, "dropout_rate": 0.26225440605598827, "lr": 0.07488916245700615, "batch_size": 128}