{"out_channels": 41, "kernel_size": 3, "num_blocks": 1, "lstm_hidden_size": 126, "l2_lambda": 0.005350615810694217, "dropout_rate": 0.2058850321382975, "lr": 0.06856569259453338}