{"out_channels": 113, "kernel_size": 7, "num_blocks": 4, "lstm_hidden_size": 73, "l2_lambda": 0.0017860762281359296, "dropout_rate": 0.3496381879760127, "lr": 0.09731583045111071}