{"out_channels": 82, "kernel_size": 4, "num_blocks": 1, "lstm_hidden_size": 90, "l2_lambda": 0.0010749287664828927, "dropout_rate": 0.46004378442480565, "lr": 0.030371115639712093, "batch_size": 143}