{"out_channels": 23, "kernel_size": 7, "num_blocks": 1, "lstm_hidden_size": 71, "l2_lambda": 0.009239348518307839, "dropout_rate": 0.4326704599713913, "lr": 0.037985943319878666, "batch_size": 73}