{"out_channels": 60, "kernel_size": 7, "num_blocks": 3, "lstm_hidden_size": 59, "l2_lambda": 0.004634557296347796, "dropout_rate": 0.22140761960170627, "lr": 0.06841060985889409}