{"out_channels": 71, "kernel_size": 3, "num_blocks": 2, "lstm_hidden_size": 98, "l2_lambda": 0.006121409688608925, "dropout_rate": 0.2831064279041118, "lr": 0.08000288723063684, "batch_size": 196}