{"out_channels": 57, "kernel_size": 3, "num_blocks": 1, "lstm_hidden_size": 94, "l2_lambda": 0.009853465257749019, "dropout_rate": 0.2789789148820965, "lr": 0.09618024800947673, "batch_size": 110}