{"out_channels": 50, "kernel_size": 3, "num_blocks": 1, "lstm_hidden_size": 76, "l2_lambda": 0.0035654183411267084, "dropout_rate": 0.4108327339155482, "lr": 0.06425803380974572}