{"out_channels": 114, "kernel_size": 7, "num_blocks": 3, "lstm_hidden_size": 99, "l2_lambda": 0.000577793795971735, "dropout_rate": 0.2302814169712568, "lr": 0.0035072279303003024}