{"out_channels": 53, "kernel_size": 5, "num_blocks": 2, "lstm_hidden_size": 111, "l2_lambda": 0.00414648732620554, "dropout_rate": 0.31166835745402266, "lr": 0.06331657558455725}