{"out_channels": 110, "kernel_size": 4, "num_blocks": 1, "lstm_hidden_size": 110, "l2_lambda": 0.002968728529293951, "dropout_rate": 0.45134808020070005, "lr": 0.06204617529182295}