{"out_channels": 34, "kernel_size": 7, "num_blocks": 3, "lstm_hidden_size": 61, "l2_lambda": 0.0065202948204323135, "dropout_rate": 0.17026387811248062, "lr": 0.04395575478469791, "batch_size": 248}