{"out_channels": 37, "kernel_size": 7, "num_blocks": 3, "lstm_hidden_size": 52, "l2_lambda": 0.007520692820489539, "dropout_rate": 0.46200822610459746, "lr": 0.01120225070117076, "batch_size": 44}