{"out_channels": 50, "kernel_size": 4, "num_blocks": 2, "lstm_hidden_size": 63, "l2_lambda": 0.0027230297527979677, "dropout_rate": 0.37045732518598873, "lr": 0.08532044669547262, "batch_size": 85}