{"out_channels": 71, "kernel_size": 7, "num_blocks": 3, "lstm_hidden_size": 68, "l2_lambda": 0.005438371098655691, "dropout_rate": 0.15897323932810564, "lr": 0.08479753306064938}