{"out_channels": 65, "kernel_size": 5, "num_blocks": 4, "lstm_hidden_size": 79, "l2_lambda": 0.007330393781122712, "dropout_rate": 0.4358663071711336, "lr": 0.0035997820827922988}