{"out_channels": 99, "kernel_size": 5, "num_blocks": 2, "lstm_hidden_size": 49, "l2_lambda": 0.00026390038768664826, "dropout_rate": 0.17389693268689227, "lr": 0.03732599075936802}