{"out_channels": 44, "kernel_size": 3, "num_blocks": 3, "lstm_hidden_size": 62, "l2_lambda": 0.002431551556321229, "dropout_rate": 0.2566355387226807, "lr": 0.039044421555665954}