{"out_channels": 42, "kernel_size": 7, "num_blocks": 3, "lstm_hidden_size": 74, "l2_lambda": 0.0088592503693486, "dropout_rate": 0.43730228927174786, "lr": 0.04565049445817091}