{"out_channels": 43, "kernel_size": 3, "num_blocks": 3, "lstm_hidden_size": 118, "l2_lambda": 0.005993458451221859, "dropout_rate": 0.4741253405012409, "lr": 0.08053152886079948, "batch_size": 65}