{"out_channels": 90, "kernel_size": 5, "num_blocks": 3, "lstm_hidden_size": 124, "l2_lambda": 0.005005292336906164, "dropout_rate": 0.33151431735925996, "lr": 0.0868953390850959}