{"out_channels": 37, "kernel_size": 6, "num_blocks": 1, "lstm_hidden_size": 74, "l2_lambda": 0.004394284511690196, "dropout_rate": 0.352518763449329, "lr": 0.06174262434222111}