{"out_channels": 38, "kernel_size": 5, "num_blocks": 1, "lstm_hidden_size": 65, "l2_lambda": 0.002559360773034222, "dropout_rate": 0.256719173069542, "lr": 0.07567794307687992, "batch_size": 123}