{"out_channels": 81, "kernel_size": 6, "num_blocks": 3, "lstm_hidden_size": 104, "l2_lambda": 0.008952093535037196, "dropout_rate": 0.36004054080077463, "lr": 0.09896636541800356}