{"out_channels": 34, "kernel_size": 4, "num_blocks": 2, "lstm_hidden_size": 110, "l2_lambda": 0.0065164489062597645, "dropout_rate": 0.32834627651378245, "lr": 0.0005906840790993303, "batch_size": 211}