{"out_channels": 35, "kernel_size": 7, "num_blocks": 5, "lstm_hidden_size": 89, "l2_lambda": 0.00648223745790092, "dropout_rate": 0.4686820510065154, "lr": 0.020995985869485763}