{"out_channels": 105, "kernel_size": 7, "num_blocks": 1, "lstm_hidden_size": 104, "l2_lambda": 0.0038775070232682485, "dropout_rate": 0.38868036514960935, "lr": 0.04259533540245894}