{"out_channels": 122, "kernel_size": 3, "num_blocks": 1, "lstm_hidden_size": 110, "l2_lambda": 0.003663732512380001, "dropout_rate": 0.3614945092561994, "lr": 0.08862073072562124}