{"out_channels": 44, "kernel_size": 5, "num_blocks": 2, "lstm_hidden_size": 120, "l2_lambda": 0.006152734973408709, "dropout_rate": 0.48841132638807894, "lr": 0.09420636107776562, "batch_size": 230}