{"out_channels": 30, "kernel_size": 5, "num_blocks": 2, "lstm_hidden_size": 89, "l2_lambda": 0.005150427271872878, "dropout_rate": 0.15916522644283004, "lr": 0.05988591820287806, "batch_size": 142}