{"out_channels": 119, "kernel_size": 3, "num_blocks": 2, "lstm_hidden_size": 73, "l2_lambda": 0.009106441163970344, "dropout_rate": 0.43672039980186583, "lr": 0.008686293851817881}