{"out_channels": 44, "kernel_size": 4, "num_blocks": 1, "lstm_hidden_size": 100, "l2_lambda": 0.009347631088281112, "dropout_rate": 0.20690959375532503, "lr": 0.06131632024657832, "batch_size": 98}