{"out_channels": 39, "kernel_size": 7, "num_blocks": 3, "lstm_hidden_size": 80, "l2_lambda": 0.00685022364408238, "dropout_rate": 0.3305498240722216, "lr": 0.09081718963799942}