{"out_channels": 104, "kernel_size": 5, "num_blocks": 4, "lstm_hidden_size": 76, "l2_lambda": 0.009205668497138724, "dropout_rate": 0.18323042564881345, "lr": 0.04909689779551463}