{"out_channels": 93, "kernel_size": 7, "num_blocks": 1, "lstm_hidden_size": 118, "l2_lambda": 0.0012259417169039018, "dropout_rate": 0.13084884029164284, "lr": 0.03534569076279469}