{"out_channels": 28, "kernel_size": 3, "num_blocks": 2, "lstm_hidden_size": 39, "l2_lambda": 0.000601621180347187, "dropout_rate": 0.10351281621508451, "lr": 0.07962558407799956}