{"out_channels": 94, "kernel_size": 7, "num_blocks": 1, "lstm_hidden_size": 81, "l2_lambda": 0.00975044827631974, "dropout_rate": 0.3640064987732866, "lr": 0.0775695400006173, "batch_size": 118}