{"out_channels": 108, "kernel_size": 6, "num_blocks": 3, "lstm_hidden_size": 34, "l2_lambda": 0.00028044347213238593, "dropout_rate": 0.4887925794663789, "lr": 0.003914018255581478}