{"out_channels": 109, "kernel_size": 7, "num_blocks": 1, "lstm_hidden_size": 46, "l2_lambda": 0.0035991757485690254, "dropout_rate": 0.24374613262141653, "lr": 0.09592600238861647}