{"out_channels": 59, "kernel_size": 3, "num_blocks": 1, "lstm_hidden_size": 33, "l2_lambda": 0.0054018137038085, "dropout_rate": 0.2387510542379217, "lr": 0.07182265143212263}