{"out_channels": 61, "kernel_size": 3, "num_blocks": 3, "lstm_hidden_size": 106, "l2_lambda": 0.004895879442917571, "dropout_rate": 0.39416638570122753, "lr": 0.0778468253259028}