{"out_channels": 125, "kernel_size": 4, "num_blocks": 3, "lstm_hidden_size": 70, "l2_lambda": 0.0022580270945261696, "dropout_rate": 0.16870722237302455, "lr": 0.06270335062945745}