{"out_channels": 65, "kernel_size": 7, "num_blocks": 2, "lstm_hidden_size": 36, "l2_lambda": 0.0016263907693535795, "dropout_rate": 0.25836452727153525, "lr": 0.07672907375458661}