{"out_channels": 125, "kernel_size": 4, "num_blocks": 3, "lstm_hidden_size": 84, "l2_lambda": 0.008152719456130093, "dropout_rate": 0.47510261571735135, "lr": 0.014653374131426497}