{"out_channels": 98, "kernel_size": 6, "num_blocks": 3, "lstm_hidden_size": 40, "l2_lambda": 0.008556359507268189, "dropout_rate": 0.4658548298555292, "lr": 0.06663803846233497, "batch_size": 52}