{"out_channels": 18, "kernel_size": 4, "num_blocks": 1, "lstm_hidden_size": 72, "l2_lambda": 0.0014211504896879856, "dropout_rate": 0.22342082737986146, "lr": 0.0049230572618185284}