{"out_channels": 90, "kernel_size": 4, "num_blocks": 5, "lstm_hidden_size": 35, "l2_lambda": 0.005188185001249995, "dropout_rate": 0.43804829270432877, "lr": 0.06976591335053031}