{"out_channels": 98, "kernel_size": 6, "num_blocks": 2, "lstm_hidden_size": 116, "l2_lambda": 0.001206741004367191, "dropout_rate": 0.4450368034272816, "lr": 0.054174439443319}