{"out_channels": 68, "kernel_size": 5, "num_blocks": 4, "lstm_hidden_size": 42, "l2_lambda": 0.0066920103613489915, "dropout_rate": 0.17260686636354367, "lr": 0.0016172668156238437}