{"out_channels": 84, "kernel_size": 6, "num_blocks": 3, "lstm_hidden_size": 85, "l2_lambda": 0.0046404946143194835, "dropout_rate": 0.28811212499839667, "lr": 0.0006592091542562086}