{"out_channels": 52, "kernel_size": 6, "num_blocks": 3, "lstm_hidden_size": 106, "l2_lambda": 0.007938843445746524, "dropout_rate": 0.311614464871367, "lr": 0.07306168086628514}