{"out_channels": 17, "kernel_size": 4, "num_blocks": 4, "lstm_hidden_size": 97, "l2_lambda": 0.007076683856487025, "dropout_rate": 0.4803170658493564, "lr": 0.06721986849867774}