{"out_channels": 117, "kernel_size": 5, "num_blocks": 1, "lstm_hidden_size": 74, "l2_lambda": 2.7396605752101196e-05, "dropout_rate": 0.16436796157988137, "lr": 0.0069115365584811106, "batch_size": 211}