{"out_channels": 120, "kernel_size": 6, "num_blocks": 1, "lstm_hidden_size": 77, "l2_lambda": 0.004747268737358142, "dropout_rate": 0.18747474902493147, "lr": 0.06035060894766011}