{"out_channels": 32, "kernel_size": 3, "num_blocks": 2, "lstm_hidden_size": 42, "l2_lambda": 0.0002744159344061356, "dropout_rate": 0.12010881408634777, "lr": 0.02443918006012915, "batch_size": 113}