{"out_channels": 125, "kernel_size": 7, "num_blocks": 4, "lstm_hidden_size": 89, "l2_lambda": 0.004425017566758843, "dropout_rate": 0.19396877521534958, "lr": 0.058153964286267804}