{"out_channels": 128, "kernel_size": 4, "num_blocks": 5, "lstm_hidden_size": 89, "l2_lambda": 0.004881171382021372, "dropout_rate": 0.4369857446878621, "lr": 0.01884666754305896}