{"out_channels": 71, "kernel_size": 7, "num_blocks": 1, "lstm_hidden_size": 117, "l2_lambda": 0.0013806348194745515, "dropout_rate": 0.27912928053139363, "lr": 0.05370176195133821}