{"out_channels": 53, "kernel_size": 7, "num_blocks": 3, "lstm_hidden_size": 100, "l2_lambda": 0.006112882956907222, "dropout_rate": 0.45967667672261936, "lr": 0.08886156107571595, "batch_size": 89}