{"out_channels": 71, "kernel_size": 3, "num_blocks": 4, "lstm_hidden_size": 57, "l2_lambda": 0.0012084495714046733, "dropout_rate": 0.4156163287100132, "lr": 0.05917051005916442}