{"out_channels": 122, "kernel_size": 7, "num_blocks": 3, "lstm_hidden_size": 90, "l2_lambda": 0.004656231758432298, "dropout_rate": 0.35866622892795486, "lr": 0.03996270395092693, "batch_size": 208}