{"out_channels": 82, "kernel_size": 6, "num_blocks": 1, "lstm_hidden_size": 72, "l2_lambda": 0.00346710778133791, "dropout_rate": 0.18199357576314099, "lr": 0.01704675444619656}