{"out_channels": 86, "kernel_size": 5, "num_blocks": 3, "lstm_hidden_size": 94, "l2_lambda": 0.008838579812279835, "dropout_rate": 0.25703048413061347, "lr": 0.06442865185489373}