{"out_channels": 38, "kernel_size": 7, "num_blocks": 2, "lstm_hidden_size": 92, "l2_lambda": 0.008307280583616133, "dropout_rate": 0.25473331511679465, "lr": 0.08391745128270907, "batch_size": 213}