{"out_channels": 70, "kernel_size": 6, "num_blocks": 1, "lstm_hidden_size": 87, "l2_lambda": 0.0018927912668443847, "dropout_rate": 0.2536564032259488, "lr": 0.03843878374908578}