{"out_channels": 61, "kernel_size": 3, "num_blocks": 5, "lstm_hidden_size": 43, "l2_lambda": 0.008758329411837573, "dropout_rate": 0.3475729729001551, "lr": 0.09807572959356897}