{"out_channels": 84, "kernel_size": 3, "num_blocks": 2, "lstm_hidden_size": 96, "l2_lambda": 0.0007865152160770198, "dropout_rate": 0.4599464719502171, "lr": 0.0984772782809238}