{"out_channels": 53, "kernel_size": 4, "num_blocks": 3, "lstm_hidden_size": 57, "l2_lambda": 0.0017721426981919723, "dropout_rate": 0.380881714996833, "lr": 0.06515909892329758}