{"out_channels": 67, "kernel_size": 7, "num_blocks": 4, "lstm_hidden_size": 99, "l2_lambda": 0.007581762061716827, "dropout_rate": 0.2954458500533027, "lr": 0.03583092291557816}