{"out_channels": 116, "kernel_size": 5, "num_blocks": 3, "lstm_hidden_size": 66, "l2_lambda": 0.00565952771460738, "dropout_rate": 0.48411858526020013, "lr": 0.018627753242706213}