{"out_channels": 95, "kernel_size": 7, "num_blocks": 1, "lstm_hidden_size": 43, "l2_lambda": 0.0007553191187544842, "dropout_rate": 0.2907194473568502, "lr": 0.0863175525576875}