{"out_channels": 115, "kernel_size": 4, "num_blocks": 3, "lstm_hidden_size": 115, "l2_lambda": 0.0004456752804559566, "dropout_rate": 0.2894258362369304, "lr": 0.013267500793540526}