{"out_channels": 33, "kernel_size": 3, "num_blocks": 1, "lstm_hidden_size": 34, "l2_lambda": 0.0038514160335394528, "dropout_rate": 0.32457969972906453, "lr": 0.0653991300579443, "batch_size": 228}