{"out_channels": 102, "kernel_size": 7, "num_blocks": 2, "lstm_hidden_size": 94, "l2_lambda": 0.008405313298608646, "dropout_rate": 0.15215377410964945, "lr": 0.013570895636109609}