{"out_channels": 32, "kernel_size": 4, "num_blocks": 5, "lstm_hidden_size": 72, "l2_lambda": 0.005831266632449927, "dropout_rate": 0.43966644287702983, "lr": 0.06714984755180838}