{"out_channels": 121, "kernel_size": 3, "num_blocks": 1, "lstm_hidden_size": 113, "l2_lambda": 0.0037595430678290607, "dropout_rate": 0.13269491418427895, "lr": 0.020792915357227482}