{"out_channels": 31, "kernel_size": 6, "num_blocks": 1, "lstm_hidden_size": 58, "l2_lambda": 0.0012327291167399527, "dropout_rate": 0.33835820390351673, "lr": 0.06643236797556819}