{"out_channels": 63, "kernel_size": 7, "num_blocks": 2, "lstm_hidden_size": 59, "l2_lambda": 0.0012910858411762205, "dropout_rate": 0.26074086360002, "lr": 0.08129858822628297}