{"out_channels": 77, "kernel_size": 5, "num_blocks": 1, "lstm_hidden_size": 126, "l2_lambda": 0.002712300898818275, "dropout_rate": 0.477854097780685, "lr": 0.03131052044994465}