{"out_channels": 27, "kernel_size": 7, "num_blocks": 5, "lstm_hidden_size": 58, "l2_lambda": 0.0034778282791246597, "dropout_rate": 0.3678636717682734, "lr": 0.08130114235363421}