{"out_channels": 60, "kernel_size": 6, "num_blocks": 4, "lstm_hidden_size": 53, "l2_lambda": 0.006847762415924579, "dropout_rate": 0.12061673002293648, "lr": 0.07749244984408889}