{"out_channels": 70, "kernel_size": 4, "num_blocks": 4, "lstm_hidden_size": 66, "l2_lambda": 0.0048167417963791695, "dropout_rate": 0.4412803421266639, "lr": 0.03197625508689763}