{"out_channels": 47, "kernel_size": 4, "num_blocks": 3, "lstm_hidden_size": 49, "l2_lambda": 0.0010329623983571167, "dropout_rate": 0.24299762752525011, "lr": 0.06728990072015768}