{"out_channels": 42, "kernel_size": 7, "num_blocks": 2, "lstm_hidden_size": 111, "l2_lambda": 0.0014584303419879292, "dropout_rate": 0.12238709732930704, "lr": 0.041947396379236244}