{"out_channels": 97, "kernel_size": 7, "num_blocks": 1, "lstm_hidden_size": 99, "l2_lambda": 0.0015431436635620795, "dropout_rate": 0.33278493516565677, "lr": 0.05194934222594841}