{"out_channels": 30, "kernel_size": 5, "num_blocks": 4, "lstm_hidden_size": 97, "l2_lambda": 0.0045126238898335275, "dropout_rate": 0.4280117956822741, "lr": 0.041104522453663764}