{"out_channels": 49, "kernel_size": 7, "num_blocks": 4, "lstm_hidden_size": 101, "l2_lambda": 0.0060311487196236645, "dropout_rate": 0.13446658881972728, "lr": 0.02093802538429702}