{"out_channels": 65, "kernel_size": 7, "num_blocks": 1, "lstm_hidden_size": 71, "l2_lambda": 0.0008281767800911805, "dropout_rate": 0.3017460345525179, "lr": 0.09753521093035376, "batch_size": 20}