{"out_channels": 120, "kernel_size": 3, "num_blocks": 1, "lstm_hidden_size": 98, "l2_lambda": 0.002539869489001708, "dropout_rate": 0.24700059465746552, "lr": 0.0071249221048685875}