{"out_channels": 42, "kernel_size": 6, "num_blocks": 5, "lstm_hidden_size": 55, "l2_lambda": 0.00285996637718241, "dropout_rate": 0.16564341386382253, "lr": 0.0004994099177186031}