{"out_channels": 95, "kernel_size": 3, "num_blocks": 1, "lstm_hidden_size": 77, "l2_lambda": 0.007889689260569386, "dropout_rate": 0.15035230670542205, "lr": 0.016416843127651643}