{"out_channels": 17, "kernel_size": 6, "num_blocks": 3, "lstm_hidden_size": 57, "l2_lambda": 0.0018821709465431822, "dropout_rate": 0.4387657474108534, "lr": 0.08081454066954517, "batch_size": 47}