{"out_channels": 45, "kernel_size": 3, "num_blocks": 3, "lstm_hidden_size": 64, "l2_lambda": 0.00859617578849665, "dropout_rate": 0.33104274735203454, "lr": 0.048427843552849716}