{"out_channels": 64, "kernel_size": 3, "num_blocks": 1, "lstm_hidden_size": 43, "l2_lambda": 0.008847672214955821, "dropout_rate": 0.4733825255165508, "lr": 0.034881886342254045}