{"out_channels": 70, "kernel_size": 5, "num_blocks": 2, "lstm_hidden_size": 35, "l2_lambda": 0.0016479676652436965, "dropout_rate": 0.16397058940969983, "lr": 0.0979406912202453, "batch_size": 30}