{"out_channels": 105, "kernel_size": 4, "num_blocks": 2, "lstm_hidden_size": 91, "l2_lambda": 0.005161044854009484, "dropout_rate": 0.10139437000859847, "lr": 0.06402982047775835}