{"out_channels": 88, "kernel_size": 7, "num_blocks": 2, "lstm_hidden_size": 118, "l2_lambda": 0.0005351867411512593, "dropout_rate": 0.17667012715998986, "lr": 0.006482778688869704}