{"out_channels": 50, "kernel_size": 5, "num_blocks": 5, "lstm_hidden_size": 55, "l2_lambda": 0.0016393518435832974, "dropout_rate": 0.10236848353326122, "lr": 0.01033991070071575}