{"out_channels": 59, "kernel_size": 6, "num_blocks": 4, "lstm_hidden_size": 116, "l2_lambda": 0.006311596397134888, "dropout_rate": 0.4270933376284506, "lr": 0.03714870179310363}