{"out_channels": 29, "kernel_size": 3, "num_blocks": 1, "lstm_hidden_size": 56, "l2_lambda": 0.0030050775066602807, "dropout_rate": 0.4403101067908093, "lr": 0.02661290103369002, "batch_size": 138}