{"out_channels": 29, "kernel_size": 3, "num_blocks": 4, "lstm_hidden_size": 109, "l2_lambda": 0.006766352551278526, "dropout_rate": 0.39258748984386493, "lr": 0.04392451630418154}