{"out_channels": 101, "kernel_size": 7, "num_blocks": 1, "lstm_hidden_size": 52, "l2_lambda": 0.004294701282923776, "dropout_rate": 0.21251073134985698, "lr": 0.008086596943372944}