{"out_channels": 83, "kernel_size": 3, "num_blocks": 2, "lstm_hidden_size": 110, "l2_lambda": 0.005358864113924231, "dropout_rate": 0.18818703456903677, "lr": 0.038396654346851446}