{"out_channels": 101, "kernel_size": 6, "num_blocks": 3, "lstm_hidden_size": 32, "l2_lambda": 0.004734250207134908, "dropout_rate": 0.1844793887844064, "lr": 0.014159664674653431, "batch_size": 240}