{"out_channels": 65, "kernel_size": 7, "num_blocks": 3, "lstm_hidden_size": 125, "l2_lambda": 0.008480528927095242, "dropout_rate": 0.2059176278766157, "lr": 0.062190223167760024}