{"out_channels": 73, "kernel_size": 7, "num_blocks": 1, "lstm_hidden_size": 74, "l2_lambda": 0.0020546459624343864, "dropout_rate": 0.26874189943990745, "lr": 0.023168526515874678}