{"out_channels": 42, "kernel_size": 7, "num_blocks": 2, "lstm_hidden_size": 72, "l2_lambda": 0.008465037180788648, "dropout_rate": 0.12286715141788994, "lr": 0.003876930446873109, "batch_size": 54}