{"out_channels": 34, "kernel_size": 3, "num_blocks": 3, "lstm_hidden_size": 91, "l2_lambda": 0.008518959491071542, "dropout_rate": 0.22883351832022628, "lr": 0.05349615178365961}