{"out_channels": 83, "kernel_size": 6, "num_blocks": 3, "lstm_hidden_size": 71, "l2_lambda": 0.0033543563911059087, "dropout_rate": 0.26125451743559225, "lr": 0.011994400575937193}