{"out_channels": 30, "kernel_size": 6, "num_blocks": 1, "lstm_hidden_size": 96, "l2_lambda": 0.009855743098195436, "dropout_rate": 0.11942653555336502, "lr": 0.09597084634264556}