{"out_channels": 67, "kernel_size": 6, "num_blocks": 2, "lstm_hidden_size": 64, "l2_lambda": 0.00820803144787557, "dropout_rate": 0.2666270920647966, "lr": 0.0010596682334762316}