{"out_channels": 124, "kernel_size": 4, "num_blocks": 1, "lstm_hidden_size": 38, "l2_lambda": 0.003115515230942929, "dropout_rate": 0.45612612837465283, "lr": 0.07079484144882162, "batch_size": 194}