{"out_channels": 115, "kernel_size": 3, "num_blocks": 2, "lstm_hidden_size": 64, "l2_lambda": 0.009732680351100255, "dropout_rate": 0.15105303065343123, "lr": 0.067788034605722}