{"out_channels": 20, "kernel_size": 4, "num_blocks": 2, "lstm_hidden_size": 82, "l2_lambda": 0.0050880049487278655, "dropout_rate": 0.39739431180372975, "lr": 0.004668706710380574}