{"out_channels": 30, "kernel_size": 5, "num_blocks": 3, "lstm_hidden_size": 106, "l2_lambda": 0.005826969428464581, "dropout_rate": 0.2481502534834822, "lr": 0.09676609045398668}