{"out_channels": 51, "kernel_size": 3, "num_blocks": 3, "lstm_hidden_size": 122, "l2_lambda": 0.004965836453178912, "dropout_rate": 0.3552118806539838, "lr": 0.04266686736364977}