{"out_channels": 58, "kernel_size": 5, "num_blocks": 2, "lstm_hidden_size": 49, "l2_lambda": 0.0031387652805958638, "dropout_rate": 0.18268916300527713, "lr": 0.053769745195870404}