{"out_channels": 42, "kernel_size": 7, "num_blocks": 1, "lstm_hidden_size": 35, "l2_lambda": 0.00978795373284421, "dropout_rate": 0.4984986507807436, "lr": 0.024367012752845623, "batch_size": 193}