{"out_channels": 26, "kernel_size": 6, "num_blocks": 4, "lstm_hidden_size": 79, "l2_lambda": 0.004900396872659281, "dropout_rate": 0.4960032958693441, "lr": 0.06861580785558787}