{"out_channels": 50, "kernel_size": 7, "num_blocks": 1, "lstm_hidden_size": 94, "l2_lambda": 0.009893677897041372, "dropout_rate": 0.43163728223474873, "lr": 0.07428455670830675}