{"out_channels": 58, "kernel_size": 7, "num_blocks": 1, "lstm_hidden_size": 126, "l2_lambda": 0.003261875066174385, "dropout_rate": 0.36608224779260257, "lr": 0.018470231411063676, "batch_size": 79}