{"out_channels": 114, "kernel_size": 3, "num_blocks": 3, "lstm_hidden_size": 90, "l2_lambda": 0.003133844607017113, "dropout_rate": 0.34762422695144957, "lr": 0.03923002665826107}