{"out_channels": 101, "kernel_size": 6, "num_blocks": 1, "lstm_hidden_size": 66, "l2_lambda": 0.0038929539955559903, "dropout_rate": 0.2284734811271082, "lr": 0.05818075999734526}