{"out_channels": 42, "kernel_size": 5, "num_blocks": 2, "lstm_hidden_size": 113, "l2_lambda": 0.006886568418981998, "dropout_rate": 0.20596194325771836, "lr": 0.06570544897449832}