{"out_channels": 110, "kernel_size": 5, "num_blocks": 4, "lstm_hidden_size": 34, "l2_lambda": 0.008210625436098469, "dropout_rate": 0.4672370523283166, "lr": 0.08322838496968434}