{"out_channels": 27, "kernel_size": 6, "num_blocks": 5, "lstm_hidden_size": 122, "l2_lambda": 0.00203598759302162, "dropout_rate": 0.14997415956736948, "lr": 0.00582653028259673}