{"out_channels": 39, "kernel_size": 5, "num_blocks": 3, "lstm_hidden_size": 36, "l2_lambda": 0.006492524937403048, "dropout_rate": 0.4562692242667511, "lr": 0.004574915570415236}