{"out_channels": 87, "kernel_size": 7, "num_blocks": 2, "lstm_hidden_size": 114, "l2_lambda": 0.007407028347780808, "dropout_rate": 0.35970437814290834, "lr": 0.08796881673928587}