{"out_channels": 93, "kernel_size": 7, "num_blocks": 1, "lstm_hidden_size": 84, "l2_lambda": 0.007343096120800639, "dropout_rate": 0.3707714138753796, "lr": 0.05007688077590284}