{"out_channels": 115, "kernel_size": 3, "num_blocks": 1, "lstm_hidden_size": 92, "l2_lambda": 0.00903019582082818, "dropout_rate": 0.12422310137107573, "lr": 0.0002503905986718085, "batch_size": 122}