{"out_channels": 86, "kernel_size": 4, "num_blocks": 2, "lstm_hidden_size": 104, "l2_lambda": 0.0008855005224276359, "dropout_rate": 0.2198505001696056, "lr": 0.039319655186222664, "batch_size": 190}