{"out_channels": 105, "kernel_size": 3, "num_blocks": 2, "lstm_hidden_size": 113, "l2_lambda": 0.0037736203767313754, "dropout_rate": 0.4925922345559349, "lr": 0.04076033671948827}