{"out_channels": 53, "kernel_size": 4, "num_blocks": 2, "lstm_hidden_size": 85, "l2_lambda": 0.0007618815252474397, "dropout_rate": 0.4650693836763766, "lr": 0.059334244699804986}