{"out_channels": 99, "kernel_size": 5, "num_blocks": 3, "lstm_hidden_size": 52, "l2_lambda": 0.007836663647518777, "dropout_rate": 0.38246247645157816, "lr": 0.053502288316724426}