{"out_channels": 30, "kernel_size": 3, "num_blocks": 1, "lstm_hidden_size": 90, "l2_lambda": 0.008528654745865522, "dropout_rate": 0.4318463503091634, "lr": 0.00930700203540269, "batch_size": 94}