{"out_channels": 89, "kernel_size": 4, "num_blocks": 2, "lstm_hidden_size": 64, "l2_lambda": 0.002863427301432757, "dropout_rate": 0.31657451536041453, "lr": 0.09412740972733949}