{"out_channels": 46, "kernel_size": 6, "num_blocks": 2, "lstm_hidden_size": 35, "l2_lambda": 0.001271564289882537, "dropout_rate": 0.46123980443711543, "lr": 0.03547657514700244, "batch_size": 184}