{"out_channels": 64, "kernel_size": 5, "num_blocks": 4, "lstm_hidden_size": 125, "l2_lambda": 0.0007934035180773351, "dropout_rate": 0.23323444784247827, "lr": 0.08049816638611813}