{"out_channels": 95, "kernel_size": 6, "num_blocks": 2, "lstm_hidden_size": 78, "l2_lambda": 0.004790405613043088, "dropout_rate": 0.2534699699255042, "lr": 0.08033889246068558}