{"out_channels": 105, "kernel_size": 3, "num_blocks": 2, "lstm_hidden_size": 106, "l2_lambda": 0.006211241405462239, "dropout_rate": 0.17846455192442534, "lr": 0.07371104048453438}