{"out_channels": 47, "kernel_size": 6, "num_blocks": 2, "lstm_hidden_size": 64, "l2_lambda": 0.0024816991459944548, "dropout_rate": 0.1371309875790898, "lr": 0.029132851730842204, "batch_size": 36}