{"out_channels": 25, "kernel_size": 7, "num_blocks": 1, "lstm_hidden_size": 120, "l2_lambda": 0.006225718197175835, "dropout_rate": 0.2284963730337311, "lr": 0.05375580981795167}