{"out_channels": 25, "kernel_size": 7, "num_blocks": 4, "lstm_hidden_size": 33, "l2_lambda": 0.00907114120258282, "dropout_rate": 0.18379020145620537, "lr": 0.09050668449388041}