{"out_channels": 61, "kernel_size": 6, "num_blocks": 2, "lstm_hidden_size": 122, "l2_lambda": 0.008008190928382376, "dropout_rate": 0.13254437425757534, "lr": 0.027104419230461}