{"out_channels": 51, "kernel_size": 6, "num_blocks": 3, "lstm_hidden_size": 71, "l2_lambda": 0.0010364355395450818, "dropout_rate": 0.2661344941785023, "lr": 0.023499009498285303, "batch_size": 164}