{"out_channels": 97, "kernel_size": 5, "num_blocks": 5, "lstm_hidden_size": 50, "l2_lambda": 0.0016009685383897346, "dropout_rate": 0.4967315517320715, "lr": 0.07801350706038875}