{"out_channels": 94, "kernel_size": 5, "num_blocks": 1, "lstm_hidden_size": 49, "l2_lambda": 0.008942784397264807, "dropout_rate": 0.4780677622170215, "lr": 0.03224631230556579}