{"out_channels": 45, "kernel_size": 7, "num_blocks": 2, "lstm_hidden_size": 55, "l2_lambda": 0.004648793918483516, "dropout_rate": 0.12617207013969722, "lr": 0.0874362923339266, "batch_size": 71}