{"out_channels": 115, "kernel_size": 5, "num_blocks": 2, "lstm_hidden_size": 95, "l2_lambda": 0.004412866247307508, "dropout_rate": 0.2497507643640737, "lr": 0.07200358942134998}