{"out_channels": 56, "kernel_size": 4, "num_blocks": 2, "lstm_hidden_size": 126, "l2_lambda": 0.0038972215165411733, "dropout_rate": 0.4121018767061926, "lr": 0.047261888730009166}