{"out_channels": 100, "kernel_size": 7, "num_blocks": 1, "lstm_hidden_size": 71, "l2_lambda": 0.0014161330269560253, "dropout_rate": 0.35547945568049155, "lr": 0.04724538996860692}