{"out_channels": 79, "kernel_size": 6, "num_blocks": 4, "lstm_hidden_size": 119, "l2_lambda": 0.0008099511602275338, "dropout_rate": 0.31918017049439984, "lr": 0.08837515834868395}