{"out_channels": 124, "kernel_size": 6, "num_blocks": 3, "lstm_hidden_size": 71, "l2_lambda": 0.0068444114593849146, "dropout_rate": 0.2692097066199465, "lr": 0.033012622827498575, "batch_size": 222}