{"out_channels": 110, "kernel_size": 5, "num_blocks": 4, "lstm_hidden_size": 46, "l2_lambda": 0.005477917223653373, "dropout_rate": 0.3918833767001506, "lr": 0.06912936169709338}