{"out_channels": 94, "kernel_size": 3, "num_blocks": 3, "lstm_hidden_size": 83, "l2_lambda": 0.002002310029982652, "dropout_rate": 0.3700047911650156, "lr": 0.05774426659585899}