{"out_channels": 117, "kernel_size": 3, "num_blocks": 3, "lstm_hidden_size": 45, "l2_lambda": 0.00035922766326174793, "dropout_rate": 0.3372824964680268, "lr": 0.03647532025512226}