{"out_channels": 20, "kernel_size": 6, "num_blocks": 2, "lstm_hidden_size": 37, "l2_lambda": 0.003721229369627553, "dropout_rate": 0.34856503743387124, "lr": 0.09803812507361401, "batch_size": 208}