{"out_channels": 20, "kernel_size": 6, "num_blocks": 1, "lstm_hidden_size": 48, "l2_lambda": 0.00842423919165681, "dropout_rate": 0.40077949697975834, "lr": 0.028931135732303697, "batch_size": 91}