{"out_channels": 70, "kernel_size": 5, "num_blocks": 2, "lstm_hidden_size": 38, "l2_lambda": 0.008804346823344087, "dropout_rate": 0.3903790837794866, "lr": 0.06034461871853173}