{"out_channels": 94, "kernel_size": 6, "num_blocks": 4, "lstm_hidden_size": 87, "l2_lambda": 0.004471535771585864, "dropout_rate": 0.2525115416245563, "lr": 0.0021092996143641687}