{"out_channels": 37, "kernel_size": 4, "num_blocks": 2, "lstm_hidden_size": 101, "l2_lambda": 0.008138652573154808, "dropout_rate": 0.43611083610912604, "lr": 0.03935959379571413}