{"out_channels": 125, "kernel_size": 3, "num_blocks": 3, "lstm_hidden_size": 37, "l2_lambda": 0.009966371193282093, "dropout_rate": 0.19342886531972203, "lr": 0.02133954598021107}