{"out_channels": 101, "kernel_size": 6, "num_blocks": 1, "lstm_hidden_size": 69, "l2_lambda": 0.0030017518371947766, "dropout_rate": 0.39690481685556234, "lr": 0.015065642974758514, "batch_size": 129}