{"out_channels": 101, "kernel_size": 5, "num_blocks": 5, "lstm_hidden_size": 90, "l2_lambda": 0.004658684052662585, "dropout_rate": 0.10440558314751831, "lr": 4.5558981723942455e-05}