{"out_channels": 44, "kernel_size": 6, "num_blocks": 2, "lstm_hidden_size": 41, "l2_lambda": 0.004772862132952451, "dropout_rate": 0.14670277335767415, "lr": 0.06317891259116673, "batch_size": 161}