{"out_channels": 85, "kernel_size": 7, "num_blocks": 2, "lstm_hidden_size": 115, "l2_lambda": 0.009178184980839056, "dropout_rate": 0.1615994090510082, "lr": 0.03302453075492374}