{"out_channels": 77, "kernel_size": 7, "num_blocks": 4, "lstm_hidden_size": 96, "l2_lambda": 0.0040612076053355185, "dropout_rate": 0.2506134928576751, "lr": 0.061469400487421534}