{"out_channels": 34, "kernel_size": 5, "num_blocks": 3, "lstm_hidden_size": 88, "l2_lambda": 0.001679453380578218, "dropout_rate": 0.3640697933451026, "lr": 0.04037864846375001, "batch_size": 214}