{"out_channels": 109, "kernel_size": 7, "num_blocks": 1, "lstm_hidden_size": 80, "l2_lambda": 0.006117229860243707, "dropout_rate": 0.4129660794708294, "lr": 0.009094433764359358}