{"out_channels": 91, "kernel_size": 3, "num_blocks": 1, "lstm_hidden_size": 76, "l2_lambda": 0.009701402941509164, "dropout_rate": 0.368854197875793, "lr": 0.0981056199237214}