{"out_channels": 51, "kernel_size": 4, "num_blocks": 2, "lstm_hidden_size": 45, "l2_lambda": 0.0063332053872469, "dropout_rate": 0.1846740377248779, "lr": 0.05478193184101017}