{"out_channels": 33, "kernel_size": 3, "num_blocks": 4, "lstm_hidden_size": 85, "l2_lambda": 0.003423028525992984, "dropout_rate": 0.2807406248719411, "lr": 0.02321786054450293}