{"out_channels": 23, "kernel_size": 4, "num_blocks": 2, "lstm_hidden_size": 91, "l2_lambda": 0.008026602975005237, "dropout_rate": 0.35951002144289435, "lr": 0.043414748799302565, "batch_size": 110}