{"out_channels": 127, "kernel_size": 7, "num_blocks": 1, "lstm_hidden_size": 57, "l2_lambda": 0.003621351193057677, "dropout_rate": 0.17032307789158235, "lr": 0.019095550319550746, "batch_size": 185}