{"out_channels": 27, "kernel_size": 3, "num_blocks": 3, "lstm_hidden_size": 103, "l2_lambda": 0.002243234764638772, "dropout_rate": 0.33907177423842494, "lr": 0.010965069440038422}