{"out_channels": 119, "kernel_size": 3, "num_blocks": 2, "lstm_hidden_size": 74, "l2_lambda": 0.001649010879626185, "dropout_rate": 0.12359193876382508, "lr": 0.0059895494495011406, "batch_size": 216}