{"out_channels": 19, "kernel_size": 7, "num_blocks": 1, "lstm_hidden_size": 57, "l2_lambda": 0.002537414999541604, "dropout_rate": 0.2538649496201111, "lr": 0.011306710813142438}