{"out_channels": 42, "kernel_size": 4, "num_blocks": 2, "lstm_hidden_size": 96, "l2_lambda": 0.006138014428463472, "dropout_rate": 0.12749985590572022, "lr": 0.05936675095110635}