{"out_channels": 104, "kernel_size": 4, "num_blocks": 3, "lstm_hidden_size": 100, "l2_lambda": 0.007879792661150534, "dropout_rate": 0.30787036272781243, "lr": 0.08078409633707971}