{"out_channels": 81, "kernel_size": 5, "num_blocks": 2, "lstm_hidden_size": 38, "l2_lambda": 0.005498355037076258, "dropout_rate": 0.12775352150774638, "lr": 0.002226208770058114}