{"out_channels": 72, "kernel_size": 5, "num_blocks": 3, "lstm_hidden_size": 113, "l2_lambda": 0.0040656660412147745, "dropout_rate": 0.2695112883080055, "lr": 0.09781454041019727}