{"out_channels": 91, "kernel_size": 5, "num_blocks": 1, "lstm_hidden_size": 122, "l2_lambda": 0.00971694062878492, "dropout_rate": 0.24242362059059072, "lr": 0.03673763429401857}