{"out_channels": 115, "kernel_size": 7, "num_blocks": 3, "lstm_hidden_size": 73, "l2_lambda": 0.0021302448877331577, "dropout_rate": 0.3374108819680244, "lr": 0.021080992578164433, "batch_size": 122}