{"out_channels": 88, "kernel_size": 4, "num_blocks": 1, "lstm_hidden_size": 113, "l2_lambda": 0.0022157476108889055, "dropout_rate": 0.48708851055209323, "lr": 0.07368901701032884, "batch_size": 92}