{"out_channels": 25, "kernel_size": 7, "num_blocks": 1, "lstm_hidden_size": 67, "l2_lambda": 0.0042667853631632845, "dropout_rate": 0.46736953846829143, "lr": 0.06499399454097478}