{"out_channels": 122, "kernel_size": 3, "num_blocks": 4, "lstm_hidden_size": 55, "l2_lambda": 0.005616796711444154, "dropout_rate": 0.2960646956630303, "lr": 0.056350110913372234}