{"out_channels": 18, "kernel_size": 7, "num_blocks": 2, "lstm_hidden_size": 32, "l2_lambda": 0.00548756366568485, "dropout_rate": 0.11992572227238295, "lr": 0.014073806656539532}