{"out_channels": 116, "kernel_size": 3, "num_blocks": 4, "lstm_hidden_size": 103, "l2_lambda": 0.009645058310361726, "dropout_rate": 0.35993398638927365, "lr": 0.07514207713532574}