{"out_channels": 95, "kernel_size": 6, "num_blocks": 3, "lstm_hidden_size": 66, "l2_lambda": 0.0023964383967252237, "dropout_rate": 0.4411414871792936, "lr": 0.015467397381882759}