{"out_channels": 104, "kernel_size": 3, "num_blocks": 1, "lstm_hidden_size": 77, "l2_lambda": 0.0024625147202352055, "dropout_rate": 0.49097906249520873, "lr": 0.00287918868382599, "batch_size": 222}