{"out_channels": 122, "kernel_size": 7, "num_blocks": 1, "lstm_hidden_size": 80, "l2_lambda": 5.0033083075489644e-05, "dropout_rate": 0.43807678817232565, "lr": 0.09571067881330919, "batch_size": 106}