{"out_channels": 99, "kernel_size": 4, "num_blocks": 2, "lstm_hidden_size": 46, "l2_lambda": 0.009545698814378398, "dropout_rate": 0.1401246133100339, "lr": 0.0448620233152511}