{"out_channels": 128, "kernel_size": 7, "num_blocks": 2, "lstm_hidden_size": 77, "l2_lambda": 0.009611416065189417, "dropout_rate": 0.2927043126429252, "lr": 0.08411570238232167, "batch_size": 99}