{"out_channels": 28, "kernel_size": 4, "num_blocks": 2, "lstm_hidden_size": 48, "l2_lambda": 0.003599628882659131, "dropout_rate": 0.36783171442885143, "lr": 0.0763885768559288, "batch_size": 139}