{"out_channels": 47, "kernel_size": 5, "num_blocks": 3, "lstm_hidden_size": 105, "l2_lambda": 0.00892219615322019, "dropout_rate": 0.31677130187231206, "lr": 0.09703111963817693, "batch_size": 248}