{"out_channels": 52, "kernel_size": 6, "num_blocks": 4, "lstm_hidden_size": 75, "l2_lambda": 0.005504099545327531, "dropout_rate": 0.47934674689268597, "lr": 0.029121554748840997}