{"out_channels": 103, "kernel_size": 7, "num_blocks": 5, "lstm_hidden_size": 55, "l2_lambda": 0.0013257187538308617, "dropout_rate": 0.18863800897643157, "lr": 0.041987784772690204}