{"out_channels": 101, "kernel_size": 7, "num_blocks": 2, "lstm_hidden_size": 82, "l2_lambda": 0.0032378235088057557, "dropout_rate": 0.14830816081237633, "lr": 0.02348075284027509, "batch_size": 110}