{"out_channels": 44, "kernel_size": 6, "num_blocks": 5, "lstm_hidden_size": 127, "l2_lambda": 0.006225454052531405, "dropout_rate": 0.22964521582687158, "lr": 0.04366958461123309}