{"out_channels": 66, "kernel_size": 5, "num_blocks": 1, "lstm_hidden_size": 37, "l2_lambda": 0.008751219709802744, "dropout_rate": 0.38830752972558746, "lr": 0.09186821785063191, "batch_size": 72}