{"out_channels": 27, "kernel_size": 6, "num_blocks": 2, "lstm_hidden_size": 87, "l2_lambda": 0.004768773294740259, "dropout_rate": 0.3894001678648734, "lr": 0.024708268644642355}