{"out_channels": 78, "kernel_size": 6, "num_blocks": 1, "lstm_hidden_size": 100, "l2_lambda": 0.00015794205548418357, "dropout_rate": 0.4688415310063837, "lr": 0.07055206952211393}