{"out_channels": 97, "kernel_size": 5, "num_blocks": 5, "lstm_hidden_size": 62, "l2_lambda": 0.008032104757484214, "dropout_rate": 0.4200088768989171, "lr": 0.061541339395657875}