{"out_channels": 56, "kernel_size": 5, "num_blocks": 1, "lstm_hidden_size": 74, "l2_lambda": 0.004952717691614777, "dropout_rate": 0.2429394841830419, "lr": 0.09320657095366065}