{"max_depth": 8, "learning_rate": 0.019931883433953912, "subsample": 0.6795910761200451, "colsample_bytree": 0.6491589413652906, "gamma": 0.641750363052499, "lambda": 2.6162960932206265e-05, "alpha": 0.06951346637144684}