{"max_depth": 5, "learning_rate": 0.15133966841092383, "subsample": 0.8336035804138623, "colsample_bytree": 0.6173739990661606, "gamma": 2.822258033620239, "lambda": 0.7959270618907226, "alpha": 0.023947757614180273}