{"max_depth": 10, "learning_rate": 0.26447128246345114, "subsample": 0.8405301958509155, "colsample_bytree": 0.5963301980877871, "gamma": 1.8457555046577645, "lambda": 1.3953208520701022e-08, "alpha": 9.79522281189208e-07}