{"max_depth": 4, "learning_rate": 0.23900870192378537, "subsample": 0.7825520004696735, "colsample_bytree": 0.9872429758072989, "gamma": 3.8552446820873487, "lambda": 0.0011708128238140166, "alpha": 1.3319676451232387e-07}