{"max_depth": 7, "learning_rate": 0.1793794114216751, "subsample": 0.5385834517458856, "colsample_bytree": 0.7950390734998746, "gamma": 4.682293485259905, "lambda": 0.6104684543636121, "alpha": 0.006149939979452792}