{"max_depth": 10, "learning_rate": 0.2165873745395053, "subsample": 0.9684895388489261, "colsample_bytree": 0.9613006642213824, "gamma": 4.6019651536548025, "lambda": 1.3205941627367572e-05, "alpha": 2.4316002614061427e-06}