{"max_depth": 5, "learning_rate": 0.2567922081017189, "subsample": 0.5257172141322369, "colsample_bytree": 0.6493812977107731, "gamma": 4.569527340690756, "lambda": 0.00018761219231611784, "alpha": 0.00010429137988583559}