{"max_depth": 9, "learning_rate": 0.1755730150697932, "subsample": 0.9850723323401278, "colsample_bytree": 0.9851194117546694, "gamma": 3.0249840889509283, "lambda": 0.0002471900297186343, "alpha": 2.6533407835139186e-07}