{"max_depth": 8, "learning_rate": 0.06402309447425651, "subsample": 0.5870674761756988, "colsample_bytree": 0.9644728179666237, "gamma": 2.120184825023406, "lambda": 2.1837484398553168e-05, "alpha": 0.0008740176520437283}