{"max_depth": 10, "learning_rate": 0.06258256617887618, "subsample": 0.5662994243491162, "colsample_bytree": 0.7461962582996043, "gamma": 2.988261935248741, "lambda": 1.8140148310693285e-05, "alpha": 4.4448212370573e-05}