{"max_depth": 9, "learning_rate": 0.2009766657246715, "subsample": 0.5464759667964645, "colsample_bytree": 0.8618438741861566, "gamma": 0.9330583938664022, "lambda": 0.05742333246581727, "alpha": 2.781761333912228e-08}