{"max_depth": 8, "learning_rate": 0.03419432259067749, "subsample": 0.530915067921977, "colsample_bytree": 0.7116256314911751, "gamma": 4.599902042182441, "lambda": 6.0654625622202995e-05, "alpha": 7.601587650574804e-06}