{"max_depth": 5, "learning_rate": 0.2842791040514057, "subsample": 0.8238768792311901, "colsample_bytree": 0.7122262888316693, "gamma": 0.6103623066704067, "lambda": 0.0027113928385556455, "alpha": 9.029312021871854e-06}