{"max_depth": 3, "learning_rate": 0.04644795500235562, "subsample": 0.9491356084073654, "colsample_bytree": 0.9889116893349459, "gamma": 3.5540639570586894, "lambda": 0.0597146693724667, "alpha": 0.043795834148832744}