{"max_depth": 7, "learning_rate": 0.10357468321594773, "subsample": 0.5113650390120776, "colsample_bytree": 0.8665598246125896, "gamma": 3.6919509118145006, "lambda": 1.6081756142300662e-06, "alpha": 1.6223783440993874e-08}