{"max_depth": 3, "learning_rate": 0.053674746708581515, "subsample": 0.6141368505356499, "colsample_bytree": 0.9848374407660601, "gamma": 0.34828071788576276, "lambda": 3.263895911638224e-05, "alpha": 2.6062932370949397e-07}