{"max_depth": 4, "learning_rate": 0.09022658100679173, "subsample": 0.5786985065080708, "colsample_bytree": 0.527255599227499, "gamma": 4.822565978286032, "lambda": 0.0008206203416923751, "alpha": 0.09827472975114256}