{"max_depth": 4, "learning_rate": 0.24840691698694445, "subsample": 0.689159762718524, "colsample_bytree": 0.7486635875327543, "gamma": 0.22909906036104655, "lambda": 0.00016128424916704568, "alpha": 3.0507943619730806e-07}