{"max_depth": 9, "learning_rate": 0.2570100154353353, "subsample": 0.5115581328787191, "colsample_bytree": 0.5813872112003429, "gamma": 0.9460435681508228, "lambda": 0.03105808678434987, "alpha": 4.181609293241358e-08}