{"max_depth": 3, "learning_rate": 0.03271663133640732, "subsample": 0.5632983928045603, "colsample_bytree": 0.917364938425749, "gamma": 2.607488876066481, "lambda": 0.00016373558437434078, "alpha": 7.954173362011645e-06}