{"max_depth": 7, "learning_rate": 0.05250423349330992, "subsample": 0.7013951139346537, "colsample_bytree": 0.8521133408209048, "gamma": 2.800580985926542, "lambda": 0.8466521740967411, "alpha": 3.407662901301262e-05}