{"max_depth": 7, "learning_rate": 0.27819002675695476, "subsample": 0.5105939046416734, "colsample_bytree": 0.777742706270896, "gamma": 2.097309040240064, "lambda": 0.21945145040571384, "alpha": 0.00040465942968161394}