{"max_depth": 5, "learning_rate": 0.013134408676637397, "subsample": 0.7606719874628661, "colsample_bytree": 0.9897090391898119, "gamma": 1.5220653746809565, "lambda": 0.2922858475268817, "alpha": 5.597705606739956e-06}