{"max_depth": 9, "learning_rate": 0.23705202762596617, "subsample": 0.9249394180166728, "colsample_bytree": 0.6986540684204756, "gamma": 4.702546005908174, "lambda": 1.2854749468210745e-06, "alpha": 0.0011181945019636808}