{"max_depth": 4, "learning_rate": 0.16324472102394486, "subsample": 0.8018161336916624, "colsample_bytree": 0.6590287647249156, "gamma": 1.4032318960792818, "lambda": 0.0003886287032950778, "alpha": 3.887818348142586e-08}