{"max_depth": 10, "learning_rate": 0.037456839385923944, "subsample": 0.6098416942877152, "colsample_bytree": 0.9077650978694315, "gamma": 1.770860875123133, "lambda": 0.027517973651631774, "alpha": 2.112251081309732e-08}