{"max_depth": 3, "learning_rate": 0.13795334521502298, "subsample": 0.9295606242335456, "colsample_bytree": 0.8712004101727554, "gamma": 2.048900214316401, "lambda": 4.809153360952937e-06, "alpha": 0.0013425459467481277}