{"max_depth": 9, "learning_rate": 0.21883359633754798, "subsample": 0.6441669610338098, "colsample_bytree": 0.619184099278483, "gamma": 0.8011372368879022, "lambda": 2.4729816415307085e-08, "alpha": 4.807494088038699e-05}