{"max_depth": 4, "learning_rate": 0.015234268069709695, "subsample": 0.8653759053474201, "colsample_bytree": 0.6874524630314398, "gamma": 4.66501499029619, "lambda": 1.1058503872487001e-05, "alpha": 0.7456398554883724}