{"max_depth": 6, "learning_rate": 0.26081313398314426, "subsample": 0.7590817681008599, "colsample_bytree": 0.5725721034339857, "gamma": 4.276011717843595, "lambda": 0.05541950612443219, "alpha": 0.2814863477890068}