{"max_depth": 10, "learning_rate": 0.07960142863004134, "subsample": 0.8581070025198618, "colsample_bytree": 0.5057348385622394, "gamma": 4.708715907764109, "lambda": 1.2916720103957545e-05, "alpha": 6.0228685969581525e-05}