{"max_depth": 5, "learning_rate": 0.253728197712038, "subsample": 0.8714938922098654, "colsample_bytree": 0.7628136514174746, "gamma": 2.38457660772813, "lambda": 1.505668922625539e-06, "alpha": 3.5247036561925365e-05}