{"max_depth": 6, "learning_rate": 0.24833085253116, "subsample": 0.5678064794928044, "colsample_bytree": 0.5123571546705556, "gamma": 1.9918207694718038, "lambda": 0.03797339977327355, "alpha": 2.924899631580385e-07}