{"max_depth": 7, "learning_rate": 0.10052167183871542, "subsample": 0.7391716019330112, "colsample_bytree": 0.8436614611108544, "gamma": 0.47085785068183117, "lambda": 3.7182205872703205e-07, "alpha": 1.3823376975181305e-07}