{"max_depth": 6, "learning_rate": 0.021720102855328237, "subsample": 0.7659628550425837, "colsample_bytree": 0.5477349582721591, "gamma": 0.36898123036203934, "lambda": 0.06212982391790648, "alpha": 5.854656825330623e-05}