{"max_depth": 3, "learning_rate": 0.14479202535787206, "subsample": 0.5392361647470523, "colsample_bytree": 0.7992981258248553, "gamma": 0.5127140170728967, "lambda": 1.6471767811442246e-05, "alpha": 1.573647558695635e-07}