{"max_depth": 10, "learning_rate": 0.1633302975974247, "subsample": 0.6645118665506131, "colsample_bytree": 0.7067345105045941, "gamma": 1.4220156977104286, "lambda": 1.5352103233957263e-05, "alpha": 0.0012146513262077433}