{"max_depth": 3, "learning_rate": 0.04297997860243392, "subsample": 0.5602824135400233, "colsample_bytree": 0.5714718775827377, "gamma": 3.2619593185067552, "lambda": 0.0003603360797015084, "alpha": 6.626760749759251e-05}