{"max_depth": 10, "learning_rate": 0.15954166659294827, "subsample": 0.5904527359664522, "colsample_bytree": 0.9627387863647807, "gamma": 2.9329344186171067, "lambda": 0.004291028745854259, "alpha": 0.012598438525256812}