{"max_depth": 9, "learning_rate": 0.013806859971721255, "subsample": 0.6563282321678445, "colsample_bytree": 0.5999975504563428, "gamma": 4.845264965429593, "lambda": 0.0015209033124961209, "alpha": 1.4908593754853529e-05}