{"max_depth": 6, "learning_rate": 0.2090727708874961, "subsample": 0.8110533478242814, "colsample_bytree": 0.7895983663271706, "gamma": 0.12975017088723062, "lambda": 3.620584725480671e-08, "alpha": 1.2420310402231294e-07}