{"max_depth": 10, "learning_rate": 0.215970892470874, "subsample": 0.7489759347432028, "colsample_bytree": 0.6411170986641355, "gamma": 2.0625324077344342, "lambda": 1.615605805154854e-07, "alpha": 0.0002099426934153894}