{"max_depth": 8, "learning_rate": 0.053151621424354756, "subsample": 0.8057475192761739, "colsample_bytree": 0.9426159987681841, "gamma": 3.69380995671777, "lambda": 0.0038967648266217837, "alpha": 2.0565926916815777e-05}