{"max_depth": 8, "learning_rate": 0.01837189737223273, "subsample": 0.9357882943261174, "colsample_bytree": 0.822813603529818, "gamma": 4.023767843914728, "lambda": 0.11416822432639533, "alpha": 1.564501088066603e-07}