{"max_depth": 5, "learning_rate": 0.0349273331523403, "subsample": 0.5909819821953174, "colsample_bytree": 0.8378838416608376, "gamma": 3.260656859338478, "lambda": 0.00013308364659261697, "alpha": 0.00033399480517177013}