{"max_depth": 6, "learning_rate": 0.25614818738415124, "subsample": 0.6948726607029678, "colsample_bytree": 0.6389474100369332, "gamma": 3.797432172174106, "lambda": 2.0787486825134736e-08, "alpha": 1.6865687905214227e-07}