{"max_depth": 3, "learning_rate": 0.16911173733593152, "subsample": 0.5661635093926094, "colsample_bytree": 0.8096578832866101, "gamma": 0.08097516771764346, "lambda": 9.79444477007867e-07, "alpha": 0.11765144220347068}