{"max_depth": 10, "learning_rate": 0.29462320683760784, "subsample": 0.6961233038387358, "colsample_bytree": 0.751590641899267, "gamma": 3.0214401053760676, "lambda": 1.0104076334535982e-06, "alpha": 2.0197524482583876e-05}