{"max_depth": 3, "learning_rate": 0.14479257094846185, "subsample": 0.5195438134267923, "colsample_bytree": 0.504026598095501, "gamma": 4.536216189872791, "lambda": 4.2494894631040535e-08, "alpha": 1.8728147258944604e-08}