{"max_depth": 5, "learning_rate": 0.025637796829696656, "subsample": 0.6328244361435666, "colsample_bytree": 0.8148766796997119, "gamma": 2.2852571776333446, "lambda": 0.01097400857110698, "alpha": 0.7290997545544337}