{"max_depth": 6, "learning_rate": 0.21433423476088173, "subsample": 0.5412509898893179, "colsample_bytree": 0.5198517686928257, "gamma": 3.7919309808561725, "lambda": 0.003404747044007853, "alpha": 0.05908268747573987}