{"max_depth": 4, "learning_rate": 0.12567586268127298, "subsample": 0.9271769277818271, "colsample_bytree": 0.6504952537984965, "gamma": 2.3178760457857397, "lambda": 2.8033617057190115e-05, "alpha": 1.3762296022868387e-06}