{"max_depth": 3, "learning_rate": 0.18853005762582117, "subsample": 0.5023743362877557, "colsample_bytree": 0.7236711730037687, "gamma": 0.9693387540807064, "lambda": 3.1088905371533306e-06, "alpha": 0.6868246600392479}