{"max_depth": 9, "learning_rate": 0.227262940778342, "subsample": 0.541561615069559, "colsample_bytree": 0.9286343290596603, "gamma": 0.08415373998779008, "lambda": 0.004355974568211855, "alpha": 0.00029374712598079027}