{"max_depth": 5, "learning_rate": 0.13438913200152586, "subsample": 0.9506499709216873, "colsample_bytree": 0.8598519055353975, "gamma": 3.18040709005704, "lambda": 3.836987927963435e-06, "alpha": 1.3487498071389196e-08}