{"max_depth": 9, "learning_rate": 0.1869270558843093, "subsample": 0.6139926187683368, "colsample_bytree": 0.6359298581820643, "gamma": 2.0901301988173255, "lambda": 3.3807630893921514e-07, "alpha": 0.0015379510593693582}