{"max_depth": 7, "learning_rate": 0.08976055117528295, "subsample": 0.6666039409598283, "colsample_bytree": 0.5664024367721361, "gamma": 0.45091925245952735, "lambda": 0.0013151230564347831, "alpha": 1.9087475386572924e-07}