{"max_depth": 10, "learning_rate": 0.09808662693391214, "subsample": 0.9693411707518336, "colsample_bytree": 0.6238841411228553, "gamma": 4.867223252584473, "lambda": 0.3099131055964318, "alpha": 2.8503061557553264e-08}