{"max_depth": 7, "learning_rate": 0.26852256017420717, "subsample": 0.592097261121496, "colsample_bytree": 0.7899000452599849, "gamma": 4.438644197089612, "lambda": 0.010148243887814464, "alpha": 2.2964780154896124e-08}