{"max_depth": 4, "learning_rate": 0.27515094749196656, "subsample": 0.8582631392136543, "colsample_bytree": 0.5592728865139214, "gamma": 3.172892090111312, "lambda": 0.0034739935380533903, "alpha": 0.0014395873878533599}