{"max_depth": 6, "learning_rate": 0.2523116608302642, "subsample": 0.5407036293462124, "colsample_bytree": 0.8476853997862888, "gamma": 0.4347404219152745, "lambda": 0.00017451672563372126, "alpha": 0.7673694023827777}