{"max_depth": 4, "learning_rate": 0.08728231782516674, "subsample": 0.8809212584351347, "colsample_bytree": 0.9557073818488724, "gamma": 0.6560855493919793, "lambda": 0.0003209162292528869, "alpha": 0.7233856717012361}