{"sequence_length": 26, "hidden_size": 60, "num_layers": 2, "num_blocks": 3, "dropout_rate": 0.2881830781928265, "lr": 0.0025956882052491246, "batch_size": 164, "l2_lambda": 0.009404816519166095}