{"sequence_length": 16, "hidden_size": 62, "num_layers": 3, "num_blocks": 1, "dropout_rate": 0.10879769307867174, "lr": 0.07051118597998164, "batch_size": 250, "l2_lambda": 0.0004981456581961547}