{"sequence_length": 4, "hidden_size": 54, "num_layers": 1, "num_blocks": 1, "dropout_rate": 0.4771775134666574, "lr": 0.025225364950955474, "batch_size": 219, "l2_lambda": 0.009278803949680782}