{"sequence_length": 17, "hidden_size": 59, "num_layers": 3, "num_blocks": 3, "dropout_rate": 0.15939858541126967, "lr": 0.09847109705626925, "batch_size": 189, "l2_lambda": 0.00976558858088978}