{"sequence_length": 16, "hidden_size": 72, "num_layers": 1, "num_blocks": 2, "dropout_rate": 0.25489930575725195, "lr": 0.057149442457914014, "batch_size": 205, "l2_lambda": 0.0003882947392343612}