{"sequence_length": 20, "hidden_size": 27, "num_layers": 2, "num_blocks": 1, "dropout_rate": 0.10795500158296033, "lr": 0.03858631439410631, "batch_size": 74, "l2_lambda": 0.006810061892953769}