{"sequence_length": 3, "hidden_size": 52, "num_layers": 1, "num_blocks": 2, "dropout_rate": 0.39887746220548503, "lr": 0.061824259199946205, "batch_size": 149, "l2_lambda": 0.004713914424827962}