{"sequence_length": 14, "hidden_size": 39, "num_layers": 2, "num_blocks": 3, "dropout_rate": 0.46737457789115644, "lr": 0.09035988412276731, "batch_size": 124, "l2_lambda": 0.0026707675792790875}