{"sequence_length": 13, "hidden_size": 16, "num_layers": 1, "num_blocks": 1, "dropout_rate": 0.17356774738773223, "lr": 0.052923281803464485, "batch_size": 181, "l2_lambda": 0.009288319222479998}