{"sequence_length": 4, "hidden_size": 22, "num_layers": 2, "num_blocks": 3, "dropout_rate": 0.3248174818629319, "lr": 0.0007161151406727317, "batch_size": 157, "l2_lambda": 0.0066360054425343845}