{"sequence_length": 30, "hidden_size": 88, "num_layers": 2, "num_blocks": 2, "dropout_rate": 0.4626335648057259, "lr": 0.08391490550000318, "batch_size": 74, "l2_lambda": 0.0058745266409363055}