{"sequence_length": 3, "hidden_size": 20, "num_layers": 1, "num_blocks": 2, "dropout_rate": 0.4445660435943709, "lr": 0.009778121400186487, "batch_size": 56, "l2_lambda": 0.008396244618018568}