{"sequence_length": 20, "hidden_size": 96, "num_layers": 2, "num_blocks": 1, "dropout_rate": 0.4487504593222461, "lr": 0.06908573811005193, "batch_size": 71, "l2_lambda": 0.0001560137315086228}