{"sequence_length": 6, "hidden_size": 57, "num_layers": 2, "num_blocks": 3, "dropout_rate": 0.17892140934907347, "lr": 0.02588709520266402, "batch_size": 61, "l2_lambda": 0.007285577829013762}