{"sequence_length": 16, "hidden_size": 42, "num_layers": 3, "num_blocks": 2, "dropout_rate": 0.3168957901806029, "lr": 0.08368806450823714, "batch_size": 206, "l2_lambda": 0.008974895722817502}