{"sequence_length": 8, "hidden_size": 128, "num_layers": 1, "num_blocks": 2, "dropout_rate": 0.38937535313902194, "lr": 0.04398843775387783, "batch_size": 108, "l2_lambda": 0.002075561672950671}