{"sequence_length": 15, "hidden_size": 22, "num_layers": 3, "num_blocks": 1, "dropout_rate": 0.48619464554086234, "lr": 0.0923676759931715, "batch_size": 114, "l2_lambda": 0.0025882405993314732}