{"sequence_length": 6, "hidden_size": 44, "num_layers": 3, "num_blocks": 1, "dropout_rate": 0.4963787124941601, "lr": 0.08008970441154174, "batch_size": 72, "l2_lambda": 0.008143273560254146}