{"sequence_length": 9, "hidden_size": 59, "num_layers": 1, "num_blocks": 1, "dropout_rate": 0.33043793603276583, "lr": 0.01864239840379664, "batch_size": 166, "l2_lambda": 0.005237653957919027}