{"sequence_length": 5, "hidden_size": 108, "num_layers": 3, "num_blocks": 1, "dropout_rate": 0.4578652035672903, "lr": 0.0398084901817131, "batch_size": 93, "l2_lambda": 0.0025315453594241424}