{"sequence_length": 8, "hidden_size": 50, "num_layers": 1, "num_blocks": 1, "dropout_rate": 0.1912320885386342, "lr": 0.009257859287211559, "batch_size": 206, "l2_lambda": 0.003582643659015327}