{"sequence_length": 11, "hidden_size": 59, "num_layers": 3, "num_blocks": 3, "dropout_rate": 0.2783104120642488, "lr": 0.030201305342270043, "batch_size": 86, "l2_lambda": 0.003174538610989928}