{"sequence_length": 17, "hidden_size": 121, "num_layers": 3, "num_blocks": 3, "dropout_rate": 0.38545584302747216, "lr": 0.06494340867097069, "batch_size": 185, "l2_lambda": 0.009118132824102147}