{"sequence_length": 8, "hidden_size": 16, "num_layers": 1, "num_blocks": 3, "dropout_rate": 0.34802073838492176, "lr": 0.08748853220462217, "batch_size": 97, "l2_lambda": 0.007815004673624166}