{"sequence_length": 18, "hidden_size": 99, "num_layers": 3, "num_blocks": 3, "dropout_rate": 0.1056583191322909, "lr": 0.08764984267583055, "batch_size": 203, "l2_lambda": 0.005541505627234626}