{"sequence_length": 2, "hidden_size": 46, "num_layers": 1, "num_blocks": 2, "dropout_rate": 0.31514199149913713, "lr": 0.03837466673592142, "batch_size": 233, "l2_lambda": 0.0031386666628734493}