{"sequence_length": 11, "hidden_size": 52, "num_layers": 2, "num_blocks": 1, "dropout_rate": 0.33529448026040665, "lr": 0.06715098736913414, "batch_size": 249, "l2_lambda": 0.007627636077599644}