{"sequence_length": 13, "hidden_size": 30, "num_layers": 2, "num_blocks": 1, "dropout_rate": 0.2301239301382843, "lr": 0.05351761918352247, "batch_size": 253, "l2_lambda": 0.002515847810453575}