{"sequence_length": 20, "hidden_size": 52, "num_layers": 1, "num_blocks": 1, "dropout_rate": 0.4913257278382839, "lr": 0.08145535980880546, "batch_size": 75, "l2_lambda": 0.008507695403804564}