{"sequence_length": 18, "hidden_size": 59, "num_layers": 3, "num_blocks": 1, "dropout_rate": 0.26094068487725486, "lr": 0.06076914147460367, "batch_size": 89, "l2_lambda": 0.008545917531038822}