{"sequence_length": 23, "hidden_size": 64, "num_layers": 3, "num_blocks": 2, "dropout_rate": 0.23783395600880644, "lr": 0.022915892929665744, "batch_size": 195, "l2_lambda": 0.0025527646223753838}