{"sequence_length": 5, "hidden_size": 19, "num_layers": 3, "num_blocks": 1, "dropout_rate": 0.4299566485951051, "lr": 0.0644247082060054, "batch_size": 44, "l2_lambda": 0.0008864875414536698}