{"sequence_length": 17, "hidden_size": 65, "num_layers": 3, "num_blocks": 2, "dropout_rate": 0.19930438842573273, "lr": 0.09183519958823526, "batch_size": 227, "l2_lambda": 0.008158198955580008}