{"sequence_length": 17, "hidden_size": 24, "num_layers": 2, "num_blocks": 2, "dropout_rate": 0.335689218393094, "lr": 0.04497052811422708, "batch_size": 176, "l2_lambda": 0.006182528887446609}