{"sequence_length": 15, "hidden_size": 110, "num_layers": 2, "num_blocks": 2, "dropout_rate": 0.3692790569119625, "lr": 0.08073471866567139, "batch_size": 141, "l2_lambda": 0.005524259892834905}