{"sequence_length": 25, "hidden_size": 41, "num_layers": 2, "num_blocks": 3, "dropout_rate": 0.10590782502255816, "lr": 0.09407182291360162, "batch_size": 200, "l2_lambda": 0.006768594496334134}