{"sequence_length": 5, "hidden_size": 54, "num_layers": 1, "num_blocks": 3, "dropout_rate": 0.17912740182208925, "lr": 0.04941607696786174, "batch_size": 51, "l2_lambda": 0.0015779725384333513}