{"sequence_length": 17, "hidden_size": 114, "num_layers": 1, "num_blocks": 1, "dropout_rate": 0.35429706087416646, "lr": 0.07862843100737903, "batch_size": 223, "l2_lambda": 0.0023106916859329104}