{"sequence_length": 2, "hidden_size": 125, "num_layers": 3, "num_blocks": 1, "dropout_rate": 0.3946296477529627, "lr": 0.027159075135169356, "batch_size": 70, "l2_lambda": 0.0011494479397497514}