{"sequence_length": 13, "hidden_size": 62, "num_layers": 1, "num_blocks": 3, "dropout_rate": 0.11517156765391685, "lr": 0.06942113946305101, "batch_size": 49, "l2_lambda": 0.0014451075261698732}