{"sequence_length": 11, "hidden_size": 22, "num_layers": 3, "num_blocks": 2, "dropout_rate": 0.2945259942185926, "lr": 0.09000253134055876, "batch_size": 62, "l2_lambda": 0.008808344977296977}