{"sequence_length": 20, "hidden_size": 90, "num_layers": 3, "num_blocks": 3, "dropout_rate": 0.33208874812687617, "lr": 0.023815031336865803, "batch_size": 44, "l2_lambda": 0.009809318387348517}