{"sequence_length": 9, "hidden_size": 82, "num_layers": 1, "num_blocks": 2, "dropout_rate": 0.1450010598212865, "lr": 0.020385966099989546, "batch_size": 256, "l2_lambda": 0.009589366919091232}