{"sequence_length": 27, "hidden_size": 62, "num_layers": 3, "num_blocks": 3, "dropout_rate": 0.16026323356674754, "lr": 0.0034505181340186908, "batch_size": 186, "l2_lambda": 0.006778212899991412}