{"sequence_length": 18, "hidden_size": 61, "num_layers": 1, "num_blocks": 1, "dropout_rate": 0.4991466790651645, "lr": 0.03905714264022904, "batch_size": 141, "l2_lambda": 0.004191456875149419}