{"sequence_length": 2, "hidden_size": 30, "num_layers": 2, "num_blocks": 1, "dropout_rate": 0.4015401461948822, "lr": 0.09858736197515432, "batch_size": 49, "l2_lambda": 0.00720961179048861}