{"sequence_length": 15, "hidden_size": 108, "num_layers": 1, "num_blocks": 3, "dropout_rate": 0.18865442796816223, "lr": 0.028140726159364356, "batch_size": 40, "l2_lambda": 0.0026416385604115648}