{"sequence_length": 13, "hidden_size": 59, "num_layers": 1, "num_blocks": 2, "dropout_rate": 0.22318320708936815, "lr": 0.043327649929551224, "batch_size": 41, "l2_lambda": 0.00609166203358264}