{"sequence_length": 14, "hidden_size": 23, "num_layers": 3, "num_blocks": 2, "dropout_rate": 0.12382356247362628, "lr": 0.04780985859412395, "batch_size": 203, "l2_lambda": 0.002773423347108377}