{"sequence_length": 7, "hidden_size": 37, "num_layers": 3, "num_blocks": 2, "dropout_rate": 0.40891670018213366, "lr": 0.022716929097416856, "batch_size": 124, "l2_lambda": 0.004135559394719938}