{"sequence_length": 9, "hidden_size": 25, "num_layers": 2, "num_blocks": 1, "dropout_rate": 0.3825790746739194, "lr": 0.053163547610638996, "batch_size": 129, "l2_lambda": 0.008799628786304515}