{"sequence_length": 9, "hidden_size": 70, "num_layers": 1, "num_blocks": 3, "dropout_rate": 0.16336352065617166, "lr": 0.0037572613618102623, "batch_size": 81, "l2_lambda": 0.006114149201921741}