{"sequence_length": 10, "hidden_size": 52, "num_layers": 1, "num_blocks": 3, "dropout_rate": 0.2063962630898006, "lr": 0.0068537672646554115, "batch_size": 222, "l2_lambda": 0.009519552246917345}