{"sequence_length": 20, "hidden_size": 99, "num_layers": 3, "num_blocks": 3, "dropout_rate": 0.24865515113406433, "lr": 0.09579197608985801, "batch_size": 126, "l2_lambda": 0.002733143347175966}