{"sequence_length": 24, "hidden_size": 104, "num_layers": 1, "num_blocks": 1, "dropout_rate": 0.10859125583387602, "lr": 0.04764248857900777, "batch_size": 156, "l2_lambda": 0.003358006656302308}