{"sequence_length": 18, "hidden_size": 92, "num_layers": 3, "num_blocks": 1, "dropout_rate": 0.14705444061944412, "lr": 0.07559280511334185, "batch_size": 217, "l2_lambda": 0.0029687671839849143}