{"sequence_length": 25, "hidden_size": 41, "num_layers": 2, "num_blocks": 2, "dropout_rate": 0.22499172454159894, "lr": 0.08866250087250954, "batch_size": 247, "l2_lambda": 0.008170741208264658}