{"sequence_length": 20, "hidden_size": 17, "num_layers": 2, "num_blocks": 3, "dropout_rate": 0.4937674840432743, "lr": 0.06095816619489406, "batch_size": 29, "l2_lambda": 0.0009373443593720218}