{"sequence_length": 6, "hidden_size": 116, "num_layers": 3, "num_blocks": 3, "dropout_rate": 0.36390757746312263, "lr": 0.06894116324309188, "batch_size": 80, "l2_lambda": 0.006582580746456451}