{"sequence_length": 7, "hidden_size": 35, "num_layers": 1, "num_blocks": 1, "dropout_rate": 0.26682882477529307, "lr": 0.0851507801135297, "batch_size": 16, "l2_lambda": 0.0055121616346816005}