{"sequence_length": 8, "hidden_size": 114, "num_layers": 1, "num_blocks": 2, "dropout_rate": 0.35027346585857044, "lr": 0.015248373417426775, "batch_size": 40, "l2_lambda": 0.007006308458380893}