{"sequence_length": 3, "hidden_size": 19, "num_layers": 2, "num_blocks": 3, "dropout_rate": 0.26135414453813566, "lr": 0.059003549088831396, "batch_size": 111, "l2_lambda": 0.005774144294032497}