{"sequence_length": 25, "hidden_size": 90, "num_layers": 2, "num_blocks": 2, "dropout_rate": 0.10187420172564839, "lr": 0.06275245731817808, "batch_size": 152, "l2_lambda": 0.008343423196976207}