{"sequence_length": 30, "hidden_size": 68, "num_layers": 2, "num_blocks": 1, "dropout_rate": 0.1112174456500926, "lr": 0.08955194586477448, "batch_size": 98, "l2_lambda": 0.005603330559565722}