{"sequence_length": 14, "hidden_size": 110, "num_layers": 2, "num_blocks": 2, "dropout_rate": 0.3406173755894469, "lr": 0.035124640510919465, "batch_size": 106, "l2_lambda": 0.0038958779936655442}