{"sequence_length": 17, "hidden_size": 53, "num_layers": 1, "num_blocks": 3, "dropout_rate": 0.2535972071974072, "lr": 0.07952824945943557, "batch_size": 56, "l2_lambda": 0.00522237530054557}