{"sequence_length": 21, "hidden_size": 127, "num_layers": 3, "num_blocks": 3, "dropout_rate": 0.1317312624126156, "lr": 0.039791584545232773, "batch_size": 26, "l2_lambda": 0.0009714177246707322}