{"sequence_length": 25, "hidden_size": 114, "num_layers": 3, "num_blocks": 1, "dropout_rate": 0.4720404986778649, "lr": 0.062105082075654655, "batch_size": 83, "l2_lambda": 0.00031646292020140736}