{"sequence_length": 13, "hidden_size": 22, "num_layers": 3, "num_blocks": 1, "dropout_rate": 0.3397713842595933, "lr": 0.016293441503139845, "batch_size": 16, "l2_lambda": 0.004195414329683804}