{"sequence_length": 3, "hidden_size": 92, "num_layers": 1, "num_blocks": 1, "dropout_rate": 0.3470564590929529, "lr": 0.06629919420112618, "batch_size": 227, "l2_lambda": 0.007406813916041591}