{"sequence_length": 14, "hidden_size": 99, "num_layers": 1, "num_blocks": 1, "dropout_rate": 0.1782143800676529, "lr": 0.07446365063648863, "batch_size": 227, "l2_lambda": 0.008543218344828362}