{"sequence_length": 8, "hidden_size": 124, "num_layers": 2, "num_blocks": 1, "dropout_rate": 0.2811633201050552, "lr": 0.06626495891447809, "batch_size": 41, "l2_lambda": 0.004694488270673193}