{"sequence_length": 10, "hidden_size": 63, "num_layers": 2, "num_blocks": 3, "dropout_rate": 0.3232980233299847, "lr": 0.015896894537129464, "batch_size": 153, "l2_lambda": 0.006913265732530434}