{"sequence_length": 24, "hidden_size": 73, "num_layers": 1, "num_blocks": 1, "dropout_rate": 0.396398012513524, "lr": 0.08461767509302927, "batch_size": 131, "l2_lambda": 0.00269236318372817}