{"sequence_length": 6, "hidden_size": 66, "num_layers": 3, "num_blocks": 1, "dropout_rate": 0.25726114641541054, "lr": 0.01955853605495692, "batch_size": 127, "l2_lambda": 0.00408233704616011}