{"sequence_length": 23, "hidden_size": 109, "num_layers": 2, "num_blocks": 3, "dropout_rate": 0.1451559263463323, "lr": 0.09910461743153431, "batch_size": 91, "l2_lambda": 0.007458576669568511}