{"sequence_length": 26, "hidden_size": 53, "num_layers": 1, "num_blocks": 1, "dropout_rate": 0.4333368116660442, "lr": 0.05941320241827588, "batch_size": 98, "l2_lambda": 0.007060858029706031}