{"sequence_length": 28, "hidden_size": 23, "num_layers": 3, "num_blocks": 2, "dropout_rate": 0.3662359853536997, "lr": 0.040983046841558284, "batch_size": 203, "l2_lambda": 0.005607726517535951}