{"sequence_length": 17, "hidden_size": 99, "num_layers": 1, "num_blocks": 2, "dropout_rate": 0.1326157515622633, "lr": 0.060515698491294644, "batch_size": 19, "l2_lambda": 0.001826171226029475}