{"sequence_length": 23, "hidden_size": 72, "num_layers": 2, "num_blocks": 2, "dropout_rate": 0.1688122157530766, "lr": 0.04831710411934902, "batch_size": 233, "l2_lambda": 0.006115963089940168}