{"sequence_length": 16, "hidden_size": 109, "num_layers": 2, "num_blocks": 3, "dropout_rate": 0.10363651354728592, "lr": 0.06584501287356233, "batch_size": 181, "l2_lambda": 0.003935952212624128}