{"sequence_length": 8, "hidden_size": 98, "num_layers": 2, "num_blocks": 3, "dropout_rate": 0.27225412292384077, "lr": 0.07993131744129418, "batch_size": 59, "l2_lambda": 0.001570533179856332}