{"sequence_length": 7, "hidden_size": 24, "num_layers": 1, "num_blocks": 2, "dropout_rate": 0.2909705062906321, "lr": 0.09577388170899692, "batch_size": 150, "l2_lambda": 0.004256514430223599}