{"sequence_length": 22, "hidden_size": 67, "num_layers": 3, "num_blocks": 1, "dropout_rate": 0.44948421721642284, "lr": 0.03881207681432874, "batch_size": 206, "l2_lambda": 0.00036383658177305836}