{"sequence_length": 27, "hidden_size": 100, "num_layers": 2, "num_blocks": 2, "dropout_rate": 0.29712200623648044, "lr": 0.04039180778558638, "batch_size": 142, "l2_lambda": 0.006828379459534671}