{"sequence_length": 4, "hidden_size": 42, "num_layers": 2, "num_blocks": 1, "dropout_rate": 0.145349346477843, "lr": 0.05300924284139767, "batch_size": 201, "l2_lambda": 0.0017421790311009603}