{"sequence_length": 4, "hidden_size": 80, "num_layers": 3, "num_blocks": 3, "dropout_rate": 0.1607052870479569, "lr": 0.00311726065298866, "batch_size": 221, "l2_lambda": 0.009969051027067117}