{"sequence_length": 20, "hidden_size": 125, "num_layers": 2, "num_blocks": 2, "dropout_rate": 0.4982989739224557, "lr": 0.004986135766832408, "batch_size": 179, "l2_lambda": 0.0011327864365604868}