{"sequence_length": 23, "hidden_size": 87, "num_layers": 1, "num_blocks": 3, "dropout_rate": 0.29246365389612305, "lr": 0.008268421391396736, "batch_size": 126, "l2_lambda": 0.003474987697433872}