{"sequence_length": 19, "hidden_size": 91, "num_layers": 2, "num_blocks": 2, "dropout_rate": 0.47605016171872916, "lr": 0.05024449127573097, "batch_size": 110, "l2_lambda": 0.008615522261414805}