{"sequence_length": 23, "hidden_size": 99, "num_layers": 3, "num_blocks": 1, "dropout_rate": 0.24118066983276215, "lr": 0.07237674722244956, "batch_size": 182, "l2_lambda": 0.0027595446251087253}