{"sequence_length": 7, "hidden_size": 46, "num_layers": 2, "num_blocks": 2, "dropout_rate": 0.4384537516310687, "lr": 0.021811948411310362, "batch_size": 255, "l2_lambda": 0.00861244779964297}