{"sequence_length": 18, "hidden_size": 57, "num_layers": 3, "num_blocks": 2, "dropout_rate": 0.128314095291345, "lr": 0.09515576230450042, "batch_size": 168, "l2_lambda": 0.006239357303460279}