{"sequence_length": 2, "hidden_size": 40, "num_layers": 3, "num_blocks": 1, "dropout_rate": 0.46631297492412016, "lr": 0.04027443090526428, "batch_size": 149, "l2_lambda": 0.005360298819591683}