{"sequence_length": 14, "hidden_size": 72, "num_layers": 3, "num_blocks": 1, "dropout_rate": 0.17198144491753226, "lr": 0.08799930360919306, "batch_size": 92, "l2_lambda": 0.007683197761092712}