{"sequence_length": 3, "hidden_size": 39, "num_layers": 1, "num_blocks": 3, "dropout_rate": 0.4760071442656836, "lr": 0.08764963989271796, "batch_size": 140, "l2_lambda": 0.007179805066280166}