{"sequence_length": 19, "hidden_size": 48, "num_layers": 2, "num_blocks": 2, "dropout_rate": 0.2437342964233082, "lr": 0.07742985291826639, "batch_size": 217, "l2_lambda": 0.0018647529474608753}