{"sequence_length": 13, "hidden_size": 122, "num_layers": 1, "num_blocks": 3, "dropout_rate": 0.41949816618120883, "lr": 0.007509977164340425, "batch_size": 153, "l2_lambda": 0.003966856431339862}