{"sequence_length": 15, "hidden_size": 58, "num_layers": 1, "num_blocks": 2, "dropout_rate": 0.16695497575843132, "lr": 0.03965578357060669, "batch_size": 58, "l2_lambda": 0.00552534968074196}