{"sequence_length": 24, "hidden_size": 100, "num_layers": 3, "num_blocks": 2, "dropout_rate": 0.28979047180236545, "lr": 0.08248869813898443, "batch_size": 110, "l2_lambda": 0.007419200259620857}