{"sequence_length": 7, "hidden_size": 109, "num_layers": 3, "num_blocks": 3, "dropout_rate": 0.284087695432356, "lr": 0.011350922225936371, "batch_size": 166, "l2_lambda": 0.006513648629518196}