{"sequence_length": 18, "hidden_size": 96, "num_layers": 3, "num_blocks": 1, "dropout_rate": 0.15389121798678096, "lr": 0.02178546357762171, "batch_size": 143, "l2_lambda": 0.00830848945585816}