{"sequence_length": 30, "hidden_size": 49, "num_layers": 2, "num_blocks": 2, "dropout_rate": 0.16747625584142695, "lr": 0.09179394858926578, "batch_size": 165, "l2_lambda": 0.0013776695621411624}