{"sequence_length": 22, "hidden_size": 122, "num_layers": 1, "num_blocks": 3, "dropout_rate": 0.44902770524041313, "lr": 0.0027877940949845442, "batch_size": 160, "l2_lambda": 0.0041326968510933025}