{"sequence_length": 3, "hidden_size": 19, "num_layers": 2, "num_blocks": 1, "dropout_rate": 0.18875453605853978, "lr": 0.053684540479008606, "batch_size": 52, "l2_lambda": 0.004567083430106409}