{"sequence_length": 4, "hidden_size": 29, "num_layers": 2, "num_blocks": 2, "dropout_rate": 0.49097631950089093, "lr": 0.09973026381622016, "batch_size": 225, "l2_lambda": 0.007828564831856271}