{"sequence_length": 12, "hidden_size": 92, "num_layers": 3, "num_blocks": 3, "dropout_rate": 0.2060804140607363, "lr": 0.007810950530165386, "batch_size": 195, "l2_lambda": 0.007095189798065499}