{"sequence_length": 10, "hidden_size": 34, "num_layers": 2, "num_blocks": 1, "dropout_rate": 0.23030395736096138, "lr": 0.08666449148612243, "batch_size": 198, "l2_lambda": 0.006444635882970178}