{"sequence_length": 9, "hidden_size": 125, "num_layers": 3, "num_blocks": 3, "dropout_rate": 0.27717921469233164, "lr": 0.0850404331720641, "batch_size": 246, "l2_lambda": 0.0027081209041828146}