{"sequence_length": 23, "hidden_size": 43, "num_layers": 2, "num_blocks": 3, "dropout_rate": 0.21736225909426343, "lr": 0.04623767899793373, "batch_size": 147, "l2_lambda": 6.326027204958993e-05}