{"sequence_length": 18, "hidden_size": 110, "num_layers": 2, "num_blocks": 3, "dropout_rate": 0.23268862924898787, "lr": 0.05231560068477852, "batch_size": 183, "l2_lambda": 0.008687009301951775}