{"sequence_length": 30, "hidden_size": 43, "num_layers": 3, "num_blocks": 2, "dropout_rate": 0.19815630777285473, "lr": 0.025274174298708135, "batch_size": 114, "l2_lambda": 0.005971701013329303}