{"sequence_length": 8, "hidden_size": 94, "num_layers": 1, "num_blocks": 1, "dropout_rate": 0.2315195862435364, "lr": 0.07648733010794065, "batch_size": 250, "l2_lambda": 0.0034253511035009458}