{"sequence_length": 17, "hidden_size": 33, "num_layers": 3, "num_blocks": 3, "dropout_rate": 0.349026807257803, "lr": 0.005326557380568552, "batch_size": 181, "l2_lambda": 0.002451017955569072}