{"sequence_length": 13, "hidden_size": 22, "num_layers": 2, "num_blocks": 2, "dropout_rate": 0.21786747106677315, "lr": 0.08073679374738628, "batch_size": 144, "l2_lambda": 0.004816929743885704}