{"sequence_length": 16, "hidden_size": 109, "num_layers": 1, "num_blocks": 3, "dropout_rate": 0.24918768114260473, "lr": 0.09386115053927649, "batch_size": 61, "l2_lambda": 0.0017331796717276356}