{"sequence_length": 17, "hidden_size": 112, "num_layers": 1, "num_blocks": 3, "dropout_rate": 0.13714710830119048, "lr": 0.032009884541718964, "batch_size": 95, "l2_lambda": 0.008949910737760905}