{"sequence_length": 19, "hidden_size": 117, "num_layers": 1, "num_blocks": 1, "dropout_rate": 0.37703376199515326, "lr": 0.013733034961536713, "batch_size": 171, "l2_lambda": 0.0044583081471019775}