{"sequence_length": 15, "hidden_size": 29, "num_layers": 2, "num_blocks": 3, "dropout_rate": 0.10645271270247295, "lr": 0.04337092126669881, "batch_size": 106, "l2_lambda": 0.0015278489347896004}