{"sequence_length": 17, "hidden_size": 64, "num_layers": 1, "num_blocks": 3, "dropout_rate": 0.43623883958998877, "lr": 0.09584866831857179, "batch_size": 236, "l2_lambda": 0.008570795337952493}