{"sequence_length": 9, "hidden_size": 76, "num_layers": 3, "num_blocks": 1, "dropout_rate": 0.2959750742498553, "lr": 0.08763308623091426, "batch_size": 113, "l2_lambda": 0.004401746592702246}