{"sequence_length": 22, "hidden_size": 33, "num_layers": 2, "num_blocks": 2, "dropout_rate": 0.42468878371841545, "lr": 0.07242548504727699, "batch_size": 91, "l2_lambda": 0.00930615184388993}