{"sequence_length": 27, "hidden_size": 82, "num_layers": 2, "num_blocks": 1, "dropout_rate": 0.3952387890998553, "lr": 0.04398744240311248, "batch_size": 168, "l2_lambda": 0.006687769297729473}