{"sequence_length": 19, "hidden_size": 29, "num_layers": 3, "num_blocks": 2, "dropout_rate": 0.3467944583836128, "lr": 0.02826486119652181, "batch_size": 175, "l2_lambda": 0.004883065557359642}