{"sequence_length": 28, "hidden_size": 63, "num_layers": 3, "num_blocks": 1, "dropout_rate": 0.22195842029363877, "lr": 0.04302469930919718, "batch_size": 177, "l2_lambda": 0.009245282570230896}