{"sequence_length": 25, "hidden_size": 61, "num_layers": 1, "num_blocks": 2, "dropout_rate": 0.29347931589528353, "lr": 0.051139432226796254, "batch_size": 246, "l2_lambda": 0.009814131828234712}