{"sequence_length": 3, "hidden_size": 56, "num_layers": 1, "num_blocks": 3, "dropout_rate": 0.34907763704529027, "lr": 0.05519525029652743, "batch_size": 232, "l2_lambda": 0.005144108352567738}