{"sequence_length": 15, "hidden_size": 109, "num_layers": 2, "num_blocks": 2, "dropout_rate": 0.13857710730761533, "lr": 0.09181822015382815, "batch_size": 18, "l2_lambda": 0.007027891978596862}