{"sequence_length": 23, "hidden_size": 83, "num_layers": 2, "num_blocks": 2, "dropout_rate": 0.30526032655109414, "lr": 0.06193758530852615, "batch_size": 116, "l2_lambda": 0.0032165470424990197}