{"sequence_length": 28, "hidden_size": 96, "num_layers": 1, "num_blocks": 1, "dropout_rate": 0.1501636369187027, "lr": 0.04136325207234768, "batch_size": 111, "l2_lambda": 0.002417726211428114}