{"sequence_length": 29, "hidden_size": 22, "num_layers": 2, "num_blocks": 2, "dropout_rate": 0.3975900063411474, "lr": 0.055766447151932866, "batch_size": 33, "l2_lambda": 0.0013029162647396838}