{"sequence_length": 21, "hidden_size": 92, "num_layers": 2, "num_blocks": 3, "dropout_rate": 0.43300288433627876, "lr": 0.037818993208294585, "batch_size": 77, "l2_lambda": 0.0044405621615653534}