{"sequence_length": 20, "hidden_size": 51, "num_layers": 1, "num_blocks": 3, "dropout_rate": 0.14103116157864762, "lr": 0.004931137647796129, "batch_size": 223, "l2_lambda": 0.0003513348754111418}