{"sequence_length": 20, "hidden_size": 98, "num_layers": 1, "num_blocks": 2, "dropout_rate": 0.43702875434635446, "lr": 0.005144658975905867, "batch_size": 137, "l2_lambda": 0.006286741870199223}