{"sequence_length": 18, "hidden_size": 126, "num_layers": 1, "num_blocks": 3, "dropout_rate": 0.2347282750743876, "lr": 0.055001065541114086, "batch_size": 69, "l2_lambda": 0.009645112379181708}