{"sequence_length": 25, "hidden_size": 27, "num_layers": 3, "num_blocks": 3, "dropout_rate": 0.11693096322815358, "lr": 0.024198600609062176, "batch_size": 49, "l2_lambda": 0.00684354613025904}