{"sequence_length": 19, "hidden_size": 40, "num_layers": 2, "num_blocks": 3, "dropout_rate": 0.4896992338701529, "lr": 0.013939937254268876, "batch_size": 207, "l2_lambda": 0.005976569244183616}