{"sequence_length": 3, "hidden_size": 119, "num_layers": 1, "num_blocks": 3, "dropout_rate": 0.3439841142815999, "lr": 0.0746241871111385, "batch_size": 132, "l2_lambda": 0.004725631894129027}