{"sequence_length": 21, "hidden_size": 62, "num_layers": 3, "num_blocks": 1, "dropout_rate": 0.48111714770284475, "lr": 0.09921035038613067, "batch_size": 164, "l2_lambda": 0.005766867225158346}