{"sequence_length": 8, "hidden_size": 86, "num_layers": 3, "num_blocks": 4, "dropout_rate": 0.48723998494638643, "lr": 0.01991321670764566}