{"sequence_length": 13, "hidden_size": 65, "num_layers": 1, "num_blocks": 2, "dropout_rate": 0.28817835985900797, "lr": 0.05284830233431987}