{"sequence_length": 12, "hidden_size": 27, "num_layers": 3, "num_blocks": 2, "dropout_rate": 0.4612701971655597, "lr": 0.017773663162012714}