{"sequence_length": 28, "hidden_size": 113, "num_layers": 3, "num_blocks": 5, "dropout_rate": 0.14674114883732542, "lr": 0.03373205557242133}