{"sequence_length": 4, "hidden_size": 42, "num_layers": 3, "num_blocks": 1, "dropout_rate": 0.43468044649252435, "lr": 0.05795859364366734}