{"sequence_length": 25, "hidden_size": 28, "num_layers": 2, "num_blocks": 5, "dropout_rate": 0.35388771980035105, "lr": 0.07998447937503747}