{"sequence_length": 21, "hidden_size": 51, "num_layers": 2, "num_blocks": 3, "dropout_rate": 0.18252859510066, "lr": 0.05568815820233898}