{"sequence_length": 20, "hidden_size": 33, "num_layers": 1, "num_blocks": 5, "dropout_rate": 0.16929224407804289, "lr": 0.01648335482911653}