{"sequence_length": 8, "hidden_size": 91, "num_layers": 3, "num_blocks": 1, "dropout_rate": 0.11860525110322873, "lr": 0.05719013166034813}