{"sequence_length": 23, "hidden_size": 48, "num_layers": 2, "num_blocks": 5, "dropout_rate": 0.23288745244409736, "lr": 0.00487269945557563}