{"sequence_length": 17, "hidden_size": 79, "num_layers": 1, "num_blocks": 3, "dropout_rate": 0.351838081016721, "lr": 0.09938970764988515}