{"sequence_length": 25, "hidden_size": 27, "num_layers": 3, "num_blocks": 1, "dropout_rate": 0.1875854724292062, "lr": 0.054154984951413423}