{"sequence_length": 10, "hidden_size": 58, "num_layers": 2, "num_blocks": 4, "dropout_rate": 0.19180338000373076, "lr": 0.013459685534663262}