{"sequence_length": 20, "hidden_size": 46, "num_layers": 2, "num_blocks": 2, "dropout_rate": 0.31703899235143346, "lr": 0.07939871549169836}