{"sequence_length": 8, "hidden_size": 69, "num_layers": 3, "num_blocks": 4, "dropout_rate": 0.1624098913861911, "lr": 0.07432858559308632}