{"sigma": 0.47134824895290095, "lr": 1.0568110016161335e-05, "l2_lambda": 0.007926378593902618, "batch_size": 61}