{"sigma": 0.5629435624992402, "lr": 0.001177948494318665, "l2_lambda": 0.005974295739936333, "batch_size": 35}