{"sigma": 0.9984737312640543, "lr": 0.004019907428776043, "l2_lambda": 0.006971492337849293, "batch_size": 49}