{"sigma": 0.26426339194852677, "lr": 1.962977597668697e-05, "l2_lambda": 0.0010174618378364323, "batch_size": 19}