{"sigma": 0.7299095359622403, "lr": 0.0001602549357053245, "l2_lambda": 0.00516595972682506, "batch_size": 24}