{"sigma": 0.08302465206761946, "lr": 0.0032597756433717993, "l2_lambda": 0.006841754143847993, "batch_size": 35}