{"sigma": 0.6636740848375939, "lr": 1.5985567772811412e-05, "l2_lambda": 0.004882914611486489, "batch_size": 29}