{"sigma": 0.29761611552020883, "lr": 1.5143098745049044e-05, "l2_lambda": 0.009347820096992941, "batch_size": 78}