{"sigma": 0.5402529571897267, "lr": 9.797947935770635e-05, "l2_lambda": 0.002596300584515069, "batch_size": 26}