{"sigma": 0.20951965653772517, "lr": 4.7384517112748095e-05, "l2_lambda": 0.007826914810916087, "batch_size": 49}