{"sigma": 0.5478463309492848, "lr": 0.002395587324167041, "l2_lambda": 0.009387654210572065, "batch_size": 90}