{"sigma": 0.7180675375863467, "lr": 0.00011211614758111391, "l2_lambda": 0.0019740096890992287, "batch_size": 123}