{"sigma": 0.43600153988476337, "lr": 0.009075889347614732, "l2_lambda": 0.005025261228067987, "batch_size": 34}