{"sigma": 0.7532843815279755, "lr": 0.0011393159592236492, "l2_lambda": 0.006173954284865046, "batch_size": 105}