{"sigma": 0.5132086857713032, "lr": 0.00024618364488566226, "l2_lambda": 0.0019661934632219918, "batch_size": 42}