{"sigma": 0.318422298766756, "lr": 0.0005580680697404932, "l2_lambda": 0.0076485636623166795, "batch_size": 66}