{"sigma": 0.4851477189136646, "lr": 0.09271490043593666, "l2_lambda": 0.001196756605552463, "batch_size": 106}