{"sigma": 0.8979736763305849, "lr": 9.661870678253449e-05, "l2_lambda": 0.002002738287467347, "batch_size": 121}