{"sigma": 0.05446843527320003, "lr": 0.03952195526967638, "l2_lambda": 0.0021416678775662552, "batch_size": 99}