{"sigma": 0.05681611113872742, "lr": 7.578264202228524e-05, "l2_lambda": 0.0027837830063940586, "batch_size": 87}