{"sigma": 0.09609567828902987, "lr": 0.004721847049248279, "l2_lambda": 0.0015329274321300081, "batch_size": 127}