{"sigma": 0.4467737619078257, "lr": 0.0003412307267945148, "l2_lambda": 0.006102608980617506, "batch_size": 79}