{"sigma": 0.6832199782965703, "lr": 6.482903571657728e-05, "l2_lambda": 0.00507776821903652, "batch_size": 98}