{"sigma": 0.8003849660315981, "lr": 0.0005482822907211958, "l2_lambda": 0.004517876261123601, "batch_size": 19}