{"sigma": 0.9569902231503264, "lr": 1.4939983884853859e-05, "l2_lambda": 0.008847904299226744, "batch_size": 69}