{"sigma": 0.956509121748448, "lr": 5.7133182840231775e-05, "l2_lambda": 0.0021759899295435226, "batch_size": 27}