{"sigma": 0.43549198186843113, "lr": 0.004637651799043977, "l2_lambda": 0.004054197347803357, "batch_size": 43}