{"sigma": 0.2696964208194053, "lr": 3.3318859512562965e-05, "l2_lambda": 0.004634360238046331, "batch_size": 16}