{"sigma": 0.7625537523279134, "lr": 0.002168271752673936, "l2_lambda": 0.006223003165691336, "batch_size": 41}