{"sigma": 0.632172335429806, "lr": 0.0008023444192279454, "l2_lambda": 0.009642808861119791, "batch_size": 16}