{"sigma": 0.3190214391759797, "lr": 0.06680637473060391, "l2_lambda": 0.006495824387992944, "batch_size": 127}