{"sigma": 0.4940159674373249, "lr": 0.009569993033296946, "l2_lambda": 0.008981635774473248, "batch_size": 33}