{"sigma": 0.9454939314370657, "lr": 2.0040925125661846e-05, "l2_lambda": 0.006961997475162526, "batch_size": 102}