{"sigma": 0.16962975529324495, "lr": 0.0003356087050390637, "l2_lambda": 0.007387360585175977, "batch_size": 86}