{"sigma": 0.15191767228952888, "lr": 0.00035618875730782074, "l2_lambda": 0.006436416108987434, "batch_size": 18}