{"sigma": 0.41699278389290284, "lr": 0.0034598932709821117, "l2_lambda": 0.004445698431695565, "batch_size": 16}