{"sigma": 0.6299594342764616, "lr": 0.06264596410207891, "l2_lambda": 0.001513608573523886, "batch_size": 29}