{"sigma": 0.11327015750232788, "lr": 3.786390140127573e-05, "l2_lambda": 0.009353272804510124, "batch_size": 57}