{"sigma": 0.9345681648257209, "lr": 0.05739756573634705, "l2_lambda": 0.006768612876638892, "batch_size": 124}