{"sigma": 0.7527236546241706, "lr": 1.1003974662996698e-05, "l2_lambda": 0.005815863408635686, "batch_size": 76}