{"sigma": 0.07692934627410647, "lr": 0.05898621323457587, "l2_lambda": 0.005201797398910825, "batch_size": 31}