{"sigma": 0.6765380226470655, "lr": 0.0001052740830575465, "l2_lambda": 0.001563649059917556, "batch_size": 123}