{"sigma": 0.942373747113989, "lr": 0.0023055313209618318, "l2_lambda": 0.005265720241576136, "batch_size": 56}