{"sigma": 0.44653704933636246, "lr": 7.76622625808642e-05, "l2_lambda": 0.005731372350522567, "batch_size": 89}