{"sigma": 0.6237491545014241, "lr": 0.009100589655428273, "l2_lambda": 0.0031450726431572155, "batch_size": 22}