{"sigma": 0.9274784177221949, "lr": 1.1178478267129407e-05, "l2_lambda": 0.008681871982218781, "batch_size": 27}