{"sigma": 0.8967180221408281, "lr": 0.013439572640063286, "l2_lambda": 0.0012595087281195455, "batch_size": 35}