{"sigma": 0.7920838627705251, "lr": 0.02051667334196501, "l2_lambda": 0.0022559905079880408, "batch_size": 46}