{"sigma": 0.6405024065991843, "lr": 3.912261861775755e-05, "l2_lambda": 0.00242154479477779, "batch_size": 26}