{"sigma": 0.7417560217499898, "lr": 0.070970400988118, "l2_lambda": 0.008002795420433209, "batch_size": 67}