{"sigma": 0.4181521603453069, "lr": 1.5275640634093404e-05, "l2_lambda": 0.008729965873556114, "batch_size": 28}