{"sigma": 0.9045728386180176, "lr": 1.29016987904437e-05, "l2_lambda": 0.00076143529622241, "batch_size": 18}