{"sigma": 0.20194819401806396, "lr": 0.0024230550780886644, "l2_lambda": 0.0010935248621172966, "batch_size": 92}