{"sigma": 0.6091647561675329, "lr": 0.008796989873279218, "l2_lambda": 0.005665274473497659, "batch_size": 45}