{"max_depth": 9, "learning_rate": 0.09808063170135486, "subsample": 0.885054105813007, "colsample_bytree": 0.7653739889771332, "gamma": 1.2348167174469409, "lambda": 3.6189999261443553e-07, "alpha": 0.05632772459864784}