{"max_depth": 7, "learning_rate": 0.20962901316036361, "subsample": 0.6458687970783596, "colsample_bytree": 0.6518164233195965, "gamma": 0.3288855925864881, "lambda": 0.00029428088495374343, "alpha": 0.015066142735296086}