{"max_depth": 6, "learning_rate": 0.035699112988504915, "subsample": 0.7006584369106447, "colsample_bytree": 0.6776705420641593, "gamma": 1.8005612345655382, "lambda": 0.014262884638172322, "alpha": 0.007708987616493892}