{"max_depth": 5, "learning_rate": 0.2842462995061879, "subsample": 0.7349771629920014, "colsample_bytree": 0.5976088724022406, "gamma": 2.423108187644262, "lambda": 0.13437168382700562, "alpha": 0.0002843049700567218}