{"max_depth": 4, "learning_rate": 0.28211260174623476, "subsample": 0.8085930003557635, "colsample_bytree": 0.8086000143159565, "gamma": 1.5431841924579959, "lambda": 1.626249839449808e-05, "alpha": 0.8008649924751922}