{"max_depth": 10, "learning_rate": 0.17774778462505703, "subsample": 0.9092227104327957, "colsample_bytree": 0.8584970489457159, "gamma": 3.8354365633347154, "lambda": 0.6588764700261078, "alpha": 0.0002109663715069488}