{"max_depth": 6, "learning_rate": 0.04092603727121451, "subsample": 0.8768936557156222, "colsample_bytree": 0.752111693865378, "gamma": 3.058024450761652, "lambda": 0.007835241591592233, "alpha": 2.0552102741018285e-05}