{"max_depth": 8, "learning_rate": 0.06457505272247092, "subsample": 0.6499091792718938, "colsample_bytree": 0.8623770298020619, "gamma": 1.7126208398768705, "lambda": 0.07793719942018995, "alpha": 0.14081381466517282}