{"max_depth": 9, "learning_rate": 0.25274432904960054, "subsample": 0.6962145463114965, "colsample_bytree": 0.5784141893997106, "gamma": 1.0820672910471096, "lambda": 3.18302365456287e-05, "alpha": 4.6105176971059614e-07}