{"max_depth": 5, "learning_rate": 0.05130740144887898, "subsample": 0.8038636024122954, "colsample_bytree": 0.5873722895981932, "gamma": 1.4197267634712063, "lambda": 8.974318976247121e-08, "alpha": 0.00014681421426604197}