{"max_depth": 9, "learning_rate": 0.11565243233192825, "subsample": 0.53785410584981, "colsample_bytree": 0.9119670229679958, "gamma": 2.886632406071205, "lambda": 1.2077063687619517e-08, "alpha": 2.8496391714289555e-05}