{"max_depth": 10, "learning_rate": 0.11488437543718244, "subsample": 0.7664850516217965, "colsample_bytree": 0.9183781550696928, "gamma": 3.669948188585799, "lambda": 0.05932985344731718, "alpha": 5.1209330094995904e-05}