{"max_depth": 7, "learning_rate": 0.29668083719136584, "subsample": 0.9097536836242137, "colsample_bytree": 0.5256701594833694, "gamma": 4.449362682956581, "lambda": 7.174759511367723e-07, "alpha": 0.001665732479687635}