{"max_depth": 4, "learning_rate": 0.25747924467456534, "subsample": 0.8072712378234178, "colsample_bytree": 0.6101912520367769, "gamma": 4.74673256003608, "lambda": 5.195159138672903e-08, "alpha": 0.0013270546652753231}