{"max_depth": 4, "learning_rate": 0.23454132713458983, "subsample": 0.7840454184853086, "colsample_bytree": 0.5239841258992881, "gamma": 2.8235055551515504, "lambda": 3.626447940319927e-08, "alpha": 3.350968823602503e-08}