{"max_depth": 10, "learning_rate": 0.0681776201591467, "subsample": 0.5066270181863948, "colsample_bytree": 0.5622375312932728, "gamma": 1.5329759622432642, "lambda": 7.766412608692967e-06, "alpha": 4.716203045988213e-05}