{"max_depth": 3, "learning_rate": 0.08705287427450376, "subsample": 0.6206193040665111, "colsample_bytree": 0.6750434748678333, "gamma": 2.2932066263965396, "lambda": 0.00012859237220644434, "alpha": 1.2819082345280167e-05}