{"max_depth": 9, "learning_rate": 0.2723495449597492, "subsample": 0.7415710056897652, "colsample_bytree": 0.7139995999446498, "gamma": 1.9573395579434734, "lambda": 0.0005531036422774912, "alpha": 0.00035528181590215285}