{"max_depth": 5, "learning_rate": 0.21040874288118422, "subsample": 0.6299736974498777, "colsample_bytree": 0.7186573436115753, "gamma": 3.4300902332254743, "lambda": 6.104580012096559e-05, "alpha": 5.306072645608899e-07}