{"max_depth": 6, "learning_rate": 0.1857654114847684, "subsample": 0.8781605432249706, "colsample_bytree": 0.8650670172258559, "gamma": 2.9526254574762985, "lambda": 5.21012784826775e-07, "alpha": 0.6053102229175785}