{"max_depth": 6, "learning_rate": 0.07385252468218774, "subsample": 0.8096144613830342, "colsample_bytree": 0.7407457388776773, "gamma": 0.15451388767949992, "lambda": 2.8418409400167248e-08, "alpha": 0.003204267541426818}