{"max_depth": 3, "learning_rate": 0.2042051109834216, "subsample": 0.979943226323293, "colsample_bytree": 0.8945770847597223, "gamma": 3.2452786467185337, "lambda": 9.761724670904209e-06, "alpha": 0.0009473656976094003}