{"max_depth": 8, "learning_rate": 0.1464918735088423, "subsample": 0.5421895073451508, "colsample_bytree": 0.5705944755590845, "gamma": 4.64045191086396, "lambda": 3.746386761389854e-08, "alpha": 5.233031207324778e-07}