{"max_depth": 6, "learning_rate": 0.1628394277945365, "subsample": 0.9957730308522958, "colsample_bytree": 0.5256000856687373, "gamma": 3.7930317136774674, "lambda": 5.316435140859161e-05, "alpha": 0.056355128151949506}