{"max_depth": 10, "learning_rate": 0.12680721796478797, "subsample": 0.8643914979145868, "colsample_bytree": 0.9678679916909734, "gamma": 0.5713537243373729, "lambda": 0.0003303169770159483, "alpha": 0.02864015023118106}