{"max_depth": 5, "learning_rate": 0.05158229771716922, "subsample": 0.8529593283969714, "colsample_bytree": 0.7259436895724692, "gamma": 3.931727071997759, "lambda": 0.7597786061027276, "alpha": 2.2022312316996125e-08}