{"max_depth": 6, "learning_rate": 0.18726765629003972, "subsample": 0.8031752204320629, "colsample_bytree": 0.5211212496858537, "gamma": 1.4017390703065984, "lambda": 5.935209735392233e-07, "alpha": 7.255406658661869e-08}