{"max_depth": 5, "learning_rate": 0.17182181414048714, "subsample": 0.8370151353713555, "colsample_bytree": 0.8906719896360451, "gamma": 2.052436334498956, "lambda": 1.4649795962420418e-07, "alpha": 4.1673812776564495e-05}