{"max_depth": 6, "learning_rate": 0.16103138844224654, "subsample": 0.6463252108384849, "colsample_bytree": 0.8071317441196701, "gamma": 1.6889507337713716, "lambda": 0.009832048055981901, "alpha": 0.4480966100223043}