{"max_depth": 7, "learning_rate": 0.04300780333856437, "subsample": 0.9168183843336478, "colsample_bytree": 0.5647960220049555, "gamma": 3.967837677919859, "lambda": 2.548329353696566e-05, "alpha": 2.17402027491872e-08}