{"max_depth": 6, "learning_rate": 0.25199880617442566, "subsample": 0.6903696219074498, "colsample_bytree": 0.7323985548740045, "gamma": 1.6249445758122456, "lambda": 2.2448567721975475e-05, "alpha": 9.790905724097688e-08}