{"max_depth": 10, "learning_rate": 0.14257274936237463, "subsample": 0.6464292600294357, "colsample_bytree": 0.8782078607553255, "gamma": 2.9345491610846146, "lambda": 9.215836083198662e-06, "alpha": 0.23557160924776113}