{"max_depth": 7, "learning_rate": 0.21823463223279455, "subsample": 0.5715483216315745, "colsample_bytree": 0.9819809646486983, "gamma": 3.91979172590321, "lambda": 0.00010056149319950279, "alpha": 3.5179485511260773e-06}