{"max_depth": 5, "learning_rate": 0.24397999182153532, "subsample": 0.5782587834068766, "colsample_bytree": 0.7200846496986204, "gamma": 3.288192007927, "lambda": 0.02215972527496176, "alpha": 0.03708252630751184}