{"max_depth": 6, "learning_rate": 0.19587643040971323, "subsample": 0.5605139003972892, "colsample_bytree": 0.5246781527642652, "gamma": 4.590890233252465, "lambda": 0.06496195199513678, "alpha": 1.0260915767046682e-08}