{"max_depth": 6, "learning_rate": 0.12469069443504467, "subsample": 0.5035527930312402, "colsample_bytree": 0.8814831756719826, "gamma": 1.7824251536983597, "lambda": 0.004606244865495886, "alpha": 0.029264144629115058}