{"max_depth": 3, "learning_rate": 0.22311255198163552, "subsample": 0.5703767807618019, "colsample_bytree": 0.5451676210285887, "gamma": 3.3088605476493873, "lambda": 0.007100825958909747, "alpha": 6.9797228378080305e-06}