{"max_depth": 4, "learning_rate": 0.249108524878036, "subsample": 0.6946433410393944, "colsample_bytree": 0.5773242511486099, "gamma": 4.24711834042607, "lambda": 0.016312184791809077, "alpha": 0.01612981765674212}