{"max_depth": 9, "learning_rate": 0.22677982328447416, "subsample": 0.6511790982545338, "colsample_bytree": 0.8030010969207566, "gamma": 2.806826290502923, "lambda": 1.1143856801035988e-05, "alpha": 8.211232141545003e-08}