{"max_depth": 8, "learning_rate": 0.08682970729465458, "subsample": 0.5233960534478681, "colsample_bytree": 0.8590014994132689, "gamma": 3.1825875185183383, "lambda": 0.0015427245053900916, "alpha": 0.015223391557528472}