{"max_depth": 9, "learning_rate": 0.261056753220195, "subsample": 0.8441311670826557, "colsample_bytree": 0.9375631420510404, "gamma": 0.1939669139194644, "lambda": 1.5013948292813439e-07, "alpha": 1.0550201397267379e-07}