{"max_depth": 6, "learning_rate": 0.1512620401753233, "subsample": 0.5139555073027696, "colsample_bytree": 0.6234624175174569, "gamma": 2.10596882841493, "lambda": 0.8923117727172268, "alpha": 0.00033859249097703266}