{"max_depth": 5, "learning_rate": 0.25111519803334276, "subsample": 0.66738648994375, "colsample_bytree": 0.6729927221118867, "gamma": 3.099799387113715, "lambda": 0.0004272566800240728, "alpha": 1.065645926963885e-05}