{"max_depth": 6, "learning_rate": 0.1854305603417037, "subsample": 0.9507752867206849, "colsample_bytree": 0.9153023353505431, "gamma": 3.6910627350158833, "lambda": 0.21407011357368244, "alpha": 0.2742039815119437}