{"max_depth": 7, "learning_rate": 0.28860933306964665, "subsample": 0.6812014154546391, "colsample_bytree": 0.6608002171618109, "gamma": 1.358790309099465, "lambda": 5.891435433729815e-06, "alpha": 0.000930859822065829}