{"max_depth": 9, "learning_rate": 0.09222797043860895, "subsample": 0.5356376821580742, "colsample_bytree": 0.8375697112073559, "gamma": 2.171113821295279, "lambda": 3.817411438326833e-05, "alpha": 3.1261982388835735e-06}