{"max_depth": 5, "learning_rate": 0.14972466597015494, "subsample": 0.9788137082298711, "colsample_bytree": 0.565668070720259, "gamma": 0.10960532998900763, "lambda": 0.2572616618521269, "alpha": 0.036180731604663806}