{"max_depth": 6, "learning_rate": 0.125558668981625, "subsample": 0.8735226101700051, "colsample_bytree": 0.8085607091854721, "gamma": 2.4873237805216224, "lambda": 0.056323756873861014, "alpha": 0.00013981296385353486}