{"max_depth": 10, "learning_rate": 0.2637949034601871, "subsample": 0.7458462267599284, "colsample_bytree": 0.5658240576501157, "gamma": 4.46717326299029, "lambda": 9.73639070423882e-08, "alpha": 1.0666598489847436e-07}