{"max_depth": 9, "learning_rate": 0.24894269907042507, "subsample": 0.5131261359833128, "colsample_bytree": 0.5169817015767194, "gamma": 0.6825486887830395, "lambda": 0.18364759550889856, "alpha": 0.14797580490593618}