{"max_depth": 8, "learning_rate": 0.27278535510855345, "subsample": 0.8423236855417476, "colsample_bytree": 0.8995913349328009, "gamma": 1.9607905652817998, "lambda": 5.222462315151644e-06, "alpha": 2.3236944512931287e-08}