{"max_depth": 5, "learning_rate": 0.2776032972342142, "subsample": 0.7851804804340166, "colsample_bytree": 0.5949095363263663, "gamma": 4.184601163638757, "lambda": 7.129527797514476e-07, "alpha": 4.81699027547456e-07}