{"max_depth": 7, "learning_rate": 0.15486531265086423, "subsample": 0.9877308687994265, "colsample_bytree": 0.7899855106889423, "gamma": 1.2620074248485946, "lambda": 0.0036415091863473007, "alpha": 4.107993975868715e-05}