{"max_depth": 4, "learning_rate": 0.05575204250295907, "subsample": 0.7912913700143627, "colsample_bytree": 0.966890100974541, "gamma": 2.519422218969228, "lambda": 1.2383960930003595e-05, "alpha": 3.906528639705131e-06}