{"max_depth": 5, "learning_rate": 0.04738786349182865, "subsample": 0.5380977864110883, "colsample_bytree": 0.6511351228244998, "gamma": 2.7124599376076803, "lambda": 0.0049131991271788526, "alpha": 2.9971916978621346e-05}