{"max_depth": 7, "learning_rate": 0.15973850422663582, "subsample": 0.7920129405718361, "colsample_bytree": 0.6661242840606592, "gamma": 0.8437235141509758, "lambda": 2.68796661141005e-05, "alpha": 0.043866676372141034}