{"max_depth": 8, "learning_rate": 0.1110558971202517, "subsample": 0.9183166170776831, "colsample_bytree": 0.6166053603754325, "gamma": 3.8431729024831562, "lambda": 0.07861393070064886, "alpha": 1.1412279314934817e-08}