{"max_depth": 5, "learning_rate": 0.12334394837969814, "subsample": 0.9292749918456735, "colsample_bytree": 0.9552379223446466, "gamma": 4.348588711330564, "lambda": 5.171720616091608e-07, "alpha": 0.5305011256357808}