{"max_depth": 8, "learning_rate": 0.2829209900536977, "subsample": 0.5779655646154729, "colsample_bytree": 0.9073407053245365, "gamma": 4.8609875912416465, "lambda": 0.04635606513239617, "alpha": 3.882547378401859e-06}