{"max_depth": 6, "learning_rate": 0.22089675510669782, "subsample": 0.5861678986542118, "colsample_bytree": 0.7733169925949916, "gamma": 0.20163750807589198, "lambda": 9.047856017727442e-06, "alpha": 0.0009767134283402933}