{"max_depth": 8, "learning_rate": 0.26123878586631843, "subsample": 0.8233425077612335, "colsample_bytree": 0.7552190213136776, "gamma": 0.021909717129683925, "lambda": 0.0006741127206208242, "alpha": 3.3185522885658626e-08}