{"max_depth": 6, "learning_rate": 0.1695240955075335, "subsample": 0.7530247824503689, "colsample_bytree": 0.6728899869387485, "gamma": 4.7819185128199075, "lambda": 0.00021836242479480824, "alpha": 8.96307892776262e-06}