{"max_depth": 9, "learning_rate": 0.22233854157224042, "subsample": 0.578716477978023, "colsample_bytree": 0.5529131372356744, "gamma": 2.8473695405841553, "lambda": 0.004418524768083495, "alpha": 4.53094038537972e-07}