{"max_depth": 4, "learning_rate": 0.17352851199404162, "subsample": 0.5528992000239146, "colsample_bytree": 0.7111306853135093, "gamma": 2.419192822292116, "lambda": 1.3757414250346784e-05, "alpha": 0.0005585422551431881}