{"max_depth": 7, "learning_rate": 0.07271415325871543, "subsample": 0.9183516206972071, "colsample_bytree": 0.6983199249917145, "gamma": 4.709248994936917, "lambda": 2.710294155259557e-07, "alpha": 0.004004088211906711}