{"max_depth": 10, "learning_rate": 0.1675456212023964, "subsample": 0.6097285041331664, "colsample_bytree": 0.7192265958419753, "gamma": 0.6938623580605241, "lambda": 1.311470472444221e-06, "alpha": 0.03495336605406784}