{"max_depth": 8, "learning_rate": 0.1844990052618818, "subsample": 0.938890163164591, "colsample_bytree": 0.7162507271703465, "gamma": 1.0968676422341384, "lambda": 0.0740836141820392, "alpha": 1.380323312020448e-06}