{"max_depth": 8, "learning_rate": 0.2386677915399859, "subsample": 0.9991628643720027, "colsample_bytree": 0.536617343551146, "gamma": 1.7860282473150173, "lambda": 3.3851259703786177e-07, "alpha": 0.0071924120987403705}