{"max_depth": 7, "learning_rate": 0.09875680616053094, "subsample": 0.8982987188364158, "colsample_bytree": 0.6966047800315633, "gamma": 0.11691310285868228, "lambda": 4.292278656924092e-05, "alpha": 1.743723173066419e-07}