{"max_depth": 6, "learning_rate": 0.02333109683472149, "subsample": 0.634924668407876, "colsample_bytree": 0.6134558619152197, "gamma": 2.5581324738419946, "lambda": 0.0013790746378758347, "alpha": 0.19314200614245455}