{"max_depth": 5, "learning_rate": 0.1663436215046092, "subsample": 0.8909884789673697, "colsample_bytree": 0.7809200873065032, "gamma": 3.284732757119602, "lambda": 0.11746465910011501, "alpha": 0.00188977336760594}