{"max_depth": 6, "learning_rate": 0.04329458271553868, "subsample": 0.6921271803749213, "colsample_bytree": 0.9055203018228417, "gamma": 0.12320467084832698, "lambda": 3.821435378572814e-08, "alpha": 2.6150760437998126e-07}