{"max_depth": 4, "learning_rate": 0.14985998969979508, "subsample": 0.5736571012119261, "colsample_bytree": 0.965120521913195, "gamma": 0.8758740350982575, "lambda": 0.00048673085820468223, "alpha": 3.6078849524114156e-06}