{"max_depth": 4, "learning_rate": 0.24155870564582918, "subsample": 0.5168770498566441, "colsample_bytree": 0.8682726817787119, "gamma": 3.714817124322471, "lambda": 2.3473527251812e-08, "alpha": 2.5923414458346856e-05}