{"max_depth": 10, "learning_rate": 0.20509512913322997, "subsample": 0.6324621768325264, "colsample_bytree": 0.9230516783152266, "gamma": 0.7336736371727215, "lambda": 4.920011612005463e-07, "alpha": 0.08466798482725033}