{"max_depth": 3, "learning_rate": 0.0326148485450458, "subsample": 0.7209243877329703, "colsample_bytree": 0.9822595127049136, "gamma": 1.0035557189544635, "lambda": 2.0745760244479875e-07, "alpha": 1.1448890471610316e-08}