{"max_depth": 5, "learning_rate": 0.15111377884448712, "subsample": 0.5988794048692485, "colsample_bytree": 0.619189804469291, "gamma": 3.7174956650610085, "lambda": 0.00011381190961131797, "alpha": 0.2877337073450449}