{"max_depth": 7, "learning_rate": 0.2071256906487832, "subsample": 0.9054582899126282, "colsample_bytree": 0.773198042875444, "gamma": 1.7171199826244226, "lambda": 0.00022046253784824635, "alpha": 2.70654071210654e-07}