{"max_depth": 7, "learning_rate": 0.041399758620963414, "subsample": 0.9145623826436877, "colsample_bytree": 0.9894374299091137, "gamma": 3.810750776937701, "lambda": 2.6529939467527545e-06, "alpha": 0.22137918961561331}