{"max_depth": 8, "learning_rate": 0.13007048624351106, "subsample": 0.6985840917283698, "colsample_bytree": 0.515020345339668, "gamma": 3.4115511213788405, "lambda": 1.5050359141032752e-06, "alpha": 1.2178225542191334e-08}