{"max_depth": 9, "learning_rate": 0.07691069687494016, "subsample": 0.5178049419395809, "colsample_bytree": 0.9770385390374625, "gamma": 1.890123867094411, "lambda": 0.02190625706327358, "alpha": 3.880834891474964e-05}