{"max_depth": 6, "learning_rate": 0.2983206890587384, "subsample": 0.854321007392802, "colsample_bytree": 0.5420988735328273, "gamma": 2.013571023603469, "lambda": 0.389856854607353, "alpha": 0.6637867285447069}