{"max_depth": 7, "learning_rate": 0.07219689291198261, "subsample": 0.5932017142182474, "colsample_bytree": 0.8404075620936069, "gamma": 1.5893385642033424, "lambda": 0.0008837710602146193, "alpha": 4.845490966519495e-06}