{"max_depth": 9, "learning_rate": 0.2801494556474116, "subsample": 0.9055469078648726, "colsample_bytree": 0.6811343133895106, "gamma": 2.011750701617003, "lambda": 1.8984645412620405e-05, "alpha": 1.24737979045057e-06}