{"max_depth": 8, "learning_rate": 0.2629790420732808, "subsample": 0.6118510139293358, "colsample_bytree": 0.5690183381156667, "gamma": 2.494741620584848, "lambda": 4.966659317730182e-08, "alpha": 1.3877030016123216e-05}