{"max_depth": 8, "learning_rate": 0.053887247996513184, "subsample": 0.6406225472865674, "colsample_bytree": 0.7059403673991419, "gamma": 3.9021618062579497, "lambda": 0.07222274771848643, "alpha": 3.274045742653681e-07}