{"max_depth": 3, "learning_rate": 0.011244063314406067, "subsample": 0.8916688163682904, "colsample_bytree": 0.8302402003047452, "gamma": 1.3423072011920667, "lambda": 0.0004141343546344259, "alpha": 0.00046272826377310013}