{"max_depth": 9, "learning_rate": 0.05389379268218625, "subsample": 0.8897427120099529, "colsample_bytree": 0.6770866029813047, "gamma": 4.59954435090143, "lambda": 0.06965865847059179, "alpha": 0.7034546043993057}