{"max_depth": 7, "learning_rate": 0.21026536645625282, "subsample": 0.6336902500982244, "colsample_bytree": 0.6064771853944915, "gamma": 1.023789327064416, "lambda": 0.007548276652816867, "alpha": 3.9029811608980285e-07}