{"max_depth": 4, "learning_rate": 0.2641051480474522, "subsample": 0.7798836908486264, "colsample_bytree": 0.9371678036953341, "gamma": 1.7677832375018365, "lambda": 2.5686444928093854e-05, "alpha": 0.0835812819776879}