{"max_depth": 8, "learning_rate": 0.2721572812878578, "subsample": 0.7553376869111057, "colsample_bytree": 0.6921928892721264, "gamma": 1.334746236617298, "lambda": 0.0048047535996395855, "alpha": 6.702193722556215e-05}