{"max_depth": 7, "learning_rate": 0.08641652620452152, "subsample": 0.9326878223694693, "colsample_bytree": 0.7267162636519764, "gamma": 1.1732559289658817, "lambda": 1.670391725195776e-08, "alpha": 0.0007881673907354655}