{"max_depth": 8, "learning_rate": 0.17648894119974787, "subsample": 0.9093639249604676, "colsample_bytree": 0.9719528016344188, "gamma": 3.596588119138357, "lambda": 0.1240750620106894, "alpha": 0.00446236357992983}