{"max_depth": 7, "learning_rate": 0.261220199669367, "subsample": 0.5919577194373746, "colsample_bytree": 0.8816991294263818, "gamma": 0.9066345877925902, "lambda": 1.5303307798872944e-08, "alpha": 5.324011153025948e-07}