{"max_depth": 7, "learning_rate": 0.1294996103708211, "subsample": 0.7981588111237192, "colsample_bytree": 0.9799174883510557, "gamma": 3.7630947809546234, "lambda": 1.0635816808291603e-07, "alpha": 3.989096018628854e-06}