{"max_depth": 3, "learning_rate": 0.21159674117223617, "subsample": 0.7007323180596905, "colsample_bytree": 0.5392214845641399, "gamma": 3.7593569056475458, "lambda": 8.489129353366773e-06, "alpha": 1.4608284213476766e-07}