{"max_depth": 9, "learning_rate": 0.18322888846456095, "subsample": 0.9135864666423648, "colsample_bytree": 0.9912376748914514, "gamma": 0.9562299795401102, "lambda": 0.0016835057857400265, "alpha": 0.0007954475795005705}