{"max_depth": 9, "learning_rate": 0.2335787636432322, "subsample": 0.5066659418303656, "colsample_bytree": 0.6101107190370029, "gamma": 2.642230049377878, "lambda": 2.5115103442250324e-06, "alpha": 1.819594708923652e-08}