{"max_depth": 7, "learning_rate": 0.1824472371256559, "subsample": 0.7443863415569902, "colsample_bytree": 0.8685565900957892, "gamma": 0.74136255970221, "lambda": 0.007014644982688054, "alpha": 6.3508196220441e-08}