{"max_depth": 6, "learning_rate": 0.1530721845167774, "subsample": 0.9196174898373439, "colsample_bytree": 0.9454454184150554, "gamma": 4.174553788259175, "lambda": 7.849067282744264e-07, "alpha": 5.056141855403834e-06}