{"max_depth": 3, "learning_rate": 0.20639080958778483, "subsample": 0.9762063113830268, "colsample_bytree": 0.92177284420519, "gamma": 3.9746000883804204, "lambda": 0.23189237721311945, "alpha": 0.001433390887482653}