{"max_depth": 6, "learning_rate": 0.2631295515350465, "subsample": 0.7519672963325774, "colsample_bytree": 0.7775148887930907, "gamma": 0.14851536756850303, "lambda": 0.059702845796161565, "alpha": 0.000885192932174866}