{"max_depth": 5, "learning_rate": 0.1232337508910695, "subsample": 0.967735748476555, "colsample_bytree": 0.7376384016729653, "gamma": 1.7717882376265004, "lambda": 0.010060698021526083, "alpha": 0.019077712479534537}