{"max_depth": 7, "learning_rate": 0.19417130015979903, "subsample": 0.9719447257226277, "colsample_bytree": 0.7989774777233152, "gamma": 4.090430964497107, "lambda": 0.19019827600730946, "alpha": 0.6483122440308036}