{"max_depth": 5, "learning_rate": 0.27704194212047195, "subsample": 0.6418147659196397, "colsample_bytree": 0.9437506753361002, "gamma": 3.737102418328253, "lambda": 1.8315205253884108e-08, "alpha": 0.03875318118117543}