{"max_depth": 9, "learning_rate": 0.24735108019258514, "subsample": 0.9142905232862946, "colsample_bytree": 0.5274208979668102, "gamma": 4.0327077778156015, "lambda": 0.002112657715373095, "alpha": 8.700978641755405e-07}