{"max_depth": 7, "learning_rate": 0.15717519389063636, "subsample": 0.7988396589895743, "colsample_bytree": 0.8747327923193032, "gamma": 0.16534078723730472, "lambda": 0.00011633554789616284, "alpha": 0.006459674341252758}