{"max_depth": 10, "learning_rate": 0.25339186917237627, "subsample": 0.5589407819734056, "colsample_bytree": 0.7844088233346467, "gamma": 0.02489282085178568, "lambda": 4.0412896913531e-07, "alpha": 8.859315447153278e-06}