{"max_depth": 4, "learning_rate": 0.018400707521267705, "subsample": 0.948416664314449, "colsample_bytree": 0.7922723840675336, "gamma": 3.8851237263660994, "lambda": 5.3122765370145874e-08, "alpha": 5.461685408186747e-07}