{"max_depth": 3, "learning_rate": 0.1703993670050508, "subsample": 0.5569829253059613, "colsample_bytree": 0.9377225516923442, "gamma": 4.650749507369508, "lambda": 0.6554292070741783, "alpha": 0.010796658042845185}