{"max_depth": 10, "learning_rate": 0.25574105814690723, "subsample": 0.97997127412811, "colsample_bytree": 0.6379883277541422, "gamma": 2.3679997942178748, "lambda": 0.7677307819233335, "alpha": 1.8029191394749894e-06}