{"max_depth": 4, "learning_rate": 0.1064190780994047, "subsample": 0.6928659587157653, "colsample_bytree": 0.6749922301240612, "gamma": 1.071009269923977, "lambda": 0.0672534882417099, "alpha": 6.95971484077551e-05}