{"max_depth": 10, "learning_rate": 0.25330282377573765, "subsample": 0.6422755890964649, "colsample_bytree": 0.5773250208837531, "gamma": 0.050372387471597224, "lambda": 0.025993296477413764, "alpha": 4.454040308425561e-08}