{"max_depth": 3, "learning_rate": 0.29122805297319126, "subsample": 0.6265125856331983, "colsample_bytree": 0.943498073876646, "gamma": 2.02279168844687, "lambda": 2.4185487011769314e-06, "alpha": 1.5055200953182831e-07}