{"max_depth": 4, "learning_rate": 0.07242665123359801, "subsample": 0.801853093102622, "colsample_bytree": 0.8133812181421061, "gamma": 4.8697261138401355, "lambda": 5.271825690232123e-05, "alpha": 9.593786151116746e-07}