{"max_depth": 9, "learning_rate": 0.1573703950969012, "subsample": 0.7801184101083984, "colsample_bytree": 0.8311733868269351, "gamma": 3.163488633041664, "lambda": 1.1672789341552542e-06, "alpha": 2.5311897511215207e-08}