{"max_depth": 5, "learning_rate": 0.14948483461243628, "subsample": 0.768625355733396, "colsample_bytree": 0.8762517314426319, "gamma": 4.535471283926883, "lambda": 2.9121206780437406e-08, "alpha": 3.4676167800737455e-07}