{"max_depth": 5, "learning_rate": 0.0724982834361903, "subsample": 0.7313338565455052, "colsample_bytree": 0.9551051594085369, "gamma": 4.767970359003156, "lambda": 0.16853206278959726, "alpha": 0.039803543287137755}