{"max_depth": 3, "learning_rate": 0.12599510332258657, "subsample": 0.9249734552398641, "colsample_bytree": 0.5254623052633123, "gamma": 3.3146733674847875, "lambda": 3.3967385058814406e-07, "alpha": 6.819799674704496e-06}