{"max_depth": 5, "learning_rate": 0.16948176205491544, "subsample": 0.8752847800480552, "colsample_bytree": 0.6420010732656054, "gamma": 3.5686351456745835, "lambda": 0.0006337754964426822, "alpha": 1.106287640934266e-07}