{"max_depth": 10, "learning_rate": 0.044483395863127155, "subsample": 0.7057384431430747, "colsample_bytree": 0.7441681217153429, "gamma": 2.881208365947346, "lambda": 0.0059698130831999634, "alpha": 5.935876210759095e-05}