{"max_depth": 10, "learning_rate": 0.17129512004224096, "subsample": 0.5517705558973225, "colsample_bytree": 0.5866005940655701, "gamma": 4.993221279049459, "lambda": 1.029583194813249e-07, "alpha": 0.0006876499374655475}