{"max_depth": 4, "learning_rate": 0.05035685366454918, "subsample": 0.9185551065881892, "colsample_bytree": 0.6629705773291931, "gamma": 2.8683861110462057, "lambda": 0.1028134899539076, "alpha": 0.07065244051019848}