{"max_depth": 4, "learning_rate": 0.1954613007853394, "subsample": 0.9176535357644746, "colsample_bytree": 0.7145078228292007, "gamma": 4.440278401241642, "lambda": 0.5342014921153875, "alpha": 0.0181799825951645}