{"max_depth": 5, "learning_rate": 0.1850667382410837, "subsample": 0.5491017096467905, "colsample_bytree": 0.6520330767414821, "gamma": 4.412462723477999, "lambda": 1.3507562587817977e-05, "alpha": 5.7670648008735094e-08}