{"max_depth": 9, "learning_rate": 0.09957529881325254, "subsample": 0.8731165920881852, "colsample_bytree": 0.6088017427406309, "gamma": 4.706475501994529, "lambda": 0.08459315171464657, "alpha": 0.005266129649356178}