{"max_depth": 4, "learning_rate": 0.19388406437438124, "subsample": 0.693124525413753, "colsample_bytree": 0.9169761502438425, "gamma": 2.3612010418540814, "lambda": 4.856084218853237e-07, "alpha": 0.00010013392496572276}