{"max_depth": 10, "learning_rate": 0.2687776706436738, "subsample": 0.7765965783432768, "colsample_bytree": 0.5289812774194524, "gamma": 2.9765870381348547, "lambda": 1.5894010918288174e-07, "alpha": 3.8780977095495314e-07}