{"max_depth": 10, "learning_rate": 0.1354325426707304, "subsample": 0.8643152362986471, "colsample_bytree": 0.5444578555436977, "gamma": 3.135032215166358, "lambda": 0.7563837599373446, "alpha": 1.0391054216914017e-07}