{"max_depth": 7, "learning_rate": 0.024302222420917178, "subsample": 0.9236494951545225, "colsample_bytree": 0.7278104319680001, "gamma": 1.1217981064046083, "lambda": 0.07315558871097859, "alpha": 1.1165859029926596e-05}