{"max_depth": 7, "learning_rate": 0.22631663058852827, "subsample": 0.6514021184345136, "colsample_bytree": 0.78980110630236, "gamma": 4.661258855992037, "lambda": 2.0910080476190844e-08, "alpha": 0.014258721756886044}