{"max_depth": 8, "learning_rate": 0.1462974178510739, "subsample": 0.8656080051632902, "colsample_bytree": 0.5137704159869871, "gamma": 0.014947936967570907, "lambda": 0.000677605984141147, "alpha": 0.005179440793438582}