{"max_depth": 5, "learning_rate": 0.077704408475136, "subsample": 0.5242350838646013, "colsample_bytree": 0.8940569480612299, "gamma": 4.4953455859358185, "lambda": 4.393080766735358e-07, "alpha": 4.316033459986231e-07}