{"max_depth": 4, "learning_rate": 0.06713964282412149, "subsample": 0.9340045769952057, "colsample_bytree": 0.6907440851572026, "gamma": 1.4502115464040237, "lambda": 1.3492464801537863e-08, "alpha": 5.238940667273457e-05}