{"max_depth": 6, "learning_rate": 0.28487092429794153, "subsample": 0.6649429318611464, "colsample_bytree": 0.6673512829052343, "gamma": 2.1413988398673682, "lambda": 7.422454530330749e-08, "alpha": 1.3972955110925871e-06}