{"max_depth": 6, "learning_rate": 0.11168614936974719, "subsample": 0.8164858818063236, "colsample_bytree": 0.7633376011789229, "gamma": 3.8146187645944014, "lambda": 0.01636080550350884, "alpha": 0.2543953501162787}