{"max_depth": 6, "learning_rate": 0.18818848952636025, "subsample": 0.9179986482299243, "colsample_bytree": 0.7316338134814273, "gamma": 1.2510073527187704, "lambda": 0.002681536346382, "alpha": 2.952382966760299e-06}