{"max_depth": 8, "learning_rate": 0.21330153261914608, "subsample": 0.844658432222353, "colsample_bytree": 0.658801729025877, "gamma": 4.783074441735445, "lambda": 0.9023532390616654, "alpha": 0.840156758082061}