{"max_depth": 9, "learning_rate": 0.19397263209494567, "subsample": 0.7488353383124469, "colsample_bytree": 0.6574578785924775, "gamma": 4.906597250893017, "lambda": 0.0009731821567098444, "alpha": 2.1803915094750133e-05}