{"max_depth": 8, "learning_rate": 0.05551354769595243, "subsample": 0.5166101838749986, "colsample_bytree": 0.646348538260542, "gamma": 0.08415276667638749, "lambda": 7.706446374281618e-08, "alpha": 0.005482751068455293}