{"max_depth": 8, "learning_rate": 0.16821757930985995, "subsample": 0.7679649104245613, "colsample_bytree": 0.8273839824189566, "gamma": 2.9651519196231386, "lambda": 0.06821594173982795, "alpha": 0.021776907377793968}