{"max_depth": 4, "learning_rate": 0.03424122054991842, "subsample": 0.539613491518119, "colsample_bytree": 0.7015188726558383, "gamma": 1.1723263648971431, "lambda": 0.0002131355575357697, "alpha": 0.794070626883171}