{"max_depth": 3, "learning_rate": 0.03385625062244981, "subsample": 0.6452457491251525, "colsample_bytree": 0.8525046182149194, "gamma": 0.21640518243420115, "lambda": 2.912372238284124e-08, "alpha": 2.986825839009809e-06}