{"max_depth": 9, "learning_rate": 0.2741941685957333, "subsample": 0.8028786758465782, "colsample_bytree": 0.5227601786297182, "gamma": 2.5650820357585364, "lambda": 3.812976703815363e-07, "alpha": 0.009842344300401732}