{"max_depth": 9, "learning_rate": 0.27709769124094824, "subsample": 0.5935380771031422, "colsample_bytree": 0.9512796973594633, "gamma": 0.33071293985200867, "lambda": 1.1350802220448505e-05, "alpha": 3.441625013621522e-05}