{"max_depth": 9, "learning_rate": 0.18793764933215207, "subsample": 0.8312894581004786, "colsample_bytree": 0.6833280942991777, "gamma": 2.4228349839167516, "lambda": 5.3172106754532296e-05, "alpha": 3.4051948011667275e-07}