{"max_depth": 6, "learning_rate": 0.22542299812619312, "subsample": 0.6148165290180552, "colsample_bytree": 0.7380766618469083, "gamma": 4.953701592073406, "lambda": 1.1917236866581385e-07, "alpha": 6.072178019158857e-08}