{"max_depth": 9, "learning_rate": 0.16908569280380373, "subsample": 0.9069028004349635, "colsample_bytree": 0.6936439557911587, "gamma": 2.9398714773556534, "lambda": 8.375111583876973e-07, "alpha": 0.8327804251821345}