{"max_depth": 3, "learning_rate": 0.05531386408775685, "subsample": 0.9340499505057156, "colsample_bytree": 0.9534934300828255, "gamma": 3.5142971416711637, "lambda": 9.329902631977558e-05, "alpha": 0.030049919501685146}