{"max_depth": 6, "learning_rate": 0.024250483156626198, "subsample": 0.6941691711699971, "colsample_bytree": 0.9743918757309156, "gamma": 2.116841909907249, "lambda": 0.0013681020020029223, "alpha": 0.05015847154259311}