{"max_depth": 3, "learning_rate": 0.06108728877429313, "subsample": 0.7345244264994033, "colsample_bytree": 0.8707771820089358, "gamma": 3.9716466424586248, "lambda": 2.7895310658057055e-05, "alpha": 8.700550931937884e-05}