{"max_depth": 7, "learning_rate": 0.2657504618955328, "subsample": 0.5570688470837316, "colsample_bytree": 0.6378498388201381, "gamma": 4.176716022963129, "lambda": 2.870586379074984e-06, "alpha": 0.7065071028094753}