{"max_depth": 10, "learning_rate": 0.01557513283143794, "subsample": 0.6385453769322726, "colsample_bytree": 0.7883854198218131, "gamma": 4.745919143665167, "lambda": 3.241400725169345e-08, "alpha": 3.235171469746947e-07}