{"max_depth": 6, "learning_rate": 0.10099248269986381, "subsample": 0.9435697000578921, "colsample_bytree": 0.6440716128784936, "gamma": 1.16774690181275, "lambda": 0.4017361891639289, "alpha": 1.0949661442533915e-05}