{"max_depth": 6, "learning_rate": 0.10508946716844082, "subsample": 0.7685284885686597, "colsample_bytree": 0.8627390985570136, "gamma": 3.1891541706762636, "lambda": 5.002490909352119e-05, "alpha": 0.0017466323816046107}