{"max_depth": 4, "learning_rate": 0.12188283118127174, "subsample": 0.678396831081729, "colsample_bytree": 0.8790930702395823, "gamma": 1.8359957817126142, "lambda": 0.026602333038891007, "alpha": 0.24638137866943782}