{"max_depth": 8, "learning_rate": 0.22954071348716948, "subsample": 0.9689369412197789, "colsample_bytree": 0.7140078872427489, "gamma": 3.927912687035173, "lambda": 0.002792359126443849, "alpha": 0.0005004874000393202}