{"max_depth": 10, "learning_rate": 0.23920462800539957, "subsample": 0.8321321429340225, "colsample_bytree": 0.8699350232881865, "gamma": 3.473171925433309, "lambda": 0.019229576102892592, "alpha": 0.18337494226520915}