{"max_depth": 7, "learning_rate": 0.1984172872524859, "subsample": 0.6135004420937982, "colsample_bytree": 0.9495880032094316, "gamma": 2.638500719202879, "lambda": 9.530058532076786e-05, "alpha": 0.07663821755973736}