{"max_depth": 7, "learning_rate": 0.06229927609120041, "subsample": 0.7445877597844877, "colsample_bytree": 0.9129823907829867, "gamma": 1.5976114166123156, "lambda": 0.0012715211649199673, "alpha": 0.00022986344546362648}