{"max_depth": 9, "learning_rate": 0.017400383200129155, "subsample": 0.6800990232823202, "colsample_bytree": 0.6321904790458881, "gamma": 3.5114978929115868, "lambda": 3.348211355121311e-07, "alpha": 1.1970242915793558e-08}