{"max_depth": 8, "learning_rate": 0.1114268091067229, "subsample": 0.5868228265907383, "colsample_bytree": 0.7382316380239076, "gamma": 3.554576037780626, "lambda": 0.142863334903652, "alpha": 1.0088865002218993e-06}