{"max_depth": 9, "learning_rate": 0.2276832909737466, "subsample": 0.5136571706870252, "colsample_bytree": 0.629206271789315, "gamma": 0.9318767541697992, "lambda": 1.3347454145186625e-06, "alpha": 0.0055988494614390765}