{"max_depth": 3, "learning_rate": 0.1670625255402535, "subsample": 0.9167639206810843, "colsample_bytree": 0.6460764705483195, "gamma": 3.076397841870029, "lambda": 1.905955794032918e-05, "alpha": 0.03481831877128677}