{"max_depth": 9, "learning_rate": 0.19211366684690145, "subsample": 0.7065916595833983, "colsample_bytree": 0.6208293662058781, "gamma": 4.477436803312612, "lambda": 3.507490332894435e-06, "alpha": 3.1620190543184094e-05}