{"max_depth": 3, "learning_rate": 0.19780027943109754, "subsample": 0.9712956831991999, "colsample_bytree": 0.641956358033503, "gamma": 4.935935215213171, "lambda": 0.016081818901668845, "alpha": 0.0006988155006683004}