{"max_depth": 4, "learning_rate": 0.17863285623505723, "subsample": 0.9531639492191957, "colsample_bytree": 0.512333868394676, "gamma": 4.710264634617014, "lambda": 3.6912399263083955e-06, "alpha": 0.0019529640801492043}