{"max_depth": 5, "learning_rate": 0.1804084664665038, "subsample": 0.9790127834238608, "colsample_bytree": 0.8805609606849221, "gamma": 2.2171538600397414, "lambda": 0.31006352487392846, "alpha": 4.024546112211643e-05}