{"max_depth": 8, "learning_rate": 0.12152822907371634, "subsample": 0.9642611530341012, "colsample_bytree": 0.8390787126103985, "gamma": 1.0813369028304654, "lambda": 0.014979330652598061, "alpha": 0.0023845913870618454}