{"max_depth": 8, "learning_rate": 0.23928253726607585, "subsample": 0.9356187469196375, "colsample_bytree": 0.9814599750503259, "gamma": 2.2202863609363788, "lambda": 0.23790916413209606, "alpha": 0.007001200061017797}