{"max_depth": 6, "learning_rate": 0.07939351391032813, "subsample": 0.855384492114702, "colsample_bytree": 0.977231538217039, "gamma": 4.58286242066462, "lambda": 0.00026023132721967864, "alpha": 0.044023521810589404}