{"max_depth": 7, "learning_rate": 0.18385906459208853, "subsample": 0.8343159601503223, "colsample_bytree": 0.9676025439805667, "gamma": 4.981292557847728, "lambda": 0.588144760614658, "alpha": 1.7201060973738814e-05}