{"max_depth": 5, "learning_rate": 0.2709285289660925, "subsample": 0.8707626803136579, "colsample_bytree": 0.5017202242379645, "gamma": 4.6832129633641, "lambda": 9.017987455179635e-08, "alpha": 0.2587963447817455}