{"max_depth": 4, "learning_rate": 0.23802340092287508, "subsample": 0.6099895863870322, "colsample_bytree": 0.7575135221169496, "gamma": 1.7445276883643728, "lambda": 4.864960496924913e-08, "alpha": 0.822855427893958}