{"max_depth": 8, "learning_rate": 0.06894544929779108, "subsample": 0.5436644227817988, "colsample_bytree": 0.8556093458401037, "gamma": 1.374789877893991, "lambda": 0.05058420335903817, "alpha": 8.072058324762708e-06}