{"max_depth": 8, "learning_rate": 0.06703064264682504, "subsample": 0.6943379046477929, "colsample_bytree": 0.5227157120800079, "gamma": 2.3043096475146276, "lambda": 0.00047752795468867013, "alpha": 0.19460819089669806}