{"max_depth": 9, "learning_rate": 0.10409143662062366, "subsample": 0.9069688993950452, "colsample_bytree": 0.9655318269927611, "gamma": 0.9711737105757878, "lambda": 3.8645347001156233e-07, "alpha": 0.0028058828979357297}