{"max_depth": 7, "learning_rate": 0.2705434094917756, "subsample": 0.7921970375541193, "colsample_bytree": 0.7389366212111694, "gamma": 4.337383113927719, "lambda": 0.0993398939769384, "alpha": 0.0008006134877202133}