{"max_depth": 7, "learning_rate": 0.2106842318294187, "subsample": 0.9848977134551726, "colsample_bytree": 0.5111348817615087, "gamma": 0.4465300089377966, "lambda": 0.0031018343742595564, "alpha": 0.000512769996377768}