{"max_depth": 10, "learning_rate": 0.02595943822109463, "subsample": 0.5649871315018469, "colsample_bytree": 0.5820872767070129, "gamma": 1.1884168726014281, "lambda": 0.004046890827058808, "alpha": 0.24218282905832708}