{"max_depth": 6, "learning_rate": 0.1384270711187867, "subsample": 0.8544003962702622, "colsample_bytree": 0.6673155720424387, "gamma": 1.586035951865305, "lambda": 8.257673648628145e-08, "alpha": 0.00011100268380130527}