{"max_depth": 7, "learning_rate": 0.033046333921760845, "subsample": 0.9186831529947443, "colsample_bytree": 0.757024962099095, "gamma": 0.8535764991111539, "lambda": 0.03737456089225188, "alpha": 5.9576735986019335e-05}