{"max_depth": 7, "learning_rate": 0.09813948154709029, "subsample": 0.9226924720263434, "colsample_bytree": 0.6632745422063716, "gamma": 0.3683399349802263, "lambda": 0.009265703085592094, "alpha": 0.005357889035938484}