{"max_depth": 4, "learning_rate": 0.11506220808282863, "subsample": 0.8336553413575802, "colsample_bytree": 0.9209141981473964, "gamma": 1.207805273901001, "lambda": 0.05169416645398155, "alpha": 0.00010048877223573294}