{"max_depth": 6, "learning_rate": 0.05104063522293886, "subsample": 0.730953531583602, "colsample_bytree": 0.5259817164330147, "gamma": 4.689851749745012, "lambda": 0.8143520006068892, "alpha": 0.0007433046409472799}