{"max_depth": 4, "learning_rate": 0.20682439806554911, "subsample": 0.9385613468313982, "colsample_bytree": 0.5004134425145841, "gamma": 0.5348011445219342, "lambda": 0.027545596932300617, "alpha": 1.871979982581412e-06}