{"max_depth": 7, "learning_rate": 0.28135728997766923, "subsample": 0.9677702027434294, "colsample_bytree": 0.5408036154497754, "gamma": 1.5836373366811773, "lambda": 9.533160707106117e-08, "alpha": 1.1572912281240458e-07}