{"max_depth": 7, "learning_rate": 0.09137124063489394, "subsample": 0.5512648954265356, "colsample_bytree": 0.8528085580275225, "gamma": 4.2018650757601215, "lambda": 0.026124418943461476, "alpha": 0.005870020683522656}