{"max_depth": 6, "learning_rate": 0.29654579169428447, "subsample": 0.7932753973294584, "colsample_bytree": 0.5628479253720315, "gamma": 0.9098766746380593, "lambda": 1.0114977140609328e-08, "alpha": 0.11478399754917591}