{"max_depth": 4, "learning_rate": 0.1844300091580196, "subsample": 0.7572381191192448, "colsample_bytree": 0.6762365284535292, "gamma": 3.747232183860372, "lambda": 0.17961209844280865, "alpha": 0.01951297121946514}