{"max_depth": 9, "learning_rate": 0.17236428673982557, "subsample": 0.5917274144783147, "colsample_bytree": 0.7996340439363552, "gamma": 3.3612971119286215, "lambda": 0.0001501589717952284, "alpha": 5.439792690570061e-08}