{"max_depth": 4, "learning_rate": 0.28218462776147046, "subsample": 0.7280817545555206, "colsample_bytree": 0.9454792994770469, "gamma": 0.8029955716653508, "lambda": 5.054485054738046e-06, "alpha": 0.0007097120668803732}