{"max_depth": 8, "learning_rate": 0.0991430815281949, "subsample": 0.545521319390875, "colsample_bytree": 0.9713733798986491, "gamma": 3.6516425334705844, "lambda": 6.960882172175554e-06, "alpha": 0.3055868486588068}