{"max_depth": 5, "learning_rate": 0.2028280188530247, "subsample": 0.8113817607141671, "colsample_bytree": 0.885280335159828, "gamma": 1.4248207766329997, "lambda": 3.412045995729722e-06, "alpha": 0.4296405425441212}