{"max_depth": 6, "learning_rate": 0.11307343204101075, "subsample": 0.7826655197437561, "colsample_bytree": 0.9667797933294549, "gamma": 3.143498997448324, "lambda": 0.00034631141266938225, "alpha": 0.02651860182598739}