{"max_depth": 9, "learning_rate": 0.05091579740825563, "subsample": 0.6917404599014727, "colsample_bytree": 0.6741130284747059, "gamma": 0.637166291398461, "lambda": 1.334735776140239e-06, "alpha": 0.0035665437528441166}