{"max_depth": 5, "learning_rate": 0.03154102922389406, "subsample": 0.5154218695611225, "colsample_bytree": 0.8536386793703434, "gamma": 1.6536832722832346, "lambda": 1.530218551864979e-05, "alpha": 0.06822207517994301}