{"max_depth": 6, "learning_rate": 0.11564152621172383, "subsample": 0.7165377839541192, "colsample_bytree": 0.7480540188959681, "gamma": 3.7408544413918587, "lambda": 0.0014357034064472949, "alpha": 0.06778425138084607}