{"max_depth": 8, "learning_rate": 0.16342997791208763, "subsample": 0.7325968617867671, "colsample_bytree": 0.5605564385439088, "gamma": 2.2540734542403125, "lambda": 0.008510219406858007, "alpha": 2.4978856786813006e-05}