{"max_depth": 9, "learning_rate": 0.0318680889571354, "subsample": 0.5875974980247711, "colsample_bytree": 0.9212264537795054, "gamma": 1.3526928091072798, "lambda": 0.2676159566225068, "alpha": 0.0005062284915946075}