{"max_depth": 8, "learning_rate": 0.27133304737442016, "subsample": 0.7173931910814746, "colsample_bytree": 0.8536955853834145, "gamma": 4.989643916419872, "lambda": 1.783050713597599e-08, "alpha": 6.693118339300219e-05}