{"max_depth": 8, "learning_rate": 0.09229582433085728, "subsample": 0.6484941270735753, "colsample_bytree": 0.6697152069593131, "gamma": 2.8974797380964596, "lambda": 3.549939729164331e-05, "alpha": 0.00017781755360272492}