{"max_depth": 5, "learning_rate": 0.16191364979289008, "subsample": 0.8274114809554094, "colsample_bytree": 0.9357466153516554, "gamma": 3.898672230189979, "lambda": 0.0002010821464807596, "alpha": 0.14631230747195992}