{"max_depth": 10, "learning_rate": 0.08122300792570329, "subsample": 0.5229923814604773, "colsample_bytree": 0.5962947367508291, "gamma": 4.721253453668478, "lambda": 1.0443625619457616e-06, "alpha": 4.2841611369882236e-05}