{"max_depth": 8, "learning_rate": 0.0281161045223053, "subsample": 0.8247399182038406, "colsample_bytree": 0.9116768487316971, "gamma": 1.3448180072708815, "lambda": 6.617110857527497e-07, "alpha": 1.5249483604621493e-08}