{"max_depth": 7, "learning_rate": 0.2694931587299292, "subsample": 0.5561036871975702, "colsample_bytree": 0.630827548378128, "gamma": 0.2899466844275722, "lambda": 0.0014021758994059027, "alpha": 0.0002254675624449575}