{"max_depth": 9, "learning_rate": 0.19909585617712625, "subsample": 0.8219117854786908, "colsample_bytree": 0.9045858017785834, "gamma": 1.0334081177872045, "lambda": 1.256831513698168e-08, "alpha": 0.045364089086822594}