{"max_depth": 6, "learning_rate": 0.0411270594207551, "subsample": 0.7907053156619043, "colsample_bytree": 0.7661247837857286, "gamma": 2.928564885041301, "lambda": 5.0105086785785456e-05, "alpha": 2.226043808357981e-05}