{"max_depth": 5, "learning_rate": 0.2508354939502657, "subsample": 0.9060929742253253, "colsample_bytree": 0.9693159325371445, "gamma": 0.7395461231276818, "lambda": 1.8410666567862814e-08, "alpha": 0.0003392554483467108}