{"max_depth": 4, "learning_rate": 0.05775857580199327, "subsample": 0.5292124692769595, "colsample_bytree": 0.7306326007430837, "gamma": 1.6058699120701854, "lambda": 0.3948576675693065, "alpha": 5.451894691015204e-05}