{"max_depth": 10, "learning_rate": 0.06178581600401909, "subsample": 0.7328218001324889, "colsample_bytree": 0.9820490552044389, "gamma": 1.7543957900335139, "lambda": 0.0003090833550296865, "alpha": 0.0008324712915053173}