{"max_depth": 7, "learning_rate": 0.12423206450263748, "subsample": 0.5948360202437448, "colsample_bytree": 0.5326258209761239, "gamma": 3.639505052628576, "lambda": 3.647302073650052e-06, "alpha": 0.6306213364077253}