{"max_depth": 3, "learning_rate": 0.1823245752775459, "subsample": 0.7560808429476239, "colsample_bytree": 0.6507401968120028, "gamma": 1.2997670144709528, "lambda": 0.0005390241343360583, "alpha": 2.3516249961318936e-05}