{"max_depth": 7, "learning_rate": 0.26116037761126476, "subsample": 0.9923449957872568, "colsample_bytree": 0.6485590015079437, "gamma": 1.1486326313728923, "lambda": 5.163004980343506e-05, "alpha": 0.022546521914029845}