{"max_depth": 6, "learning_rate": 0.12626994829799354, "subsample": 0.990747674567399, "colsample_bytree": 0.9177707918073186, "gamma": 2.5516731503958834, "lambda": 8.09397434645391e-08, "alpha": 0.8084077291605}