{"max_depth": 4, "learning_rate": 0.16854231332237926, "subsample": 0.9433990320883686, "colsample_bytree": 0.8125448715940031, "gamma": 0.23059240406914927, "lambda": 0.10562582838998578, "alpha": 0.0029829026120070036}