{"max_depth": 3, "learning_rate": 0.11893353075095307, "subsample": 0.5130856416828926, "colsample_bytree": 0.5860719683970899, "gamma": 4.9831101643976545, "lambda": 0.15049932210816577, "alpha": 4.6824103641549986e-08}