{"max_depth": 8, "learning_rate": 0.23626545570903598, "subsample": 0.9252347891656154, "colsample_bytree": 0.9557465436711565, "gamma": 2.7339367038972417, "lambda": 1.5425766187460268e-05, "alpha": 2.7333372004504004e-06}