{"max_depth": 9, "learning_rate": 0.18436716143801232, "subsample": 0.8087500310728077, "colsample_bytree": 0.9486806656090827, "gamma": 3.9630421805718714, "lambda": 0.018322029126768728, "alpha": 2.130660871715918e-05}