{"max_depth": 7, "learning_rate": 0.14548736518317645, "subsample": 0.5754114246295345, "colsample_bytree": 0.6997304724428046, "gamma": 3.466709181513604, "lambda": 6.866589727345453e-07, "alpha": 0.6683029193248351}