{"max_depth": 8, "learning_rate": 0.017775179299446588, "subsample": 0.6269710078993309, "colsample_bytree": 0.9119840626878589, "gamma": 4.5937540679180735, "lambda": 0.03418519273386647, "alpha": 4.313627898659712e-08}