{"max_depth": 8, "learning_rate": 0.19325748017208677, "subsample": 0.7323892688773581, "colsample_bytree": 0.8442383788693875, "gamma": 3.826082186005851, "lambda": 0.8804825540801219, "alpha": 1.6599350704470806e-06}