{"max_depth": 9, "learning_rate": 0.20949294946485011, "subsample": 0.927988367147793, "colsample_bytree": 0.9661534202531419, "gamma": 1.3306442963641492, "lambda": 4.3809522081782956e-08, "alpha": 1.7549152194579453e-07}