{"max_depth": 3, "learning_rate": 0.1583861536959083, "subsample": 0.7224640779386816, "colsample_bytree": 0.8052622088350063, "gamma": 0.7688705668246198, "lambda": 0.00202715009863956, "alpha": 6.671647257933131e-08}