{"max_depth": 3, "learning_rate": 0.18828077843251648, "subsample": 0.5433083018117721, "colsample_bytree": 0.9863701442643127, "gamma": 1.5183563137303842, "lambda": 3.696139781810872e-05, "alpha": 2.33217043098546e-08}