{"max_depth": 6, "learning_rate": 0.2565713357926076, "subsample": 0.6117412981406504, "colsample_bytree": 0.8557089050187925, "gamma": 2.770580061227977, "lambda": 0.0017469545897110075, "alpha": 0.011268679016050168}