{"max_depth": 5, "learning_rate": 0.01726368434688357, "subsample": 0.5847304926308103, "colsample_bytree": 0.7403042534555061, "gamma": 4.467338399010016, "lambda": 0.1805863854564588, "alpha": 2.3153099093333064e-05}