{"max_depth": 7, "learning_rate": 0.12410722851580645, "subsample": 0.7838338295947537, "colsample_bytree": 0.7605651283190231, "gamma": 1.3636425314347362, "lambda": 0.006936977216007096, "alpha": 0.0004735549246445739}