{"max_depth": 9, "learning_rate": 0.12172916370130303, "subsample": 0.5077446731276176, "colsample_bytree": 0.9105399918452792, "gamma": 3.5528450205237805, "lambda": 0.0011980125277480723, "alpha": 6.508068875041398e-08}