{"max_depth": 3, "learning_rate": 0.0416184910127391, "subsample": 0.887619106392826, "colsample_bytree": 0.9121425573283233, "gamma": 3.32021002823761, "lambda": 0.005578378927190557, "alpha": 0.40281727136500683}