{"max_depth": 9, "learning_rate": 0.29033014208016117, "subsample": 0.9140254344985559, "colsample_bytree": 0.6743719765984273, "gamma": 1.6195195014664476, "lambda": 0.0002003472966434294, "alpha": 0.0018461389036282078}