{"max_depth": 9, "learning_rate": 0.2696188749656511, "subsample": 0.8227061391911368, "colsample_bytree": 0.7837199553805168, "gamma": 2.5766880900421714, "lambda": 0.020983245689985917, "alpha": 0.12417911028293209}