{"max_depth": 10, "learning_rate": 0.17724186743746073, "subsample": 0.5134658671174958, "colsample_bytree": 0.8622053728902142, "gamma": 4.640815611599487, "lambda": 2.601703958796686e-07, "alpha": 0.04315309717822524}