{"max_depth": 7, "learning_rate": 0.18934833590237557, "subsample": 0.5812755273797621, "colsample_bytree": 0.9515421142906819, "gamma": 3.03015139850781, "lambda": 2.3471754556629892e-05, "alpha": 2.3856969612314636e-05}