{"max_depth": 4, "learning_rate": 0.04789768843575894, "subsample": 0.9857598767222624, "colsample_bytree": 0.7031884527546155, "gamma": 1.8044902439383304, "lambda": 1.0870600499533956e-05, "alpha": 2.2403138163447074e-06}