{"max_depth": 4, "learning_rate": 0.28520912248734553, "subsample": 0.6573063076571226, "colsample_bytree": 0.6905989191982957, "gamma": 1.6384668878148152, "lambda": 1.555937145185677e-07, "alpha": 1.4727070782638476e-08}