{"max_depth": 4, "learning_rate": 0.2511655644400146, "subsample": 0.6179029721997378, "colsample_bytree": 0.5622093768074164, "gamma": 0.4554852787978514, "lambda": 6.587144003025499e-07, "alpha": 5.310414290080048e-05}