{"max_depth": 10, "learning_rate": 0.2100390455349145, "subsample": 0.9883349835974995, "colsample_bytree": 0.6613914150672648, "gamma": 1.3010673886367026, "lambda": 0.5048998894316727, "alpha": 2.2935427811396766e-08}