{"max_depth": 10, "learning_rate": 0.23599211546572138, "subsample": 0.994387809760594, "colsample_bytree": 0.7953299120237467, "gamma": 4.661230618797002, "lambda": 2.6567002145837828e-06, "alpha": 2.107754181918545e-05}