{"max_depth": 7, "learning_rate": 0.2591890557473097, "subsample": 0.5028549133813375, "colsample_bytree": 0.6868384776149044, "gamma": 3.7243623494389566, "lambda": 0.0012057808436367762, "alpha": 0.013628488903891551}