{"max_depth": 3, "learning_rate": 0.23684245095103412, "subsample": 0.7045556105074504, "colsample_bytree": 0.6716666256745947, "gamma": 2.7017576513714237, "lambda": 3.858578927130089e-08, "alpha": 0.6573164785940777}