{"max_depth": 5, "learning_rate": 0.07598009956896376, "subsample": 0.9164654713734428, "colsample_bytree": 0.8218540095862219, "gamma": 2.7279804697131276, "lambda": 1.204583535371956e-07, "alpha": 1.4049743999351851e-05}