{"max_depth": 9, "learning_rate": 0.050450150030241184, "subsample": 0.601798831971079, "colsample_bytree": 0.5177167670863727, "gamma": 3.303284573261907, "lambda": 0.007127120388991782, "alpha": 3.9692685356589574e-07}