{"max_depth": 5, "learning_rate": 0.06739334265860021, "subsample": 0.6581953553156075, "colsample_bytree": 0.5467073697275464, "gamma": 0.9256192074968256, "lambda": 6.53156048644954e-07, "alpha": 0.03707338800065027}