{"max_depth": 10, "learning_rate": 0.20110660212502596, "subsample": 0.6952148187503685, "colsample_bytree": 0.7143065874281769, "gamma": 0.39970401661900967, "lambda": 0.07185160873356035, "alpha": 5.3195047629115066e-08}