{"max_depth": 7, "learning_rate": 0.08010611814608407, "subsample": 0.5243367695900945, "colsample_bytree": 0.8301450898517845, "gamma": 4.974816926403159, "lambda": 0.001848883037722618, "alpha": 4.550195471090633e-06}