{"max_depth": 8, "learning_rate": 0.18144026547450448, "subsample": 0.6123631894477295, "colsample_bytree": 0.8724112617492721, "gamma": 4.281583329903585, "lambda": 1.6746124953605094e-06, "alpha": 0.0008173843448779552}