{"max_depth": 3, "learning_rate": 0.1710843578452965, "subsample": 0.5419548445695511, "colsample_bytree": 0.8218029099825039, "gamma": 4.896009383715145, "lambda": 0.8584757716412277, "alpha": 0.01362918032019294}