{"max_depth": 4, "learning_rate": 0.276681202011172, "subsample": 0.5759474314534778, "colsample_bytree": 0.6039081872008696, "gamma": 0.3725089213911775, "lambda": 0.0007083808170063119, "alpha": 0.4920769786973075}