{"max_depth": 10, "learning_rate": 0.06563540190289083, "subsample": 0.612753650565707, "colsample_bytree": 0.7504952207341451, "gamma": 1.5533500787898986, "lambda": 0.008778859300195582, "alpha": 0.013300764012070972}