{"max_depth": 3, "learning_rate": 0.0789798529065751, "subsample": 0.7032952900339722, "colsample_bytree": 0.7061237329657888, "gamma": 2.3291183647439584, "lambda": 6.272653466717727e-05, "alpha": 0.005612589982539625}