{"max_depth": 10, "learning_rate": 0.04427950799456366, "subsample": 0.7720837643703362, "colsample_bytree": 0.8843326156897577, "gamma": 1.5779481270469153, "lambda": 0.002195744653097191, "alpha": 0.0003435054413341731}