{"max_depth": 3, "learning_rate": 0.22503180031866105, "subsample": 0.5400430989636751, "colsample_bytree": 0.8150059684829165, "gamma": 2.0586028013324587, "lambda": 2.95538775871988e-06, "alpha": 0.00020060834771018062}