{"max_depth": 4, "learning_rate": 0.2538546350635675, "subsample": 0.8749350820735226, "colsample_bytree": 0.8689334422320978, "gamma": 4.4221773345823046, "lambda": 0.7971461427332074, "alpha": 0.002607539688571239}