{"max_depth": 8, "learning_rate": 0.20838303194579166, "subsample": 0.967729848413936, "colsample_bytree": 0.8046380795135863, "gamma": 1.2023003555455591, "lambda": 0.5460457104727077, "alpha": 0.18314832587769872}