{"max_depth": 4, "learning_rate": 0.2335355354429527, "subsample": 0.5326165134117941, "colsample_bytree": 0.9375109705525917, "gamma": 3.2101369141859197, "lambda": 0.6179638299019479, "alpha": 8.659369422537667e-06}