{"max_depth": 3, "learning_rate": 0.08688034150530426, "subsample": 0.5785752678940825, "colsample_bytree": 0.8546528941310656, "gamma": 0.41960677597385976, "lambda": 1.5737448831005067e-08, "alpha": 0.01716767405051386}