{"max_depth": 6, "learning_rate": 0.11171840604397018, "subsample": 0.5250966827472253, "colsample_bytree": 0.9381524570593165, "gamma": 4.918640601575892, "lambda": 7.113613805994905e-07, "alpha": 0.3171554398667137}