{"max_depth": 7, "learning_rate": 0.12347737199003829, "subsample": 0.9661484146815749, "colsample_bytree": 0.830997163009469, "gamma": 3.7023020302074934, "lambda": 0.10744096378627753, "alpha": 0.06464418725112187}