{"max_depth": 6, "learning_rate": 0.2856473310759367, "subsample": 0.7118604749873323, "colsample_bytree": 0.525915252223385, "gamma": 4.89717107529891, "lambda": 1.0782230073249286e-06, "alpha": 0.0001756811409006184}