{"max_depth": 9, "learning_rate": 0.143571488742595, "subsample": 0.9202238356565938, "colsample_bytree": 0.8152417650610466, "gamma": 3.054939692332, "lambda": 0.07918956505229494, "alpha": 0.00027420218094566446}