{"max_depth": 7, "learning_rate": 0.0592128484805925, "subsample": 0.7933636553665853, "colsample_bytree": 0.6965895968772589, "gamma": 4.621436637121778, "lambda": 0.20629350761472778, "alpha": 0.0179064744487254}