{"out_channels": 108, "kernel_size": 7, "num_blocks": 1, "lstm_hidden_size": 124, "l2_lambda": 0.00825118815176068, "dropout_rate": 0.30364741642867754, "lr": 0.003255542324609203, "batch_size": 143}