{"out_channels": 99, "kernel_size": 6, "num_blocks": 1, "lstm_hidden_size": 114, "l2_lambda": 0.0026250096927711106, "dropout_rate": 0.13893992667419233, "lr": 0.014341797067641883, "batch_size": 159}