{"out_channels": 64, "kernel_size": 6, "num_blocks": 1, "lstm_hidden_size": 80, "l2_lambda": 0.007226525616854932, "dropout_rate": 0.34907592963155226, "lr": 0.024703469209180963, "batch_size": 222}