{"out_channels": 63, "kernel_size": 7, "num_blocks": 1, "lstm_hidden_size": 61, "l2_lambda": 0.009539829052805884, "dropout_rate": 0.4425293639846416, "lr": 0.09420294251918877, "batch_size": 175}