{"out_channels": 47, "kernel_size": 7, "num_blocks": 2, "lstm_hidden_size": 113, "l2_lambda": 0.009179354210335729, "dropout_rate": 0.3062300382262112, "lr": 0.08783957377916023, "batch_size": 175}