{"out_channels": 70, "kernel_size": 7, "num_blocks": 2, "lstm_hidden_size": 124, "l2_lambda": 0.00401612673411614, "dropout_rate": 0.4973441282515465, "lr": 0.08794118373285563, "batch_size": 214}