{"out_channels": 92, "kernel_size": 5, "num_blocks": 2, "lstm_hidden_size": 93, "l2_lambda": 0.0017807897833659464, "dropout_rate": 0.20615387825254872, "lr": 0.06747625242627268, "batch_size": 34}