{"out_channels": 105, "kernel_size": 7, "num_blocks": 2, "lstm_hidden_size": 116, "l2_lambda": 0.0028223428960925537, "dropout_rate": 0.2549250807313822, "lr": 0.06510629910054506, "batch_size": 74}