{"out_channels": 61, "kernel_size": 7, "num_blocks": 2, "lstm_hidden_size": 127, "l2_lambda": 0.006972287205633622, "dropout_rate": 0.37161508253128384, "lr": 0.05056468614702822, "batch_size": 252}