{"out_channels": 25, "kernel_size": 3, "num_blocks": 3, "lstm_hidden_size": 39, "l2_lambda": 0.0008688243119858353, "dropout_rate": 0.3701047709120303, "lr": 0.06300692853069025, "batch_size": 189}