{"out_channels": 47, "kernel_size": 4, "num_blocks": 1, "lstm_hidden_size": 38, "l2_lambda": 0.005001840773084029, "dropout_rate": 0.4735926752193963, "lr": 0.08866945994198988, "batch_size": 64}