{"out_channels": 79, "kernel_size": 3, "num_blocks": 2, "lstm_hidden_size": 44, "l2_lambda": 0.009663811942903652, "dropout_rate": 0.3504497699342676, "lr": 0.07327359040673312, "batch_size": 128}