{"out_channels": 45, "kernel_size": 4, "num_blocks": 1, "lstm_hidden_size": 120, "l2_lambda": 0.009559707352647473, "dropout_rate": 0.48686748437051997, "lr": 0.01746166174490662, "batch_size": 145}