{"out_channels": 73, "kernel_size": 7, "num_blocks": 2, "lstm_hidden_size": 108, "l2_lambda": 0.007648839299500425, "dropout_rate": 0.30320593023272907, "lr": 0.0339622398101184, "batch_size": 170}