{"out_channels": 44, "kernel_size": 7, "num_blocks": 3, "lstm_hidden_size": 54, "l2_lambda": 0.008494863511820383, "dropout_rate": 0.20559734349476205, "lr": 0.009691200534040673, "batch_size": 153}