{"out_channels": 18, "kernel_size": 4, "num_blocks": 3, "lstm_hidden_size": 121, "l2_lambda": 0.005487300744956846, "dropout_rate": 0.2962904433161791, "lr": 0.06311675618480807, "batch_size": 102}