{"out_channels": 53, "kernel_size": 6, "num_blocks": 1, "lstm_hidden_size": 41, "l2_lambda": 0.004229076424989044, "dropout_rate": 0.39955425381259124, "lr": 0.0033576344178938683, "batch_size": 196}