{"out_channels": 83, "kernel_size": 7, "num_blocks": 2, "lstm_hidden_size": 102, "l2_lambda": 0.00823755478000647, "dropout_rate": 0.45844167271901326, "lr": 0.0020450637279212022, "batch_size": 125}