{"out_channels": 34, "kernel_size": 7, "num_blocks": 2, "lstm_hidden_size": 127, "l2_lambda": 0.009159762810564622, "dropout_rate": 0.1653680090140847, "lr": 0.09485800261487237, "batch_size": 165}