{"out_channels": 30, "kernel_size": 3, "num_blocks": 2, "lstm_hidden_size": 114, "l2_lambda": 0.007653537193470265, "dropout_rate": 0.358438546008653, "lr": 0.09890928003629741, "batch_size": 192}