{"out_channels": 73, "kernel_size": 4, "num_blocks": 3, "lstm_hidden_size": 83, "l2_lambda": 0.004697946061837742, "dropout_rate": 0.3953088250688186, "lr": 0.07102586521261907, "batch_size": 17}