{"out_channels": 29, "kernel_size": 3, "num_blocks": 3, "lstm_hidden_size": 98, "l2_lambda": 0.001057615157598036, "dropout_rate": 0.19756224350126647, "lr": 0.013096733143172888, "batch_size": 225}