{"out_channels": 31, "kernel_size": 7, "num_blocks": 1, "lstm_hidden_size": 68, "l2_lambda": 0.008339811036701096, "dropout_rate": 0.3436571485689504, "lr": 0.08771650244941288, "batch_size": 230}