{"out_channels": 94, "kernel_size": 4, "num_blocks": 3, "lstm_hidden_size": 74, "l2_lambda": 0.00041689656919005646, "dropout_rate": 0.2872694864317445, "lr": 0.08765130578967888, "batch_size": 200}