{"out_channels": 98, "kernel_size": 5, "num_blocks": 2, "lstm_hidden_size": 53, "l2_lambda": 0.006751168265468439, "dropout_rate": 0.1467573427423234, "lr": 0.003307368512343318, "batch_size": 86}