{"out_channels": 59, "kernel_size": 6, "num_blocks": 1, "lstm_hidden_size": 115, "l2_lambda": 0.009302789456266383, "dropout_rate": 0.38640806450437404, "lr": 0.09199154311911258, "batch_size": 165}