{"out_channels": 73, "kernel_size": 4, "num_blocks": 1, "lstm_hidden_size": 75, "l2_lambda": 0.003963405142603678, "dropout_rate": 0.12300206000970078, "lr": 0.06510987308621695, "batch_size": 90}