{"out_channels": 33, "kernel_size": 7, "num_blocks": 1, "lstm_hidden_size": 104, "l2_lambda": 0.009147616815785667, "dropout_rate": 0.38220338369078033, "lr": 0.04907818465243039, "batch_size": 173}