{"out_channels": 124, "kernel_size": 4, "num_blocks": 2, "lstm_hidden_size": 73, "l2_lambda": 0.008288361548639246, "dropout_rate": 0.24449243678868077, "lr": 0.09776744538730008, "batch_size": 161}