{"out_channels": 99, "kernel_size": 3, "num_blocks": 2, "lstm_hidden_size": 128, "l2_lambda": 0.009422017416280938, "dropout_rate": 0.4214200101573705, "lr": 0.0680057234081942, "batch_size": 46}