{"out_channels": 32, "kernel_size": 3, "num_blocks": 2, "lstm_hidden_size": 82, "l2_lambda": 0.0030302205790312185, "dropout_rate": 0.11646175490146447, "lr": 0.03779771670407087, "batch_size": 173}