{"out_channels": 60, "kernel_size": 4, "num_blocks": 2, "lstm_hidden_size": 68, "l2_lambda": 0.00606113148202186, "dropout_rate": 0.46958217618045617, "lr": 0.054853950988432994, "batch_size": 114}