{"out_channels": 43, "kernel_size": 6, "num_blocks": 2, "lstm_hidden_size": 84, "l2_lambda": 0.0009293095845047966, "dropout_rate": 0.216342491585156, "lr": 0.047307154598798175, "batch_size": 201}