{"out_channels": 39, "kernel_size": 7, "num_blocks": 3, "lstm_hidden_size": 48, "l2_lambda": 0.007098209840803599, "dropout_rate": 0.44465590472774896, "lr": 0.02943257186975468, "batch_size": 143}