{"out_channels": 101, "kernel_size": 3, "num_blocks": 3, "lstm_hidden_size": 128, "l2_lambda": 0.006896480603780955, "dropout_rate": 0.24638119747542447, "lr": 0.015107431044608186, "batch_size": 48}