{"out_channels": 50, "kernel_size": 5, "num_blocks": 2, "lstm_hidden_size": 120, "l2_lambda": 0.0029726703492211114, "dropout_rate": 0.41759851610790877, "lr": 0.03908702980074364, "batch_size": 161}