{"out_channels": 24, "kernel_size": 3, "num_blocks": 2, "lstm_hidden_size": 40, "l2_lambda": 0.009189893353629755, "dropout_rate": 0.21973409181315107, "lr": 0.07613036246655133, "batch_size": 59}