{"out_channels": 51, "kernel_size": 6, "num_blocks": 1, "lstm_hidden_size": 109, "l2_lambda": 0.0015073925859995232, "dropout_rate": 0.15225922630342525, "lr": 0.04867541433872263, "batch_size": 173}