{"out_channels": 53, "kernel_size": 7, "num_blocks": 2, "lstm_hidden_size": 99, "l2_lambda": 0.0014807620997494154, "dropout_rate": 0.14987595468180231, "lr": 0.056889980210699576, "batch_size": 27}