{"out_channels": 86, "kernel_size": 7, "num_blocks": 3, "lstm_hidden_size": 72, "l2_lambda": 0.005363148349248721, "dropout_rate": 0.4352192134496359, "lr": 0.0953872784607165, "batch_size": 43}