{"out_channels": 93, "kernel_size": 5, "num_blocks": 2, "lstm_hidden_size": 83, "l2_lambda": 0.009647043176831014, "dropout_rate": 0.36051092866344736, "lr": 0.046154819395647084, "batch_size": 108}