{"out_channels": 61, "kernel_size": 4, "num_blocks": 2, "lstm_hidden_size": 108, "l2_lambda": 0.007470167842545843, "dropout_rate": 0.34294824399306717, "lr": 0.052549757151392054, "batch_size": 231}