{"out_channels": 34, "kernel_size": 4, "num_blocks": 1, "lstm_hidden_size": 95, "l2_lambda": 0.005987961391958097, "dropout_rate": 0.169467992524661, "lr": 0.0072762490073310674, "batch_size": 93}