{"out_channels": 76, "kernel_size": 6, "num_blocks": 3, "lstm_hidden_size": 106, "l2_lambda": 0.0016477259180495648, "dropout_rate": 0.4359942094109662, "lr": 0.027830970140615387, "batch_size": 51}