{"out_channels": 90, "kernel_size": 3, "num_blocks": 2, "lstm_hidden_size": 118, "l2_lambda": 0.005186221609047605, "dropout_rate": 0.45031284960155504, "lr": 0.08660234101512448, "batch_size": 242}