{"out_channels": 63, "kernel_size": 3, "num_blocks": 2, "lstm_hidden_size": 76, "l2_lambda": 0.003839359621055598, "dropout_rate": 0.1626920303928287, "lr": 0.012950307357892396, "batch_size": 203}