{"out_channels": 62, "kernel_size": 7, "num_blocks": 2, "lstm_hidden_size": 84, "l2_lambda": 0.0013871731417903234, "dropout_rate": 0.2243119636155549, "lr": 0.017514628077572394, "batch_size": 207}