{"out_channels": 117, "kernel_size": 5, "num_blocks": 2, "lstm_hidden_size": 106, "l2_lambda": 0.0011188155856251133, "dropout_rate": 0.4164984465031101, "lr": 0.01126312983010429, "batch_size": 33}