{"out_channels": 35, "kernel_size": 3, "num_blocks": 3, "lstm_hidden_size": 55, "l2_lambda": 0.00975318676344939, "dropout_rate": 0.48178653909422064, "lr": 0.050991315007121764, "batch_size": 98}