{"out_channels": 51, "kernel_size": 3, "num_blocks": 2, "lstm_hidden_size": 123, "l2_lambda": 0.0017174424151689205, "dropout_rate": 0.3037127289430902, "lr": 0.016003929715752697, "batch_size": 72}