{"out_channels": 77, "kernel_size": 6, "num_blocks": 3, "lstm_hidden_size": 33, "l2_lambda": 0.008984020136698129, "dropout_rate": 0.18584829408572368, "lr": 0.0518348161369026, "batch_size": 231}