{"out_channels": 26, "kernel_size": 5, "num_blocks": 2, "lstm_hidden_size": 33, "l2_lambda": 0.00043750775113389224, "dropout_rate": 0.4816416048023363, "lr": 0.03036744396590448, "batch_size": 143}