{"out_channels": 73, "kernel_size": 6, "num_blocks": 2, "lstm_hidden_size": 44, "l2_lambda": 0.004049841608888524, "dropout_rate": 0.3089667101188743, "lr": 0.051272544117779074, "batch_size": 47}