{"out_channels": 120, "kernel_size": 5, "num_blocks": 2, "lstm_hidden_size": 68, "l2_lambda": 0.003492636901418042, "dropout_rate": 0.2786422288782301, "lr": 0.08847586791237935, "batch_size": 175}