{"out_channels": 101, "kernel_size": 6, "num_blocks": 1, "lstm_hidden_size": 123, "l2_lambda": 0.002230498095956574, "dropout_rate": 0.4106341107286574, "lr": 0.034953344812495846, "batch_size": 70}