{"out_channels": 89, "kernel_size": 5, "num_blocks": 1, "lstm_hidden_size": 86, "l2_lambda": 0.0013108588666622411, "dropout_rate": 0.32045315439305294, "lr": 0.028753910728401652, "batch_size": 120}