{"out_channels": 94, "kernel_size": 6, "num_blocks": 1, "lstm_hidden_size": 91, "l2_lambda": 0.0035523471107482734, "dropout_rate": 0.4632149933227877, "lr": 0.08995937237671454, "batch_size": 47}