{"out_channels": 96, "kernel_size": 5, "num_blocks": 3, "lstm_hidden_size": 55, "l2_lambda": 0.0014571765894953886, "dropout_rate": 0.43870241571661195, "lr": 0.07292923096868667, "batch_size": 132}