{"out_channels": 41, "kernel_size": 5, "num_blocks": 3, "lstm_hidden_size": 72, "l2_lambda": 0.0014252831067262126, "dropout_rate": 0.39715021497904834, "lr": 0.05641703638723902, "batch_size": 121}