{"out_channels": 72, "kernel_size": 6, "num_blocks": 2, "lstm_hidden_size": 126, "l2_lambda": 0.0073369680661943895, "dropout_rate": 0.11239812234400302, "lr": 0.013404207012300834, "batch_size": 160}