{"out_channels": 78, "kernel_size": 4, "num_blocks": 1, "lstm_hidden_size": 60, "l2_lambda": 0.005348226932031057, "dropout_rate": 0.35842030424531746, "lr": 0.00968155804992225, "batch_size": 45}