{"out_channels": 101, "kernel_size": 4, "num_blocks": 1, "lstm_hidden_size": 62, "l2_lambda": 0.009586937368110443, "dropout_rate": 0.24185727334839938, "lr": 0.022760877634353173, "batch_size": 225}