{"out_channels": 53, "kernel_size": 3, "num_blocks": 3, "lstm_hidden_size": 32, "l2_lambda": 0.001287147097634982, "dropout_rate": 0.3730040663255493, "lr": 0.07589897481810345, "batch_size": 219}