{"out_channels": 76, "kernel_size": 3, "num_blocks": 1, "lstm_hidden_size": 81, "l2_lambda": 0.005239517388177608, "dropout_rate": 0.4538982737563555, "lr": 0.041606565627063254, "batch_size": 189}