{"out_channels": 23, "kernel_size": 7, "num_blocks": 3, "lstm_hidden_size": 95, "l2_lambda": 0.0032800379821628285, "dropout_rate": 0.23036095666929285, "lr": 0.04476797779644134, "batch_size": 29}