{"out_channels": 116, "kernel_size": 5, "num_blocks": 2, "lstm_hidden_size": 60, "l2_lambda": 0.0002169295498996882, "dropout_rate": 0.272776357499651, "lr": 0.0038469945818091857, "batch_size": 69}