{"out_channels": 123, "kernel_size": 7, "num_blocks": 3, "lstm_hidden_size": 125, "l2_lambda": 0.009855895269853646, "dropout_rate": 0.4424690638128427, "lr": 0.056786896385132096, "batch_size": 222}