{"out_channels": 58, "kernel_size": 6, "num_blocks": 1, "lstm_hidden_size": 36, "l2_lambda": 0.009425432682432651, "dropout_rate": 0.12205467393030629, "lr": 0.0619212896614851, "batch_size": 22}