{"out_channels": 100, "kernel_size": 3, "num_blocks": 1, "lstm_hidden_size": 67, "l2_lambda": 0.0004727863055908754, "dropout_rate": 0.4198948534199469, "lr": 0.06895520687205083, "batch_size": 233}