{"out_channels": 72, "kernel_size": 5, "num_blocks": 2, "lstm_hidden_size": 80, "l2_lambda": 0.0056068454766224265, "dropout_rate": 0.2666318521785712, "lr": 0.01701071849530489, "batch_size": 162}