{"out_channels": 118, "kernel_size": 5, "num_blocks": 1, "lstm_hidden_size": 64, "l2_lambda": 0.0003573831556014513, "dropout_rate": 0.49796987340303656, "lr": 0.022861456723787078, "batch_size": 129}