{"out_channels": 108, "kernel_size": 4, "num_blocks": 2, "lstm_hidden_size": 55, "l2_lambda": 0.008793618743814739, "dropout_rate": 0.38105963902007656, "lr": 0.007066172192433502, "batch_size": 237}