{"out_channels": 25, "kernel_size": 4, "num_blocks": 2, "lstm_hidden_size": 77, "l2_lambda": 0.006623151462688957, "dropout_rate": 0.2855414166046141, "lr": 0.06177830996799145, "batch_size": 68}