{"out_channels": 91, "kernel_size": 5, "num_blocks": 1, "lstm_hidden_size": 58, "l2_lambda": 0.0034306704861164555, "dropout_rate": 0.1584455391218331, "lr": 0.03767005225335349, "batch_size": 23}