{"out_channels": 18, "kernel_size": 5, "num_blocks": 3, "lstm_hidden_size": 34, "l2_lambda": 0.007282432262699771, "dropout_rate": 0.48523091882633507, "lr": 0.07775279636022822, "batch_size": 232}