{"out_channels": 120, "kernel_size": 6, "num_blocks": 3, "lstm_hidden_size": 39, "l2_lambda": 0.0014330531201011923, "dropout_rate": 0.34625228507024164, "lr": 0.04860647416662669, "batch_size": 72}