{"out_channels": 68, "kernel_size": 7, "num_blocks": 2, "lstm_hidden_size": 110, "l2_lambda": 0.00015207511428093158, "dropout_rate": 0.2916605857652299, "lr": 0.06585531618557504, "batch_size": 172}