{"out_channels": 37, "kernel_size": 4, "num_blocks": 1, "lstm_hidden_size": 97, "l2_lambda": 0.0038069349040986073, "dropout_rate": 0.43453181109481176, "lr": 0.012852468562979018, "batch_size": 29}