{"out_channels": 29, "kernel_size": 5, "num_blocks": 1, "lstm_hidden_size": 122, "l2_lambda": 0.004716734910058991, "dropout_rate": 0.17510248170763482, "lr": 0.016900009628350615, "batch_size": 135}