{"out_channels": 72, "kernel_size": 5, "num_blocks": 2, "lstm_hidden_size": 123, "l2_lambda": 0.0014916320814806067, "dropout_rate": 0.39478968507792567, "lr": 0.09015636038162757, "batch_size": 201}