{"out_channels": 74, "kernel_size": 3, "num_blocks": 3, "lstm_hidden_size": 74, "l2_lambda": 0.0073145368106685696, "dropout_rate": 0.3662256930128357, "lr": 0.0677828663704367, "batch_size": 59}