{"out_channels": 92, "kernel_size": 6, "num_blocks": 3, "lstm_hidden_size": 40, "l2_lambda": 0.009537382082071407, "dropout_rate": 0.41099728839245064, "lr": 0.08852739149535596, "batch_size": 61}