{"out_channels": 120, "kernel_size": 5, "num_blocks": 3, "lstm_hidden_size": 88, "l2_lambda": 0.003157181489811579, "dropout_rate": 0.2068448285524912, "lr": 0.030685325603903163, "batch_size": 126}