{"out_channels": 46, "kernel_size": 3, "num_blocks": 3, "lstm_hidden_size": 97, "l2_lambda": 0.006141044810121262, "dropout_rate": 0.25664605734982066, "lr": 0.06849067993555434, "batch_size": 34}