{"out_channels": 31, "kernel_size": 7, "num_blocks": 3, "lstm_hidden_size": 75, "l2_lambda": 0.0007493832728332801, "dropout_rate": 0.10218965380964784, "lr": 0.04425350622623648, "batch_size": 213}