{"out_channels": 28, "kernel_size": 4, "num_blocks": 2, "lstm_hidden_size": 125, "l2_lambda": 0.009469563446109984, "dropout_rate": 0.4658793368512859, "lr": 0.09381769080052627, "batch_size": 70}