{"out_channels": 125, "kernel_size": 7, "num_blocks": 3, "lstm_hidden_size": 115, "l2_lambda": 0.004474383890529372, "dropout_rate": 0.16579110112736378, "lr": 0.024761015265248862, "batch_size": 169}