{"out_channels": 85, "kernel_size": 7, "num_blocks": 1, "lstm_hidden_size": 97, "l2_lambda": 0.001824999890663246, "dropout_rate": 0.47726371976823045, "lr": 0.08720348331301618, "batch_size": 162}