{"out_channels": 81, "kernel_size": 6, "num_blocks": 1, "lstm_hidden_size": 82, "l2_lambda": 0.0010497598927201959, "dropout_rate": 0.3009673608331409, "lr": 0.04445996016247117, "batch_size": 132}