{"out_channels": 112, "kernel_size": 4, "num_blocks": 1, "lstm_hidden_size": 37, "l2_lambda": 0.0010341281048289524, "dropout_rate": 0.20304271983022898, "lr": 0.03863672816571086, "batch_size": 219}