{"out_channels": 55, "kernel_size": 4, "num_blocks": 1, "lstm_hidden_size": 125, "l2_lambda": 0.001184974243175095, "dropout_rate": 0.35209025720715403, "lr": 0.07232005392326639, "batch_size": 147}