{"out_channels": 62, "kernel_size": 7, "num_blocks": 1, "lstm_hidden_size": 96, "l2_lambda": 0.009016468441916298, "dropout_rate": 0.2702409324252444, "lr": 0.08920109977497553, "batch_size": 142}