{"out_channels": 44, "kernel_size": 5, "num_blocks": 2, "lstm_hidden_size": 70, "l2_lambda": 0.006862135795021075, "dropout_rate": 0.4280883798154109, "lr": 0.07849110871964143, "batch_size": 96}