{"out_channels": 30, "kernel_size": 3, "num_blocks": 1, "lstm_hidden_size": 86, "l2_lambda": 0.006916021321919138, "dropout_rate": 0.4643152318201548, "lr": 0.0931311212777984, "batch_size": 241}