{"out_channels": 55, "kernel_size": 7, "num_blocks": 2, "lstm_hidden_size": 40, "l2_lambda": 0.0031300897218726727, "dropout_rate": 0.24228999680521263, "lr": 0.08253370048209348, "batch_size": 172}