{"out_channels": 117, "kernel_size": 3, "num_blocks": 1, "lstm_hidden_size": 115, "l2_lambda": 0.009585829214749425, "dropout_rate": 0.24174475412830124, "lr": 0.08288975670245516, "batch_size": 181}