{"out_channels": 52, "kernel_size": 3, "num_blocks": 3, "lstm_hidden_size": 90, "l2_lambda": 0.005222467731594998, "dropout_rate": 0.11027674431036281, "lr": 0.0008855594634319605, "batch_size": 90}