{"out_channels": 125, "kernel_size": 7, "num_blocks": 3, "lstm_hidden_size": 60, "l2_lambda": 0.007157147867855061, "dropout_rate": 0.15488935268635393, "lr": 0.08385142316302482, "batch_size": 50}