{"out_channels": 123, "kernel_size": 7, "num_blocks": 3, "lstm_hidden_size": 34, "l2_lambda": 0.0013107214021118667, "dropout_rate": 0.4617612780141549, "lr": 0.09793801102248355, "batch_size": 18}