{"out_channels": 47, "kernel_size": 4, "num_blocks": 3, "lstm_hidden_size": 128, "l2_lambda": 0.0039290756521885685, "dropout_rate": 0.48548415147574764, "lr": 0.09871639564939917, "batch_size": 137}