{"out_channels": 89, "kernel_size": 4, "num_blocks": 3, "lstm_hidden_size": 79, "l2_lambda": 0.005013508677970683, "dropout_rate": 0.4093984755554968, "lr": 0.09826104973130613, "batch_size": 222}