{"out_channels": 74, "kernel_size": 4, "num_blocks": 1, "lstm_hidden_size": 41, "l2_lambda": 0.0020863909324154994, "dropout_rate": 0.34231505679191004, "lr": 0.04403232753706605, "batch_size": 35}