{"out_channels": 61, "kernel_size": 7, "num_blocks": 3, "lstm_hidden_size": 85, "l2_lambda": 0.004565242208007103, "dropout_rate": 0.3786818742746001, "lr": 0.04903881105293298, "batch_size": 139}