{"out_channels": 108, "kernel_size": 7, "num_blocks": 3, "lstm_hidden_size": 36, "l2_lambda": 0.008586841588799672, "dropout_rate": 0.22729893866210255, "lr": 0.08516337092883652, "batch_size": 126}