{"out_channels": 38, "kernel_size": 3, "num_blocks": 2, "lstm_hidden_size": 83, "l2_lambda": 0.006341961598544277, "dropout_rate": 0.3080919905573266, "lr": 0.021077304180624198, "batch_size": 33}