{"out_channels": 50, "kernel_size": 5, "num_blocks": 1, "lstm_hidden_size": 99, "l2_lambda": 0.0009242805138818585, "dropout_rate": 0.45015871456494316, "lr": 0.07511932288749884, "batch_size": 37}