{"out_channels": 53, "kernel_size": 5, "num_blocks": 2, "lstm_hidden_size": 120, "l2_lambda": 0.0041258415407720815, "dropout_rate": 0.23841366626839677, "lr": 0.06219983037564759, "batch_size": 37}