{"out_channels": 109, "kernel_size": 6, "num_blocks": 2, "lstm_hidden_size": 127, "l2_lambda": 0.00023770675921002782, "dropout_rate": 0.2762938928982417, "lr": 0.04896963494037294, "batch_size": 56}