{"out_channels": 67, "kernel_size": 4, "num_blocks": 2, "lstm_hidden_size": 122, "l2_lambda": 0.009322290885154516, "dropout_rate": 0.47983226720479855, "lr": 0.059408985520919944, "batch_size": 54}