{"out_channels": 50, "kernel_size": 6, "num_blocks": 2, "lstm_hidden_size": 53, "l2_lambda": 0.00867495764029276, "dropout_rate": 0.22384035223790286, "lr": 0.01715072627062648, "batch_size": 68}