{"out_channels": 125, "kernel_size": 6, "num_blocks": 1, "lstm_hidden_size": 117, "l2_lambda": 0.005532227113185194, "dropout_rate": 0.20733121933243007, "lr": 0.09356859333860276, "batch_size": 127}