{"out_channels": 19, "kernel_size": 3, "num_blocks": 1, "lstm_hidden_size": 45, "l2_lambda": 0.0007982825608212259, "dropout_rate": 0.3493113824149262, "lr": 0.0967817315752856, "batch_size": 86}