{"out_channels": 58, "kernel_size": 5, "num_blocks": 2, "lstm_hidden_size": 101, "l2_lambda": 0.007823942844814741, "dropout_rate": 0.37296579516549344, "lr": 0.09791515970988694, "batch_size": 254}