{"out_channels": 56, "kernel_size": 3, "num_blocks": 3, "lstm_hidden_size": 66, "l2_lambda": 0.008807934847536256, "dropout_rate": 0.4253199796129652, "lr": 0.04167630775848865, "batch_size": 75}