{"out_channels": 19, "kernel_size": 7, "num_blocks": 1, "lstm_hidden_size": 111, "l2_lambda": 0.008475290782945769, "dropout_rate": 0.13780614267471028, "lr": 0.055498829040827015, "batch_size": 211}