{"out_channels": 112, "kernel_size": 7, "num_blocks": 2, "lstm_hidden_size": 60, "l2_lambda": 0.007464044836981186, "dropout_rate": 0.20120190245059524, "lr": 0.024343473133215603, "batch_size": 236}