{"out_channels": 55, "kernel_size": 7, "num_blocks": 2, "lstm_hidden_size": 72, "l2_lambda": 0.0011454396298117432, "dropout_rate": 0.22663265897812224, "lr": 0.001359984730413329, "batch_size": 135}