{"out_channels": 114, "kernel_size": 7, "num_blocks": 2, "lstm_hidden_size": 85, "l2_lambda": 0.00673441032298357, "dropout_rate": 0.4467307100133957, "lr": 0.02624490603972788, "batch_size": 120}