{"out_channels": 124, "kernel_size": 4, "num_blocks": 1, "lstm_hidden_size": 36, "l2_lambda": 0.009167216836027782, "dropout_rate": 0.3782377270913516, "lr": 0.02702564790390033, "batch_size": 151}