{"out_channels": 68, "kernel_size": 3, "num_blocks": 3, "lstm_hidden_size": 87, "l2_lambda": 0.008580743707824127, "dropout_rate": 0.3442796368788559, "lr": 0.0788545626859548, "batch_size": 49}