{"out_channels": 102, "kernel_size": 6, "num_blocks": 2, "lstm_hidden_size": 72, "l2_lambda": 0.002092241258607192, "dropout_rate": 0.37939947819465814, "lr": 0.046827064815345966, "batch_size": 146}