{"out_channels": 27, "kernel_size": 4, "num_blocks": 3, "lstm_hidden_size": 72, "l2_lambda": 0.008511434616460185, "dropout_rate": 0.3528899237739246, "lr": 0.003768924791995864, "batch_size": 170}