{"out_channels": 93, "kernel_size": 5, "num_blocks": 1, "lstm_hidden_size": 68, "l2_lambda": 0.0053184680283316615, "dropout_rate": 0.1403886734693503, "lr": 0.01842983171289539, "batch_size": 67}