{"out_channels": 65, "kernel_size": 7, "num_blocks": 2, "lstm_hidden_size": 126, "l2_lambda": 0.0006561493725786704, "dropout_rate": 0.47665025427332897, "lr": 0.07092399739205979, "batch_size": 175}