{"out_channels": 18, "kernel_size": 7, "num_blocks": 2, "lstm_hidden_size": 33, "l2_lambda": 0.005975175032996726, "dropout_rate": 0.20633742013936127, "lr": 0.07143775000741977, "batch_size": 103}