{"out_channels": 23, "kernel_size": 4, "num_blocks": 2, "lstm_hidden_size": 35, "l2_lambda": 0.004204315684615243, "dropout_rate": 0.1142768905522341, "lr": 0.01082349777611713, "batch_size": 149}