{"out_channels": 111, "kernel_size": 6, "num_blocks": 2, "lstm_hidden_size": 110, "l2_lambda": 0.007555654896970023, "dropout_rate": 0.39183933628811995, "lr": 0.036864551562742924, "batch_size": 73}