{"out_channels": 56, "kernel_size": 7, "num_blocks": 3, "lstm_hidden_size": 59, "l2_lambda": 0.004993233226594516, "dropout_rate": 0.29932114479498895, "lr": 0.030329051152041615, "batch_size": 176}