{"out_channels": 71, "kernel_size": 5, "num_blocks": 3, "lstm_hidden_size": 55, "l2_lambda": 0.0031100833502964347, "dropout_rate": 0.1871442379424062, "lr": 0.04948139943307053, "batch_size": 60}