{"out_channels": 48, "kernel_size": 4, "num_blocks": 2, "lstm_hidden_size": 90, "l2_lambda": 0.0028026151722936356, "dropout_rate": 0.46318453297577333, "lr": 0.01759238753875959, "batch_size": 86}