{"out_channels": 62, "kernel_size": 4, "num_blocks": 1, "lstm_hidden_size": 127, "l2_lambda": 0.0017895786928880748, "dropout_rate": 0.36413601292693276, "lr": 0.07647903075211424, "batch_size": 80}