{"out_channels": 41, "kernel_size": 5, "num_blocks": 2, "lstm_hidden_size": 37, "l2_lambda": 0.0012306636200453262, "dropout_rate": 0.3557367476332812, "lr": 0.007776666465160147, "batch_size": 210}