{"out_channels": 73, "kernel_size": 3, "num_blocks": 2, "lstm_hidden_size": 56, "l2_lambda": 0.004247603983507313, "dropout_rate": 0.30339899092419864, "lr": 0.019503361369404462, "batch_size": 177}