{"out_channels": 94, "kernel_size": 4, "num_blocks": 3, "lstm_hidden_size": 52, "l2_lambda": 0.007520743635508507, "dropout_rate": 0.26924935567824965, "lr": 0.06531201093691145, "batch_size": 18}