{"out_channels": 102, "kernel_size": 6, "num_blocks": 1, "lstm_hidden_size": 37, "l2_lambda": 0.0029183066452368655, "dropout_rate": 0.3281637154307001, "lr": 0.03528119206972214, "batch_size": 109}