{"out_channels": 74, "kernel_size": 4, "num_blocks": 3, "lstm_hidden_size": 39, "l2_lambda": 0.006221937441504301, "dropout_rate": 0.22600661439694789, "lr": 0.04455990926595274, "batch_size": 155}