{"out_channels": 79, "kernel_size": 3, "num_blocks": 2, "lstm_hidden_size": 117, "l2_lambda": 0.0006720783858209089, "dropout_rate": 0.40539118356786086, "lr": 0.03776554646339362, "batch_size": 219}