{"max_depth": 9, "learning_rate": 0.06856596939289099, "subsample": 0.9364641509675786, "colsample_bytree": 0.8578716657796666, "gamma": 3.918202973914766, "lambda": 2.5213579403886036e-07, "alpha": 7.450609465278169e-06}