{"max_depth": 3, "learning_rate": 0.2367431378216829, "subsample": 0.6917733919097742, "colsample_bytree": 0.635846127501686, "gamma": 1.270328819024276, "lambda": 4.74166322863874e-06, "alpha": 7.885150998674806e-07}