{"max_depth": 3, "learning_rate": 0.14998749488164684, "subsample": 0.9628668887155218, "colsample_bytree": 0.6082225090008567, "gamma": 4.916449237696435, "lambda": 1.732940802288473e-08, "alpha": 0.4651111970800949}