{"max_depth": 3, "learning_rate": 0.16314463822908695, "subsample": 0.7164911257330322, "colsample_bytree": 0.6979137546530778, "gamma": 2.527864847307107, "lambda": 7.498241306120597e-07, "alpha": 0.19395380274209634}