{"max_depth": 6, "learning_rate": 0.17777350333590405, "subsample": 0.9157337490503066, "colsample_bytree": 0.6282952103549015, "gamma": 1.1220555760434152, "lambda": 0.0632599547426413, "alpha": 1.0951879657252151e-07}