{"max_depth": 6, "learning_rate": 0.24619753087273188, "subsample": 0.6926017457480091, "colsample_bytree": 0.9258275508413725, "gamma": 2.9673322664201187, "lambda": 6.049664253233868e-07, "alpha": 3.8733241776225075e-05}