{"max_depth": 8, "learning_rate": 0.19203766841196773, "subsample": 0.612947659837174, "colsample_bytree": 0.8317495639578585, "gamma": 2.2145866735070645, "lambda": 9.690734771045095e-06, "alpha": 0.0003664884779010576}