{"max_depth": 10, "learning_rate": 0.263331643486963, "subsample": 0.864084205679679, "colsample_bytree": 0.7910474387683462, "gamma": 1.9394180940886647, "lambda": 0.16058002660298742, "alpha": 0.052065780210526276}