{"max_depth": 3, "learning_rate": 0.042804513206610474, "subsample": 0.8011370309962997, "colsample_bytree": 0.9636524057978569, "gamma": 4.241082767551443, "lambda": 1.8296648803775962e-06, "alpha": 6.850493590663838e-05}