{"max_depth": 9, "learning_rate": 0.21640759136534443, "subsample": 0.9891868586165335, "colsample_bytree": 0.5458310513767693, "gamma": 3.434153350442134, "lambda": 0.006689681903252364, "alpha": 7.242657471587894e-07}