{"max_depth": 7, "learning_rate": 0.1506052909884351, "subsample": 0.6127222926415531, "colsample_bytree": 0.8843009575158691, "gamma": 2.8915480360608043, "lambda": 5.657460966310229e-07, "alpha": 3.505567189566097e-07}