{"max_depth": 7, "learning_rate": 0.21332498347050627, "subsample": 0.8641784631075916, "colsample_bytree": 0.6699176967122206, "gamma": 2.3187141081663047, "lambda": 2.9316233374545475e-07, "alpha": 0.002828856589928118}