{"max_depth": 6, "learning_rate": 0.21455849204378658, "subsample": 0.9001392760469543, "colsample_bytree": 0.589097443405836, "gamma": 2.0487097011265543, "lambda": 0.17959444673292005, "alpha": 0.0995468662305904}