{"max_depth": 7, "learning_rate": 0.17902855602069906, "subsample": 0.5583307034034546, "colsample_bytree": 0.6382614953723851, "gamma": 0.05960925809392226, "lambda": 0.020901731815207932, "alpha": 0.00012323822047969411}