{"max_depth": 9, "learning_rate": 0.1925832559849593, "subsample": 0.9323549394324666, "colsample_bytree": 0.9209328147850708, "gamma": 3.707524184559343, "lambda": 1.4056373194899032e-07, "alpha": 3.721252146391508e-08}