{"max_depth": 6, "learning_rate": 0.03001291454121529, "subsample": 0.8433259674987655, "colsample_bytree": 0.7106948926591538, "gamma": 0.7922595487760636, "lambda": 0.01038508116307476, "alpha": 1.8987974705280454e-08}