{"max_depth": 10, "learning_rate": 0.06720127119257266, "subsample": 0.9714564443596545, "colsample_bytree": 0.5183996181839601, "gamma": 1.0632965510436239, "lambda": 0.49728553683544036, "alpha": 0.0009035794256380435}