{"max_depth": 3, "learning_rate": 0.24639129878507476, "subsample": 0.6438196537083059, "colsample_bytree": 0.7372136275847965, "gamma": 4.271239619626007, "lambda": 0.030691765866524598, "alpha": 1.96445263020813e-06}