{"max_depth": 4, "learning_rate": 0.2431151974417733, "subsample": 0.7472567086000015, "colsample_bytree": 0.5456497370083067, "gamma": 4.191573181625446, "lambda": 0.40183106867002444, "alpha": 0.3222727525322876}