{"max_depth": 5, "learning_rate": 0.16134833344623975, "subsample": 0.6837742443990389, "colsample_bytree": 0.977048816336784, "gamma": 0.887979420103629, "lambda": 4.25611924229587e-05, "alpha": 8.405557988737697e-07}