{"max_depth": 4, "learning_rate": 0.0641738157844459, "subsample": 0.6718867249243643, "colsample_bytree": 0.9128400346859531, "gamma": 3.468011444156287, "lambda": 1.255970112426229e-07, "alpha": 2.367145537617638e-05}