{"max_depth": 4, "learning_rate": 0.09625330558378849, "subsample": 0.6876443648334771, "colsample_bytree": 0.8295240531327763, "gamma": 2.521574266761673, "lambda": 0.0012054702279065306, "alpha": 1.3792773715456918e-07}