{"max_depth": 9, "learning_rate": 0.09358634739473518, "subsample": 0.6864237301001546, "colsample_bytree": 0.7721540638814706, "gamma": 1.9367253825297903, "lambda": 0.01864736914562221, "alpha": 7.223265317437106e-05}