{"max_depth": 9, "learning_rate": 0.235603781794683, "subsample": 0.8618589734280981, "colsample_bytree": 0.6874795528151749, "gamma": 0.9657370304206186, "lambda": 5.170174355203217e-08, "alpha": 0.05329836986323025}