{"max_depth": 3, "learning_rate": 0.11758864946241557, "subsample": 0.8694434842111576, "colsample_bytree": 0.6805255971925154, "gamma": 3.4232276967733677, "lambda": 0.00012131092611386625, "alpha": 3.021954469318319e-07}