{"max_depth": 9, "learning_rate": 0.2522628287917613, "subsample": 0.5884103459312425, "colsample_bytree": 0.6534708780417476, "gamma": 1.820214013582926, "lambda": 0.02244582605118062, "alpha": 0.005059777256988157}