{"max_depth": 10, "learning_rate": 0.17927551943163547, "subsample": 0.8723949280312637, "colsample_bytree": 0.8630679390780581, "gamma": 4.040381587417757, "lambda": 0.0008384283055161883, "alpha": 0.0001726884007517053}