{"max_depth": 4, "learning_rate": 0.25929681790273745, "subsample": 0.9642807262125521, "colsample_bytree": 0.8979242666692855, "gamma": 2.5626690406589585, "lambda": 0.00033430264640924614, "alpha": 4.608118772513051e-06}