{"max_depth": 7, "learning_rate": 0.05410980847769046, "subsample": 0.7736157771850369, "colsample_bytree": 0.8905442373753079, "gamma": 4.266311408927202, "lambda": 0.904759119346295, "alpha": 0.11262165673553096}