{"max_depth": 10, "learning_rate": 0.1299954637711333, "subsample": 0.5387760183917695, "colsample_bytree": 0.6992772804380566, "gamma": 1.6722013492098338, "lambda": 3.0332245747949255e-08, "alpha": 2.5347387844507446e-05}