{"max_depth": 8, "learning_rate": 0.29333874403302945, "subsample": 0.8483353032012059, "colsample_bytree": 0.9294880148349618, "gamma": 3.8844810741012292, "lambda": 1.6373190390999697e-08, "alpha": 0.02988782222948035}