{"max_depth": 7, "learning_rate": 0.16759137834361915, "subsample": 0.6256394030734223, "colsample_bytree": 0.8260418260970601, "gamma": 3.4007353790490087, "lambda": 4.099267293692329e-08, "alpha": 0.0008110445203636395}