{"max_depth": 10, "learning_rate": 0.07096310413453343, "subsample": 0.6373497837190174, "colsample_bytree": 0.6967863601927095, "gamma": 3.6116087533067853, "lambda": 1.893254649294611e-05, "alpha": 3.6942406843669024e-07}