{"max_depth": 5, "learning_rate": 0.2694358744584883, "subsample": 0.6277917489689946, "colsample_bytree": 0.9547784090445656, "gamma": 4.237222607055254, "lambda": 0.12154949794069636, "alpha": 0.10438110224622345}