{"max_depth": 7, "learning_rate": 0.16912037771546495, "subsample": 0.7619818106227598, "colsample_bytree": 0.5757506558304619, "gamma": 0.6979655597848716, "lambda": 0.0009125531184162912, "alpha": 2.6030108473844607e-08}