{"max_depth": 9, "learning_rate": 0.28952597167453253, "subsample": 0.9267475729010988, "colsample_bytree": 0.5986890576356073, "gamma": 0.47028613114749707, "lambda": 8.857066354363996e-08, "alpha": 0.17354565575729783}