{"max_depth": 7, "learning_rate": 0.2109164606227663, "subsample": 0.64176407919982, "colsample_bytree": 0.6511343722816956, "gamma": 0.6267692215323784, "lambda": 0.031067247939264523, "alpha": 9.734120062220747e-07}