{"max_depth": 4, "learning_rate": 0.15744001683147502, "subsample": 0.9561328492954022, "colsample_bytree": 0.5431508430055885, "gamma": 1.7989804315325113, "lambda": 2.828720545228907e-06, "alpha": 0.02186377942689941}