{"max_depth": 3, "learning_rate": 0.029005765442417376, "subsample": 0.9394541977782358, "colsample_bytree": 0.9036282012318659, "gamma": 2.341908520968169, "lambda": 0.18297441050936733, "alpha": 0.0004511071178207396}