{"max_depth": 5, "learning_rate": 0.24358303195196052, "subsample": 0.5081728031005288, "colsample_bytree": 0.6164664599504771, "gamma": 2.056081592108814, "lambda": 2.370210312896866e-06, "alpha": 2.0483008185639403e-06}