{"max_depth": 4, "learning_rate": 0.22730457482120675, "subsample": 0.7774816087189792, "colsample_bytree": 0.660494800299843, "gamma": 1.3160946371964717, "lambda": 2.7610859968971063e-06, "alpha": 0.00020192911946130158}