{"max_depth": 7, "learning_rate": 0.18799343146217565, "subsample": 0.8210538089832006, "colsample_bytree": 0.7629327953055232, "gamma": 1.1270040581502283, "lambda": 2.983323307554022e-08, "alpha": 8.404235772417712e-06}