{"max_depth": 10, "learning_rate": 0.15440879349600303, "subsample": 0.8425234061106028, "colsample_bytree": 0.8938127253155796, "gamma": 4.3575582668980095, "lambda": 0.0004564475657876756, "alpha": 0.8554072126565646}