{"max_depth": 10, "learning_rate": 0.18628156343751226, "subsample": 0.8971969521944785, "colsample_bytree": 0.6575810760481203, "gamma": 2.8179996562025202, "lambda": 3.872555978665161e-06, "alpha": 3.0852419951505633e-07}