{"max_depth": 7, "learning_rate": 0.11223997633224597, "subsample": 0.9471638869177905, "colsample_bytree": 0.748574779310069, "gamma": 4.348823828546965, "lambda": 0.8773034235707581, "alpha": 0.0011034632719018498}