{"max_depth": 10, "learning_rate": 0.16435929371147073, "subsample": 0.6884283996038107, "colsample_bytree": 0.5819441318801338, "gamma": 0.8612252238748652, "lambda": 0.03952923617416056, "alpha": 1.8328745771404227e-07}