{"max_depth": 7, "learning_rate": 0.020575481686230385, "subsample": 0.7879270113292665, "colsample_bytree": 0.5151930557890485, "gamma": 3.1563209192938175, "lambda": 0.001646333180319997, "alpha": 0.0007412365820914393}