{"max_depth": 6, "learning_rate": 0.16120916403672514, "subsample": 0.511609856457879, "colsample_bytree": 0.8707859104126674, "gamma": 1.363029200233901, "lambda": 2.4266477251364676e-06, "alpha": 0.009026101743505252}