{"max_depth": 10, "learning_rate": 0.28911730483150716, "subsample": 0.5579834946045863, "colsample_bytree": 0.5480023264794573, "gamma": 4.179071134681534, "lambda": 0.00011872016238801935, "alpha": 4.185094152341968e-05}