{"max_depth": 5, "learning_rate": 0.19125536172492902, "subsample": 0.742412364517826, "colsample_bytree": 0.5780606862688826, "gamma": 4.63570926001365, "lambda": 4.203298409048355e-06, "alpha": 2.116025366567517e-06}