{"max_depth": 3, "learning_rate": 0.27151023316475703, "subsample": 0.5219453724743297, "colsample_bytree": 0.5207931560494226, "gamma": 2.3861060617273373, "lambda": 0.010915345175576843, "alpha": 7.38961082027679e-05}