{"max_depth": 10, "learning_rate": 0.0373763480493884, "subsample": 0.5707862784306827, "colsample_bytree": 0.5926340050296379, "gamma": 0.9446288063315855, "lambda": 0.5262088719384905, "alpha": 9.666343569159146e-08}