{"max_depth": 3, "learning_rate": 0.27318987932897193, "subsample": 0.5767469552422987, "colsample_bytree": 0.9473643133944389, "gamma": 4.380956205789507, "lambda": 0.06698473598301245, "alpha": 1.2974706584151831e-05}