{"max_depth": 5, "learning_rate": 0.23375906727453638, "subsample": 0.8707144372233567, "colsample_bytree": 0.7235835450583941, "gamma": 4.646838181001092, "lambda": 2.4960397833157542e-05, "alpha": 0.0005631801885029004}