{"max_depth": 7, "learning_rate": 0.1664687482400058, "subsample": 0.6742195523120733, "colsample_bytree": 0.5000468540273795, "gamma": 2.446972748601083, "lambda": 3.2564175265238454e-05, "alpha": 8.962247974808793e-05}