{"sequence_length": 8, "hidden_size": 85, "num_layers": 1, "num_blocks": 5, "dropout_rate": 0.10439784073782166, "lr": 0.028500355365895992}