{"sequence_length": 20, "hidden_size": 118, "num_layers": 2, "num_blocks": 2, "dropout_rate": 0.43945216670216625, "lr": 0.0717553203413616}