{"sequence_length": 3, "hidden_size": 110, "num_layers": 2, "num_blocks": 1, "dropout_rate": 0.44601774514305903, "lr": 0.07187304691544075}