{"sequence_length": 20, "hidden_size": 56, "num_layers": 1, "num_blocks": 3, "dropout_rate": 0.30500759001755484, "lr": 0.08383405497472622, "batch_size": 241}