{"sequence_length": 20, "hidden_size": 64, "num_layers": 1, "num_blocks": 2, "dropout_rate": 0.3988019190613411, "lr": 0.08196945081114534, "batch_size": 199}