{"sequence_length": 20, "hidden_size": 57, "num_layers": 3, "num_blocks": 1, "dropout_rate": 0.16886242119525643, "lr": 0.09628857479284328}