{"sequence_length": 22, "hidden_size": 70, "num_layers": 1, "num_blocks": 5, "dropout_rate": 0.12007073253885273, "lr": 0.054377241939852675}