{"sequence_length": 21, "hidden_size": 120, "num_layers": 1, "num_blocks": 2, "dropout_rate": 0.42242712076090094, "lr": 0.05573624428191056}