{"sequence_length": 26, "hidden_size": 28, "num_layers": 1, "num_blocks": 3, "dropout_rate": 0.3824500183015922, "lr": 0.05145211840388188}