{"sequence_length": 17, "hidden_size": 112, "num_layers": 3, "num_blocks": 1, "dropout_rate": 0.15154468587674852, "lr": 0.015835968777318226}