{"sequence_length": 19, "hidden_size": 76, "num_layers": 1, "num_blocks": 2, "dropout_rate": 0.1806533165871076, "lr": 0.03406595616044967, "batch_size": 80}