{"sequence_length": 30, "hidden_size": 101, "num_layers": 3, "num_blocks": 1, "dropout_rate": 0.37486233601088337, "lr": 0.07814315276421316}