{"sequence_length": 30, "hidden_size": 31, "num_layers": 3, "num_blocks": 2, "dropout_rate": 0.24079063644036497, "lr": 0.09179101982992299}