{"sequence_length": 4, "hidden_size": 70, "num_layers": 1, "num_blocks": 3, "dropout_rate": 0.3811768610134114, "lr": 0.08982082857855732, "batch_size": 71, "l2_lambda": 0.001018927867500121}