{"sequence_length": 16, "hidden_size": 22, "num_layers": 2, "num_blocks": 2, "dropout_rate": 0.27460833493099146, "lr": 0.09572233360939601}