{"sequence_length": 17, "hidden_size": 68, "num_layers": 3, "num_blocks": 3, "dropout_rate": 0.438315240328089, "lr": 0.0765557068320388}