{"sequence_length": 5, "hidden_size": 109, "num_layers": 3, "num_blocks": 3, "dropout_rate": 0.2270159105547761, "lr": 0.04862767479903361, "batch_size": 48}