{"sequence_length": 24, "hidden_size": 94, "num_layers": 2, "num_blocks": 4, "dropout_rate": 0.45935438032341125, "lr": 0.07334549462448332}