{"sequence_length": 2, "hidden_size": 47, "num_layers": 1, "num_blocks": 1, "dropout_rate": 0.16098228808854023, "lr": 0.019541932311205566, "batch_size": 112}