{"sequence_length": 21, "hidden_size": 36, "num_layers": 2, "num_blocks": 5, "dropout_rate": 0.10635168819228356, "lr": 0.05005348937738998}