{"sequence_length": 30, "hidden_size": 90, "num_layers": 2, "num_blocks": 3, "dropout_rate": 0.4032754421263606, "lr": 0.009575730930218565}