{"sequence_length": 11, "hidden_size": 125, "num_layers": 2, "num_blocks": 1, "dropout_rate": 0.3102703321400067, "lr": 0.009530705892542035, "batch_size": 44}