{"sequence_length": 29, "hidden_size": 70, "num_layers": 3, "num_blocks": 2, "dropout_rate": 0.41915894900601147, "lr": 0.012138002177053195, "batch_size": 246}