{"sequence_length": 15, "hidden_size": 52, "num_layers": 2, "num_blocks": 1, "dropout_rate": 0.10942673597777884, "lr": 0.0517692463435828, "batch_size": 48}