{"sequence_length": 25, "hidden_size": 105, "num_layers": 3, "num_blocks": 2, "dropout_rate": 0.19499568665034395, "lr": 0.0027069030521410576}