{"sequence_length": 16, "hidden_size": 115, "num_layers": 1, "num_blocks": 4, "dropout_rate": 0.19044266483335093, "lr": 0.09978094740746664}