{"sequence_length": 16, "hidden_size": 67, "num_layers": 2, "num_blocks": 3, "dropout_rate": 0.3408356472685301, "lr": 0.07298932243058266, "batch_size": 40}