{"sequence_length": 29, "hidden_size": 117, "num_layers": 2, "num_blocks": 2, "dropout_rate": 0.4553231717823788, "lr": 0.025863401395151437, "batch_size": 117, "l2_lambda": 0.008053967644986879}