{"sequence_length": 10, "hidden_size": 41, "num_layers": 2, "num_blocks": 1, "dropout_rate": 0.1971393830133119, "lr": 0.06639215879495736, "batch_size": 184}