{"sequence_length": 23, "hidden_size": 95, "num_layers": 3, "num_blocks": 3, "dropout_rate": 0.33708482345092283, "lr": 0.01270977462002009}