{"sequence_length": 9, "hidden_size": 104, "num_layers": 2, "num_blocks": 2, "dropout_rate": 0.36760908495407985, "lr": 0.003110667940782308, "batch_size": 191}