{"sequence_length": 14, "hidden_size": 107, "num_layers": 3, "num_blocks": 1, "dropout_rate": 0.487014511665226, "lr": 0.05852999122180069}