{"sequence_length": 30, "hidden_size": 85, "num_layers": 1, "num_blocks": 2, "dropout_rate": 0.35934010000892436, "lr": 0.08808101661606177}