{"sequence_length": 16, "hidden_size": 113, "num_layers": 2, "num_blocks": 2, "dropout_rate": 0.40656114202748206, "lr": 0.06459866787710372}