{"sequence_length": 13, "hidden_size": 31, "num_layers": 1, "num_blocks": 5, "dropout_rate": 0.31907615496008757, "lr": 0.038831602927146304}