{"sequence_length": 13, "hidden_size": 65, "num_layers": 2, "num_blocks": 3, "dropout_rate": 0.3935948526316919, "lr": 0.07595054937313693, "batch_size": 148, "l2_lambda": 0.0043549871547095415}