{"sequence_length": 6, "hidden_size": 89, "num_layers": 2, "num_blocks": 2, "dropout_rate": 0.12696975152202677, "lr": 0.09071338216423147}