{"sequence_length": 19, "hidden_size": 71, "num_layers": 2, "num_blocks": 1, "dropout_rate": 0.2522454539268418, "lr": 0.0793472801705542}