{"sequence_length": 23, "hidden_size": 23, "num_layers": 1, "num_blocks": 3, "dropout_rate": 0.21911509337169888, "lr": 0.006629384750063111, "batch_size": 156}