{"sequence_length": 21, "hidden_size": 52, "num_layers": 2, "num_blocks": 3, "dropout_rate": 0.4956001142438434, "lr": 0.05329927268507367}