{"sequence_length": 7, "hidden_size": 87, "num_layers": 1, "num_blocks": 3, "dropout_rate": 0.46161324888890665, "lr": 0.0009299910930561726, "batch_size": 167}