{"sequence_length": 9, "hidden_size": 112, "num_layers": 2, "num_blocks": 1, "dropout_rate": 0.48370520995236477, "lr": 0.0790342170792942}