{"sequence_length": 23, "hidden_size": 93, "num_layers": 1, "num_blocks": 1, "dropout_rate": 0.10927683941789677, "lr": 0.02664712565422592}