{"sequence_length": 15, "hidden_size": 49, "num_layers": 1, "num_blocks": 3, "dropout_rate": 0.45099250998939255, "lr": 0.09726695377050887}