{"sequence_length": 4, "hidden_size": 112, "num_layers": 3, "num_blocks": 1, "dropout_rate": 0.26635995044469524, "lr": 0.09061486562526908}