{"sequence_length": 30, "hidden_size": 99, "num_layers": 1, "num_blocks": 3, "dropout_rate": 0.35505059031976627, "lr": 0.0019992646030737955}