{"sequence_length": 17, "hidden_size": 98, "num_layers": 1, "num_blocks": 1, "dropout_rate": 0.19148407075227356, "lr": 0.05623893185895114}