{"sequence_length": 7, "hidden_size": 65, "num_layers": 1, "num_blocks": 3, "dropout_rate": 0.496306421486438, "lr": 0.0174381545531319}