{"sequence_length": 5, "hidden_size": 45, "num_layers": 1, "num_blocks": 3, "dropout_rate": 0.4888127641424944, "lr": 0.05053138642220368}