{"sequence_length": 14, "hidden_size": 44, "num_layers": 3, "num_blocks": 3, "dropout_rate": 0.18095816431598408, "lr": 0.03762319955573801}