{"sequence_length": 23, "hidden_size": 18, "num_layers": 3, "num_blocks": 1, "dropout_rate": 0.17496769170633042, "lr": 0.09151418463821641}