{"sequence_length": 22, "hidden_size": 69, "num_layers": 1, "num_blocks": 5, "dropout_rate": 0.4908434542758774, "lr": 0.03615538017052025}