{"sequence_length": 23, "hidden_size": 88, "num_layers": 3, "num_blocks": 3, "dropout_rate": 0.3803148267000507, "lr": 0.036223945029292146}