{"sequence_length": 5, "hidden_size": 118, "num_layers": 3, "num_blocks": 3, "dropout_rate": 0.1551421984132363, "lr": 0.05845370081888175}