{"sequence_length": 30, "hidden_size": 29, "num_layers": 3, "num_blocks": 1, "dropout_rate": 0.21617121859886834, "lr": 0.05758723116566823}