{"sequence_length": 11, "hidden_size": 43, "num_layers": 3, "num_blocks": 2, "dropout_rate": 0.3560268728266378, "lr": 0.040913161259801885, "batch_size": 98}