{"sequence_length": 22, "hidden_size": 103, "num_layers": 3, "num_blocks": 3, "dropout_rate": 0.11959475107144746, "lr": 0.07882490854356652}