{"sequence_length": 21, "hidden_size": 70, "num_layers": 2, "num_blocks": 3, "dropout_rate": 0.2610650110999032, "lr": 0.052434911350607016}