{"sequence_length": 10, "hidden_size": 81, "num_layers": 3, "num_blocks": 5, "dropout_rate": 0.22504482768747566, "lr": 0.09849785482663567}