{"sequence_length": 10, "hidden_size": 40, "num_layers": 1, "num_blocks": 2, "dropout_rate": 0.4721188269261368, "lr": 0.03937573888458735}