{"sequence_length": 23, "hidden_size": 21, "num_layers": 2, "num_blocks": 3, "dropout_rate": 0.24797584325385721, "lr": 0.014387518524833817, "batch_size": 20}