{"sequence_length": 17, "hidden_size": 91, "num_layers": 1, "num_blocks": 3, "dropout_rate": 0.2342912370017273, "lr": 0.052367749439102135}