{"sequence_length": 18, "hidden_size": 118, "num_layers": 2, "num_blocks": 2, "dropout_rate": 0.45534466053609035, "lr": 0.08775451053694182, "batch_size": 198}