{"sequence_length": 22, "hidden_size": 127, "num_layers": 1, "num_blocks": 5, "dropout_rate": 0.18882662821609772, "lr": 0.06290869462973965}