{"sequence_length": 16, "hidden_size": 92, "num_layers": 1, "num_blocks": 1, "dropout_rate": 0.17217032152810532, "lr": 0.02687319166037934}