{"sequence_length": 10, "hidden_size": 22, "num_layers": 1, "num_blocks": 3, "dropout_rate": 0.36877066481061005, "lr": 0.09732660483062139}