{"sequence_length": 26, "hidden_size": 26, "num_layers": 3, "num_blocks": 3, "dropout_rate": 0.14765760621856872, "lr": 0.019508612473171472}