{"sequence_length": 3, "hidden_size": 93, "num_layers": 2, "num_blocks": 2, "dropout_rate": 0.23458084993163797, "lr": 0.09394839072157495, "batch_size": 32}