{"sequence_length": 24, "hidden_size": 95, "num_layers": 2, "num_blocks": 3, "dropout_rate": 0.46918145974210457, "lr": 0.09633631583695969}