{"sequence_length": 14, "hidden_size": 117, "num_layers": 3, "num_blocks": 3, "dropout_rate": 0.41496845127440185, "lr": 0.015065147739197237, "batch_size": 118}