{"sequence_length": 30, "hidden_size": 94, "num_layers": 2, "num_blocks": 2, "dropout_rate": 0.22389322703720804, "lr": 0.012423795628043459}