{"sequence_length": 15, "hidden_size": 111, "num_layers": 3, "num_blocks": 2, "dropout_rate": 0.3139554544703055, "lr": 0.02173566438856279, "batch_size": 39, "l2_lambda": 0.0014645001509877222}