{"sequence_length": 13, "hidden_size": 119, "num_layers": 3, "num_blocks": 1, "dropout_rate": 0.4205159152934601, "lr": 0.0024854980302883045}