{"sequence_length": 23, "hidden_size": 53, "num_layers": 1, "num_blocks": 1, "dropout_rate": 0.274782397506588, "lr": 0.07757438175579034}