{"sequence_length": 15, "hidden_size": 73, "num_layers": 2, "num_blocks": 5, "dropout_rate": 0.1796754332061138, "lr": 0.03366532891717656}