{"sequence_length": 2, "hidden_size": 22, "num_layers": 3, "num_blocks": 5, "dropout_rate": 0.2030225022796842, "lr": 0.02658337211933843}