{"sequence_length": 10, "hidden_size": 84, "num_layers": 3, "num_blocks": 3, "dropout_rate": 0.21785830449953153, "lr": 0.08591248929019868}