{"sequence_length": 28, "hidden_size": 112, "num_layers": 2, "num_blocks": 1, "dropout_rate": 0.3617925433487552, "lr": 0.011339219936185668}