{"sequence_length": 30, "hidden_size": 97, "num_layers": 2, "num_blocks": 4, "dropout_rate": 0.24345024720377012, "lr": 0.047783908379084424}