{"sequence_length": 2, "hidden_size": 80, "num_layers": 3, "num_blocks": 1, "dropout_rate": 0.4396150410853411, "lr": 0.09176462434546898, "batch_size": 229, "l2_lambda": 0.00849249852298589}