{"sequence_length": 28, "hidden_size": 18, "num_layers": 2, "num_blocks": 4, "dropout_rate": 0.1264949896576523, "lr": 0.0754077033690708}