{"sequence_length": 22, "hidden_size": 21, "num_layers": 2, "num_blocks": 3, "dropout_rate": 0.24456377784458827, "lr": 0.0010584563603653386}