{"sequence_length": 9, "hidden_size": 110, "num_layers": 3, "num_blocks": 5, "dropout_rate": 0.2185025403096329, "lr": 0.023018149447882986}