{"sequence_length": 14, "hidden_size": 88, "num_layers": 1, "num_blocks": 2, "dropout_rate": 0.480399958866949, "lr": 0.00270073314904401}