{"sequence_length": 24, "hidden_size": 56, "num_layers": 2, "num_blocks": 4, "dropout_rate": 0.46222268718174664, "lr": 0.0017131621628028516}