{"sequence_length": 10, "hidden_size": 128, "num_layers": 1, "num_blocks": 1, "dropout_rate": 0.23914398211740764, "lr": 0.010506455991583171}