{"sequence_length": 21, "hidden_size": 76, "num_layers": 3, "num_blocks": 3, "dropout_rate": 0.4497786225233712, "lr": 0.03702331380137221}