{"sequence_length": 29, "hidden_size": 35, "num_layers": 3, "num_blocks": 1, "dropout_rate": 0.3826716243201983, "lr": 0.09316636483755224}