{"sequence_length": 21, "hidden_size": 28, "num_layers": 3, "num_blocks": 1, "dropout_rate": 0.21459060726904278, "lr": 0.050097434298649025}