{"sequence_length": 27, "hidden_size": 53, "num_layers": 1, "num_blocks": 1, "dropout_rate": 0.10413634838705957, "lr": 0.08254210787886514}