{"sequence_length": 4, "hidden_size": 109, "num_layers": 2, "num_blocks": 3, "dropout_rate": 0.382859429584664, "lr": 0.08898551392137284}