{"sequence_length": 10, "hidden_size": 27, "num_layers": 3, "num_blocks": 2, "dropout_rate": 0.47752373969082784, "lr": 0.08290941028961804}