{"sequence_length": 21, "hidden_size": 80, "num_layers": 3, "num_blocks": 3, "dropout_rate": 0.45470308092416356, "lr": 0.08419146199329915}