{"sequence_length": 19, "hidden_size": 52, "num_layers": 1, "num_blocks": 5, "dropout_rate": 0.428160105766647, "lr": 0.0331739653889878}