{"sequence_length": 20, "hidden_size": 120, "num_layers": 1, "num_blocks": 2, "dropout_rate": 0.308754712901555, "lr": 0.02500987939300266, "batch_size": 41, "l2_lambda": 0.007203059527034515}