{"sequence_length": 7, "hidden_size": 16, "num_layers": 1, "num_blocks": 1, "dropout_rate": 0.2974851233589837, "lr": 0.07575751547011164}