{"sequence_length": 5, "hidden_size": 25, "num_layers": 1, "num_blocks": 3, "dropout_rate": 0.20647724669233103, "lr": 0.0006349396427093995}