{"sequence_length": 5, "hidden_size": 89, "num_layers": 1, "num_blocks": 3, "dropout_rate": 0.17577839107440602, "lr": 0.07164481103735104}