{"sequence_length": 15, "hidden_size": 20, "num_layers": 2, "num_blocks": 4, "dropout_rate": 0.1300508434479765, "lr": 0.007684281676787159}