{"sequence_length": 21, "hidden_size": 120, "num_layers": 3, "num_blocks": 3, "dropout_rate": 0.35319278257626474, "lr": 0.014260518398054112, "batch_size": 201, "l2_lambda": 0.00035641118495838113}