{"sequence_length": 7, "hidden_size": 26, "num_layers": 1, "num_blocks": 1, "dropout_rate": 0.49923075419154095, "lr": 0.02224030224680687}