{"sequence_length": 3, "hidden_size": 127, "num_layers": 2, "num_blocks": 2, "dropout_rate": 0.4696534762584498, "lr": 0.09881550726464963}