{"sequence_length": 8, "hidden_size": 35, "num_layers": 2, "num_blocks": 3, "dropout_rate": 0.10427321853853644, "lr": 0.04944734120190989}