{"sequence_length": 24, "hidden_size": 34, "num_layers": 2, "num_blocks": 3, "dropout_rate": 0.2375193560717871, "lr": 0.09896345674227791}