{"sequence_length": 18, "hidden_size": 70, "num_layers": 1, "num_blocks": 3, "dropout_rate": 0.2228616578846989, "lr": 0.08107036659999575, "batch_size": 216}