{"sequence_length": 28, "hidden_size": 27, "num_layers": 3, "num_blocks": 1, "dropout_rate": 0.22106104465367005, "lr": 0.04384578599677277}