{"sequence_length": 13, "hidden_size": 113, "num_layers": 1, "num_blocks": 2, "dropout_rate": 0.3396362451100852, "lr": 0.07388186581259622}