{"sequence_length": 2, "hidden_size": 96, "num_layers": 1, "num_blocks": 3, "dropout_rate": 0.4795064693785793, "lr": 0.0035426280054741276}