{"sequence_length": 20, "hidden_size": 29, "num_layers": 3, "num_blocks": 2, "dropout_rate": 0.33045399666460606, "lr": 0.0436758816039314}