{"sequence_length": 17, "hidden_size": 85, "num_layers": 1, "num_blocks": 4, "dropout_rate": 0.4814139888474892, "lr": 0.014268439952317741}