{"sequence_length": 2, "hidden_size": 57, "num_layers": 2, "num_blocks": 3, "dropout_rate": 0.10045739560171102, "lr": 0.05663355361048398}