{"sequence_length": 26, "hidden_size": 63, "num_layers": 1, "num_blocks": 2, "dropout_rate": 0.18050711634028582, "lr": 0.07539241616639583, "batch_size": 181}