{"sequence_length": 20, "hidden_size": 30, "num_layers": 2, "num_blocks": 4, "dropout_rate": 0.2770753980525099, "lr": 0.09283923967837578}