{"sequence_length": 22, "hidden_size": 91, "num_layers": 2, "num_blocks": 2, "dropout_rate": 0.45624865002267645, "lr": 0.014390202248793357, "batch_size": 214}