{"sequence_length": 30, "hidden_size": 17, "num_layers": 1, "num_blocks": 1, "dropout_rate": 0.18416611596218213, "lr": 0.07221278606263853}