{"sequence_length": 28, "hidden_size": 120, "num_layers": 3, "num_blocks": 3, "dropout_rate": 0.4309465032585533, "lr": 0.008834033545646616}