{"sequence_length": 28, "hidden_size": 80, "num_layers": 1, "num_blocks": 1, "dropout_rate": 0.3951502578479653, "lr": 0.050095337095216026}