{"sequence_length": 21, "hidden_size": 43, "num_layers": 2, "num_blocks": 1, "dropout_rate": 0.15903318237238842, "lr": 0.08238834863556897, "batch_size": 93}