{"sequence_length": 17, "hidden_size": 118, "num_layers": 1, "num_blocks": 1, "dropout_rate": 0.10509893214693533, "lr": 0.02149802703038651}