{"sequence_length": 8, "hidden_size": 48, "num_layers": 2, "num_blocks": 3, "dropout_rate": 0.40294023135827417, "lr": 0.048645190417587615, "batch_size": 115, "l2_lambda": 0.005888452255860088}