{"sequence_length": 24, "hidden_size": 53, "num_layers": 2, "num_blocks": 3, "dropout_rate": 0.22264220900036058, "lr": 0.046394595925788186, "batch_size": 31}