{"sequence_length": 9, "hidden_size": 125, "num_layers": 3, "num_blocks": 1, "dropout_rate": 0.44843670092516064, "lr": 0.044389694412504434}