{"sequence_length": 10, "hidden_size": 51, "num_layers": 2, "num_blocks": 3, "dropout_rate": 0.3748644383522145, "lr": 0.08710730158866965, "batch_size": 102}