{"sequence_length": 12, "hidden_size": 126, "num_layers": 1, "num_blocks": 1, "dropout_rate": 0.3222207709756145, "lr": 0.012258980466806601}