{"sequence_length": 19, "hidden_size": 121, "num_layers": 2, "num_blocks": 1, "dropout_rate": 0.17033165049759796, "lr": 0.0655683676042659}