{"sequence_length": 28, "hidden_size": 33, "num_layers": 3, "num_blocks": 1, "dropout_rate": 0.1460153173358869, "lr": 0.019016901931504408}