{"sequence_length": 8, "hidden_size": 62, "num_layers": 1, "num_blocks": 3, "dropout_rate": 0.43110906275062266, "lr": 0.06516448989355941, "batch_size": 97, "l2_lambda": 0.0007372527131423982}