{"sequence_length": 23, "hidden_size": 113, "num_layers": 3, "num_blocks": 4, "dropout_rate": 0.31699828440154654, "lr": 0.07981494341852478}