{"sequence_length": 21, "hidden_size": 57, "num_layers": 1, "num_blocks": 3, "dropout_rate": 0.17476159772566252, "lr": 0.0689845772942971}