{"sequence_length": 14, "hidden_size": 31, "num_layers": 2, "num_blocks": 3, "dropout_rate": 0.3496115751607757, "lr": 0.017584853464678377}