{"sequence_length": 19, "hidden_size": 120, "num_layers": 1, "num_blocks": 4, "dropout_rate": 0.2932007088529054, "lr": 0.05227568573934989}