{"sequence_length": 10, "hidden_size": 49, "num_layers": 1, "num_blocks": 1, "dropout_rate": 0.1880554042604375, "lr": 0.09657008863212495}