{"sequence_length": 22, "hidden_size": 34, "num_layers": 2, "num_blocks": 1, "dropout_rate": 0.3596328402883774, "lr": 0.09983764662345194, "batch_size": 55, "l2_lambda": 0.004472807528165078}