{"sequence_length": 5, "hidden_size": 16, "num_layers": 3, "num_blocks": 1, "dropout_rate": 0.49955379709930314, "lr": 0.062026584633783396}