{"sequence_length": 11, "hidden_size": 46, "num_layers": 1, "num_blocks": 3, "dropout_rate": 0.43985276231484616, "lr": 0.09695141560685021}