{"sequence_length": 13, "hidden_size": 24, "num_layers": 3, "num_blocks": 5, "dropout_rate": 0.17040860897822413, "lr": 0.02493342748728427}