{"sequence_length": 28, "hidden_size": 115, "num_layers": 2, "num_blocks": 1, "dropout_rate": 0.26013981887841986, "lr": 0.05295192204637572}