{"sequence_length": 7, "hidden_size": 41, "num_layers": 3, "num_blocks": 2, "dropout_rate": 0.4986026972028713, "lr": 0.04306116588845655}