{"sequence_length": 18, "hidden_size": 117, "num_layers": 1, "num_blocks": 2, "dropout_rate": 0.11057890149751307, "lr": 0.061634589280681336}