{"sequence_length": 3, "hidden_size": 118, "num_layers": 3, "num_blocks": 3, "dropout_rate": 0.3804983648959942, "lr": 0.05040012995057355}