{"sequence_length": 20, "hidden_size": 91, "num_layers": 2, "num_blocks": 3, "dropout_rate": 0.3083568626446016, "lr": 0.03573469038995126}