{"sequence_length": 28, "hidden_size": 102, "num_layers": 2, "num_blocks": 5, "dropout_rate": 0.20174874092855166, "lr": 0.07223436762929653}