{"sequence_length": 11, "hidden_size": 47, "num_layers": 3, "num_blocks": 1, "dropout_rate": 0.4142327564549493, "lr": 0.0007775971049827858}