{"sequence_length": 26, "hidden_size": 109, "num_layers": 2, "num_blocks": 3, "dropout_rate": 0.46218459566673953, "lr": 0.06632411950100847, "batch_size": 119}