{"sequence_length": 23, "hidden_size": 72, "num_layers": 3, "num_blocks": 2, "dropout_rate": 0.10030198443512686, "lr": 0.054449150783968114, "batch_size": 27}