{"sequence_length": 18, "hidden_size": 25, "num_layers": 3, "num_blocks": 2, "dropout_rate": 0.4786468929663006, "lr": 0.06288847940817127}