{"sequence_length": 10, "hidden_size": 87, "num_layers": 1, "num_blocks": 1, "dropout_rate": 0.3439854923814905, "lr": 0.013247145879552396}