{"sequence_length": 29, "hidden_size": 26, "num_layers": 2, "num_blocks": 3, "dropout_rate": 0.17859973387860442, "lr": 0.05660821876690876}