{"sequence_length": 30, "hidden_size": 24, "num_layers": 3, "num_blocks": 4, "dropout_rate": 0.15237182211372444, "lr": 0.0987804898700225}