{"sequence_length": 17, "hidden_size": 89, "num_layers": 3, "num_blocks": 1, "dropout_rate": 0.17202630823692905, "lr": 0.06594998467629447, "batch_size": 81, "l2_lambda": 0.006703903930761255}