{"sequence_length": 21, "hidden_size": 46, "num_layers": 1, "num_blocks": 2, "dropout_rate": 0.4608468925629102, "lr": 0.033427294203512925}