{"sequence_length": 8, "hidden_size": 46, "num_layers": 3, "num_blocks": 2, "dropout_rate": 0.4234866114812158, "lr": 0.08610267773595144, "batch_size": 201}