{"sequence_length": 11, "hidden_size": 128, "num_layers": 1, "num_blocks": 3, "dropout_rate": 0.48069973119901477, "lr": 0.07660640306033127}