{"sequence_length": 11, "hidden_size": 97, "num_layers": 1, "num_blocks": 1, "dropout_rate": 0.28641136527142985, "lr": 0.015327751316357224}