{"sequence_length": 28, "hidden_size": 103, "num_layers": 2, "num_blocks": 2, "dropout_rate": 0.2213357521727637, "lr": 0.03806888668456761, "batch_size": 121, "l2_lambda": 0.006041010660236695}