{"sequence_length": 19, "hidden_size": 30, "num_layers": 2, "num_blocks": 1, "dropout_rate": 0.1976129366834577, "lr": 0.08380372910232592}