{"sequence_length": 4, "hidden_size": 40, "num_layers": 2, "num_blocks": 3, "dropout_rate": 0.46911179543296366, "lr": 0.09506246609506015}