{"sequence_length": 15, "hidden_size": 55, "num_layers": 3, "num_blocks": 2, "dropout_rate": 0.2902498046117036, "lr": 0.061840161306469785}