{"sequence_length": 20, "hidden_size": 32, "num_layers": 2, "num_blocks": 3, "dropout_rate": 0.42134201946323946, "lr": 0.06967549741681077}