{"sequence_length": 9, "hidden_size": 109, "num_layers": 2, "num_blocks": 5, "dropout_rate": 0.43347627792568744, "lr": 0.018326378990205013}