{"sequence_length": 20, "hidden_size": 71, "num_layers": 2, "num_blocks": 3, "dropout_rate": 0.4768082274513836, "lr": 0.017369575229279403}