{"sequence_length": 14, "hidden_size": 50, "num_layers": 1, "num_blocks": 2, "dropout_rate": 0.3803001877076908, "lr": 0.08853949517151545}