{"sequence_length": 29, "hidden_size": 71, "num_layers": 1, "num_blocks": 2, "dropout_rate": 0.42068398586629996, "lr": 0.04274733430546226}