{"sequence_length": 2, "hidden_size": 30, "num_layers": 2, "num_blocks": 1, "dropout_rate": 0.10479346760504474, "lr": 0.09072047336742338, "batch_size": 104}