{"sequence_length": 19, "hidden_size": 66, "num_layers": 1, "num_blocks": 5, "dropout_rate": 0.27454336578809857, "lr": 0.0028559184523094428}