{"sequence_length": 17, "hidden_size": 70, "num_layers": 3, "num_blocks": 3, "dropout_rate": 0.17987729227188445, "lr": 0.0649039645399273}