{"sequence_length": 23, "hidden_size": 66, "num_layers": 1, "num_blocks": 2, "dropout_rate": 0.3868228496416145, "lr": 0.059528816877577564}