{"sequence_length": 28, "hidden_size": 32, "num_layers": 2, "num_blocks": 1, "dropout_rate": 0.44122845170635017, "lr": 0.06737092610133426}