{"sequence_length": 23, "hidden_size": 116, "num_layers": 2, "num_blocks": 1, "dropout_rate": 0.17194772562515684, "lr": 0.08227662018064472, "batch_size": 165, "l2_lambda": 0.0037545568542678397}