{"sequence_length": 23, "hidden_size": 108, "num_layers": 1, "num_blocks": 3, "dropout_rate": 0.34012796405941004, "lr": 0.07015407509141493}