{"sequence_length": 5, "hidden_size": 109, "num_layers": 3, "num_blocks": 2, "dropout_rate": 0.16270009581413591, "lr": 0.02674430130029121}