{"sequence_length": 5, "hidden_size": 60, "num_layers": 3, "num_blocks": 2, "dropout_rate": 0.1412229710589401, "lr": 0.02977072170321477}