{"sequence_length": 14, "hidden_size": 47, "num_layers": 2, "num_blocks": 3, "dropout_rate": 0.19029535324302144, "lr": 0.042732457548910835}