{"sequence_length": 5, "hidden_size": 95, "num_layers": 3, "num_blocks": 5, "dropout_rate": 0.3447817211482015, "lr": 0.011719169551917867}