{"sequence_length": 9, "hidden_size": 61, "num_layers": 3, "num_blocks": 1, "dropout_rate": 0.3996195318950023, "lr": 0.041322079643714905}