{"sequence_length": 18, "hidden_size": 67, "num_layers": 3, "num_blocks": 1, "dropout_rate": 0.23942219505997275, "lr": 0.02767122398958067}