{"sequence_length": 15, "hidden_size": 21, "num_layers": 3, "num_blocks": 2, "dropout_rate": 0.10992355263722314, "lr": 0.0017279833562021882}