{"sequence_length": 26, "hidden_size": 113, "num_layers": 2, "num_blocks": 2, "dropout_rate": 0.1878085309267543, "lr": 0.03359917021557145}