{"sequence_length": 7, "hidden_size": 19, "num_layers": 2, "num_blocks": 2, "dropout_rate": 0.12960176657472944, "lr": 0.003413756914903694}