{"sequence_length": 22, "hidden_size": 105, "num_layers": 1, "num_blocks": 4, "dropout_rate": 0.16162641228575536, "lr": 0.07041679810772242}