{"sequence_length": 19, "hidden_size": 125, "num_layers": 1, "num_blocks": 2, "dropout_rate": 0.39555098348156403, "lr": 0.0009785892705524582}