{"sequence_length": 6, "hidden_size": 95, "num_layers": 3, "num_blocks": 2, "dropout_rate": 0.1492872026827632, "lr": 0.062176707367369785}