{"sequence_length": 11, "hidden_size": 111, "num_layers": 2, "num_blocks": 1, "dropout_rate": 0.16703031106452548, "lr": 0.031043417305585026}