{"sequence_length": 7, "hidden_size": 107, "num_layers": 2, "num_blocks": 3, "dropout_rate": 0.12405808511108854, "lr": 0.044959203190818454, "batch_size": 223, "l2_lambda": 0.001155250195417476}