{"sequence_length": 7, "hidden_size": 96, "num_layers": 2, "num_blocks": 1, "dropout_rate": 0.2512169603618226, "lr": 0.052694296695124355}