{"sequence_length": 25, "hidden_size": 78, "num_layers": 3, "num_blocks": 3, "dropout_rate": 0.3931198219387201, "lr": 0.04437544808057289}