{"sequence_length": 16, "hidden_size": 33, "num_layers": 2, "num_blocks": 1, "dropout_rate": 0.15791691931206964, "lr": 0.09721304791617957, "batch_size": 115}