{"sequence_length": 10, "hidden_size": 108, "num_layers": 2, "num_blocks": 2, "dropout_rate": 0.32109409374896736, "lr": 0.05590736248132928}