{"sequence_length": 12, "hidden_size": 34, "num_layers": 2, "num_blocks": 3, "dropout_rate": 0.18747066638452164, "lr": 0.07347717356984054}