{"sequence_length": 8, "hidden_size": 53, "num_layers": 2, "num_blocks": 2, "dropout_rate": 0.25452331301650377, "lr": 0.004670510844111159}