{"sequence_length": 8, "hidden_size": 92, "num_layers": 1, "num_blocks": 1, "dropout_rate": 0.4155012290217558, "lr": 0.04422439808791154}