{"sequence_length": 19, "hidden_size": 28, "num_layers": 2, "num_blocks": 5, "dropout_rate": 0.12259182066258245, "lr": 0.016065973911800976}