{"sequence_length": 27, "hidden_size": 111, "num_layers": 3, "num_blocks": 5, "dropout_rate": 0.12388128791048572, "lr": 0.010830689478996777}