{"sequence_length": 19, "hidden_size": 127, "num_layers": 2, "num_blocks": 5, "dropout_rate": 0.474772180317912, "lr": 0.05246850573192834}