{"sequence_length": 27, "hidden_size": 35, "num_layers": 1, "num_blocks": 1, "dropout_rate": 0.4731110072351966, "lr": 0.04561164793862074}