{"sequence_length": 6, "hidden_size": 120, "num_layers": 2, "num_blocks": 3, "dropout_rate": 0.194561451519231, "lr": 0.028378512409633398}