{"sequence_length": 26, "hidden_size": 98, "num_layers": 2, "num_blocks": 1, "dropout_rate": 0.40553012020243173, "lr": 0.005205913685472936}