{"sequence_length": 3, "hidden_size": 58, "num_layers": 2, "num_blocks": 2, "dropout_rate": 0.3182335395074246, "lr": 0.049207694258337806}