{"sequence_length": 3, "hidden_size": 34, "num_layers": 1, "num_blocks": 1, "dropout_rate": 0.41555506725717817, "lr": 0.022408389107918026, "batch_size": 250, "l2_lambda": 0.003913828463715353}