{"sequence_length": 25, "hidden_size": 122, "num_layers": 1, "num_blocks": 3, "dropout_rate": 0.275377605627631, "lr": 0.06518018356544994}