{"sequence_length": 7, "hidden_size": 102, "num_layers": 3, "num_blocks": 3, "dropout_rate": 0.23455470358106673, "lr": 0.019529853932838546}