{"sequence_length": 19, "hidden_size": 112, "num_layers": 2, "num_blocks": 2, "dropout_rate": 0.3262453454423191, "lr": 0.02208764999963383, "batch_size": 50}