{"sequence_length": 27, "hidden_size": 110, "num_layers": 3, "num_blocks": 3, "dropout_rate": 0.3831348825083677, "lr": 0.04220792797293772}