{"sequence_length": 12, "hidden_size": 30, "num_layers": 3, "num_blocks": 2, "dropout_rate": 0.10755795796804209, "lr": 0.062262214444958636}