{"sequence_length": 3, "hidden_size": 45, "num_layers": 1, "num_blocks": 3, "dropout_rate": 0.1832139939892525, "lr": 0.0634001020459961}