{"sequence_length": 16, "hidden_size": 46, "num_layers": 1, "num_blocks": 3, "dropout_rate": 0.2575310631076995, "lr": 0.09350954672348175}