{"sequence_length": 20, "hidden_size": 95, "num_layers": 3, "num_blocks": 5, "dropout_rate": 0.4862016186921915, "lr": 0.08270015982002112}