{"sequence_length": 17, "hidden_size": 97, "num_layers": 3, "num_blocks": 2, "dropout_rate": 0.416950791818129, "lr": 0.05271404886171218, "batch_size": 113, "l2_lambda": 0.009515631125113468}