{"sequence_length": 19, "hidden_size": 48, "num_layers": 3, "num_blocks": 1, "dropout_rate": 0.3945713797153977, "lr": 0.06296467295418978}