{"sequence_length": 23, "hidden_size": 101, "num_layers": 2, "num_blocks": 5, "dropout_rate": 0.26788442571326465, "lr": 0.050443780871529016}