{"sequence_length": 25, "hidden_size": 31, "num_layers": 2, "num_blocks": 1, "dropout_rate": 0.4624898161543163, "lr": 0.050111000935515376, "batch_size": 126}