{"sequence_length": 3, "hidden_size": 113, "num_layers": 1, "num_blocks": 5, "dropout_rate": 0.21769188896351488, "lr": 0.07773836408411601}