{"sequence_length": 24, "hidden_size": 45, "num_layers": 1, "num_blocks": 2, "dropout_rate": 0.35735786291389915, "lr": 0.0842996999001531}