{"sequence_length": 30, "hidden_size": 34, "num_layers": 3, "num_blocks": 2, "dropout_rate": 0.49931686638109685, "lr": 0.02451464713494146}