{"sequence_length": 24, "hidden_size": 43, "num_layers": 2, "num_blocks": 1, "dropout_rate": 0.25066390021631535, "lr": 0.08096356775558738}