{"sequence_length": 14, "hidden_size": 100, "num_layers": 3, "num_blocks": 2, "dropout_rate": 0.35737378234585293, "lr": 0.007271008216906219}