{"sequence_length": 16, "hidden_size": 126, "num_layers": 2, "num_blocks": 2, "dropout_rate": 0.3848777642529697, "lr": 0.05604512045059143, "batch_size": 44}