{"sequence_length": 4, "hidden_size": 122, "num_layers": 2, "num_blocks": 5, "dropout_rate": 0.24716311728689028, "lr": 0.025267302042131047}