{"sequence_length": 8, "hidden_size": 116, "num_layers": 1, "num_blocks": 2, "dropout_rate": 0.39462197987751024, "lr": 0.0639243366994773}