{"sequence_length": 3, "hidden_size": 61, "num_layers": 1, "num_blocks": 3, "dropout_rate": 0.4474022296202661, "lr": 0.022339685138826587}