{"sequence_length": 27, "hidden_size": 35, "num_layers": 1, "num_blocks": 4, "dropout_rate": 0.47646285927998566, "lr": 0.09611836246699473}