{"sequence_length": 17, "hidden_size": 36, "num_layers": 2, "num_blocks": 1, "dropout_rate": 0.4638279475018333, "lr": 0.029270742053189063}