{"sequence_length": 29, "hidden_size": 86, "num_layers": 3, "num_blocks": 1, "dropout_rate": 0.3342178006399399, "lr": 0.005243877972124606}