{"sequence_length": 19, "hidden_size": 17, "num_layers": 3, "num_blocks": 2, "dropout_rate": 0.35789065953382526, "lr": 0.06362798252725595, "batch_size": 100}