{"sequence_length": 30, "hidden_size": 95, "num_layers": 1, "num_blocks": 1, "dropout_rate": 0.11624503925848956, "lr": 0.06421112279263101, "batch_size": 123}