{"sequence_length": 15, "hidden_size": 24, "num_layers": 1, "num_blocks": 5, "dropout_rate": 0.2582072856432508, "lr": 0.05537363368622755}