{"sequence_length": 9, "hidden_size": 39, "num_layers": 1, "num_blocks": 2, "dropout_rate": 0.4021098313598448, "lr": 0.009047851065227555}