{"sequence_length": 25, "hidden_size": 112, "num_layers": 3, "num_blocks": 3, "dropout_rate": 0.40431231823677816, "lr": 0.01163198636683311, "batch_size": 95}