{"sequence_length": 7, "hidden_size": 29, "num_layers": 1, "num_blocks": 2, "dropout_rate": 0.16516428510882147, "lr": 0.07362997719517318}