{"sequence_length": 3, "hidden_size": 103, "num_layers": 2, "num_blocks": 3, "dropout_rate": 0.48712462031252046, "lr": 0.04495903961168162}