{"sequence_length": 19, "hidden_size": 95, "num_layers": 3, "num_blocks": 2, "dropout_rate": 0.4465454540171724, "lr": 0.01713753374433917}