{"sequence_length": 25, "hidden_size": 46, "num_layers": 1, "num_blocks": 1, "dropout_rate": 0.37477762922402713, "lr": 0.02224366217392184}