{"sequence_length": 11, "hidden_size": 93, "num_layers": 2, "num_blocks": 3, "dropout_rate": 0.46156707319286816, "lr": 0.06993536489851852}