{"sequence_length": 26, "hidden_size": 61, "num_layers": 2, "num_blocks": 1, "dropout_rate": 0.3416815748722345, "lr": 0.058112935040469736}