{"sequence_length": 14, "hidden_size": 26, "num_layers": 3, "num_blocks": 1, "dropout_rate": 0.25897044759277155, "lr": 0.03332713381849191, "batch_size": 80}