{"sequence_length": 16, "hidden_size": 63, "num_layers": 3, "num_blocks": 1, "dropout_rate": 0.3395238122829104, "lr": 0.07892519637443367}