{"sequence_length": 2, "hidden_size": 57, "num_layers": 2, "num_blocks": 2, "dropout_rate": 0.1868084562037222, "lr": 0.06516102705099998}