{"sequence_length": 18, "hidden_size": 63, "num_layers": 2, "num_blocks": 3, "dropout_rate": 0.1743046706675639, "lr": 0.05137041442466229, "batch_size": 64, "l2_lambda": 0.008184050525457188}