{"sequence_length": 5, "hidden_size": 23, "num_layers": 3, "num_blocks": 1, "dropout_rate": 0.10200855263179164, "lr": 0.07586576374948713}