{"sequence_length": 26, "hidden_size": 38, "num_layers": 2, "num_blocks": 2, "dropout_rate": 0.13711218596400734, "lr": 0.001685800811267431}