{"sequence_length": 20, "hidden_size": 114, "num_layers": 2, "num_blocks": 5, "dropout_rate": 0.12392828068202642, "lr": 0.06593455468099625}