{"sequence_length": 30, "hidden_size": 40, "num_layers": 1, "num_blocks": 3, "dropout_rate": 0.15233991123311622, "lr": 0.007039415543459371}