{"sequence_length": 22, "hidden_size": 99, "num_layers": 3, "num_blocks": 2, "dropout_rate": 0.4457428206907392, "lr": 0.07578817761949293}