{"sequence_length": 13, "hidden_size": 111, "num_layers": 1, "num_blocks": 2, "dropout_rate": 0.1728125810337433, "lr": 0.09286746451791628}