{"sequence_length": 20, "hidden_size": 81, "num_layers": 3, "num_blocks": 1, "dropout_rate": 0.1725477919366556, "lr": 0.06443412110930158}