{"sequence_length": 16, "hidden_size": 89, "num_layers": 2, "num_blocks": 2, "dropout_rate": 0.4366591408889572, "lr": 0.07465030179143652}