{"sequence_length": 29, "hidden_size": 25, "num_layers": 1, "num_blocks": 2, "dropout_rate": 0.22910475564817295, "lr": 0.05615062217280242}