{"sequence_length": 11, "hidden_size": 126, "num_layers": 2, "num_blocks": 2, "dropout_rate": 0.26845843134880726, "lr": 0.036496057502589656, "batch_size": 187, "l2_lambda": 0.0003412478015195249}