{"sequence_length": 16, "hidden_size": 68, "num_layers": 1, "num_blocks": 1, "dropout_rate": 0.33826831860943685, "lr": 0.08399257450386004, "batch_size": 44}