{"sequence_length": 24, "hidden_size": 60, "num_layers": 3, "num_blocks": 1, "dropout_rate": 0.2466220832686876, "lr": 0.0004059318056647039}