{"sequence_length": 26, "hidden_size": 60, "num_layers": 2, "num_blocks": 3, "dropout_rate": 0.4555129518368405, "lr": 0.04293043932128297, "batch_size": 218}