{"sequence_length": 11, "hidden_size": 37, "num_layers": 1, "num_blocks": 2, "dropout_rate": 0.4629858239475363, "lr": 0.06507239454298817, "batch_size": 246, "l2_lambda": 0.009282059977877101}