{"sequence_length": 24, "hidden_size": 116, "num_layers": 2, "num_blocks": 1, "dropout_rate": 0.18346358274094354, "lr": 0.0546652659826869}