{"sequence_length": 22, "hidden_size": 87, "num_layers": 2, "num_blocks": 4, "dropout_rate": 0.4043315132622447, "lr": 0.08303650923008347}