{"sequence_length": 9, "hidden_size": 63, "num_layers": 3, "num_blocks": 3, "dropout_rate": 0.14443095037508955, "lr": 0.06069311656670075, "batch_size": 65}