{"sequence_length": 10, "hidden_size": 100, "num_layers": 2, "num_blocks": 3, "dropout_rate": 0.26861347932692214, "lr": 0.005493995484691876}