{"sequence_length": 9, "hidden_size": 18, "num_layers": 1, "num_blocks": 2, "dropout_rate": 0.45594766053468516, "lr": 0.04035364691829933}