{"sequence_length": 15, "hidden_size": 102, "num_layers": 1, "num_blocks": 3, "dropout_rate": 0.3183018870767547, "lr": 0.019549932436863798}