{"sequence_length": 13, "hidden_size": 114, "num_layers": 1, "num_blocks": 4, "dropout_rate": 0.23068785825240049, "lr": 0.009722069390029463}