{"sequence_length": 20, "hidden_size": 82, "num_layers": 3, "num_blocks": 3, "dropout_rate": 0.12451792880523849, "lr": 0.06540451794427003}