{"sequence_length": 21, "hidden_size": 128, "num_layers": 1, "num_blocks": 5, "dropout_rate": 0.47739040163927926, "lr": 0.09963450371921931}