{"sequence_length": 6, "hidden_size": 90, "num_layers": 2, "num_blocks": 2, "dropout_rate": 0.15789829098985148, "lr": 0.07248251691546696, "batch_size": 137}