{"sequence_length": 22, "hidden_size": 50, "num_layers": 3, "num_blocks": 1, "dropout_rate": 0.37119785280721873, "lr": 0.09728514960754442}