{"sequence_length": 17, "hidden_size": 123, "num_layers": 1, "num_blocks": 1, "dropout_rate": 0.3114306785274874, "lr": 0.09488144147130712}