{"sequence_length": 27, "hidden_size": 26, "num_layers": 3, "num_blocks": 3, "dropout_rate": 0.24015033955667137, "lr": 0.01716669975067814}