{"sequence_length": 24, "hidden_size": 78, "num_layers": 3, "num_blocks": 5, "dropout_rate": 0.26719164118411204, "lr": 0.06739113707151784}