{"sequence_length": 8, "hidden_size": 108, "num_layers": 2, "num_blocks": 1, "dropout_rate": 0.45331939024310197, "lr": 0.09631503989447213}