{"sequence_length": 5, "hidden_size": 68, "num_layers": 3, "num_blocks": 5, "dropout_rate": 0.3205912357174071, "lr": 0.08937471169936045}