{"sequence_length": 10, "hidden_size": 23, "num_layers": 1, "num_blocks": 1, "dropout_rate": 0.31110870288312814, "lr": 0.022582367622469256}