{"sequence_length": 12, "hidden_size": 22, "num_layers": 2, "num_blocks": 3, "dropout_rate": 0.28571656293539305, "lr": 0.005040448814241048}