{"sequence_length": 4, "hidden_size": 48, "num_layers": 2, "num_blocks": 2, "dropout_rate": 0.19963695308279927, "lr": 0.06189080507853271, "batch_size": 164}