{"sequence_length": 18, "hidden_size": 23, "num_layers": 1, "num_blocks": 1, "dropout_rate": 0.1677655437650753, "lr": 0.023475836120853993}