{"sequence_length": 20, "hidden_size": 83, "num_layers": 1, "num_blocks": 3, "dropout_rate": 0.402355182707978, "lr": 0.026625947894896106}