{"sequence_length": 13, "hidden_size": 52, "num_layers": 2, "num_blocks": 1, "dropout_rate": 0.3654821939354481, "lr": 0.00023599901833733377}