{"sequence_length": 21, "hidden_size": 91, "num_layers": 3, "num_blocks": 3, "dropout_rate": 0.1862838967186825, "lr": 0.010835334928411672, "batch_size": 226}