{"sequence_length": 9, "hidden_size": 43, "num_layers": 1, "num_blocks": 1, "dropout_rate": 0.2601334023166969, "lr": 0.0032008132782496562}