{"sequence_length": 20, "hidden_size": 42, "num_layers": 2, "num_blocks": 3, "dropout_rate": 0.4768020197223135, "lr": 0.05452429460459844}