{"sequence_length": 25, "hidden_size": 73, "num_layers": 1, "num_blocks": 1, "dropout_rate": 0.21016344958237654, "lr": 0.04510909140323102}