{"sequence_length": 14, "hidden_size": 124, "num_layers": 1, "num_blocks": 3, "dropout_rate": 0.4658650083390816, "lr": 0.05634989331130265}