{"sequence_length": 28, "hidden_size": 103, "num_layers": 2, "num_blocks": 3, "dropout_rate": 0.2786696088732746, "lr": 0.048845628892029744}