{"sequence_length": 14, "hidden_size": 118, "num_layers": 2, "num_blocks": 2, "dropout_rate": 0.3071095545977137, "lr": 0.0726928749847373}