{"sequence_length": 30, "hidden_size": 22, "num_layers": 2, "num_blocks": 3, "dropout_rate": 0.4895246466943931, "lr": 0.057022511884044336}