{"sequence_length": 2, "hidden_size": 18, "num_layers": 3, "num_blocks": 2, "dropout_rate": 0.37816438772503314, "lr": 0.09975165033058243}