{"sequence_length": 12, "hidden_size": 110, "num_layers": 1, "num_blocks": 3, "dropout_rate": 0.46493934250248736, "lr": 0.09636870658921116}