{"sequence_length": 25, "hidden_size": 64, "num_layers": 3, "num_blocks": 3, "dropout_rate": 0.41039660995943505, "lr": 0.06846338604256631}