{"sequence_length": 19, "hidden_size": 51, "num_layers": 1, "num_blocks": 5, "dropout_rate": 0.22727514578039978, "lr": 0.048559993983793404}