{"sequence_length": 24, "hidden_size": 46, "num_layers": 1, "num_blocks": 1, "dropout_rate": 0.4326199068880642, "lr": 0.03245603918863218, "batch_size": 247, "l2_lambda": 0.0077667790876199535}