{"sequence_length": 7, "hidden_size": 126, "num_layers": 1, "num_blocks": 5, "dropout_rate": 0.3495953442920924, "lr": 0.06538996427847737}