{"sequence_length": 26, "hidden_size": 72, "num_layers": 2, "num_blocks": 2, "dropout_rate": 0.3985496924062324, "lr": 0.06994168281502493, "batch_size": 207, "l2_lambda": 0.005029502887712817}