{"sequence_length": 8, "hidden_size": 102, "num_layers": 2, "num_blocks": 3, "dropout_rate": 0.2215145273796645, "lr": 0.0314932009169787}