{"sequence_length": 15, "hidden_size": 98, "num_layers": 1, "num_blocks": 3, "dropout_rate": 0.342292191804359, "lr": 0.08691691568108063}