{"sequence_length": 22, "hidden_size": 70, "num_layers": 1, "num_blocks": 1, "dropout_rate": 0.4071541195595302, "lr": 0.002186566907327051, "batch_size": 69}