{"sequence_length": 7, "hidden_size": 117, "num_layers": 3, "num_blocks": 4, "dropout_rate": 0.15810854303408228, "lr": 0.0700735699203357}