{"sequence_length": 4, "hidden_size": 29, "num_layers": 2, "num_blocks": 4, "dropout_rate": 0.23711447061135837, "lr": 0.06514837454495599}