{"sequence_length": 2, "hidden_size": 59, "num_layers": 3, "num_blocks": 2, "dropout_rate": 0.48486575665997556, "lr": 0.09074893657339617}