{"sequence_length": 12, "hidden_size": 61, "num_layers": 2, "num_blocks": 1, "dropout_rate": 0.21550480090113827, "lr": 0.08162768456156774}