{"sequence_length": 20, "hidden_size": 76, "num_layers": 1, "num_blocks": 3, "dropout_rate": 0.25861196752768945, "lr": 0.07029687951163403, "batch_size": 49}