{"sequence_length": 16, "hidden_size": 117, "num_layers": 3, "num_blocks": 3, "dropout_rate": 0.38638118541251765, "lr": 0.06840089467662187}