{"sequence_length": 24, "hidden_size": 64, "num_layers": 3, "num_blocks": 1, "dropout_rate": 0.20401466272970367, "lr": 0.016462490152197685, "batch_size": 134}