{"sequence_length": 6, "hidden_size": 118, "num_layers": 3, "num_blocks": 2, "dropout_rate": 0.4377745442518943, "lr": 0.09928756141434676}