{"sequence_length": 13, "hidden_size": 54, "num_layers": 3, "num_blocks": 1, "dropout_rate": 0.27217245388305167, "lr": 0.04933613188621326}