{"sequence_length": 14, "hidden_size": 65, "num_layers": 1, "num_blocks": 2, "dropout_rate": 0.2774977833920523, "lr": 0.0848121847439815}