{"sequence_length": 18, "hidden_size": 28, "num_layers": 2, "num_blocks": 2, "dropout_rate": 0.45014111046602157, "lr": 0.0571746087828488}