{"sequence_length": 28, "hidden_size": 19, "num_layers": 3, "num_blocks": 2, "dropout_rate": 0.10470193998466391, "lr": 0.08242640584797152}