{"sequence_length": 15, "hidden_size": 105, "num_layers": 3, "num_blocks": 3, "dropout_rate": 0.11019147668092098, "lr": 0.08273107545991729}