{"sequence_length": 8, "hidden_size": 108, "num_layers": 1, "num_blocks": 5, "dropout_rate": 0.2686794997274784, "lr": 0.08907257158277188}