{"sequence_length": 29, "hidden_size": 93, "num_layers": 2, "num_blocks": 2, "dropout_rate": 0.12082868743539442, "lr": 0.05169578879367689, "batch_size": 104}