{"sequence_length": 17, "hidden_size": 111, "num_layers": 2, "num_blocks": 4, "dropout_rate": 0.31841194230355196, "lr": 0.022977248553203312}