{"sequence_length": 9, "hidden_size": 36, "num_layers": 2, "num_blocks": 1, "dropout_rate": 0.3547200953707964, "lr": 0.004236440955843003, "batch_size": 117, "l2_lambda": 0.002070798916924449}