{"sequence_length": 13, "hidden_size": 110, "num_layers": 1, "num_blocks": 5, "dropout_rate": 0.43628151658504577, "lr": 0.04321253295849784}