{"sequence_length": 23, "hidden_size": 111, "num_layers": 1, "num_blocks": 2, "dropout_rate": 0.35895987889667746, "lr": 0.005126524369854065}