{"sequence_length": 9, "hidden_size": 109, "num_layers": 3, "num_blocks": 3, "dropout_rate": 0.2825819540097062, "lr": 0.032642946018568375}