{"sequence_length": 26, "hidden_size": 90, "num_layers": 1, "num_blocks": 5, "dropout_rate": 0.39904426862653064, "lr": 0.026688098920438205}