{"sequence_length": 27, "hidden_size": 98, "num_layers": 2, "num_blocks": 1, "dropout_rate": 0.4599074424550943, "lr": 0.03928752973826677}