{"sequence_length": 16, "hidden_size": 36, "num_layers": 3, "num_blocks": 5, "dropout_rate": 0.28856683516068804, "lr": 0.07563693097944278}