{"sequence_length": 26, "hidden_size": 124, "num_layers": 2, "num_blocks": 3, "dropout_rate": 0.31379899616731943, "lr": 0.02540545648074883}