{"sequence_length": 22, "hidden_size": 45, "num_layers": 2, "num_blocks": 1, "dropout_rate": 0.28540195841060856, "lr": 0.004295259389222102}