{"sequence_length": 4, "hidden_size": 47, "num_layers": 3, "num_blocks": 3, "dropout_rate": 0.28763970523608395, "lr": 0.05066004688158712}