{"sequence_length": 13, "hidden_size": 98, "num_layers": 3, "num_blocks": 3, "dropout_rate": 0.18938195725516438, "lr": 0.06728309903760236}