{"sequence_length": 29, "hidden_size": 41, "num_layers": 3, "num_blocks": 2, "dropout_rate": 0.32475422684064476, "lr": 0.044704608888103514, "batch_size": 162, "l2_lambda": 0.007124052969091768}