{"sequence_length": 10, "hidden_size": 35, "num_layers": 1, "num_blocks": 3, "dropout_rate": 0.14241404484494652, "lr": 0.09547402794484733}