{"sequence_length": 25, "hidden_size": 86, "num_layers": 2, "num_blocks": 3, "dropout_rate": 0.3675127932432538, "lr": 0.05888488084046821, "batch_size": 95, "l2_lambda": 0.005800640268562829}