{"sequence_length": 6, "hidden_size": 47, "num_layers": 3, "num_blocks": 3, "dropout_rate": 0.4666291091766548, "lr": 0.0979215320296542}