{"sequence_length": 23, "hidden_size": 32, "num_layers": 2, "num_blocks": 4, "dropout_rate": 0.1568336801375133, "lr": 0.04946829600048712}