{"sequence_length": 9, "hidden_size": 112, "num_layers": 1, "num_blocks": 3, "dropout_rate": 0.11914927142748054, "lr": 0.06098351038395498}