{"sequence_length": 25, "hidden_size": 87, "num_layers": 3, "num_blocks": 4, "dropout_rate": 0.13724131707790319, "lr": 0.0519445793480922}