{"sequence_length": 6, "hidden_size": 104, "num_layers": 3, "num_blocks": 1, "dropout_rate": 0.3727083675979661, "lr": 0.06609119301738424}