{"sequence_length": 8, "hidden_size": 103, "num_layers": 1, "num_blocks": 3, "dropout_rate": 0.21097740358082603, "lr": 0.06785300915022559}