{"sequence_length": 4, "hidden_size": 121, "num_layers": 2, "num_blocks": 1, "dropout_rate": 0.10463894604743094, "lr": 0.04693690105383525}