{"sequence_length": 11, "hidden_size": 98, "num_layers": 3, "num_blocks": 1, "dropout_rate": 0.34591234487860745, "lr": 0.07251615968850655, "batch_size": 128, "l2_lambda": 0.008812142401622824}