{"sequence_length": 24, "hidden_size": 111, "num_layers": 2, "num_blocks": 1, "dropout_rate": 0.3813621990157592, "lr": 0.03799441642649274, "batch_size": 69, "l2_lambda": 0.003645346380195206}