{"sequence_length": 6, "hidden_size": 124, "num_layers": 2, "num_blocks": 2, "dropout_rate": 0.4089861124873624, "lr": 0.015471812759090386}