{"sequence_length": 6, "hidden_size": 122, "num_layers": 2, "num_blocks": 1, "dropout_rate": 0.2728885125063745, "lr": 0.07320151874393992, "batch_size": 103}