{"sequence_length": 15, "hidden_size": 36, "num_layers": 3, "num_blocks": 3, "dropout_rate": 0.1291435292190847, "lr": 0.02983077156097067}