{"sequence_length": 15, "hidden_size": 90, "num_layers": 3, "num_blocks": 4, "dropout_rate": 0.11111173068676489, "lr": 0.025166213620252707}