{"sequence_length": 28, "hidden_size": 105, "num_layers": 3, "num_blocks": 1, "dropout_rate": 0.45982735682077636, "lr": 0.024799823528073882}