{"sequence_length": 27, "hidden_size": 26, "num_layers": 2, "num_blocks": 2, "dropout_rate": 0.417764298187675, "lr": 0.09503230382555376}