{"sequence_length": 16, "hidden_size": 101, "num_layers": 3, "num_blocks": 1, "dropout_rate": 0.12386086142632001, "lr": 0.08705373655225246}