{"sequence_length": 22, "hidden_size": 99, "num_layers": 2, "num_blocks": 2, "dropout_rate": 0.269977280632295, "lr": 0.07388039262695188}