{"sequence_length": 14, "hidden_size": 81, "num_layers": 2, "num_blocks": 3, "dropout_rate": 0.47129274332160886, "lr": 0.007422850949671583}