{"sequence_length": 6, "hidden_size": 91, "num_layers": 3, "num_blocks": 3, "dropout_rate": 0.3541503215109598, "lr": 0.060577162221648856}