{"sequence_length": 19, "hidden_size": 119, "num_layers": 2, "num_blocks": 1, "dropout_rate": 0.20599985529063855, "lr": 0.04335967920802749}