{"sequence_length": 19, "hidden_size": 42, "num_layers": 1, "num_blocks": 2, "dropout_rate": 0.3962611011854358, "lr": 0.04913380860027209}