{"sequence_length": 5, "hidden_size": 93, "num_layers": 2, "num_blocks": 2, "dropout_rate": 0.21655538458128817, "lr": 0.00651170988585094}