{"sequence_length": 10, "hidden_size": 122, "num_layers": 1, "num_blocks": 3, "dropout_rate": 0.4858408489088927, "lr": 0.08738061190058756, "batch_size": 206, "l2_lambda": 0.004063264680259748}