{"sequence_length": 13, "hidden_size": 20, "num_layers": 2, "num_blocks": 1, "dropout_rate": 0.395346173210543, "lr": 0.03831669009755398}