{"sequence_length": 30, "hidden_size": 38, "num_layers": 3, "num_blocks": 3, "dropout_rate": 0.3614257922226263, "lr": 0.06754115745720657}