{"sequence_length": 3, "hidden_size": 22, "num_layers": 3, "num_blocks": 2, "dropout_rate": 0.39136823615007066, "lr": 0.07915884097028564, "batch_size": 40, "l2_lambda": 0.007889055500905568}