{"sequence_length": 6, "hidden_size": 125, "num_layers": 2, "num_blocks": 4, "dropout_rate": 0.37769729965848464, "lr": 0.03967163462847502}