{"sequence_length": 17, "hidden_size": 120, "num_layers": 3, "num_blocks": 1, "dropout_rate": 0.253095867453752, "lr": 0.05790135534963538}