{"sequence_length": 17, "hidden_size": 100, "num_layers": 2, "num_blocks": 1, "dropout_rate": 0.10850256364718446, "lr": 0.0244528015725359}