{"sequence_length": 7, "hidden_size": 91, "num_layers": 3, "num_blocks": 3, "dropout_rate": 0.34079497165538297, "lr": 0.07624101081310376}