{"sequence_length": 13, "hidden_size": 90, "num_layers": 3, "num_blocks": 2, "dropout_rate": 0.15048772797249518, "lr": 0.013509811834822293}