{"sequence_length": 4, "hidden_size": 105, "num_layers": 3, "num_blocks": 1, "dropout_rate": 0.2510443194475017, "lr": 0.024982506925687032}