{"sequence_length": 14, "hidden_size": 20, "num_layers": 2, "num_blocks": 4, "dropout_rate": 0.3967987046982634, "lr": 0.04963056866747428}