{"sequence_length": 3, "hidden_size": 40, "num_layers": 3, "num_blocks": 1, "dropout_rate": 0.3786765213270822, "lr": 0.06425296354739558}