{"sequence_length": 27, "hidden_size": 40, "num_layers": 2, "num_blocks": 2, "dropout_rate": 0.2762162280723962, "lr": 0.04000723467342244}