{"sequence_length": 2, "hidden_size": 126, "num_layers": 2, "num_blocks": 5, "dropout_rate": 0.2967583254030667, "lr": 0.08853651053195798}