{"sequence_length": 15, "hidden_size": 102, "num_layers": 2, "num_blocks": 3, "dropout_rate": 0.3380915688567182, "lr": 0.046402732936251044, "batch_size": 55}