{"sequence_length": 3, "hidden_size": 32, "num_layers": 3, "num_blocks": 1, "dropout_rate": 0.4918128907084621, "lr": 0.05660745198681314}