{"sequence_length": 29, "hidden_size": 44, "num_layers": 2, "num_blocks": 3, "dropout_rate": 0.36897335956255584, "lr": 0.06451103542114048, "batch_size": 244}