{"sequence_length": 11, "hidden_size": 92, "num_layers": 1, "num_blocks": 3, "dropout_rate": 0.4193344732639107, "lr": 0.05840067519814831}