{"sequence_length": 17, "hidden_size": 16, "num_layers": 2, "num_blocks": 5, "dropout_rate": 0.10901264802746741, "lr": 0.0688181604900361}