{"sequence_length": 13, "hidden_size": 55, "num_layers": 1, "num_blocks": 1, "dropout_rate": 0.24919952674085893, "lr": 0.08428311459214755}