{"sequence_length": 14, "hidden_size": 103, "num_layers": 2, "num_blocks": 3, "dropout_rate": 0.23696996749379748, "lr": 0.04699572894704102}