{"sequence_length": 25, "hidden_size": 48, "num_layers": 2, "num_blocks": 3, "dropout_rate": 0.17816594413655806, "lr": 0.029299405376306716, "batch_size": 155}