{"sequence_length": 28, "hidden_size": 119, "num_layers": 3, "num_blocks": 1, "dropout_rate": 0.12503620847835775, "lr": 0.026677823727888433}