{"sequence_length": 28, "hidden_size": 120, "num_layers": 1, "num_blocks": 3, "dropout_rate": 0.23759824548510952, "lr": 0.0053286038922603736, "batch_size": 52, "l2_lambda": 0.005659792595898822}