{"sequence_length": 10, "hidden_size": 28, "num_layers": 3, "num_blocks": 2, "dropout_rate": 0.4986899235397262, "lr": 0.09759607684527263}