{"sequence_length": 11, "hidden_size": 106, "num_layers": 2, "num_blocks": 1, "dropout_rate": 0.1204275946837603, "lr": 0.07776654831934796}