{"sequence_length": 28, "hidden_size": 38, "num_layers": 1, "num_blocks": 1, "dropout_rate": 0.4788778600350101, "lr": 0.021158337156032433}