{"sequence_length": 30, "hidden_size": 21, "num_layers": 2, "num_blocks": 1, "dropout_rate": 0.30221467958856785, "lr": 0.0921833513575539}