{"sequence_length": 30, "hidden_size": 43, "num_layers": 1, "num_blocks": 5, "dropout_rate": 0.2255379713760755, "lr": 0.016662517202447588}