{"sequence_length": 26, "hidden_size": 33, "num_layers": 3, "num_blocks": 2, "dropout_rate": 0.4246847672648154, "lr": 0.03939544915646859}