{"sequence_length": 14, "hidden_size": 76, "num_layers": 1, "num_blocks": 2, "dropout_rate": 0.30749767678304, "lr": 0.09889262269548915}