{"sequence_length": 8, "hidden_size": 27, "num_layers": 2, "num_blocks": 1, "dropout_rate": 0.46059880984279167, "lr": 0.0396552976513454}