{"sequence_length": 9, "hidden_size": 48, "num_layers": 1, "num_blocks": 2, "dropout_rate": 0.4131640408783286, "lr": 0.07465655879587013}