{"sequence_length": 25, "hidden_size": 46, "num_layers": 2, "num_blocks": 1, "dropout_rate": 0.45003493212960477, "lr": 0.03183374689238448, "batch_size": 98}