{"sequence_length": 23, "hidden_size": 25, "num_layers": 1, "num_blocks": 2, "dropout_rate": 0.23315694821627542, "lr": 0.07785081028128478}