{"sequence_length": 27, "hidden_size": 54, "num_layers": 3, "num_blocks": 2, "dropout_rate": 0.3140115469283843, "lr": 0.07571336518577725}