{"sequence_length": 2, "hidden_size": 49, "num_layers": 1, "num_blocks": 5, "dropout_rate": 0.27315478121633807, "lr": 0.05483121651848227}