{"sequence_length": 18, "hidden_size": 122, "num_layers": 3, "num_blocks": 3, "dropout_rate": 0.31750706797956707, "lr": 0.021367948687096405}