{"sequence_length": 8, "hidden_size": 22, "num_layers": 1, "num_blocks": 1, "dropout_rate": 0.15976982295164055, "lr": 0.061329766154213816}