{"sequence_length": 5, "hidden_size": 111, "num_layers": 1, "num_blocks": 1, "dropout_rate": 0.3623545523671843, "lr": 0.0900712463003218}