{"sequence_length": 4, "hidden_size": 87, "num_layers": 2, "num_blocks": 3, "dropout_rate": 0.39167548996117485, "lr": 0.09518227320155301}