{"sequence_length": 14, "hidden_size": 125, "num_layers": 1, "num_blocks": 3, "dropout_rate": 0.34336763620252875, "lr": 0.08072110172251389}