{"sequence_length": 11, "hidden_size": 44, "num_layers": 2, "num_blocks": 2, "dropout_rate": 0.1761567242140731, "lr": 0.0259339935329877}