{"sequence_length": 5, "hidden_size": 27, "num_layers": 2, "num_blocks": 3, "dropout_rate": 0.47768800296649705, "lr": 0.0716518052369895}