{"sequence_length": 4, "hidden_size": 66, "num_layers": 3, "num_blocks": 3, "dropout_rate": 0.35044283642812546, "lr": 0.06535475153747111}