{"sequence_length": 30, "hidden_size": 77, "num_layers": 2, "num_blocks": 1, "dropout_rate": 0.3365814081774934, "lr": 0.07663160127920862}