{"sequence_length": 19, "hidden_size": 121, "num_layers": 2, "num_blocks": 2, "dropout_rate": 0.1963246700746608, "lr": 0.038071685540319304}