{"sequence_length": 10, "hidden_size": 87, "num_layers": 3, "num_blocks": 2, "dropout_rate": 0.32208802988845997, "lr": 0.04308064806175777}