{"sequence_length": 4, "hidden_size": 106, "num_layers": 3, "num_blocks": 3, "dropout_rate": 0.11769483265657424, "lr": 0.028370714382633642, "batch_size": 138}