{"sequence_length": 4, "hidden_size": 28, "num_layers": 2, "num_blocks": 3, "dropout_rate": 0.28001784074245567, "lr": 0.08378605300004782}