{"sequence_length": 27, "hidden_size": 55, "num_layers": 1, "num_blocks": 1, "dropout_rate": 0.19490822578596917, "lr": 0.05780059763584197}