{"sequence_length": 24, "hidden_size": 19, "num_layers": 2, "num_blocks": 4, "dropout_rate": 0.19229601793489925, "lr": 0.08548275749698937}