{"sequence_length": 17, "hidden_size": 61, "num_layers": 2, "num_blocks": 5, "dropout_rate": 0.4271921423028968, "lr": 0.07927206685887413}