{"sequence_length": 2, "hidden_size": 26, "num_layers": 2, "num_blocks": 5, "dropout_rate": 0.24272914558136832, "lr": 0.07747800949131767}