{"sequence_length": 8, "hidden_size": 39, "num_layers": 1, "num_blocks": 3, "dropout_rate": 0.3572866181378026, "lr": 0.045064984817929345}