{"sequence_length": 27, "hidden_size": 114, "num_layers": 1, "num_blocks": 1, "dropout_rate": 0.1993373872804139, "lr": 0.02930797015767649}