{"sequence_length": 19, "hidden_size": 86, "num_layers": 1, "num_blocks": 1, "dropout_rate": 0.19821576868835092, "lr": 0.09821769047659958}