{"sequence_length": 16, "hidden_size": 24, "num_layers": 3, "num_blocks": 3, "dropout_rate": 0.4524523926804528, "lr": 0.04394201396378418}