{"sequence_length": 24, "hidden_size": 67, "num_layers": 1, "num_blocks": 2, "dropout_rate": 0.2957876492032293, "lr": 0.011336150405831536}