{"sequence_length": 9, "hidden_size": 100, "num_layers": 2, "num_blocks": 5, "dropout_rate": 0.22592600213661776, "lr": 0.07168699434517621}