{"sequence_length": 6, "hidden_size": 56, "num_layers": 1, "num_blocks": 1, "dropout_rate": 0.3272136427159932, "lr": 0.057427976613723064}