{"sequence_length": 22, "hidden_size": 64, "num_layers": 2, "num_blocks": 3, "dropout_rate": 0.20569983235750763, "lr": 0.06803007567540754}