{"sequence_length": 8, "hidden_size": 86, "num_layers": 3, "num_blocks": 1, "dropout_rate": 0.3375172500298069, "lr": 0.09693400565808474, "batch_size": 150}