{"sequence_length": 11, "hidden_size": 19, "num_layers": 1, "num_blocks": 2, "dropout_rate": 0.20658206589449996, "lr": 0.035339277252523255}