{"sequence_length": 6, "hidden_size": 109, "num_layers": 2, "num_blocks": 4, "dropout_rate": 0.37973901493619555, "lr": 0.0065247849056273}