{"sequence_length": 9, "hidden_size": 104, "num_layers": 2, "num_blocks": 3, "dropout_rate": 0.3853319431548945, "lr": 0.04446064634473775, "batch_size": 64}