{"sequence_length": 3, "hidden_size": 82, "num_layers": 2, "num_blocks": 3, "dropout_rate": 0.3715875802406343, "lr": 0.07658957130564395}