{"sequence_length": 29, "hidden_size": 87, "num_layers": 2, "num_blocks": 3, "dropout_rate": 0.49990663766732923, "lr": 0.019708658425610082}