{"sequence_length": 3, "hidden_size": 122, "num_layers": 2, "num_blocks": 1, "dropout_rate": 0.3521912310070314, "lr": 0.07273501250045078, "batch_size": 135}