{"sequence_length": 22, "hidden_size": 53, "num_layers": 2, "num_blocks": 4, "dropout_rate": 0.16425193460357948, "lr": 0.02113461520579254}