{"sequence_length": 2, "hidden_size": 75, "num_layers": 3, "num_blocks": 5, "dropout_rate": 0.16246912822593448, "lr": 0.05094623745136326}