{"sequence_length": 9, "hidden_size": 116, "num_layers": 1, "num_blocks": 3, "dropout_rate": 0.25079924728898473, "lr": 0.00012762565123515917}