{"sequence_length": 8, "hidden_size": 103, "num_layers": 1, "num_blocks": 1, "dropout_rate": 0.3640537406477178, "lr": 0.07153370970777818}