{"sequence_length": 23, "hidden_size": 75, "num_layers": 1, "num_blocks": 3, "dropout_rate": 0.4829549241450074, "lr": 0.033469830364995734, "batch_size": 137}