{"sequence_length": 21, "hidden_size": 90, "num_layers": 3, "num_blocks": 3, "dropout_rate": 0.38382768405127, "lr": 0.07288655706138639}