{"sequence_length": 15, "hidden_size": 45, "num_layers": 1, "num_blocks": 4, "dropout_rate": 0.424666177317364, "lr": 0.09840522846727313}