{"sequence_length": 12, "hidden_size": 65, "num_layers": 3, "num_blocks": 5, "dropout_rate": 0.3938809155608821, "lr": 0.06207092502054239}