{"sequence_length": 5, "hidden_size": 48, "num_layers": 1, "num_blocks": 3, "dropout_rate": 0.13540601760129076, "lr": 0.09162587998907053}