{"sequence_length": 18, "hidden_size": 94, "num_layers": 2, "num_blocks": 1, "dropout_rate": 0.23517880788833076, "lr": 0.028884233515195406}