{"sequence_length": 23, "hidden_size": 88, "num_layers": 2, "num_blocks": 1, "dropout_rate": 0.17221900316718744, "lr": 0.05978956613730047}