{"sequence_length": 13, "hidden_size": 34, "num_layers": 3, "num_blocks": 2, "dropout_rate": 0.11896557810944582, "lr": 0.0630901805242377, "batch_size": 166, "l2_lambda": 0.002251934373590296}