{"sequence_length": 25, "hidden_size": 92, "num_layers": 2, "num_blocks": 2, "dropout_rate": 0.20867178684920096, "lr": 0.013550763235039863}