{"sequence_length": 15, "hidden_size": 106, "num_layers": 2, "num_blocks": 2, "dropout_rate": 0.16122392097628102, "lr": 0.04949194705439452, "batch_size": 100, "l2_lambda": 0.009534908139580115}