{"sequence_length": 2, "hidden_size": 97, "num_layers": 3, "num_blocks": 1, "dropout_rate": 0.4685739725792327, "lr": 0.07251366263158386}