{"sequence_length": 13, "hidden_size": 77, "num_layers": 2, "num_blocks": 3, "dropout_rate": 0.4865396955857234, "lr": 0.06176749179893233, "batch_size": 119}