{"sequence_length": 27, "hidden_size": 89, "num_layers": 3, "num_blocks": 2, "dropout_rate": 0.3979987381159049, "lr": 0.06261034819881656}