{"sequence_length": 16, "hidden_size": 119, "num_layers": 3, "num_blocks": 2, "dropout_rate": 0.4006152003945743, "lr": 0.010387104866329908}