{"sequence_length": 3, "hidden_size": 104, "num_layers": 1, "num_blocks": 1, "dropout_rate": 0.3680276037119753, "lr": 0.036326026856944284}