{"sequence_length": 15, "hidden_size": 70, "num_layers": 1, "num_blocks": 2, "dropout_rate": 0.12274371108050733, "lr": 0.07149066609334694}