{"sequence_length": 3, "hidden_size": 111, "num_layers": 2, "num_blocks": 2, "dropout_rate": 0.14153397614929936, "lr": 0.08290156457421938}