{"sequence_length": 23, "hidden_size": 40, "num_layers": 1, "num_blocks": 1, "dropout_rate": 0.39384935247581443, "lr": 0.05241106241377925, "batch_size": 92}