{"sequence_length": 18, "hidden_size": 18, "num_layers": 2, "num_blocks": 3, "dropout_rate": 0.2291594657346892, "lr": 0.09860398071744551}