{"sequence_length": 11, "hidden_size": 109, "num_layers": 3, "num_blocks": 2, "dropout_rate": 0.24884611576041965, "lr": 0.07944333013206893}