{"sequence_length": 27, "hidden_size": 65, "num_layers": 3, "num_blocks": 1, "dropout_rate": 0.18164535291112857, "lr": 0.093376006818494}