{"sequence_length": 23, "hidden_size": 35, "num_layers": 2, "num_blocks": 5, "dropout_rate": 0.15949200664850754, "lr": 0.0036147108785287026}