{"sequence_length": 19, "hidden_size": 107, "num_layers": 2, "num_blocks": 3, "dropout_rate": 0.15284508467959712, "lr": 0.031380328177506175}