{"sequence_length": 6, "hidden_size": 122, "num_layers": 1, "num_blocks": 1, "dropout_rate": 0.3496828626462405, "lr": 0.04803843926069359}