{"sequence_length": 4, "hidden_size": 84, "num_layers": 3, "num_blocks": 4, "dropout_rate": 0.3531702462467652, "lr": 0.07566062152111165}