{"sequence_length": 26, "hidden_size": 123, "num_layers": 1, "num_blocks": 3, "dropout_rate": 0.16920276764479375, "lr": 0.028660613719453523}