{"sequence_length": 13, "hidden_size": 26, "num_layers": 1, "num_blocks": 2, "dropout_rate": 0.13228921298228524, "lr": 0.05812616568773108, "batch_size": 119}