{"sequence_length": 8, "hidden_size": 39, "num_layers": 3, "num_blocks": 4, "dropout_rate": 0.28455614381479677, "lr": 0.017019430249284533}