{"sequence_length": 11, "hidden_size": 113, "num_layers": 2, "num_blocks": 2, "dropout_rate": 0.25591926586398706, "lr": 0.07758247127490925, "batch_size": 234}