{"sequence_length": 28, "hidden_size": 55, "num_layers": 1, "num_blocks": 1, "dropout_rate": 0.13484041228996793, "lr": 0.05405822186133894}