{"sequence_length": 26, "hidden_size": 41, "num_layers": 2, "num_blocks": 2, "dropout_rate": 0.17771384073814553, "lr": 0.008785134633442998}