{"sequence_length": 17, "hidden_size": 76, "num_layers": 1, "num_blocks": 1, "dropout_rate": 0.3152670453338664, "lr": 0.0826434355272188, "batch_size": 103}