{"sequence_length": 23, "hidden_size": 38, "num_layers": 3, "num_blocks": 3, "dropout_rate": 0.4184780475418607, "lr": 0.08750221764860715}