{"sequence_length": 14, "hidden_size": 104, "num_layers": 3, "num_blocks": 3, "dropout_rate": 0.10312080603223764, "lr": 0.01358589439467049}