{"sequence_length": 21, "hidden_size": 112, "num_layers": 2, "num_blocks": 3, "dropout_rate": 0.14615553487819333, "lr": 0.008953492458604126, "batch_size": 220}