{"sequence_length": 11, "hidden_size": 78, "num_layers": 2, "num_blocks": 3, "dropout_rate": 0.3618941297830086, "lr": 0.09436381362791232}