{"sequence_length": 3, "hidden_size": 119, "num_layers": 1, "num_blocks": 2, "dropout_rate": 0.44109534214797697, "lr": 0.012699471060123079, "batch_size": 242}