{"sequence_length": 6, "hidden_size": 118, "num_layers": 2, "num_blocks": 1, "dropout_rate": 0.4367746193845451, "lr": 0.02763504343433285}