{"sequence_length": 28, "hidden_size": 124, "num_layers": 3, "num_blocks": 2, "dropout_rate": 0.2947878244318507, "lr": 0.09393123978824933}