{"sequence_length": 2, "hidden_size": 116, "num_layers": 3, "num_blocks": 3, "dropout_rate": 0.34343083061486634, "lr": 0.0311260262196217, "batch_size": 116}