{"sequence_length": 12, "hidden_size": 64, "num_layers": 3, "num_blocks": 4, "dropout_rate": 0.4741100323710912, "lr": 0.02404639248480848}