{"sequence_length": 27, "hidden_size": 84, "num_layers": 2, "num_blocks": 3, "dropout_rate": 0.12897921658200123, "lr": 0.06299519477305682}