{"sequence_length": 16, "hidden_size": 119, "num_layers": 2, "num_blocks": 2, "dropout_rate": 0.25361594634330886, "lr": 0.029865946750396832}