{"sequence_length": 25, "hidden_size": 42, "num_layers": 2, "num_blocks": 4, "dropout_rate": 0.3664150618755969, "lr": 0.09497321647382499}