{"sequence_length": 2, "hidden_size": 51, "num_layers": 3, "num_blocks": 2, "dropout_rate": 0.2597390828810511, "lr": 0.08307764320707854}