{"sequence_length": 26, "hidden_size": 121, "num_layers": 2, "num_blocks": 2, "dropout_rate": 0.19371475131612015, "lr": 0.06669895357962839, "batch_size": 152}