{"sequence_length": 5, "hidden_size": 67, "num_layers": 2, "num_blocks": 3, "dropout_rate": 0.3172452832385434, "lr": 0.0210924600749305}