{"sequence_length": 20, "hidden_size": 31, "num_layers": 1, "num_blocks": 2, "dropout_rate": 0.22109883722021684, "lr": 0.014940960732395413}