{"sequence_length": 24, "hidden_size": 42, "num_layers": 3, "num_blocks": 3, "dropout_rate": 0.17326249387123355, "lr": 0.026873594865585007}