{"sequence_length": 12, "hidden_size": 75, "num_layers": 2, "num_blocks": 1, "dropout_rate": 0.302318835103791, "lr": 0.05266661897156189}