{"sequence_length": 24, "hidden_size": 38, "num_layers": 3, "num_blocks": 3, "dropout_rate": 0.396268998414699, "lr": 0.05710486874310571}