{"sequence_length": 5, "hidden_size": 109, "num_layers": 3, "num_blocks": 3, "dropout_rate": 0.12295115808047133, "lr": 0.00861412852638131}