{"sequence_length": 18, "hidden_size": 65, "num_layers": 2, "num_blocks": 1, "dropout_rate": 0.22040832746485234, "lr": 0.012308787352563114}