{"sequence_length": 17, "hidden_size": 20, "num_layers": 2, "num_blocks": 1, "dropout_rate": 0.2026483745322848, "lr": 0.09187105820400943}