{"sequence_length": 30, "hidden_size": 42, "num_layers": 2, "num_blocks": 3, "dropout_rate": 0.20772182319779833, "lr": 0.01670260810250589}