{"sequence_length": 5, "hidden_size": 26, "num_layers": 1, "num_blocks": 5, "dropout_rate": 0.1721742328749926, "lr": 0.039632527396824345}