{"sequence_length": 27, "hidden_size": 79, "num_layers": 2, "num_blocks": 1, "dropout_rate": 0.17557086787750475, "lr": 0.08567623757119877, "batch_size": 243, "l2_lambda": 0.0029516254759571338}