{"sequence_length": 12, "hidden_size": 58, "num_layers": 2, "num_blocks": 3, "dropout_rate": 0.3755328730612336, "lr": 0.05449288096102452}