{"sequence_length": 29, "hidden_size": 103, "num_layers": 3, "num_blocks": 2, "dropout_rate": 0.2387153882411932, "lr": 0.03674038142668181}