{"sequence_length": 17, "hidden_size": 29, "num_layers": 3, "num_blocks": 3, "dropout_rate": 0.3446556755310025, "lr": 0.08059207583375141, "batch_size": 139}