{"sequence_length": 15, "hidden_size": 91, "num_layers": 2, "num_blocks": 3, "dropout_rate": 0.2998714700714036, "lr": 0.06016503705851464}