{"sequence_length": 7, "hidden_size": 28, "num_layers": 1, "num_blocks": 3, "dropout_rate": 0.49750270683065156, "lr": 0.07954187767588353}