{"sequence_length": 17, "hidden_size": 32, "num_layers": 1, "num_blocks": 4, "dropout_rate": 0.38437888133174525, "lr": 0.09496933956522229}