{"sequence_length": 14, "hidden_size": 24, "num_layers": 2, "num_blocks": 1, "dropout_rate": 0.351753750188038, "lr": 0.0707288458756176}