{"sequence_length": 14, "hidden_size": 121, "num_layers": 1, "num_blocks": 2, "dropout_rate": 0.2879831049577112, "lr": 0.03550977574659449}