{"sequence_length": 9, "hidden_size": 48, "num_layers": 1, "num_blocks": 5, "dropout_rate": 0.1430797138755335, "lr": 0.03059392472113825}