{"sequence_length": 25, "hidden_size": 103, "num_layers": 3, "num_blocks": 5, "dropout_rate": 0.2035681863116862, "lr": 0.04788347917532473}