{"sequence_length": 4, "hidden_size": 125, "num_layers": 1, "num_blocks": 3, "dropout_rate": 0.4420586786808024, "lr": 0.051299324397018856}