{"sequence_length": 2, "hidden_size": 27, "num_layers": 2, "num_blocks": 1, "dropout_rate": 0.4611728848255705, "lr": 0.0454704168505795}