{"sequence_length": 2, "hidden_size": 70, "num_layers": 1, "num_blocks": 4, "dropout_rate": 0.41064435809538025, "lr": 0.054127528788313624}