{"sequence_length": 3, "hidden_size": 50, "num_layers": 1, "num_blocks": 2, "dropout_rate": 0.46939012491438703, "lr": 0.046309200370912816}