{"sequence_length": 10, "hidden_size": 23, "num_layers": 1, "num_blocks": 3, "dropout_rate": 0.16054654290899087, "lr": 0.03962068932013, "batch_size": 88}