{"sequence_length": 19, "hidden_size": 62, "num_layers": 2, "num_blocks": 1, "dropout_rate": 0.11940519811113887, "lr": 0.0541281177514783}