{"sequence_length": 8, "hidden_size": 63, "num_layers": 1, "num_blocks": 5, "dropout_rate": 0.26867228326558357, "lr": 0.09207812266762827}