{"sequence_length": 11, "hidden_size": 101, "num_layers": 3, "num_blocks": 3, "dropout_rate": 0.3783665660492692, "lr": 0.09039394088084517}