{"sequence_length": 24, "hidden_size": 16, "num_layers": 2, "num_blocks": 2, "dropout_rate": 0.1315510387359009, "lr": 0.030545243994125813}