{"sequence_length": 29, "hidden_size": 112, "num_layers": 2, "num_blocks": 3, "dropout_rate": 0.18516516843943176, "lr": 0.06600291553944808}