{"sequence_length": 7, "hidden_size": 31, "num_layers": 2, "num_blocks": 1, "dropout_rate": 0.2786087714689838, "lr": 0.04975220355137837}