{"sequence_length": 24, "hidden_size": 124, "num_layers": 3, "num_blocks": 3, "dropout_rate": 0.30491060124187463, "lr": 0.07300110880187519}