{"sequence_length": 19, "hidden_size": 127, "num_layers": 2, "num_blocks": 4, "dropout_rate": 0.3110281519033165, "lr": 0.09128468853936977}