{"sequence_length": 26, "hidden_size": 73, "num_layers": 3, "num_blocks": 1, "dropout_rate": 0.4251070226837219, "lr": 0.013202539145937758}