{"sequence_length": 2, "hidden_size": 46, "num_layers": 3, "num_blocks": 2, "dropout_rate": 0.31550967989772627, "lr": 0.09309772408467885, "batch_size": 202, "l2_lambda": 0.004918456908619327}