{"sequence_length": 27, "hidden_size": 29, "num_layers": 2, "num_blocks": 2, "dropout_rate": 0.17743886065080128, "lr": 0.028949695432916304, "batch_size": 19, "l2_lambda": 0.003765818554269417}