{"sequence_length": 22, "hidden_size": 58, "num_layers": 3, "num_blocks": 2, "dropout_rate": 0.43016171692146654, "lr": 0.09620105091023548}