{"sequence_length": 9, "hidden_size": 31, "num_layers": 3, "num_blocks": 1, "dropout_rate": 0.13497310845928207, "lr": 0.07344601817224378}