{"sequence_length": 14, "hidden_size": 79, "num_layers": 1, "num_blocks": 3, "dropout_rate": 0.4333954945063415, "lr": 0.06264624710854715}