{"sequence_length": 9, "hidden_size": 86, "num_layers": 1, "num_blocks": 3, "dropout_rate": 0.49459341152453595, "lr": 0.06598654059258918, "batch_size": 79, "l2_lambda": 0.007277655226786824}