{"sequence_length": 9, "hidden_size": 123, "num_layers": 1, "num_blocks": 4, "dropout_rate": 0.42640055063426474, "lr": 0.016258939730959283}