{"sequence_length": 25, "hidden_size": 87, "num_layers": 1, "num_blocks": 2, "dropout_rate": 0.13171602530028548, "lr": 0.035744447190132936}