{"sequence_length": 25, "hidden_size": 127, "num_layers": 2, "num_blocks": 1, "dropout_rate": 0.46195610237068585, "lr": 0.0031468334692834653}