{"sequence_length": 9, "hidden_size": 31, "num_layers": 3, "num_blocks": 2, "dropout_rate": 0.1895273733256791, "lr": 0.0276917541905271, "batch_size": 26, "l2_lambda": 0.0032616103816231457}