{"sequence_length": 22, "hidden_size": 55, "num_layers": 1, "num_blocks": 2, "dropout_rate": 0.23869855652324823, "lr": 0.08700852378127065}