{"sequence_length": 12, "hidden_size": 39, "num_layers": 3, "num_blocks": 3, "dropout_rate": 0.4436498824416907, "lr": 0.056759785305217865}