{"sequence_length": 9, "hidden_size": 69, "num_layers": 3, "num_blocks": 3, "dropout_rate": 0.2090408674158713, "lr": 0.0035724850224846884}