{"sequence_length": 5, "hidden_size": 16, "num_layers": 1, "num_blocks": 1, "dropout_rate": 0.4850585482871129, "lr": 0.03722643077831724}