{"sequence_length": 21, "hidden_size": 117, "num_layers": 2, "num_blocks": 3, "dropout_rate": 0.28163912333926, "lr": 0.0916835926213508}