{"sequence_length": 14, "hidden_size": 108, "num_layers": 3, "num_blocks": 1, "dropout_rate": 0.14384176442275487, "lr": 0.0031309754440897804}