{"sequence_length": 11, "hidden_size": 54, "num_layers": 2, "num_blocks": 5, "dropout_rate": 0.377207757025946, "lr": 0.017492081896230194}