{"sequence_length": 8, "hidden_size": 50, "num_layers": 1, "num_blocks": 1, "dropout_rate": 0.40845606672198775, "lr": 0.015950920079506967, "batch_size": 146, "l2_lambda": 0.001654412508690773}