{"sequence_length": 20, "hidden_size": 121, "num_layers": 2, "num_blocks": 1, "dropout_rate": 0.47800985741103874, "lr": 0.08361214485821765}