{"sequence_length": 29, "hidden_size": 96, "num_layers": 2, "num_blocks": 1, "dropout_rate": 0.28862631286062745, "lr": 0.037888489656732444}