{"sequence_length": 24, "hidden_size": 83, "num_layers": 1, "num_blocks": 2, "dropout_rate": 0.185067082540304, "lr": 0.07468765001377059}