{"sequence_length": 6, "hidden_size": 45, "num_layers": 2, "num_blocks": 1, "dropout_rate": 0.23618326460570638, "lr": 0.06637923131685156}