{"sequence_length": 17, "hidden_size": 93, "num_layers": 3, "num_blocks": 2, "dropout_rate": 0.27558264796130816, "lr": 0.0016262679674931835}