{"sequence_length": 22, "hidden_size": 18, "num_layers": 1, "num_blocks": 3, "dropout_rate": 0.22208854790266558, "lr": 0.014651330830973981}