{"sequence_length": 29, "hidden_size": 118, "num_layers": 2, "num_blocks": 2, "dropout_rate": 0.27424325682803086, "lr": 0.05451714839982811, "batch_size": 18, "l2_lambda": 0.007446661456087467}