{"sequence_length": 6, "hidden_size": 124, "num_layers": 1, "num_blocks": 2, "dropout_rate": 0.11961440475760306, "lr": 0.04580318526380293, "batch_size": 141, "l2_lambda": 0.006896509787782924}