{"sequence_length": 25, "hidden_size": 126, "num_layers": 2, "num_blocks": 2, "dropout_rate": 0.3638855938046497, "lr": 0.0968795203333998}