{"sequence_length": 26, "hidden_size": 77, "num_layers": 3, "num_blocks": 1, "dropout_rate": 0.45866474949965796, "lr": 0.08779031784815994}