{"sequence_length": 4, "hidden_size": 81, "num_layers": 2, "num_blocks": 1, "dropout_rate": 0.27690698774838285, "lr": 0.07715425123505867}