{"sequence_length": 20, "hidden_size": 114, "num_layers": 1, "num_blocks": 2, "dropout_rate": 0.38606601411582664, "lr": 0.051247484129616744}