{"sequence_length": 5, "hidden_size": 80, "num_layers": 3, "num_blocks": 3, "dropout_rate": 0.10446495251150396, "lr": 0.015311154167566194, "batch_size": 168, "l2_lambda": 0.0020772554385991788}