{"sequence_length": 4, "hidden_size": 98, "num_layers": 2, "num_blocks": 2, "dropout_rate": 0.28973885036847147, "lr": 0.04303928467098365}