{"sequence_length": 17, "hidden_size": 81, "num_layers": 2, "num_blocks": 3, "dropout_rate": 0.45309344275077856, "lr": 0.041947485208230405, "batch_size": 69, "l2_lambda": 0.0005106818345766092}