{"sequence_length": 23, "hidden_size": 112, "num_layers": 1, "num_blocks": 3, "dropout_rate": 0.3185956888780356, "lr": 0.07040374280940771}