{"sequence_length": 12, "hidden_size": 105, "num_layers": 2, "num_blocks": 3, "dropout_rate": 0.12159403506840807, "lr": 0.023353792952437533}