{"sequence_length": 22, "hidden_size": 119, "num_layers": 1, "num_blocks": 2, "dropout_rate": 0.2807257591197704, "lr": 0.001065544452571971}