{"sequence_length": 13, "hidden_size": 41, "num_layers": 2, "num_blocks": 2, "dropout_rate": 0.3063968249088025, "lr": 0.09800150345448133}