{"sequence_length": 24, "hidden_size": 56, "num_layers": 1, "num_blocks": 1, "dropout_rate": 0.3256085480179577, "lr": 0.06250108975159904, "batch_size": 95, "l2_lambda": 0.0017545560921754973}