{"sequence_length": 28, "hidden_size": 66, "num_layers": 2, "num_blocks": 3, "dropout_rate": 0.18790036812163577, "lr": 0.0037813880730840554}