{"sequence_length": 24, "hidden_size": 59, "num_layers": 1, "num_blocks": 1, "dropout_rate": 0.13877045181839112, "lr": 0.046531761679207355}