{"sequence_length": 12, "hidden_size": 107, "num_layers": 3, "num_blocks": 3, "dropout_rate": 0.3489671155431227, "lr": 0.0065452648111988055}