{"sequence_length": 9, "hidden_size": 49, "num_layers": 3, "num_blocks": 5, "dropout_rate": 0.2933379363445643, "lr": 0.012195018717352584}