{"sequence_length": 18, "hidden_size": 56, "num_layers": 2, "num_blocks": 5, "dropout_rate": 0.14734457353199099, "lr": 0.040578784317471445}