{"sequence_length": 14, "hidden_size": 126, "num_layers": 1, "num_blocks": 3, "dropout_rate": 0.1903190767078011, "lr": 0.003037006438403848}