{"sequence_length": 22, "hidden_size": 78, "num_layers": 3, "num_blocks": 2, "dropout_rate": 0.19617963523590395, "lr": 0.0025647850731767233}