{"sequence_length": 2, "hidden_size": 122, "num_layers": 1, "num_blocks": 4, "dropout_rate": 0.14136524959442276, "lr": 0.09977530888133368}