{"sequence_length": 14, "hidden_size": 60, "num_layers": 1, "num_blocks": 1, "dropout_rate": 0.27152306962113315, "lr": 0.043829535286644426, "batch_size": 51, "l2_lambda": 0.00018427523400901184}