{"sequence_length": 14, "hidden_size": 86, "num_layers": 3, "num_blocks": 1, "dropout_rate": 0.325471421030025, "lr": 0.008608256958877193}