{"sequence_length": 13, "hidden_size": 40, "num_layers": 1, "num_blocks": 1, "dropout_rate": 0.3927620981699689, "lr": 0.004390603787861891}