{"sequence_length": 30, "hidden_size": 47, "num_layers": 1, "num_blocks": 3, "dropout_rate": 0.3782113326930955, "lr": 0.09750722070717205}