{"sequence_length": 14, "hidden_size": 42, "num_layers": 2, "num_blocks": 4, "dropout_rate": 0.43677973739430564, "lr": 0.037204711983650954}