{"sequence_length": 7, "hidden_size": 75, "num_layers": 1, "num_blocks": 3, "dropout_rate": 0.27254704465042506, "lr": 0.05064665822449959}