{"sequence_length": 17, "hidden_size": 93, "num_layers": 3, "num_blocks": 2, "dropout_rate": 0.3201707229906047, "lr": 0.06451586463569645}