{"sequence_length": 4, "hidden_size": 95, "num_layers": 1, "num_blocks": 2, "dropout_rate": 0.20631813983144232, "lr": 0.05640757263272651, "batch_size": 71, "l2_lambda": 0.008247134602796639}