{"sequence_length": 11, "hidden_size": 109, "num_layers": 1, "num_blocks": 4, "dropout_rate": 0.29442350839794074, "lr": 0.031851801116798806}