{"sequence_length": 24, "hidden_size": 36, "num_layers": 3, "num_blocks": 1, "dropout_rate": 0.3142474218421143, "lr": 0.033961859640355585}