{"sequence_length": 30, "hidden_size": 104, "num_layers": 3, "num_blocks": 4, "dropout_rate": 0.12830476588366616, "lr": 0.002320985495060917}