{"sequence_length": 13, "hidden_size": 101, "num_layers": 1, "num_blocks": 3, "dropout_rate": 0.3907003529176343, "lr": 0.022104496432113624}