{"sequence_length": 20, "hidden_size": 27, "num_layers": 3, "num_blocks": 1, "dropout_rate": 0.4661395283798988, "lr": 0.09637605585276365}