{"sequence_length": 13, "hidden_size": 65, "num_layers": 2, "num_blocks": 1, "dropout_rate": 0.38910261476146113, "lr": 0.06809619906101791, "batch_size": 212, "l2_lambda": 0.009821128299662163}