{"sequence_length": 29, "hidden_size": 76, "num_layers": 3, "num_blocks": 2, "dropout_rate": 0.4644214624152633, "lr": 0.06289805875992636}