{"sequence_length": 24, "hidden_size": 28, "num_layers": 2, "num_blocks": 1, "dropout_rate": 0.30482056691670345, "lr": 0.04543586527179117}