{"sequence_length": 13, "hidden_size": 30, "num_layers": 1, "num_blocks": 2, "dropout_rate": 0.28252163419365484, "lr": 0.08973299340133786}