{"sequence_length": 21, "hidden_size": 34, "num_layers": 3, "num_blocks": 3, "dropout_rate": 0.1412101478309673, "lr": 0.06566675819718984}