{"sequence_length": 4, "hidden_size": 115, "num_layers": 3, "num_blocks": 2, "dropout_rate": 0.45676416350147464, "lr": 0.06357962279101478, "batch_size": 220, "l2_lambda": 3.813572111766287e-05}