{"sequence_length": 4, "hidden_size": 17, "num_layers": 1, "num_blocks": 1, "dropout_rate": 0.28400263341225673, "lr": 0.014640602128901642}