{"sequence_length": 25, "hidden_size": 116, "num_layers": 1, "num_blocks": 4, "dropout_rate": 0.27409817178246, "lr": 0.0408294809832814}