{"sequence_length": 9, "hidden_size": 28, "num_layers": 3, "num_blocks": 1, "dropout_rate": 0.13527277074242977, "lr": 0.004889233713539701}