{"sequence_length": 29, "hidden_size": 55, "num_layers": 2, "num_blocks": 3, "dropout_rate": 0.3139477288846898, "lr": 0.02256840305113222}