{"sequence_length": 17, "hidden_size": 18, "num_layers": 2, "num_blocks": 1, "dropout_rate": 0.1954568860076157, "lr": 0.03552070732396816}