{"sequence_length": 24, "hidden_size": 38, "num_layers": 1, "num_blocks": 2, "dropout_rate": 0.1176069221991757, "lr": 0.07988731905985723}