{"sequence_length": 29, "hidden_size": 28, "num_layers": 2, "num_blocks": 2, "dropout_rate": 0.27920541009732924, "lr": 0.08752619751165804}