{"sequence_length": 28, "hidden_size": 81, "num_layers": 1, "num_blocks": 4, "dropout_rate": 0.23019632523401393, "lr": 0.02329009561188083}