{"sequence_length": 19, "hidden_size": 33, "num_layers": 1, "num_blocks": 3, "dropout_rate": 0.31029611233119025, "lr": 0.027692153321390005}