{"sequence_length": 28, "hidden_size": 31, "num_layers": 3, "num_blocks": 1, "dropout_rate": 0.362134068342738, "lr": 0.02355272297218675}