{"sequence_length": 13, "hidden_size": 51, "num_layers": 3, "num_blocks": 1, "dropout_rate": 0.1927313956514737, "lr": 0.002890015139932818}