{"sequence_length": 10, "hidden_size": 23, "num_layers": 2, "num_blocks": 3, "dropout_rate": 0.31200546329143175, "lr": 0.06898743167597092}