{"sequence_length": 5, "hidden_size": 71, "num_layers": 2, "num_blocks": 2, "dropout_rate": 0.2707038097867056, "lr": 0.038161770629638984}