{"sequence_length": 9, "hidden_size": 79, "num_layers": 1, "num_blocks": 1, "dropout_rate": 0.48177329608123165, "lr": 0.03481122545000204}