{"sequence_length": 3, "hidden_size": 31, "num_layers": 3, "num_blocks": 2, "dropout_rate": 0.24923407174624568, "lr": 0.04928869367261893, "batch_size": 227, "l2_lambda": 0.004680321571019976}