{"sequence_length": 2, "hidden_size": 25, "num_layers": 2, "num_blocks": 3, "dropout_rate": 0.12475415486937501, "lr": 0.02625642491565531}