{"sequence_length": 28, "hidden_size": 27, "num_layers": 2, "num_blocks": 1, "dropout_rate": 0.36351565410632247, "lr": 0.049494127485490334}