{"sequence_length": 23, "hidden_size": 70, "num_layers": 3, "num_blocks": 5, "dropout_rate": 0.42673954593493624, "lr": 0.06269439007747146}