{"sequence_length": 24, "hidden_size": 79, "num_layers": 2, "num_blocks": 2, "dropout_rate": 0.31939295055749417, "lr": 0.06516018104012154}