{"sequence_length": 3, "hidden_size": 29, "num_layers": 2, "num_blocks": 2, "dropout_rate": 0.2568487439826635, "lr": 0.04980780350978283, "batch_size": 84, "l2_lambda": 0.009334241487757673}