{"sequence_length": 5, "hidden_size": 58, "num_layers": 3, "num_blocks": 1, "dropout_rate": 0.13626994175554594, "lr": 0.016826561669538685}