{"sequence_length": 2, "hidden_size": 114, "num_layers": 2, "num_blocks": 3, "dropout_rate": 0.20970441430533981, "lr": 0.03170199485340199, "batch_size": 110, "l2_lambda": 0.00884171446347754}