{"sequence_length": 17, "hidden_size": 93, "num_layers": 1, "num_blocks": 2, "dropout_rate": 0.26314819654114624, "lr": 0.04316552880861565}