{"sequence_length": 17, "hidden_size": 94, "num_layers": 3, "num_blocks": 1, "dropout_rate": 0.22667136100379215, "lr": 0.08910157799698237}