{"sequence_length": 27, "hidden_size": 41, "num_layers": 1, "num_blocks": 2, "dropout_rate": 0.1073565040102129, "lr": 0.07578658898526412}