{"sequence_length": 4, "hidden_size": 84, "num_layers": 1, "num_blocks": 1, "dropout_rate": 0.34327937579393497, "lr": 0.0034965624802697254}