{"sequence_length": 24, "hidden_size": 21, "num_layers": 2, "num_blocks": 3, "dropout_rate": 0.2761433904436381, "lr": 0.0333801961363446}