{"sequence_length": 16, "hidden_size": 78, "num_layers": 3, "num_blocks": 3, "dropout_rate": 0.2604171526529311, "lr": 0.011549152109876337, "batch_size": 174, "l2_lambda": 0.0044919898864884565}