{"sequence_length": 7, "hidden_size": 64, "num_layers": 1, "num_blocks": 2, "dropout_rate": 0.48247943934118565, "lr": 0.07218895273466294, "batch_size": 172, "l2_lambda": 0.0017893555357633168}