{"sequence_length": 8, "hidden_size": 61, "num_layers": 3, "num_blocks": 5, "dropout_rate": 0.359741651435052, "lr": 0.04020921791691942}