{"sequence_length": 18, "hidden_size": 49, "num_layers": 2, "num_blocks": 1, "dropout_rate": 0.22933486216610102, "lr": 0.051491125221017724}