{"sequence_length": 4, "hidden_size": 34, "num_layers": 3, "num_blocks": 4, "dropout_rate": 0.28837448798593207, "lr": 0.033292450380434165}