{"sequence_length": 2, "hidden_size": 118, "num_layers": 3, "num_blocks": 5, "dropout_rate": 0.21708153927861384, "lr": 0.06523078431762318}