{"sequence_length": 17, "hidden_size": 39, "num_layers": 2, "num_blocks": 2, "dropout_rate": 0.3779143469654055, "lr": 0.01851880906467365}