{"sequence_length": 18, "hidden_size": 78, "num_layers": 3, "num_blocks": 5, "dropout_rate": 0.28459454565831754, "lr": 0.04195853521766727}