{"sequence_length": 23, "hidden_size": 66, "num_layers": 2, "num_blocks": 1, "dropout_rate": 0.16935409457051603, "lr": 0.010662331890988199}