{"sequence_length": 18, "hidden_size": 108, "num_layers": 2, "num_blocks": 1, "dropout_rate": 0.14913531586476958, "lr": 0.03348970194243263}