{"sequence_length": 25, "hidden_size": 119, "num_layers": 1, "num_blocks": 3, "dropout_rate": 0.23275497536719658, "lr": 0.06709973463807374}