{"sequence_length": 12, "hidden_size": 78, "num_layers": 2, "num_blocks": 2, "dropout_rate": 0.14818758123236325, "lr": 0.03371822007942995, "batch_size": 171, "l2_lambda": 0.005778352549693264}