{"sequence_length": 10, "hidden_size": 71, "num_layers": 1, "num_blocks": 5, "dropout_rate": 0.10029335342158233, "lr": 0.08445475795122473}