{"sequence_length": 8, "hidden_size": 94, "num_layers": 2, "num_blocks": 1, "dropout_rate": 0.47025935653035067, "lr": 0.04265639253746462}