{"sequence_length": 16, "hidden_size": 93, "num_layers": 1, "num_blocks": 3, "dropout_rate": 0.16783221322785372, "lr": 0.0388696555595705}