{"sequence_length": 19, "hidden_size": 108, "num_layers": 1, "num_blocks": 1, "dropout_rate": 0.2832003869439179, "lr": 0.04805041924259683}