{"sequence_length": 30, "hidden_size": 52, "num_layers": 2, "num_blocks": 5, "dropout_rate": 0.49446679320014697, "lr": 0.010509200993615483}