{"sequence_length": 17, "hidden_size": 65, "num_layers": 3, "num_blocks": 3, "dropout_rate": 0.24023508154930912, "lr": 0.05058913035193282}