{"sequence_length": 21, "hidden_size": 73, "num_layers": 2, "num_blocks": 2, "dropout_rate": 0.20587570989992324, "lr": 0.07800180309010643}