{"sequence_length": 18, "hidden_size": 59, "num_layers": 3, "num_blocks": 1, "dropout_rate": 0.34584652450846765, "lr": 0.05008053664346407}