{"sequence_length": 7, "hidden_size": 50, "num_layers": 3, "num_blocks": 1, "dropout_rate": 0.4385146205376087, "lr": 0.09247154896179499}