{"sequence_length": 4, "hidden_size": 55, "num_layers": 2, "num_blocks": 3, "dropout_rate": 0.18305156173222514, "lr": 0.014708669936106134}