{"sequence_length": 12, "hidden_size": 62, "num_layers": 3, "num_blocks": 1, "dropout_rate": 0.410734663279705, "lr": 0.005374456157438267}