{"sequence_length": 26, "hidden_size": 58, "num_layers": 1, "num_blocks": 5, "dropout_rate": 0.12983096229689708, "lr": 0.0041554865868753945}