{"sequence_length": 22, "hidden_size": 50, "num_layers": 3, "num_blocks": 1, "dropout_rate": 0.20205381248003385, "lr": 0.024370501332522203}