{"sequence_length": 7, "hidden_size": 84, "num_layers": 2, "num_blocks": 4, "dropout_rate": 0.31815018457663435, "lr": 0.04970276447762316}