{"sequence_length": 13, "hidden_size": 17, "num_layers": 2, "num_blocks": 1, "dropout_rate": 0.13237621116919748, "lr": 0.05899220594832722}