{"sequence_length": 10, "hidden_size": 52, "num_layers": 1, "num_blocks": 1, "dropout_rate": 0.3633040588866817, "lr": 0.003616314425259131}