{"sequence_length": 5, "hidden_size": 66, "num_layers": 3, "num_blocks": 3, "dropout_rate": 0.3629150754795566, "lr": 0.054998762659592165}