{"sequence_length": 2, "hidden_size": 81, "num_layers": 3, "num_blocks": 2, "dropout_rate": 0.2958579834659619, "lr": 0.04412133079256047}