{"sequence_length": 20, "hidden_size": 62, "num_layers": 1, "num_blocks": 5, "dropout_rate": 0.49010924089451735, "lr": 0.09375044816769028}