{"sequence_length": 12, "hidden_size": 60, "num_layers": 3, "num_blocks": 2, "dropout_rate": 0.1093702963891679, "lr": 0.04227220091346906}