{"sequence_length": 24, "hidden_size": 82, "num_layers": 3, "num_blocks": 1, "dropout_rate": 0.13405291590819776, "lr": 0.03279091707746937}