{"sequence_length": 24, "hidden_size": 61, "num_layers": 2, "num_blocks": 3, "dropout_rate": 0.1776674167584735, "lr": 0.0857265616727536}