{"sequence_length": 6, "hidden_size": 113, "num_layers": 3, "num_blocks": 3, "dropout_rate": 0.4136454402301867, "lr": 0.06843299155396942}