{"sequence_length": 22, "hidden_size": 114, "num_layers": 3, "num_blocks": 4, "dropout_rate": 0.45764316246440817, "lr": 0.03154170686596192}