{"sequence_length": 16, "hidden_size": 43, "num_layers": 1, "num_blocks": 1, "dropout_rate": 0.4900136669861034, "lr": 0.03064903346992094}