{"sequence_length": 8, "hidden_size": 73, "num_layers": 2, "num_blocks": 2, "dropout_rate": 0.3601128532786626, "lr": 0.06045751664605015}