{"sequence_length": 6, "hidden_size": 29, "num_layers": 3, "num_blocks": 1, "dropout_rate": 0.19659625390513202, "lr": 0.07399244020945285}