{"sequence_length": 30, "hidden_size": 63, "num_layers": 3, "num_blocks": 2, "dropout_rate": 0.24732439275601356, "lr": 0.08073405661913881}