{"sequence_length": 24, "hidden_size": 65, "num_layers": 2, "num_blocks": 3, "dropout_rate": 0.19571319962251002, "lr": 0.016408901995186406}