{"sequence_length": 6, "hidden_size": 36, "num_layers": 2, "num_blocks": 3, "dropout_rate": 0.17066516596198467, "lr": 0.06030345444102646}