{"sequence_length": 27, "hidden_size": 28, "num_layers": 3, "num_blocks": 3, "dropout_rate": 0.17363566663896945, "lr": 0.030282394425811876}