{"sequence_length": 23, "hidden_size": 40, "num_layers": 2, "num_blocks": 2, "dropout_rate": 0.453094626646112, "lr": 0.09100822244331255}