{"sequence_length": 4, "hidden_size": 105, "num_layers": 3, "num_blocks": 2, "dropout_rate": 0.21970351293634863, "lr": 0.007269759417329156}