{"sequence_length": 16, "hidden_size": 95, "num_layers": 2, "num_blocks": 4, "dropout_rate": 0.12140323969604223, "lr": 0.08475388329127279}