{"sequence_length": 11, "hidden_size": 113, "num_layers": 2, "num_blocks": 2, "dropout_rate": 0.3875359618710267, "lr": 0.0012323466305100357}