{"sequence_length": 19, "hidden_size": 52, "num_layers": 3, "num_blocks": 1, "dropout_rate": 0.19556897358969325, "lr": 0.009885887884847224, "batch_size": 141, "l2_lambda": 0.0074221246817208555}