{"sequence_length": 23, "hidden_size": 27, "num_layers": 1, "num_blocks": 1, "dropout_rate": 0.44412335714194895, "lr": 0.08296264085584565}