{"sequence_length": 22, "hidden_size": 122, "num_layers": 1, "num_blocks": 2, "dropout_rate": 0.12033486616122097, "lr": 0.0029637481551753856, "batch_size": 246, "l2_lambda": 0.008507660913634647}