{"sequence_length": 14, "hidden_size": 75, "num_layers": 1, "num_blocks": 2, "dropout_rate": 0.24569948771455263, "lr": 0.04268363039468969}