{"sequence_length": 9, "hidden_size": 103, "num_layers": 2, "num_blocks": 1, "dropout_rate": 0.45882564076210175, "lr": 0.03774832224075325}