{"out_channels": 19, "kernel_size": 5, "num_blocks": 2, "lstm_hidden_size": 103, "l2_lambda": 0.009188757939989767, "dropout_rate": 0.2626314858869372, "lr": 0.011896208814260331, "batch_size": 46}