{"out_channels": 29, "kernel_size": 6, "num_blocks": 2, "lstm_hidden_size": 79, "l2_lambda": 0.005850404642507844, "dropout_rate": 0.22119831133883455, "lr": 0.02467202051521164, "batch_size": 57}