{"out_channels": 31, "kernel_size": 4, "num_blocks": 1, "lstm_hidden_size": 115, "l2_lambda": 0.007366440191033249, "dropout_rate": 0.35407695614699664, "lr": 0.06524274900334927, "batch_size": 158}