{"out_channels": 119, "kernel_size": 5, "num_blocks": 1, "lstm_hidden_size": 78, "l2_lambda": 0.005087317657777027, "dropout_rate": 0.47056403158529825, "lr": 0.039525251733361334, "batch_size": 88}