{"out_channels": 46, "kernel_size": 4, "num_blocks": 2, "lstm_hidden_size": 114, "l2_lambda": 0.0025225518844343106, "dropout_rate": 0.39660406944885607, "lr": 0.06682411157024576, "batch_size": 69}