{"out_channels": 92, "kernel_size": 5, "num_blocks": 3, "lstm_hidden_size": 128, "l2_lambda": 0.006469154921985586, "dropout_rate": 0.30792519575854915, "lr": 0.08802707709144433, "batch_size": 123}