{"out_channels": 38, "kernel_size": 7, "num_blocks": 2, "lstm_hidden_size": 106, "l2_lambda": 0.003253388057242618, "dropout_rate": 0.206263838243768, "lr": 0.053842631695556, "batch_size": 61}