{"out_channels": 97, "kernel_size": 4, "num_blocks": 3, "lstm_hidden_size": 68, "l2_lambda": 0.008799171603800835, "dropout_rate": 0.43002023772509956, "lr": 0.0487026541722265, "batch_size": 124}