{"out_channels": 18, "kernel_size": 5, "num_blocks": 1, "lstm_hidden_size": 83, "l2_lambda": 0.0009842240368499048, "dropout_rate": 0.33264352446763557, "lr": 0.033869744366811866, "batch_size": 105}