{"out_channels": 113, "kernel_size": 4, "num_blocks": 3, "lstm_hidden_size": 99, "l2_lambda": 0.0047589662533902045, "dropout_rate": 0.1649823679506795, "lr": 0.04595651467013284, "batch_size": 36}