{"out_channels": 41, "kernel_size": 6, "num_blocks": 3, "lstm_hidden_size": 108, "l2_lambda": 0.00592645184123127, "dropout_rate": 0.15232520368755856, "lr": 0.06150823780374361, "batch_size": 155}