{"out_channels": 122, "kernel_size": 5, "num_blocks": 1, "lstm_hidden_size": 53, "l2_lambda": 0.003241753049626562, "dropout_rate": 0.34447402277313877, "lr": 0.09494503603605427, "batch_size": 229}