{"out_channels": 113, "kernel_size": 4, "num_blocks": 3, "lstm_hidden_size": 86, "l2_lambda": 0.006035607076376264, "dropout_rate": 0.4924176752020346, "lr": 0.014698385098188218, "batch_size": 59}