{"out_channels": 51, "kernel_size": 5, "num_blocks": 1, "lstm_hidden_size": 101, "l2_lambda": 0.006548359301267236, "dropout_rate": 0.1468605434166392, "lr": 0.08654508543550224, "batch_size": 168}