{"out_channels": 121, "kernel_size": 4, "num_blocks": 2, "lstm_hidden_size": 125, "l2_lambda": 0.009973743745525582, "dropout_rate": 0.21588718208611574, "lr": 0.07429925715760513, "batch_size": 246}