{"out_channels": 73, "kernel_size": 7, "num_blocks": 3, "lstm_hidden_size": 93, "l2_lambda": 0.009692820254508005, "dropout_rate": 0.23407924632895205, "lr": 0.005102540506252884, "batch_size": 167}