{"out_channels": 87, "kernel_size": 5, "num_blocks": 3, "lstm_hidden_size": 100, "l2_lambda": 0.005736394280217128, "dropout_rate": 0.28789170233019834, "lr": 0.006509844254581616, "batch_size": 232}