{"out_channels": 17, "kernel_size": 7, "num_blocks": 2, "lstm_hidden_size": 109, "l2_lambda": 0.005447542560582211, "dropout_rate": 0.23926877710684355, "lr": 0.06539945001380573, "batch_size": 25}