{"out_channels": 52, "kernel_size": 3, "num_blocks": 3, "lstm_hidden_size": 124, "l2_lambda": 0.00634762729350146, "dropout_rate": 0.22073524269065087, "lr": 0.07460521266648311, "batch_size": 180}