{"out_channels": 31, "kernel_size": 3, "num_blocks": 3, "lstm_hidden_size": 56, "l2_lambda": 0.009018139823736887, "dropout_rate": 0.17456220663128685, "lr": 0.09839808500811531, "batch_size": 217}