{"out_channels": 24, "kernel_size": 7, "num_blocks": 3, "lstm_hidden_size": 122, "l2_lambda": 0.0027682897369927907, "dropout_rate": 0.2583847367650549, "lr": 0.02564414768596158, "batch_size": 32}