{"out_channels": 100, "kernel_size": 7, "num_blocks": 1, "lstm_hidden_size": 108, "l2_lambda": 0.004487278594954122, "dropout_rate": 0.2188971813184618, "lr": 0.035761894700280156, "batch_size": 154}