{"out_channels": 65, "kernel_size": 6, "num_blocks": 2, "lstm_hidden_size": 84, "l2_lambda": 0.005086759585329691, "dropout_rate": 0.2638985206049716, "lr": 0.01300943010477181, "batch_size": 216}