{"out_channels": 17, "kernel_size": 5, "num_blocks": 1, "lstm_hidden_size": 88, "l2_lambda": 0.007629649343751073, "dropout_rate": 0.3817425820154656, "lr": 0.06571594399548746, "batch_size": 140}