{"out_channels": 96, "kernel_size": 4, "num_blocks": 2, "lstm_hidden_size": 64, "l2_lambda": 0.002530587934278205, "dropout_rate": 0.22987511417584372, "lr": 0.06489688717241442, "batch_size": 224}