{"out_channels": 125, "kernel_size": 4, "num_blocks": 1, "lstm_hidden_size": 58, "l2_lambda": 0.006082043225645634, "dropout_rate": 0.23155796019103075, "lr": 0.008677956510633482, "batch_size": 76}