{"out_channels": 74, "kernel_size": 4, "num_blocks": 2, "lstm_hidden_size": 69, "l2_lambda": 0.007795046976147806, "dropout_rate": 0.3757534717837304, "lr": 0.0387893905365987, "batch_size": 193}