{"out_channels": 101, "kernel_size": 6, "num_blocks": 3, "lstm_hidden_size": 89, "l2_lambda": 0.00019693608567771046, "dropout_rate": 0.3852434451815637, "lr": 0.07734506665390273, "batch_size": 50}