{"out_channels": 126, "kernel_size": 7, "num_blocks": 2, "lstm_hidden_size": 55, "l2_lambda": 0.00047707995209732404, "dropout_rate": 0.39089789530237584, "lr": 0.061061739577823015, "batch_size": 174}