{"out_channels": 76, "kernel_size": 3, "num_blocks": 2, "lstm_hidden_size": 78, "l2_lambda": 0.009285138333645705, "dropout_rate": 0.18013860553911162, "lr": 0.07529904907759903, "batch_size": 248}