{"out_channels": 27, "kernel_size": 5, "num_blocks": 1, "lstm_hidden_size": 118, "l2_lambda": 0.0023061272293814594, "dropout_rate": 0.1552862154972936, "lr": 0.06452657511768523, "batch_size": 28}