{"out_channels": 30, "kernel_size": 3, "num_blocks": 2, "lstm_hidden_size": 95, "l2_lambda": 0.0008032262370750662, "dropout_rate": 0.36516179262880555, "lr": 0.02468092358452977, "batch_size": 28}