{"out_channels": 114, "kernel_size": 5, "num_blocks": 3, "lstm_hidden_size": 122, "l2_lambda": 0.008066679585696974, "dropout_rate": 0.3339569828582399, "lr": 0.01979621618750979, "batch_size": 185}