{"out_channels": 36, "kernel_size": 6, "num_blocks": 3, "lstm_hidden_size": 121, "l2_lambda": 0.0019995446961801216, "dropout_rate": 0.37340550910738723, "lr": 0.08984816417105901, "batch_size": 169}