{"out_channels": 97, "kernel_size": 5, "num_blocks": 3, "lstm_hidden_size": 68, "l2_lambda": 0.009447779508523903, "dropout_rate": 0.39643615761419626, "lr": 0.029977734480581747, "batch_size": 177}