{"out_channels": 48, "kernel_size": 4, "num_blocks": 1, "lstm_hidden_size": 77, "l2_lambda": 0.0037650478753693253, "dropout_rate": 0.34272709959322234, "lr": 0.035481767909769944, "batch_size": 132}