{"out_channels": 48, "kernel_size": 3, "num_blocks": 2, "lstm_hidden_size": 33, "l2_lambda": 0.00273709414280877, "dropout_rate": 0.2711040804975203, "lr": 0.06284831031998185, "batch_size": 86}