{"out_channels": 76, "kernel_size": 4, "num_blocks": 1, "lstm_hidden_size": 116, "l2_lambda": 0.0020722147988444365, "dropout_rate": 0.38966252730664264, "lr": 0.007847827290288134, "batch_size": 203}