{"out_channels": 26, "kernel_size": 4, "num_blocks": 2, "lstm_hidden_size": 51, "l2_lambda": 0.0014251456999382556, "dropout_rate": 0.14063577254586998, "lr": 0.05922718973369757, "batch_size": 143}