{"out_channels": 36, "kernel_size": 6, "num_blocks": 3, "lstm_hidden_size": 105, "l2_lambda": 0.0026986671427505233, "dropout_rate": 0.22427215312813745, "lr": 0.02591912898222326, "batch_size": 50}