{"out_channels": 50, "kernel_size": 5, "num_blocks": 1, "lstm_hidden_size": 83, "l2_lambda": 0.006854064139636326, "dropout_rate": 0.4748897127995543, "lr": 0.03718761216602309, "batch_size": 219}