{"out_channels": 60, "kernel_size": 6, "num_blocks": 2, "lstm_hidden_size": 120, "l2_lambda": 0.00017102585493678656, "dropout_rate": 0.23548446755821006, "lr": 0.002729950716608018, "batch_size": 138}