{"out_channels": 116, "kernel_size": 4, "num_blocks": 3, "lstm_hidden_size": 70, "l2_lambda": 0.005749652329763373, "dropout_rate": 0.202291192209128, "lr": 0.03949946866842333, "batch_size": 218}