{"out_channels": 55, "kernel_size": 5, "num_blocks": 2, "lstm_hidden_size": 81, "l2_lambda": 0.005831635641262502, "dropout_rate": 0.45885586319887894, "lr": 0.09990658680845575, "batch_size": 133}