{"out_channels": 56, "kernel_size": 5, "num_blocks": 1, "lstm_hidden_size": 43, "l2_lambda": 0.0023463406960567224, "dropout_rate": 0.23243355454267053, "lr": 0.01225353824820533, "batch_size": 244}