{"out_channels": 125, "kernel_size": 4, "num_blocks": 3, "lstm_hidden_size": 58, "l2_lambda": 0.009642726548531492, "dropout_rate": 0.4639434370994089, "lr": 0.06382469931263667, "batch_size": 141}