{"out_channels": 87, "kernel_size": 6, "num_blocks": 1, "l2_lambda": 0.007261612470865518, "dropout_rate": 0.4859088738029136, "lr": 0.06690225405156722, "batch_size": 74}