{"out_channels": 102, "kernel_size": 5, "num_blocks": 2, "l2_lambda": 0.009713142690044335, "dropout_rate": 0.12825885720593178, "lr": 0.006192543767908755, "batch_size": 239}