{"out_channels": 126, "kernel_size": 6, "num_blocks": 3, "l2_lambda": 0.0025233823277586017, "dropout_rate": 0.11650173339444536, "lr": 0.020934564045948567}