{"out_channels": 83, "kernel_size": 6, "num_blocks": 1, "l2_lambda": 0.0056040009270640215, "dropout_rate": 0.1279037206550122, "lr": 0.012930337573841152}