{"out_channels": 35, "kernel_size": 7, "num_blocks": 3, "l2_lambda": 0.00735063268895364, "dropout_rate": 0.13511524887037962, "lr": 0.00477526923034914}