{"out_channels": 113, "kernel_size": 4, "num_blocks": 2, "l2_lambda": 0.007440578212089921, "dropout_rate": 0.34748620223061405, "lr": 0.042558647443391794}