{"out_channels": 33, "kernel_size": 3, "num_blocks": 3, "l2_lambda": 0.001649606793591864, "dropout_rate": 0.306912378795484, "lr": 0.045813939137258314}