{"out_channels": 112, "kernel_size": 6, "num_blocks": 4, "l2_lambda": 0.002299321365700731, "dropout_rate": 0.18738499333513456, "lr": 0.037121577892296725}