{"out_channels": 49, "kernel_size": 3, "num_blocks": 5, "l2_lambda": 0.009069001246695158, "dropout_rate": 0.22451469338869046, "lr": 0.03808490329400614}