{"out_channels": 40, "kernel_size": 7, "num_blocks": 1, "l2_lambda": 0.007068377430839053, "dropout_rate": 0.17842808104986374, "lr": 0.048145297295071325, "batch_size": 95}