{"out_channels": 102, "kernel_size": 3, "num_blocks": 2, "l2_lambda": 0.00755085853463169, "dropout_rate": 0.2618717379983886, "lr": 0.05141675687192211}