{"out_channels": 118, "kernel_size": 7, "num_blocks": 1, "l2_lambda": 0.004816751796103751, "dropout_rate": 0.11153656835033439, "lr": 0.07926045289380587}