{"out_channels": 34, "kernel_size": 4, "num_blocks": 2, "l2_lambda": 0.008442006699974306, "dropout_rate": 0.4905887703794948, "lr": 0.09010442906586641, "batch_size": 188}