{"out_channels": 59, "kernel_size": 6, "num_blocks": 1, "l2_lambda": 0.0022883644671755437, "dropout_rate": 0.14222751154943283, "lr": 0.08654017196019374, "batch_size": 162}