{"out_channels": 55, "kernel_size": 5, "num_blocks": 3, "l2_lambda": 0.0011311097111201013, "dropout_rate": 0.31242337218046146, "lr": 0.057427650574465035}