{"out_channels": 75, "kernel_size": 3, "num_blocks": 4, "l2_lambda": 0.005115434554155259, "dropout_rate": 0.33315314840174387, "lr": 0.018427573075364197}