{"out_channels": 63, "kernel_size": 5, "num_blocks": 2, "l2_lambda": 0.005133466496286371, "dropout_rate": 0.4609009184244709, "lr": 0.07816171958210096}