{"out_channels": 34, "kernel_size": 7, "num_blocks": 5, "l2_lambda": 0.008656335747696996, "dropout_rate": 0.1462510469747354, "lr": 0.02454817268893377}