{"out_channels": 89, "kernel_size": 3, "num_blocks": 1, "l2_lambda": 0.008069603807223559, "dropout_rate": 0.2605150223621796, "lr": 0.02403538087639352, "batch_size": 75}