{"out_channels": 72, "kernel_size": 6, "num_blocks": 3, "l2_lambda": 0.0005252138076751637, "dropout_rate": 0.12327375244847777, "lr": 0.08555212449576421}