{"out_channels": 106, "kernel_size": 3, "num_blocks": 3, "l2_lambda": 0.006605141833953093, "dropout_rate": 0.4963846160582267, "lr": 0.03247758496201824}