{"out_channels": 60, "kernel_size": 3, "num_blocks": 1, "l2_lambda": 0.001496343855154614, "dropout_rate": 0.2516792689570424, "lr": 0.008524005540040808, "batch_size": 16}