{"out_channels": 65, "kernel_size": 6, "num_blocks": 4, "l2_lambda": 0.0048992498339252835, "dropout_rate": 0.4280622312634056, "lr": 0.004793996021978772}