{"out_channels": 25, "kernel_size": 6, "num_blocks": 1, "l2_lambda": 0.00946189599333492, "dropout_rate": 0.1498935789755129, "lr": 0.07996287104348042}