{"out_channels": 40, "kernel_size": 7, "num_blocks": 1, "l2_lambda": 0.0034933272802398657, "dropout_rate": 0.49817871293637184, "lr": 0.032023044301992064}