{"out_channels": 58, "kernel_size": 3, "num_blocks": 3, "l2_lambda": 0.00026363071816235364, "dropout_rate": 0.22488417464298585, "lr": 0.0819171961675538}