{"out_channels": 69, "kernel_size": 7, "num_blocks": 5, "l2_lambda": 0.0019159721094239171, "dropout_rate": 0.16207546162748715, "lr": 0.02679851531686925}