{"out_channels": 61, "kernel_size": 7, "num_blocks": 1, "l2_lambda": 0.008957438419593573, "dropout_rate": 0.19448208701655953, "lr": 0.09730201165242905}