{"out_channels": 37, "kernel_size": 3, "num_blocks": 1, "l2_lambda": 0.007008499952512228, "dropout_rate": 0.4647875160824412, "lr": 0.0761337367697445}