{"out_channels": 84, "kernel_size": 4, "num_blocks": 1, "l2_lambda": 0.006714795649880207, "dropout_rate": 0.4950333446702494, "lr": 0.015434096184801207}