{"out_channels": 113, "kernel_size": 5, "num_blocks": 3, "l2_lambda": 0.002800094361072821, "dropout_rate": 0.34013239615474933, "lr": 0.08050480822731428}