{"out_channels": 33, "kernel_size": 6, "num_blocks": 1, "l2_lambda": 0.007317357421382282, "dropout_rate": 0.14173930143742855, "lr": 0.07316948549438493, "batch_size": 161}