{"out_channels": 34, "kernel_size": 7, "num_blocks": 1, "l2_lambda": 0.006989839963393078, "dropout_rate": 0.24441529772440093, "lr": 0.03362883187487013, "batch_size": 37}