{"out_channels": 47, "kernel_size": 7, "num_blocks": 3, "l2_lambda": 0.007853423735691634, "dropout_rate": 0.4348064651814958, "lr": 0.0820179595434265}