{"out_channels": 91, "kernel_size": 3, "num_blocks": 3, "l2_lambda": 0.005027895371050711, "dropout_rate": 0.4158900094189174, "lr": 0.013043673848737874}