{"out_channels": 99, "kernel_size": 4, "num_blocks": 2, "l2_lambda": 0.0018724705543600281, "dropout_rate": 0.27910617417899874, "lr": 0.05764791092910296, "batch_size": 241}