{"out_channels": 108, "kernel_size": 5, "num_blocks": 4, "l2_lambda": 0.003857449515526099, "dropout_rate": 0.38469606251222177, "lr": 0.021537862377345774}