{"out_channels": 122, "kernel_size": 6, "num_blocks": 1, "l2_lambda": 0.008921774893433706, "dropout_rate": 0.10349891570183259, "lr": 0.05577734729683349, "batch_size": 71}