{"out_channels": 107, "kernel_size": 4, "num_blocks": 3, "l2_lambda": 0.007036400407972145, "dropout_rate": 0.3771330869467634, "lr": 0.04366427573807211, "batch_size": 99}