{"out_channels": 26, "kernel_size": 6, "num_blocks": 4, "l2_lambda": 0.009099279993682733, "dropout_rate": 0.18659431940480842, "lr": 0.09395417220319495}