{"out_channels": 61, "kernel_size": 3, "num_blocks": 2, "l2_lambda": 0.007339232948129084, "dropout_rate": 0.3099629963124393, "lr": 0.01707337505244299}