{"out_channels": 20, "kernel_size": 3, "num_blocks": 2, "l2_lambda": 0.00842531719185111, "dropout_rate": 0.35913125488598385, "lr": 0.034924265654607}