{"out_channels": 63, "kernel_size": 3, "num_blocks": 2, "l2_lambda": 0.002712535493847024, "dropout_rate": 0.2690919065393177, "lr": 0.06905085243794563}