{"out_channels": 18, "kernel_size": 7, "num_blocks": 5, "l2_lambda": 0.004538973749454718, "dropout_rate": 0.10463062219698759, "lr": 0.019740921053232077}