{"out_channels": 40, "kernel_size": 4, "num_blocks": 3, "l2_lambda": 0.0023831563620523716, "dropout_rate": 0.18163733136157664, "lr": 0.04707684103324145, "batch_size": 128}