{"out_channels": 27, "kernel_size": 4, "num_blocks": 3, "l2_lambda": 0.00819768357009998, "dropout_rate": 0.48036284150440844, "lr": 0.03517800191142063, "batch_size": 22}