{"out_channels": 106, "kernel_size": 3, "num_blocks": 3, "l2_lambda": 0.0043923456744886505, "dropout_rate": 0.496732671043449, "lr": 0.035393145762237885}