{"out_channels": 112, "kernel_size": 7, "num_blocks": 3, "l2_lambda": 0.006615370840009782, "dropout_rate": 0.24360135856434498, "lr": 0.03758656130688456, "batch_size": 24}