{"out_channels": 87, "kernel_size": 7, "num_blocks": 1, "l2_lambda": 0.006092381309206602, "dropout_rate": 0.36679315484122144, "lr": 0.09183350142020123}