{"out_channels": 38, "kernel_size": 5, "num_blocks": 2, "l2_lambda": 0.0014396479201864067, "dropout_rate": 0.30241296816954455, "lr": 0.03856650945582089}