{"out_channels": 88, "kernel_size": 7, "num_blocks": 1, "l2_lambda": 0.0077823366214650235, "dropout_rate": 0.33551027076689866, "lr": 0.0364725984952554, "batch_size": 153}