{"out_channels": 126, "kernel_size": 4, "num_blocks": 1, "l2_lambda": 0.009700634240951973, "dropout_rate": 0.4972060293293449, "lr": 0.09458417800680469}