{"out_channels": 30, "kernel_size": 7, "num_blocks": 3, "l2_lambda": 0.0014184318279960623, "dropout_rate": 0.4234537131089591, "lr": 0.04909950380547476}