{"out_channels": 105, "kernel_size": 6, "num_blocks": 3, "l2_lambda": 0.0026779502885198154, "dropout_rate": 0.16534570146564925, "lr": 0.08219733140005811}