{"out_channels": 127, "kernel_size": 7, "num_blocks": 3, "l2_lambda": 0.0016771023396210433, "dropout_rate": 0.4162269831288884, "lr": 0.07899615605873216, "batch_size": 236}