{"out_channels": 60, "kernel_size": 7, "num_blocks": 2, "l2_lambda": 0.004826743386186426, "dropout_rate": 0.48250314667201366, "lr": 0.04506958986324053, "batch_size": 27}