{"out_channels": 26, "kernel_size": 5, "num_blocks": 1, "l2_lambda": 0.0007930894352820142, "dropout_rate": 0.4972956350472716, "lr": 0.024099078044890435, "batch_size": 124}