{"out_channels": 101, "kernel_size": 5, "num_blocks": 2, "l2_lambda": 0.005853281322891932, "dropout_rate": 0.45612724391339365, "lr": 0.022332737453550505}