{"out_channels": 29, "kernel_size": 5, "num_blocks": 3, "l2_lambda": 0.004030349216121219, "dropout_rate": 0.4498924853755384, "lr": 0.0350281165479905, "batch_size": 77}