{"out_channels": 89, "kernel_size": 3, "num_blocks": 3, "l2_lambda": 0.007750350742005001, "dropout_rate": 0.281849019019083, "lr": 0.0841628519783187}