{"out_channels": 59, "kernel_size": 4, "num_blocks": 3, "l2_lambda": 0.0085811750922935, "dropout_rate": 0.46189713805957444, "lr": 0.09050956661786241}