{"out_channels": 36, "kernel_size": 5, "num_blocks": 3, "l2_lambda": 0.005730557805478905, "dropout_rate": 0.2625917260012286, "lr": 0.06514946641717467, "batch_size": 247}