{"out_channels": 119, "kernel_size": 5, "num_blocks": 4, "l2_lambda": 0.008707410497359064, "dropout_rate": 0.3016646756436213, "lr": 0.08674325764351692}