{"out_channels": 72, "kernel_size": 4, "num_blocks": 1, "l2_lambda": 0.007885661064260141, "dropout_rate": 0.2623854006992557, "lr": 0.048828026093011186, "batch_size": 51}