{"out_channels": 69, "kernel_size": 4, "num_blocks": 3, "l2_lambda": 0.0017345926271407955, "dropout_rate": 0.40866714729292997, "lr": 0.07974174131560424}