{"out_channels": 120, "kernel_size": 5, "num_blocks": 2, "l2_lambda": 0.0015625935907025389, "dropout_rate": 0.1030120038837013, "lr": 0.036123557178996395}