{"out_channels": 64, "kernel_size": 5, "num_blocks": 1, "l2_lambda": 0.0028514658636555404, "dropout_rate": 0.12758236102468437, "lr": 0.0552151465876277}