{"out_channels": 47, "kernel_size": 7, "num_blocks": 1, "l2_lambda": 0.004140955037734918, "dropout_rate": 0.27540824686763254, "lr": 0.05613981143848221, "batch_size": 247}