{"out_channels": 19, "kernel_size": 7, "num_blocks": 1, "l2_lambda": 0.006622115779240725, "dropout_rate": 0.3178406437435982, "lr": 0.09472393081035983, "batch_size": 160}