{"out_channels": 105, "kernel_size": 3, "num_blocks": 1, "l2_lambda": 0.005764709656302405, "dropout_rate": 0.124132646950922, "lr": 0.07762588109088504}