{"out_channels": 62, "kernel_size": 7, "num_blocks": 2, "l2_lambda": 0.003042085702179048, "dropout_rate": 0.20544723291101286, "lr": 0.04759999523327739, "batch_size": 86}