{"out_channels": 96, "kernel_size": 5, "num_blocks": 3, "l2_lambda": 0.0034834181703439155, "dropout_rate": 0.39467005313308223, "lr": 0.09246492538840709}