{"out_channels": 80, "kernel_size": 4, "num_blocks": 2, "l2_lambda": 0.0016975925029208852, "dropout_rate": 0.17874938841234134, "lr": 0.0818480840425662}