{"out_channels": 71, "kernel_size": 7, "num_blocks": 2, "l2_lambda": 0.008813041347101851, "dropout_rate": 0.2154396697560378, "lr": 0.05702318019313284, "batch_size": 255}