{"out_channels": 49, "kernel_size": 6, "num_blocks": 1, "l2_lambda": 0.008357124535298684, "dropout_rate": 0.41446718196009624, "lr": 0.0860531129256681}