{"out_channels": 90, "kernel_size": 6, "num_blocks": 3, "l2_lambda": 0.005546692659612943, "dropout_rate": 0.18008091499585244, "lr": 0.05332487075758253}