{"out_channels": 19, "kernel_size": 4, "num_blocks": 1, "l2_lambda": 0.006468483301500292, "dropout_rate": 0.2382085150083896, "lr": 0.02205775316541529}