{"out_channels": 53, "kernel_size": 3, "num_blocks": 1, "l2_lambda": 0.008643724205772859, "dropout_rate": 0.40423421599059894, "lr": 0.032957089176818985}