{"out_channels": 93, "kernel_size": 6, "num_blocks": 3, "l2_lambda": 0.0017127955589521383, "dropout_rate": 0.12577573531206798, "lr": 0.014244308147395269}