{"out_channels": 54, "kernel_size": 4, "num_blocks": 2, "l2_lambda": 0.005522703760733943, "dropout_rate": 0.2705475518138968, "lr": 0.07688303849804186}