{"out_channels": 40, "kernel_size": 6, "num_blocks": 3, "l2_lambda": 0.005732564979310583, "dropout_rate": 0.13206251999295648, "lr": 0.07479806349082298, "batch_size": 45}