{"out_channels": 82, "kernel_size": 7, "num_blocks": 1, "l2_lambda": 0.0010988778974221894, "dropout_rate": 0.11685945935945848, "lr": 0.039284410361217825, "batch_size": 223}