{"out_channels": 52, "kernel_size": 7, "num_blocks": 2, "l2_lambda": 0.006856328469055119, "dropout_rate": 0.35539194955569664, "lr": 0.04593421676807938}