{"out_channels": 79, "kernel_size": 5, "num_blocks": 2, "l2_lambda": 0.005399298830441657, "dropout_rate": 0.16357117344786368, "lr": 0.07970021487043216, "batch_size": 78}