{"out_channels": 108, "kernel_size": 7, "num_blocks": 2, "l2_lambda": 0.0037592963739885256, "dropout_rate": 0.4081473376145621, "lr": 0.06942666827752805, "batch_size": 97}