{"out_channels": 72, "kernel_size": 4, "num_blocks": 3, "l2_lambda": 0.004873826408709983, "dropout_rate": 0.3496080514316755, "lr": 0.09880661480944142, "batch_size": 158}