{"out_channels": 108, "kernel_size": 6, "num_blocks": 2, "l2_lambda": 0.006671307217425292, "dropout_rate": 0.3562468959845614, "lr": 0.09564102062704932}