{"out_channels": 126, "kernel_size": 4, "num_blocks": 3, "l2_lambda": 0.007119508398657526, "dropout_rate": 0.14433142494122173, "lr": 0.035042435461468215}