{"out_channels": 35, "kernel_size": 4, "num_blocks": 2, "l2_lambda": 0.009258914249332825, "dropout_rate": 0.20718407146652598, "lr": 0.028076417676426147, "batch_size": 103}