{"out_channels": 108, "kernel_size": 3, "num_blocks": 1, "l2_lambda": 0.0030419938381329174, "dropout_rate": 0.220172412497109, "lr": 0.06874774677757943, "batch_size": 89}