{"out_channels": 44, "kernel_size": 5, "num_blocks": 3, "l2_lambda": 0.007266823548068666, "dropout_rate": 0.30463624260084776, "lr": 0.042003416650645456, "batch_size": 174}