{"out_channels": 52, "kernel_size": 5, "num_blocks": 5, "l2_lambda": 0.0091688837833236, "dropout_rate": 0.4061523889289971, "lr": 0.08773720090498474}