{"out_channels": 113, "kernel_size": 6, "num_blocks": 1, "l2_lambda": 0.005239944372596516, "dropout_rate": 0.3174605840496688, "lr": 0.014128130581148446}