{"out_channels": 83, "kernel_size": 7, "num_blocks": 3, "l2_lambda": 0.001202257501916754, "dropout_rate": 0.3660238777417866, "lr": 0.02274474996209352}