{"out_channels": 69, "kernel_size": 5, "num_blocks": 2, "l2_lambda": 0.0013599872575716049, "dropout_rate": 0.25528757312565986, "lr": 0.03064218961117728}