{"out_channels": 31, "kernel_size": 6, "num_blocks": 1, "l2_lambda": 0.005590825395023958, "dropout_rate": 0.46904482539395453, "lr": 0.0579337470546242, "batch_size": 111}