{"out_channels": 48, "kernel_size": 3, "num_blocks": 1, "l2_lambda": 0.00854115912873724, "dropout_rate": 0.36596081994224483, "lr": 0.07989951962616466, "batch_size": 98}