{"out_channels": 106, "kernel_size": 6, "num_blocks": 2, "l2_lambda": 0.0006378062469080994, "dropout_rate": 0.10080521245496876, "lr": 0.006370842035317858}