{"out_channels": 68, "kernel_size": 5, "num_blocks": 2, "l2_lambda": 0.006541963176578123, "dropout_rate": 0.27935508081657795, "lr": 0.041700925721057616}