{"out_channels": 84, "kernel_size": 5, "num_blocks": 3, "l2_lambda": 0.0035438458546944865, "dropout_rate": 0.3200816774983826, "lr": 0.07736373131817677, "batch_size": 44}