{"out_channels": 88, "kernel_size": 4, "num_blocks": 3, "l2_lambda": 0.004973487481056678, "dropout_rate": 0.13720992090823292, "lr": 0.003832921812642677, "batch_size": 67}