{"out_channels": 43, "kernel_size": 6, "num_blocks": 1, "l2_lambda": 0.002863736785608022, "dropout_rate": 0.1696114211025792, "lr": 0.04085546790469079}