{"out_channels": 105, "kernel_size": 7, "num_blocks": 4, "l2_lambda": 0.007646548629273387, "dropout_rate": 0.1107211088379283, "lr": 0.09680704469760419}