{"out_channels": 83, "kernel_size": 5, "num_blocks": 2, "l2_lambda": 0.005310161179172413, "dropout_rate": 0.34279458348526354, "lr": 0.07899719711249731}