{"out_channels": 92, "kernel_size": 7, "num_blocks": 2, "l2_lambda": 0.003197976069121477, "dropout_rate": 0.4136140203916969, "lr": 0.06126630291447444}