{"out_channels": 75, "kernel_size": 3, "num_blocks": 1, "l2_lambda": 0.0015913856542263177, "dropout_rate": 0.38082692327883483, "lr": 0.009665815130525909, "batch_size": 119}