{"out_channels": 72, "kernel_size": 4, "num_blocks": 2, "l2_lambda": 0.006770970152101387, "dropout_rate": 0.1330101145758861, "lr": 0.023641277925640972, "batch_size": 138}