{"out_channels": 64, "kernel_size": 5, "num_blocks": 1, "l2_lambda": 0.004651919208234045, "dropout_rate": 0.2411384470305873, "lr": 0.053751919392377195}