{"out_channels": 16, "kernel_size": 4, "num_blocks": 2, "l2_lambda": 0.00609358357619907, "dropout_rate": 0.3760963269591743, "lr": 0.043289931138594424}