{"out_channels": 24, "kernel_size": 5, "num_blocks": 2, "l2_lambda": 0.007565514443868254, "dropout_rate": 0.3069420743207375, "lr": 0.009179536192666286}