{"out_channels": 46, "kernel_size": 6, "num_blocks": 1, "l2_lambda": 0.0012998499716111976, "dropout_rate": 0.1153336110873256, "lr": 0.060524326744458935}