{"out_channels": 115, "kernel_size": 7, "num_blocks": 3, "l2_lambda": 0.0022553928653774873, "dropout_rate": 0.2417806506179818, "lr": 0.07058187019299823}