{"out_channels": 109, "kernel_size": 4, "num_blocks": 5, "l2_lambda": 0.0021103527029813153, "dropout_rate": 0.4442002222560717, "lr": 0.08971279910195483}