{"out_channels": 63, "kernel_size": 7, "num_blocks": 3, "l2_lambda": 0.006505584879633239, "dropout_rate": 0.1367229686634801, "lr": 0.09294251675822918}