{"out_channels": 98, "kernel_size": 6, "num_blocks": 3, "l2_lambda": 0.004307332006832717, "dropout_rate": 0.25651079987687353, "lr": 0.07327635492309514, "batch_size": 251}