{"out_channels": 114, "kernel_size": 7, "num_blocks": 1, "l2_lambda": 0.004162464421795032, "dropout_rate": 0.46248515790129996, "lr": 0.09269586094375552}