{"out_channels": 100, "kernel_size": 3, "num_blocks": 2, "l2_lambda": 0.0007047166181366076, "dropout_rate": 0.18862337151464087, "lr": 0.012289339480271454, "batch_size": 219}