{"out_channels": 50, "kernel_size": 7, "num_blocks": 3, "l2_lambda": 0.008448105115753978, "dropout_rate": 0.3004491492508677, "lr": 0.0014546589836857487}