{"out_channels": 60, "kernel_size": 6, "num_blocks": 3, "l2_lambda": 0.0058072155152310585, "dropout_rate": 0.2969131131200172, "lr": 0.017015030674314112}