{"out_channels": 121, "kernel_size": 6, "num_blocks": 1, "l2_lambda": 0.009506411999627352, "dropout_rate": 0.1619009978130388, "lr": 0.0062528695579892}