{"out_channels": 40, "kernel_size": 6, "num_blocks": 2, "l2_lambda": 0.0055217879510246455, "dropout_rate": 0.10027281300552665, "lr": 0.07954198942266982, "batch_size": 221}