{"out_channels": 110, "kernel_size": 4, "num_blocks": 2, "l2_lambda": 0.0027472101029398207, "dropout_rate": 0.42621341480905783, "lr": 0.00455972119041508}