{"out_channels": 124, "kernel_size": 3, "num_blocks": 1, "l2_lambda": 0.006123993804901758, "dropout_rate": 0.20107559869803515, "lr": 0.06286898896138904, "batch_size": 22}