{"out_channels": 20, "kernel_size": 5, "num_blocks": 1, "l2_lambda": 0.006383655024883884, "dropout_rate": 0.49987118989689605, "lr": 0.018382704378718525, "batch_size": 99}