{"out_channels": 78, "kernel_size": 3, "num_blocks": 1, "l2_lambda": 0.0019258492123601532, "dropout_rate": 0.3821987481166378, "lr": 0.049768754478414404}