{"out_channels": 82, "kernel_size": 5, "num_blocks": 3, "l2_lambda": 0.00440660570829131, "dropout_rate": 0.28944290285199226, "lr": 0.006724591968981403}