{"out_channels": 61, "kernel_size": 7, "num_blocks": 1, "l2_lambda": 0.007822001533907929, "dropout_rate": 0.4250718091507849, "lr": 0.06019827518599828}