{"out_channels": 16, "kernel_size": 3, "num_blocks": 1, "l2_lambda": 0.0012120011454200322, "dropout_rate": 0.23081197672065043, "lr": 0.09421506204913109, "batch_size": 34}