{"out_channels": 88, "kernel_size": 6, "num_blocks": 1, "l2_lambda": 0.006777373948926042, "dropout_rate": 0.1380489741247457, "lr": 0.06567431690786504}