{"out_channels": 74, "kernel_size": 7, "num_blocks": 2, "l2_lambda": 0.00811973296317596, "dropout_rate": 0.45367262988591095, "lr": 0.0015057818690867124}