{"out_channels": 74, "kernel_size": 7, "num_blocks": 2, "l2_lambda": 0.004670206777706599, "dropout_rate": 0.22752395095263492, "lr": 0.0028140329477880323, "batch_size": 59}