{"out_channels": 67, "kernel_size": 6, "num_blocks": 3, "l2_lambda": 0.00251626464777155, "dropout_rate": 0.23041754624627384, "lr": 0.08780102341572456, "batch_size": 50}