{"out_channels": 36, "kernel_size": 6, "num_blocks": 2, "l2_lambda": 0.006170030394589651, "dropout_rate": 0.48175251050883616, "lr": 0.07990704852277096}