{"out_channels": 84, "kernel_size": 6, "num_blocks": 2, "l2_lambda": 0.0017403323399634314, "dropout_rate": 0.243257518540547, "lr": 0.0056755138959429545}