{"out_channels": 81, "kernel_size": 3, "num_blocks": 2, "l2_lambda": 0.002092428621808786, "dropout_rate": 0.2951787626543767, "lr": 0.017468219465492103, "batch_size": 131}