{"out_channels": 113, "kernel_size": 7, "num_blocks": 3, "l2_lambda": 0.0029853810445881063, "dropout_rate": 0.2628924417413168, "lr": 0.09739940864082619}