{"out_channels": 111, "kernel_size": 5, "num_blocks": 2, "l2_lambda": 0.002985325038118729, "dropout_rate": 0.1238221695262428, "lr": 0.0745935199760401}