{"out_channels": 52, "kernel_size": 3, "num_blocks": 1, "l2_lambda": 0.006374673812942878, "dropout_rate": 0.4514911126048281, "lr": 0.006732353916153797}