{"out_channels": 92, "kernel_size": 7, "num_blocks": 1, "l2_lambda": 0.008772130630283956, "dropout_rate": 0.24719107236645452, "lr": 0.0910237458966486}