{"out_channels": 33, "kernel_size": 5, "num_blocks": 1, "l2_lambda": 0.0013204196412221797, "dropout_rate": 0.2830851473996943, "lr": 0.07355955854258538, "batch_size": 20}