{"out_channels": 91, "kernel_size": 3, "num_blocks": 3, "l2_lambda": 0.0071673597524151275, "dropout_rate": 0.4831062657197619, "lr": 0.08514157939413354}