{"out_channels": 114, "kernel_size": 4, "num_blocks": 2, "l2_lambda": 0.0014886705086325273, "dropout_rate": 0.1703588630038274, "lr": 0.0635259787946891}