{"out_channels": 46, "kernel_size": 4, "num_blocks": 3, "l2_lambda": 0.004007821542212333, "dropout_rate": 0.342253578135826, "lr": 0.07619918907485355, "batch_size": 71}