{"out_channels": 89, "kernel_size": 3, "num_blocks": 2, "l2_lambda": 0.004849101629862228, "dropout_rate": 0.347396983223769, "lr": 0.08002037864718503, "batch_size": 152}