{"out_channels": 105, "kernel_size": 7, "num_blocks": 5, "l2_lambda": 0.008490250940376113, "dropout_rate": 0.13270514007462691, "lr": 0.023125168857186896}