{"out_channels": 23, "kernel_size": 3, "num_blocks": 4, "l2_lambda": 1.8798482260776288e-05, "dropout_rate": 0.44404945947685737, "lr": 0.0067116381369191295}