{"out_channels": 122, "kernel_size": 3, "num_blocks": 3, "l2_lambda": 0.001560393597443422, "dropout_rate": 0.2598758661645981, "lr": 0.03987024280779754, "batch_size": 60}