{"out_channels": 45, "kernel_size": 4, "num_blocks": 3, "l2_lambda": 0.001361014858538981, "dropout_rate": 0.24976851735632644, "lr": 0.030785659690563405}