{"out_channels": 53, "kernel_size": 6, "num_blocks": 1, "l2_lambda": 0.005582105375606339, "dropout_rate": 0.3301783058256871, "lr": 0.02690393514722842}