{"out_channels": 87, "kernel_size": 6, "num_blocks": 2, "l2_lambda": 6.650776238120177e-05, "dropout_rate": 0.34561076842918803, "lr": 0.0778718049935899}