{"out_channels": 32, "kernel_size": 4, "num_blocks": 2, "l2_lambda": 0.006367675919607909, "dropout_rate": 0.4601176038220356, "lr": 0.08760597267015346}