{"out_channels": 35, "kernel_size": 7, "num_blocks": 3, "l2_lambda": 0.007585740313064012, "dropout_rate": 0.49704297280824317, "lr": 0.014990630568823517}