{"out_channels": 44, "kernel_size": 4, "num_blocks": 1, "l2_lambda": 0.006628461413402094, "dropout_rate": 0.3430239129431683, "lr": 0.03779408207869711}