{"out_channels": 89, "kernel_size": 4, "num_blocks": 2, "l2_lambda": 0.007505081221993428, "dropout_rate": 0.10468937492847173, "lr": 0.024811585378023734}