{"out_channels": 122, "kernel_size": 7, "num_blocks": 3, "l2_lambda": 0.006081580919309286, "dropout_rate": 0.3689963036503675, "lr": 0.05835231031588143}