{"out_channels": 32, "kernel_size": 5, "num_blocks": 1, "l2_lambda": 0.007905266334017929, "dropout_rate": 0.21932566191615638, "lr": 0.04514934203883179}