{"out_channels": 65, "kernel_size": 3, "num_blocks": 2, "l2_lambda": 0.0001490249137433322, "dropout_rate": 0.1358740443799535, "lr": 0.08384782023498405}