{"out_channels": 25, "kernel_size": 6, "num_blocks": 1, "l2_lambda": 0.008710924029654378, "dropout_rate": 0.25739872559342547, "lr": 0.08185526764194592}