{"out_channels": 47, "kernel_size": 6, "num_blocks": 4, "l2_lambda": 0.008088238111684463, "dropout_rate": 0.38060260213385233, "lr": 0.05907882476200488}