{"out_channels": 69, "kernel_size": 5, "num_blocks": 2, "l2_lambda": 0.008155115439605265, "dropout_rate": 0.2121087104404912, "lr": 0.027623454438574637}