{"out_channels": 76, "kernel_size": 7, "num_blocks": 2, "l2_lambda": 0.004127001841661251, "dropout_rate": 0.35298548738702873, "lr": 0.023938930339284476}