{"out_channels": 94, "kernel_size": 4, "num_blocks": 3, "l2_lambda": 0.0048155481131499965, "dropout_rate": 0.3601430152464462, "lr": 0.05477220534691908, "batch_size": 185}