{"out_channels": 31, "kernel_size": 7, "num_blocks": 4, "l2_lambda": 0.0033320975579358048, "dropout_rate": 0.14924940926835065, "lr": 0.004408979795436474}