{"out_channels": 36, "kernel_size": 5, "num_blocks": 1, "l2_lambda": 0.005578695463664712, "dropout_rate": 0.16983399245820574, "lr": 0.055400509328567}