{"out_channels": 97, "kernel_size": 4, "num_blocks": 2, "l2_lambda": 0.004456863355619216, "dropout_rate": 0.11088837206173396, "lr": 0.013552893746390952, "batch_size": 75}