{"out_channels": 17, "kernel_size": 3, "num_blocks": 3, "l2_lambda": 0.00953136675442949, "dropout_rate": 0.20585061185983378, "lr": 0.08451461155391425}