{"out_channels": 109, "kernel_size": 4, "num_blocks": 2, "l2_lambda": 0.007458333050824373, "dropout_rate": 0.3787916777046457, "lr": 0.06031299979019122}