{"out_channels": 61, "kernel_size": 7, "num_blocks": 1, "l2_lambda": 0.006057211958786155, "dropout_rate": 0.3693820139355236, "lr": 0.03432139256482226, "batch_size": 255}