{"out_channels": 54, "kernel_size": 3, "num_blocks": 3, "l2_lambda": 0.008909653617140504, "dropout_rate": 0.24751190494304687, "lr": 0.07096240426006269}