{"out_channels": 128, "kernel_size": 7, "num_blocks": 2, "l2_lambda": 0.007451037395373253, "dropout_rate": 0.48048272815358106, "lr": 0.08015616090430666}