{"out_channels": 44, "kernel_size": 4, "num_blocks": 4, "l2_lambda": 0.003733764260383651, "dropout_rate": 0.14431141720176088, "lr": 0.05975089759174818}