{"out_channels": 107, "kernel_size": 3, "num_blocks": 3, "l2_lambda": 0.0013704505133059126, "dropout_rate": 0.22081919953267315, "lr": 0.0556793600980516}