{"out_channels": 71, "kernel_size": 4, "num_blocks": 1, "l2_lambda": 0.006410823598339359, "dropout_rate": 0.3176754359209505, "lr": 0.023793860512793596}