{"out_channels": 66, "kernel_size": 5, "num_blocks": 3, "l2_lambda": 0.007740818351142248, "dropout_rate": 0.18487814313490958, "lr": 0.09163971397059643, "batch_size": 255}