{"out_channels": 49, "kernel_size": 3, "num_blocks": 2, "l2_lambda": 0.008668162075736665, "dropout_rate": 0.35769587650306744, "lr": 0.004683515610262408, "batch_size": 32}