{"out_channels": 123, "kernel_size": 4, "num_blocks": 1, "l2_lambda": 0.008895492776637348, "dropout_rate": 0.287903404962794, "lr": 0.05582833686626015}