{"out_channels": 93, "kernel_size": 6, "num_blocks": 4, "l2_lambda": 0.00965192372095551, "dropout_rate": 0.4110585301496109, "lr": 0.025031455118211362}