{"out_channels": 40, "kernel_size": 3, "num_blocks": 1, "l2_lambda": 0.0028226612508011678, "dropout_rate": 0.3786329043641562, "lr": 0.09600742822401828, "batch_size": 135}