{"out_channels": 26, "kernel_size": 7, "num_blocks": 3, "l2_lambda": 0.006075502288651877, "dropout_rate": 0.19501458737305938, "lr": 0.03448369102868746, "batch_size": 76}