{"out_channels": 85, "kernel_size": 4, "num_blocks": 4, "l2_lambda": 0.0032917099055278895, "dropout_rate": 0.1073251041046755, "lr": 0.0020837365721588915}