{"out_channels": 52, "kernel_size": 6, "num_blocks": 3, "l2_lambda": 0.004556836483149861, "dropout_rate": 0.21100937644080844, "lr": 0.0328357833868818, "batch_size": 28}