{"out_channels": 25, "kernel_size": 7, "num_blocks": 1, "l2_lambda": 0.009806488052892416, "dropout_rate": 0.19131404027087343, "lr": 0.050879740748068766, "batch_size": 200}