{"out_channels": 52, "kernel_size": 3, "num_blocks": 2, "l2_lambda": 9.564414480686005e-05, "dropout_rate": 0.3128059320632433, "lr": 0.06596152912107839, "batch_size": 56}