{"out_channels": 116, "kernel_size": 5, "num_blocks": 1, "l2_lambda": 0.0016330176046740578, "dropout_rate": 0.44546560403637814, "lr": 0.013144640525731076}