{"out_channels": 69, "kernel_size": 3, "num_blocks": 3, "l2_lambda": 0.0033630227910597097, "dropout_rate": 0.1108966906683365, "lr": 0.09718185329279601}