{"out_channels": 93, "kernel_size": 3, "num_blocks": 3, "l2_lambda": 0.008292682797403394, "dropout_rate": 0.3045815130255332, "lr": 0.0012349859638404283, "batch_size": 254}