{"out_channels": 40, "kernel_size": 3, "num_blocks": 3, "l2_lambda": 0.0030137607446778683, "dropout_rate": 0.1358792355698668, "lr": 0.011462363338927486, "batch_size": 156}