{"out_channels": 51, "kernel_size": 7, "num_blocks": 3, "l2_lambda": 0.007960247356919227, "dropout_rate": 0.4874180582772333, "lr": 0.001417863988318455}