{"out_channels": 25, "kernel_size": 7, "num_blocks": 1, "l2_lambda": 0.005265315637135122, "dropout_rate": 0.2579299493917072, "lr": 0.05780153004428971, "batch_size": 203}