{"out_channels": 107, "kernel_size": 7, "num_blocks": 2, "l2_lambda": 0.0018955537886297228, "dropout_rate": 0.20761254602346813, "lr": 0.05263417042529382, "batch_size": 237}