{"out_channels": 108, "kernel_size": 5, "num_blocks": 3, "l2_lambda": 0.008158217195551654, "dropout_rate": 0.48270290422140916, "lr": 0.06172733108306887}