{"out_channels": 88, "kernel_size": 7, "num_blocks": 3, "l2_lambda": 0.007884481333079726, "dropout_rate": 0.22261450406154087, "lr": 0.07485759185371733}