{"out_channels": 128, "kernel_size": 7, "num_blocks": 2, "l2_lambda": 0.009755101353576087, "dropout_rate": 0.322467247060196, "lr": 0.05091145531449234, "batch_size": 235}