{"out_channels": 59, "kernel_size": 6, "num_blocks": 3, "l2_lambda": 0.009838108504978996, "dropout_rate": 0.19846865572855796, "lr": 0.0816617293406952, "batch_size": 231}