{"out_channels": 40, "kernel_size": 7, "num_blocks": 2, "l2_lambda": 0.002106035259061118, "dropout_rate": 0.3892400510368418, "lr": 0.03551861311373483}