{"out_channels": 122, "kernel_size": 7, "num_blocks": 5, "l2_lambda": 0.0021265191480797523, "dropout_rate": 0.4381750470249235, "lr": 0.08981094274285784}