{"out_channels": 17, "kernel_size": 6, "num_blocks": 1, "l2_lambda": 0.0003589216882507753, "dropout_rate": 0.2738092977718185, "lr": 0.007793135694162318}