{"out_channels": 64, "kernel_size": 7, "num_blocks": 3, "l2_lambda": 0.002982920518650021, "dropout_rate": 0.4755132429250831, "lr": 0.004530450557383919}