{"out_channels": 118, "kernel_size": 7, "num_blocks": 2, "l2_lambda": 0.006611252206397922, "dropout_rate": 0.48166363733693784, "lr": 0.0378441500846413, "batch_size": 144}