{"out_channels": 101, "kernel_size": 3, "num_blocks": 3, "l2_lambda": 0.0005000836259272343, "dropout_rate": 0.257798055902821, "lr": 0.05952868320363309}