{"out_channels": 24, "kernel_size": 5, "num_blocks": 1, "l2_lambda": 0.007282511476458596, "dropout_rate": 0.17170866072465357, "lr": 0.032078140681279024}