{"out_channels": 94, "kernel_size": 7, "num_blocks": 2, "l2_lambda": 0.0042879234433813515, "dropout_rate": 0.19232713929698592, "lr": 0.08646019176115675}