{"out_channels": 80, "kernel_size": 5, "num_blocks": 1, "l2_lambda": 0.0066299347658673145, "dropout_rate": 0.4879908689149157, "lr": 0.015339208120101588, "batch_size": 161}