{"out_channels": 60, "kernel_size": 5, "num_blocks": 1, "l2_lambda": 0.0072927067631609575, "dropout_rate": 0.16524712606375275, "lr": 0.06540019640526322}