{"out_channels": 32, "kernel_size": 5, "num_blocks": 2, "l2_lambda": 0.003502546167215277, "dropout_rate": 0.29108935342396586, "lr": 0.03468600547296007, "batch_size": 118}