{"out_channels": 49, "kernel_size": 6, "num_blocks": 5, "l2_lambda": 0.0026907013923950064, "dropout_rate": 0.4073608700281949, "lr": 0.06418841489076155}