{"out_channels": 96, "kernel_size": 7, "num_blocks": 1, "l2_lambda": 0.0075312509531925784, "dropout_rate": 0.10484712559733289, "lr": 0.08685759779609507}