{"out_channels": 36, "kernel_size": 3, "num_blocks": 3, "l2_lambda": 0.006336369739260781, "dropout_rate": 0.11573949273901488, "lr": 0.007678845218899125, "batch_size": 182}