{"out_channels": 124, "kernel_size": 5, "num_blocks": 2, "l2_lambda": 0.009399057422642455, "dropout_rate": 0.35953683655940727, "lr": 0.04419182944958802, "batch_size": 204}