{"out_channels": 47, "kernel_size": 3, "num_blocks": 3, "l2_lambda": 0.006336185707715775, "dropout_rate": 0.46596958366173746, "lr": 0.002267347309870348}