{"out_channels": 99, "kernel_size": 4, "num_blocks": 1, "l2_lambda": 0.007308992572676112, "dropout_rate": 0.23137789372813689, "lr": 0.044382212861037995}