{"out_channels": 16, "kernel_size": 7, "num_blocks": 3, "l2_lambda": 0.008752773289846983, "dropout_rate": 0.31481292711465125, "lr": 0.00924850268070988}