{"out_channels": 55, "kernel_size": 7, "num_blocks": 1, "l2_lambda": 0.0013640884813210794, "dropout_rate": 0.32622842518963147, "lr": 0.09057797564114421}