{"out_channels": 40, "kernel_size": 4, "num_blocks": 3, "l2_lambda": 0.005667088285300013, "dropout_rate": 0.17576974525224842, "lr": 0.035235558371539494}