{"out_channels": 74, "kernel_size": 7, "num_blocks": 3, "l2_lambda": 0.0013746812638073284, "dropout_rate": 0.3707470992282078, "lr": 0.022875333772656405}