{"out_channels": 29, "kernel_size": 6, "num_blocks": 2, "l2_lambda": 0.008094245546587801, "dropout_rate": 0.303388037066871, "lr": 0.035347461658961486}