{"out_channels": 93, "kernel_size": 3, "num_blocks": 5, "l2_lambda": 0.00642052512895443, "dropout_rate": 0.3300043020258202, "lr": 0.029088864273377184}