{"out_channels": 25, "kernel_size": 7, "num_blocks": 2, "l2_lambda": 0.009217015533699292, "dropout_rate": 0.1482158381057447, "lr": 0.050699329366606746}