{"out_channels": 23, "kernel_size": 7, "num_blocks": 2, "l2_lambda": 0.008792174210882133, "dropout_rate": 0.4066863275757293, "lr": 0.09976365828596664}