{"out_channels": 67, "kernel_size": 3, "num_blocks": 3, "l2_lambda": 0.0016110971792726914, "dropout_rate": 0.2885677620748222, "lr": 0.016258542279513722}