{"out_channels": 93, "kernel_size": 6, "num_blocks": 1, "l2_lambda": 0.003010600373012344, "dropout_rate": 0.46920548568031795, "lr": 0.08487807294109369}