{"out_channels": 97, "kernel_size": 4, "num_blocks": 2, "l2_lambda": 0.0007845372062360701, "dropout_rate": 0.49952433552770914, "lr": 0.09115632397995717}