{"out_channels": 77, "kernel_size": 5, "num_blocks": 1, "l2_lambda": 0.004207056450152286, "dropout_rate": 0.3348243263406758, "lr": 0.01602962478904932}