{"out_channels": 27, "kernel_size": 4, "num_blocks": 3, "l2_lambda": 0.00984504094926125, "dropout_rate": 0.33125918651152164, "lr": 0.06458272450438673, "batch_size": 128}