{"out_channels": 24, "kernel_size": 4, "num_blocks": 3, "l2_lambda": 0.0017029954049290977, "dropout_rate": 0.140412878413748, "lr": 0.06931982151139357}