{"out_channels": 97, "kernel_size": 6, "num_blocks": 2, "l2_lambda": 0.009022840863096857, "dropout_rate": 0.39227267014566725, "lr": 0.00757153374940433}