{"out_channels": 51, "kernel_size": 6, "num_blocks": 2, "l2_lambda": 0.0026317389596484326, "dropout_rate": 0.17487539141308042, "lr": 0.007524231827425742}