{"out_channels": 82, "kernel_size": 4, "num_blocks": 3, "l2_lambda": 0.005753022922097738, "dropout_rate": 0.31558796783370757, "lr": 0.03981112445004225}