{"out_channels": 56, "kernel_size": 7, "num_blocks": 1, "l2_lambda": 5.646341611026148e-05, "dropout_rate": 0.23403411640081365, "lr": 0.012493356395893064}