{"out_channels": 58, "kernel_size": 7, "num_blocks": 1, "l2_lambda": 0.004895684318733916, "dropout_rate": 0.2288839822121665, "lr": 0.0946270474364446, "batch_size": 72}