{"out_channels": 70, "kernel_size": 6, "num_blocks": 5, "l2_lambda": 0.008252612256591612, "dropout_rate": 0.17976913282285936, "lr": 0.030361141240210568}