{"out_channels": 55, "kernel_size": 5, "num_blocks": 2, "l2_lambda": 0.008060307270997689, "dropout_rate": 0.13311358511338103, "lr": 0.03998967947279841}