{"out_channels": 128, "kernel_size": 7, "num_blocks": 1, "l2_lambda": 0.0026173804273585217, "dropout_rate": 0.1506629890464399, "lr": 0.04547540892904899}