{"out_channels": 27, "kernel_size": 3, "num_blocks": 2, "l2_lambda": 0.00936853570909013, "dropout_rate": 0.3762885553428654, "lr": 0.0006665785211724787, "batch_size": 118}