{"out_channels": 59, "kernel_size": 7, "num_blocks": 1, "l2_lambda": 0.009745821492161305, "dropout_rate": 0.36260411105047385, "lr": 0.040396648998396324, "batch_size": 61}