{"out_channels": 88, "kernel_size": 3, "num_blocks": 2, "l2_lambda": 0.005192987949777181, "dropout_rate": 0.2825104349591283, "lr": 0.032551804470530625}