{"out_channels": 37, "kernel_size": 4, "num_blocks": 2, "l2_lambda": 0.003426327635128776, "dropout_rate": 0.10941515311262436, "lr": 0.028975520468424436}