{"out_channels": 128, "kernel_size": 3, "num_blocks": 1, "l2_lambda": 0.0026058694399871377, "dropout_rate": 0.35507854442465303, "lr": 0.013102570949104829}