{"out_channels": 68, "kernel_size": 5, "num_blocks": 1, "l2_lambda": 0.003912591138426657, "dropout_rate": 0.3372905509859937, "lr": 0.033590498253731296, "batch_size": 250}