{"out_channels": 33, "kernel_size": 5, "num_blocks": 1, "l2_lambda": 0.000306536575962461, "dropout_rate": 0.31708449249609616, "lr": 0.09492764870553062}