{"out_channels": 61, "kernel_size": 5, "num_blocks": 3, "l2_lambda": 0.0018772433056344997, "dropout_rate": 0.10135910415223846, "lr": 0.022356415331889503}