{"out_channels": 49, "kernel_size": 5, "num_blocks": 3, "l2_lambda": 0.00659482008125659, "dropout_rate": 0.26678031278807257, "lr": 0.08402622763735253}