{"out_channels": 43, "kernel_size": 7, "num_blocks": 1, "l2_lambda": 0.008098507344852054, "dropout_rate": 0.3133185402072145, "lr": 0.07914760689927755}