{"out_channels": 22, "kernel_size": 7, "num_blocks": 4, "l2_lambda": 0.006404357486890118, "dropout_rate": 0.47735105966604097, "lr": 0.016906010053422925}