{"out_channels": 40, "kernel_size": 4, "num_blocks": 1, "l2_lambda": 0.008879716571091338, "dropout_rate": 0.178659007231473, "lr": 0.0844337010129639, "batch_size": 228}