{"out_channels": 65, "kernel_size": 5, "num_blocks": 1, "l2_lambda": 0.006378151825377961, "dropout_rate": 0.29876913304380603, "lr": 0.012917905161313612}