{"out_channels": 73, "kernel_size": 6, "num_blocks": 2, "l2_lambda": 0.0050292937551189645, "dropout_rate": 0.4421918842946063, "lr": 0.06484162713386606}