{"out_channels": 104, "kernel_size": 6, "num_blocks": 3, "l2_lambda": 0.0055023461561368395, "dropout_rate": 0.4357537920866619, "lr": 0.032819324824639846}