{"out_channels": 96, "kernel_size": 3, "num_blocks": 1, "l2_lambda": 0.0007141263935545893, "dropout_rate": 0.32585715721802583, "lr": 0.07599625900688169}