{"out_channels": 123, "kernel_size": 6, "num_blocks": 2, "l2_lambda": 0.006739143019306846, "dropout_rate": 0.1329804849839984, "lr": 0.07889126123795677}