{"out_channels": 34, "kernel_size": 5, "num_blocks": 4, "l2_lambda": 0.0011768964760691082, "dropout_rate": 0.4739062275593121, "lr": 0.0015371612169807819}