{"out_channels": 100, "kernel_size": 4, "num_blocks": 2, "l2_lambda": 0.0012269112343397262, "dropout_rate": 0.13060519180335417, "lr": 0.06476933544871939}