{"out_channels": 63, "kernel_size": 7, "num_blocks": 1, "l2_lambda": 0.0010713467473243074, "dropout_rate": 0.19618311689184373, "lr": 0.09097151890452979, "batch_size": 80}