{"out_channels": 92, "kernel_size": 6, "num_blocks": 4, "l2_lambda": 0.004056061132019576, "dropout_rate": 0.2459700799234327, "lr": 0.09122601927018326}