{"out_channels": 98, "kernel_size": 4, "num_blocks": 2, "l2_lambda": 0.0004633216505183585, "dropout_rate": 0.40119968988490007, "lr": 0.0452337161954978}