{"out_channels": 53, "kernel_size": 3, "num_blocks": 3, "l2_lambda": 0.00372044826517981, "dropout_rate": 0.31730642047452173, "lr": 0.05118550916646266}