{"out_channels": 27, "kernel_size": 7, "num_blocks": 1, "l2_lambda": 0.0014876105129970276, "dropout_rate": 0.28290577458844557, "lr": 0.06584230205797019}