{"out_channels": 119, "kernel_size": 6, "num_blocks": 1, "l2_lambda": 0.005443695048105167, "dropout_rate": 0.46334947121163506, "lr": 0.03796236204618741}