{"out_channels": 23, "kernel_size": 5, "num_blocks": 3, "l2_lambda": 0.002926880687366687, "dropout_rate": 0.4462999678559526, "lr": 0.04341642985580671}