{"out_channels": 16, "kernel_size": 3, "num_blocks": 1, "l2_lambda": 0.006880029034595673, "dropout_rate": 0.4669667420890268, "lr": 0.08093996377619404, "batch_size": 63}