{"out_channels": 86, "kernel_size": 4, "num_blocks": 1, "l2_lambda": 0.007280798863032968, "dropout_rate": 0.16377760488318774, "lr": 0.09638968181755475, "batch_size": 112}