{"out_channels": 20, "kernel_size": 4, "num_blocks": 2, "l2_lambda": 0.006521624608436195, "dropout_rate": 0.40193445342812184, "lr": 0.0011004663363161343}