{"out_channels": 46, "kernel_size": 3, "num_blocks": 3, "l2_lambda": 0.0015045796505739697, "dropout_rate": 0.4288828378904782, "lr": 0.02625458465086567, "batch_size": 215}