{"out_channels": 120, "kernel_size": 3, "num_blocks": 1, "l2_lambda": 0.006042765661626312, "dropout_rate": 0.38130952058785716, "lr": 0.007036893629504728, "batch_size": 230}