{"out_channels": 114, "kernel_size": 4, "num_blocks": 1, "l2_lambda": 0.007286049961797267, "dropout_rate": 0.3778144699873386, "lr": 0.010445381856812697}