{"out_channels": 57, "kernel_size": 6, "num_blocks": 1, "l2_lambda": 0.0022958228722405986, "dropout_rate": 0.39856198624607286, "lr": 0.016977899286605147}