{"out_channels": 123, "kernel_size": 5, "num_blocks": 1, "l2_lambda": 0.008042140660789645, "dropout_rate": 0.35028904352268064, "lr": 0.06830627845650578}