{"out_channels": 110, "kernel_size": 5, "num_blocks": 2, "l2_lambda": 0.00845926365077453, "dropout_rate": 0.3319053012912334, "lr": 0.024221823321151484}