{"out_channels": 97, "kernel_size": 3, "num_blocks": 4, "l2_lambda": 0.002336084535981042, "dropout_rate": 0.4914394083052894, "lr": 0.05848052783920897}