{"out_channels": 64, "kernel_size": 7, "num_blocks": 3, "l2_lambda": 0.006608573233437199, "dropout_rate": 0.49480332726466913, "lr": 0.0599202842000821, "batch_size": 129}