{"out_channels": 122, "kernel_size": 7, "num_blocks": 1, "l2_lambda": 0.001890504246556801, "dropout_rate": 0.3246217105249508, "lr": 0.07034443105968541}