{"out_channels": 85, "kernel_size": 4, "num_blocks": 3, "l2_lambda": 0.007953145988581612, "dropout_rate": 0.3824267644073187, "lr": 0.03112497983254662}