{"out_channels": 87, "kernel_size": 3, "num_blocks": 2, "l2_lambda": 0.005331307154559781, "dropout_rate": 0.34375806126382846, "lr": 0.0757067042796078}