{"out_channels": 27, "kernel_size": 4, "num_blocks": 1, "l2_lambda": 0.003272225818410946, "dropout_rate": 0.17091386113927431, "lr": 0.04530713238631931}