{"out_channels": 43, "kernel_size": 6, "num_blocks": 3, "l2_lambda": 0.004056197874362933, "dropout_rate": 0.3055285217644908, "lr": 0.036553105599421}