{"out_channels": 60, "kernel_size": 3, "num_blocks": 2, "l2_lambda": 0.007344099073859628, "dropout_rate": 0.17739141721201157, "lr": 0.06426197713716576}