{"out_channels": 43, "kernel_size": 6, "num_blocks": 2, "l2_lambda": 0.007514506396110141, "dropout_rate": 0.16469425972346965, "lr": 0.09880301383871054, "batch_size": 243}