{"out_channels": 77, "kernel_size": 7, "num_blocks": 1, "l2_lambda": 0.0045068453060065254, "dropout_rate": 0.45505898861348903, "lr": 0.0689312972069451}