{"out_channels": 98, "kernel_size": 7, "num_blocks": 1, "l2_lambda": 0.005076509938209534, "dropout_rate": 0.2219213668027702, "lr": 0.03069478342140908}