{"out_channels": 53, "kernel_size": 6, "num_blocks": 2, "l2_lambda": 0.007495582667149175, "dropout_rate": 0.13260111194716148, "lr": 0.039242540059573706}