{"out_channels": 60, "kernel_size": 7, "num_blocks": 1, "l2_lambda": 0.006496589877882495, "dropout_rate": 0.20144983501844074, "lr": 0.006315053913031331, "batch_size": 19}