{"out_channels": 23, "kernel_size": 7, "num_blocks": 3, "l2_lambda": 0.004772653024623844, "dropout_rate": 0.34729181850204616, "lr": 0.011076165418494325}