{"out_channels": 85, "kernel_size": 6, "num_blocks": 3, "l2_lambda": 0.00032268953594947965, "dropout_rate": 0.3758466102310054, "lr": 0.04046332842156206}