{"out_channels": 37, "kernel_size": 3, "num_blocks": 3, "l2_lambda": 0.0015269101964730514, "dropout_rate": 0.4509340872640224, "lr": 0.021430389464160007}