{"out_channels": 107, "kernel_size": 5, "num_blocks": 2, "l2_lambda": 0.006128022738518289, "dropout_rate": 0.2832218445288023, "lr": 0.09342366017600762}