{"out_channels": 114, "kernel_size": 3, "num_blocks": 1, "l2_lambda": 0.008573579122631708, "dropout_rate": 0.3358063821595075, "lr": 0.05426147320328833}