{"out_channels": 98, "kernel_size": 7, "num_blocks": 5, "l2_lambda": 0.009298028851717242, "dropout_rate": 0.10447783055221134, "lr": 0.06714533542279781}