{"out_channels": 104, "kernel_size": 3, "num_blocks": 2, "l2_lambda": 0.005700290567512035, "dropout_rate": 0.35676754102616737, "lr": 0.04968580684619035}