{"out_channels": 117, "kernel_size": 4, "num_blocks": 3, "l2_lambda": 0.0015592493885962793, "dropout_rate": 0.3762608426301135, "lr": 0.08836298429176052}