{"out_channels": 93, "kernel_size": 6, "num_blocks": 5, "l2_lambda": 0.000839876885099324, "dropout_rate": 0.27919179635847047, "lr": 0.01627001345129655}