{"out_channels": 93, "kernel_size": 3, "num_blocks": 1, "l2_lambda": 0.0032695227315873076, "dropout_rate": 0.14691611860521103, "lr": 0.01282100425525594}