{"out_channels": 57, "kernel_size": 3, "num_blocks": 1, "l2_lambda": 0.005524935091777644, "dropout_rate": 0.40885422138078964, "lr": 0.020768924075769326, "batch_size": 122}