{"out_channels": 122, "kernel_size": 7, "num_blocks": 2, "l2_lambda": 0.007398743579915249, "dropout_rate": 0.3351355121834255, "lr": 0.08243458913115663}