{"out_channels": 50, "kernel_size": 4, "num_blocks": 1, "l2_lambda": 0.008320737625979978, "dropout_rate": 0.24563694430449137, "lr": 0.06180310640062657, "batch_size": 53}