{"out_channels": 58, "kernel_size": 3, "num_blocks": 2, "l2_lambda": 0.007538804219737624, "dropout_rate": 0.23760597725761104, "lr": 0.05042580305187966}