{"out_channels": 75, "kernel_size": 7, "num_blocks": 2, "l2_lambda": 0.00016631611935006202, "dropout_rate": 0.43151544451909285, "lr": 0.023654982074095606, "batch_size": 29}