{"out_channels": 67, "kernel_size": 6, "num_blocks": 2, "l2_lambda": 0.0073896677039899435, "dropout_rate": 0.20507019459979922, "lr": 0.027832050807211156}