{"out_channels": 77, "kernel_size": 5, "num_blocks": 2, "l2_lambda": 0.006140806819068349, "dropout_rate": 0.4527263386722009, "lr": 0.08298609970382219}