{"out_channels": 122, "kernel_size": 6, "num_blocks": 3, "l2_lambda": 0.0065828451706679315, "dropout_rate": 0.461883889391166, "lr": 0.09813236441868885}