{"out_channels": 68, "kernel_size": 4, "num_blocks": 3, "l2_lambda": 0.000926958607334132, "dropout_rate": 0.2630088924288857, "lr": 0.04992076809255655, "batch_size": 232}