{"out_channels": 38, "kernel_size": 3, "num_blocks": 2, "l2_lambda": 0.007046776391827003, "dropout_rate": 0.23126150305970633, "lr": 0.06774058256342673, "batch_size": 138}