{"out_channels": 122, "kernel_size": 3, "num_blocks": 2, "l2_lambda": 0.0011083912742410255, "dropout_rate": 0.24036026127324595, "lr": 0.013292328445722725}