{"out_channels": 125, "kernel_size": 3, "num_blocks": 2, "l2_lambda": 0.0019108304745980732, "dropout_rate": 0.1387598544967022, "lr": 0.023363859050757874}