{"out_channels": 27, "kernel_size": 6, "num_blocks": 3, "l2_lambda": 0.0021296726949606697, "dropout_rate": 0.32435491261234994, "lr": 0.043599796556711146}