{"out_channels": 77, "kernel_size": 5, "num_blocks": 4, "l2_lambda": 0.00781243795243744, "dropout_rate": 0.27740389026961415, "lr": 0.011532078953499348}