{"out_channels": 53, "kernel_size": 5, "num_blocks": 3, "l2_lambda": 0.0070032633905677015, "dropout_rate": 0.427165627313948, "lr": 0.018441874541909296, "batch_size": 49}