{"out_channels": 44, "kernel_size": 3, "num_blocks": 4, "l2_lambda": 0.002199003286155163, "dropout_rate": 0.19665422882200964, "lr": 0.014489452965931507}