{"out_channels": 41, "kernel_size": 6, "num_blocks": 1, "l2_lambda": 0.006071526045267912, "dropout_rate": 0.2609747733162532, "lr": 0.021441631430157412, "batch_size": 16}