{"out_channels": 59, "kernel_size": 4, "num_blocks": 3, "l2_lambda": 0.00014120628780553188, "dropout_rate": 0.1900119920482732, "lr": 0.03211931282992791, "batch_size": 179}