{"max_depth": 3, "learning_rate": 0.025415346591586417, "subsample": 0.96680705996812, "colsample_bytree": 0.5991873604159164, "gamma": 3.5927671841451407, "lambda": 0.00019831559455212334, "alpha": 1.2166535345900357e-06}