{"max_depth": 8, "learning_rate": 0.05488727267392505, "subsample": 0.9282818524482761, "colsample_bytree": 0.8607890720937679, "gamma": 0.20860555710303763, "lambda": 0.0003256470468459485, "alpha": 6.154826534559584e-07}