{"max_depth": 4, "learning_rate": 0.09967542859756465, "subsample": 0.8145165009179225, "colsample_bytree": 0.753999061369403, "gamma": 3.870264471460863, "lambda": 8.797628499417007e-07, "alpha": 1.8953366610134092e-05}