{"max_depth": 10, "learning_rate": 0.15073334964760282, "subsample": 0.7381841928243591, "colsample_bytree": 0.9150448756578087, "gamma": 2.889323945807986, "lambda": 0.00021610477502291884, "alpha": 2.307473761921889e-07}