{"max_depth": 10, "learning_rate": 0.10205949226770185, "subsample": 0.5397592345001517, "colsample_bytree": 0.8535296642681557, "gamma": 4.14459354220525, "lambda": 0.0004604694461833831, "alpha": 0.0019372554111918533}