{"max_depth": 6, "learning_rate": 0.22085133622980038, "subsample": 0.8077343538808754, "colsample_bytree": 0.8565391363749937, "gamma": 0.9063316072441147, "lambda": 0.001090368550658721, "alpha": 6.97613717375646e-08}