{"max_depth": 5, "learning_rate": 0.2546329477619261, "subsample": 0.882883403691712, "colsample_bytree": 0.6547793730101081, "gamma": 1.1767490467740886, "lambda": 0.03457944944331255, "alpha": 3.11315768654434e-06}