{"max_depth": 3, "learning_rate": 0.049077620702928586, "subsample": 0.7345804617948732, "colsample_bytree": 0.5672354410263671, "gamma": 0.5758558903797206, "lambda": 9.625631151236267e-05, "alpha": 0.0009029491510789128}