{"max_depth": 6, "learning_rate": 0.07736536042262024, "subsample": 0.7891789090843371, "colsample_bytree": 0.5444480996628986, "gamma": 2.451292597756906, "lambda": 0.00021077502799117238, "alpha": 0.17436702691254466}