{"max_depth": 10, "learning_rate": 0.10345123794532615, "subsample": 0.5643605463859791, "colsample_bytree": 0.6607117786306673, "gamma": 1.4939184494018383, "lambda": 1.1699519919160305e-08, "alpha": 0.11113747077992647}