{"max_depth": 4, "learning_rate": 0.2865490644146031, "subsample": 0.8710564653924967, "colsample_bytree": 0.5672241216799121, "gamma": 2.276683285074946, "lambda": 0.0018908057451428656, "alpha": 4.6795860759237947e-07}