{"max_depth": 6, "learning_rate": 0.18249992235646562, "subsample": 0.9577365948982016, "colsample_bytree": 0.9948158103871164, "gamma": 0.05487997663008115, "lambda": 8.45143887706638e-05, "alpha": 3.2463390341198744e-08}