{"max_depth": 9, "learning_rate": 0.016488954487424327, "subsample": 0.8143322201735851, "colsample_bytree": 0.8267432868699183, "gamma": 2.006979602048282, "lambda": 2.066964781593221e-06, "alpha": 4.584498595979969e-06}