{"max_depth": 10, "learning_rate": 0.23473400794400998, "subsample": 0.9063901878086389, "colsample_bytree": 0.7904208803938197, "gamma": 0.3791267879180765, "lambda": 2.782758894747221e-06, "alpha": 0.881767885189922}