{"max_depth": 10, "learning_rate": 0.238365615539951, "subsample": 0.7177047957234388, "colsample_bytree": 0.7881421234025843, "gamma": 3.6971713345469452, "lambda": 7.156192399623337e-07, "alpha": 0.0246536972704873}