{"max_depth": 6, "learning_rate": 0.23600373003004776, "subsample": 0.6989809430764469, "colsample_bytree": 0.5731868547281609, "gamma": 2.5593794530698224, "lambda": 0.2531179409056596, "alpha": 3.107256629849376e-06}