{"max_depth": 9, "learning_rate": 0.0725943382225919, "subsample": 0.7271240071127214, "colsample_bytree": 0.8966565605060097, "gamma": 3.20408864520843, "lambda": 4.658155639350888e-07, "alpha": 0.4726829310436879}