{"max_depth": 8, "learning_rate": 0.2898027990260614, "subsample": 0.6268702558656605, "colsample_bytree": 0.6156540549566383, "gamma": 4.732742406729892, "lambda": 1.5874996992386185e-05, "alpha": 0.04204789460184829}