{"max_depth": 7, "learning_rate": 0.013346778373979198, "subsample": 0.7471427445439791, "colsample_bytree": 0.9793149918998532, "gamma": 3.5870715161292246, "lambda": 3.63168631816854e-08, "alpha": 0.19828900691243598}