{"max_depth": 3, "learning_rate": 0.037671677665405, "subsample": 0.9787934670929952, "colsample_bytree": 0.7300596478451878, "gamma": 0.07011377085534731, "lambda": 6.072810136513635e-05, "alpha": 0.3445593524769707}