{"max_depth": 7, "learning_rate": 0.09407978211658435, "subsample": 0.9029282627687776, "colsample_bytree": 0.7426065395867951, "gamma": 4.903990243935429, "lambda": 1.8312253724056945e-08, "alpha": 0.09228705540777474}