{"max_depth": 5, "learning_rate": 0.1913918338269186, "subsample": 0.5095611459106448, "colsample_bytree": 0.5704319200935966, "gamma": 3.3826173691200143, "lambda": 3.9816938391908793e-07, "alpha": 0.11794959549999107}