{"max_depth": 4, "learning_rate": 0.15953776876153958, "subsample": 0.729551493061402, "colsample_bytree": 0.6916673295581528, "gamma": 3.875481695096119, "lambda": 1.2322239394160968e-06, "alpha": 0.2361188593512332}