{"max_depth": 5, "learning_rate": 0.2782176270017641, "subsample": 0.5977437579702067, "colsample_bytree": 0.9399741508593015, "gamma": 2.6614404371296896, "lambda": 1.2419622862729058e-05, "alpha": 0.000983203214924964}