{"max_depth": 8, "learning_rate": 0.1818068510692953, "subsample": 0.8234879847726005, "colsample_bytree": 0.8633925135446776, "gamma": 1.9368941375958992, "lambda": 0.8514091425516308, "alpha": 1.8622406040178488e-07}