{"max_depth": 10, "learning_rate": 0.18090205040398857, "subsample": 0.5190606575890419, "colsample_bytree": 0.7275109497657588, "gamma": 1.3897074591059067, "lambda": 8.70981244982052e-05, "alpha": 1.8306619511315428e-07}