{"max_depth": 7, "learning_rate": 0.0815691755935755, "subsample": 0.6134944151916739, "colsample_bytree": 0.5650166841337612, "gamma": 1.9285961519860333, "lambda": 6.002042887869907e-08, "alpha": 1.1514918319042551e-07}