{"max_depth": 5, "learning_rate": 0.03307240376514684, "subsample": 0.8422796046074492, "colsample_bytree": 0.8566248741805691, "gamma": 0.5449442258466891, "lambda": 0.04385369382458086, "alpha": 0.0001267228423146987}