{"max_depth": 9, "learning_rate": 0.2957915520228071, "subsample": 0.7060425967514176, "colsample_bytree": 0.7828042829630713, "gamma": 2.0830395871689937, "lambda": 2.0385057468594293e-07, "alpha": 2.2945962838819597e-08}