{"max_depth": 9, "learning_rate": 0.24708653630290037, "subsample": 0.8404584114969798, "colsample_bytree": 0.6952553396764094, "gamma": 3.263513626001668, "lambda": 0.0004064691029435195, "alpha": 1.3028486631143368e-07}