{"max_depth": 4, "learning_rate": 0.2266336457486202, "subsample": 0.7381739172422666, "colsample_bytree": 0.6127072011865866, "gamma": 0.3383494290897332, "lambda": 2.154711241698047e-05, "alpha": 9.170774645530606e-07}