{"max_depth": 3, "learning_rate": 0.02709048639927207, "subsample": 0.8520258506484246, "colsample_bytree": 0.9505813018833384, "gamma": 1.6581934430312457, "lambda": 0.5643384569236626, "alpha": 8.469063831267586e-06}