{"max_depth": 9, "learning_rate": 0.19860563074154466, "subsample": 0.6054791956504397, "colsample_bytree": 0.9305093904668201, "gamma": 3.3961354297111486, "lambda": 0.16572888755292964, "alpha": 5.1014936901927914e-06}