{"max_depth": 8, "learning_rate": 0.043079745270393315, "subsample": 0.8845032798953543, "colsample_bytree": 0.6630729421140995, "gamma": 2.084360418253567, "lambda": 0.008944905226380548, "alpha": 1.2554030259858686e-06}