{"max_depth": 5, "learning_rate": 0.1745210141091808, "subsample": 0.5625617932515159, "colsample_bytree": 0.8459547539569885, "gamma": 3.4935509406605645, "lambda": 8.512542081401743e-06, "alpha": 5.032669335801876e-07}