{"max_depth": 8, "learning_rate": 0.1278033683239978, "subsample": 0.9977626101552515, "colsample_bytree": 0.7771492715004611, "gamma": 2.496463914230807, "lambda": 6.357683110978511e-07, "alpha": 0.001875249411442928}