{"max_depth": 9, "learning_rate": 0.13974486832319813, "subsample": 0.6238478632184727, "colsample_bytree": 0.7587745528788227, "gamma": 1.1532049961190416, "lambda": 0.00045203076910412394, "alpha": 0.004997666836283312}