{"max_depth": 9, "learning_rate": 0.02197842904412038, "subsample": 0.59480887403384, "colsample_bytree": 0.591553850222348, "gamma": 0.27701128029385125, "lambda": 0.001054246208944059, "alpha": 4.5349222654683e-06}