{"max_depth": 7, "learning_rate": 0.049347608022342934, "subsample": 0.8400303977652541, "colsample_bytree": 0.9760651783576211, "gamma": 3.8286318254316813, "lambda": 1.522999628452283e-05, "alpha": 0.11170481280097332}