{"max_depth": 5, "learning_rate": 0.1680797517029913, "subsample": 0.9000859675490813, "colsample_bytree": 0.5741290333811081, "gamma": 0.5481017432601476, "lambda": 0.0012713354332682012, "alpha": 4.5879747968980214e-08}