{"max_depth": 3, "learning_rate": 0.10127282420830265, "subsample": 0.5391957931318465, "colsample_bytree": 0.9713091925212929, "gamma": 4.076690229030381, "lambda": 0.001985211706680147, "alpha": 0.00021471521908864434}