{"max_depth": 7, "learning_rate": 0.17552178507933774, "subsample": 0.7419656355603879, "colsample_bytree": 0.7275438255297249, "gamma": 4.729569042427001, "lambda": 0.0014656831042216382, "alpha": 0.00019751804663134163}