{"max_depth": 7, "learning_rate": 0.1938782249440549, "subsample": 0.7927668226320683, "colsample_bytree": 0.6077356925813391, "gamma": 0.16011249410958717, "lambda": 3.585188104285314e-05, "alpha": 0.9096536047963728}