{"max_depth": 6, "learning_rate": 0.12598335142068673, "subsample": 0.6533630301595015, "colsample_bytree": 0.6491385252229454, "gamma": 1.8380208128972098, "lambda": 1.9160344898450836e-07, "alpha": 9.10095123141551e-06}