{"max_depth": 3, "learning_rate": 0.2144111957881451, "subsample": 0.9331802448479245, "colsample_bytree": 0.5353789340971058, "gamma": 3.7204267966157074, "lambda": 3.057799683860084e-05, "alpha": 0.07116082740852268}