{"max_depth": 10, "learning_rate": 0.21853975796188674, "subsample": 0.8905041306402027, "colsample_bytree": 0.6279058096974338, "gamma": 3.0047218947323104, "lambda": 1.5116286276130151e-06, "alpha": 5.7990209989480624e-08}