{"max_depth": 5, "learning_rate": 0.2187715027197502, "subsample": 0.7291874196133854, "colsample_bytree": 0.5780520413774052, "gamma": 4.679317628507454, "lambda": 0.05183919702127097, "alpha": 0.13496306852234574}