{"max_depth": 4, "learning_rate": 0.11583571097443823, "subsample": 0.5469638543845259, "colsample_bytree": 0.5502317923091979, "gamma": 3.7271717536985243, "lambda": 2.5421377925031173e-06, "alpha": 0.04763561850071995}