{"max_depth": 6, "learning_rate": 0.1738284296413382, "subsample": 0.7245341903102632, "colsample_bytree": 0.8418121196425356, "gamma": 2.276982042639492, "lambda": 7.603767413902712e-07, "alpha": 2.392944470104723e-07}