{"max_depth": 6, "learning_rate": 0.18929507385922162, "subsample": 0.7497007845758176, "colsample_bytree": 0.8459410638482806, "gamma": 1.381208622418499, "lambda": 3.0758252451267084e-08, "alpha": 4.60470475411689e-07}