{"max_depth": 5, "learning_rate": 0.03804671546591895, "subsample": 0.6031355921972608, "colsample_bytree": 0.6830958254604746, "gamma": 0.3562950816413307, "lambda": 1.042244536648511e-06, "alpha": 0.3785958750415051}