{"max_depth": 7, "learning_rate": 0.10829267291174392, "subsample": 0.7575641002098178, "colsample_bytree": 0.8459348370454115, "gamma": 1.8758360271999697, "lambda": 2.7009828020497333e-05, "alpha": 0.00024902890057380454}