{"max_depth": 9, "learning_rate": 0.24740262180062966, "subsample": 0.7598908559909694, "colsample_bytree": 0.9622986077536981, "gamma": 1.9799264523475202, "lambda": 0.00020181583522060784, "alpha": 5.31726155639968e-06}