{"max_depth": 3, "learning_rate": 0.03149517588711085, "subsample": 0.9384505438090742, "colsample_bytree": 0.7202218972513356, "gamma": 0.7286686211383725, "lambda": 0.04867548282006467, "alpha": 5.986171913671017e-08}