{"max_depth": 6, "learning_rate": 0.17590766522135529, "subsample": 0.749370559052106, "colsample_bytree": 0.5610016407256708, "gamma": 1.0147435522354202, "lambda": 7.519602651021591e-07, "alpha": 0.006444609914074058}