{"max_depth": 7, "learning_rate": 0.29664286322020766, "subsample": 0.5263722878110246, "colsample_bytree": 0.6092473981999522, "gamma": 0.8254142995997232, "lambda": 0.004106339991071829, "alpha": 7.041047488524469e-08}