{"max_depth": 8, "learning_rate": 0.10244588193021334, "subsample": 0.855346053519206, "colsample_bytree": 0.8101625823654681, "gamma": 1.4752900301302763, "lambda": 1.184247212667975e-06, "alpha": 0.08634948397869245}