{"max_depth": 8, "learning_rate": 0.1546591154275923, "subsample": 0.5588243552441885, "colsample_bytree": 0.5613012173999796, "gamma": 3.586020075080589, "lambda": 3.7249459862065704e-06, "alpha": 0.001673330505279097}