{"max_depth": 4, "learning_rate": 0.27928811295378536, "subsample": 0.8307961208332804, "colsample_bytree": 0.6960056423952757, "gamma": 1.8795136387321976, "lambda": 0.6773756419438113, "alpha": 1.1228643781920637e-07}