{"max_depth": 6, "learning_rate": 0.12815128845321758, "subsample": 0.9875410327763472, "colsample_bytree": 0.6612885341464168, "gamma": 2.1522442743633494, "lambda": 3.6071740492396193e-07, "alpha": 2.2974579999944965e-07}