{"max_depth": 8, "learning_rate": 0.16354160107501847, "subsample": 0.5817996790270299, "colsample_bytree": 0.7730112377932642, "gamma": 4.070363225542729, "lambda": 2.8507703882504948e-06, "alpha": 0.06731151212351083}