{"max_depth": 3, "learning_rate": 0.09502150826677896, "subsample": 0.9335202262915137, "colsample_bytree": 0.7558043157817522, "gamma": 3.1406974985884446, "lambda": 2.9915596216169714e-06, "alpha": 3.8068616710898176e-06}