{"max_depth": 8, "learning_rate": 0.1537992002361036, "subsample": 0.6957113342614981, "colsample_bytree": 0.8905458825778344, "gamma": 4.57925296445611, "lambda": 0.0003782904235743179, "alpha": 0.12598630314133488}