{"max_depth": 7, "learning_rate": 0.2960653952054512, "subsample": 0.5699166327884475, "colsample_bytree": 0.9480805634342073, "gamma": 4.237148570589831, "lambda": 7.022388671883963e-05, "alpha": 0.0001257303255524342}