{"max_depth": 5, "learning_rate": 0.06214942030967182, "subsample": 0.6635697599196935, "colsample_bytree": 0.6974006981369352, "gamma": 3.837816567875756, "lambda": 0.08879363012189471, "alpha": 9.214764106735457e-07}