{"max_depth": 4, "learning_rate": 0.1124796453822535, "subsample": 0.839013145051432, "colsample_bytree": 0.6765798320610314, "gamma": 4.4229046835206915, "lambda": 1.639312741284056e-08, "alpha": 3.6965618141733626e-07}