{"max_depth": 4, "learning_rate": 0.08125991108303202, "subsample": 0.8310095296697189, "colsample_bytree": 0.8766479357608445, "gamma": 4.747229205588243, "lambda": 1.352457938585421e-08, "alpha": 0.030262027462306038}