{"max_depth": 3, "learning_rate": 0.16319940768739052, "subsample": 0.8393810816135103, "colsample_bytree": 0.9155070669478942, "gamma": 3.7756179739452964, "lambda": 0.43309824945122494, "alpha": 1.4379070759216427e-07}