{"max_depth": 3, "learning_rate": 0.2463760268586298, "subsample": 0.5438378528339323, "colsample_bytree": 0.8908987835092264, "gamma": 2.2195853955361997, "lambda": 0.002613764810884783, "alpha": 0.040380780156799925}