{"max_depth": 4, "learning_rate": 0.060038294003202465, "subsample": 0.9474365326626359, "colsample_bytree": 0.5891489803749115, "gamma": 3.93274241324443, "lambda": 6.924040083578572e-08, "alpha": 7.808912616711079e-07}