{"max_depth": 10, "learning_rate": 0.05874459573826021, "subsample": 0.713208716793996, "colsample_bytree": 0.8897652011551228, "gamma": 3.760427348209885, "lambda": 4.735076703162095e-05, "alpha": 0.0018956273172657304}