{"max_depth": 4, "learning_rate": 0.23627230060413176, "subsample": 0.9119051108379286, "colsample_bytree": 0.6934282382748167, "gamma": 3.9752878330021084, "lambda": 5.88104166488314e-07, "alpha": 1.0978081763285101e-05}