{"max_depth": 9, "learning_rate": 0.028605220653573495, "subsample": 0.6296489445952073, "colsample_bytree": 0.6287389461184032, "gamma": 2.5694655445993257, "lambda": 0.00015816117613050035, "alpha": 6.982009317632464e-07}