{"max_depth": 4, "learning_rate": 0.27036481047158745, "subsample": 0.94279006752976, "colsample_bytree": 0.566771747536925, "gamma": 2.8043345164726716, "lambda": 0.0640706728088643, "alpha": 0.5883926283839656}