{"max_depth": 7, "learning_rate": 0.22305324443919114, "subsample": 0.9352976454425717, "colsample_bytree": 0.6765088885845858, "gamma": 0.22838480715630327, "lambda": 0.8406705868201694, "alpha": 0.0034593611727370688}