{"max_depth": 8, "learning_rate": 0.0962724225803652, "subsample": 0.8402932543012582, "colsample_bytree": 0.9588733216650249, "gamma": 0.7079644537176522, "lambda": 2.079681059113395e-06, "alpha": 0.004824262591796714}