{"max_depth": 7, "learning_rate": 0.12408354874390318, "subsample": 0.5414170064407118, "colsample_bytree": 0.5776620219885933, "gamma": 0.20491462738127741, "lambda": 0.689489004270919, "alpha": 6.991224049250269e-07}