{"max_depth": 10, "learning_rate": 0.14680225741314895, "subsample": 0.5731078660490914, "colsample_bytree": 0.7341260693198745, "gamma": 3.046591791955147, "lambda": 0.02134295205961173, "alpha": 4.4391234732342015e-06}