{"max_depth": 5, "learning_rate": 0.27962870453808814, "subsample": 0.7155463830986764, "colsample_bytree": 0.7114063353838408, "gamma": 0.8599313363409194, "lambda": 0.7916447460198275, "alpha": 0.0003771697344545344}