{"max_depth": 7, "learning_rate": 0.22717499264137506, "subsample": 0.6642937948566123, "colsample_bytree": 0.6967898791084219, "gamma": 3.146917915125064, "lambda": 0.02958840031901741, "alpha": 0.0006135971926567275}