{"max_depth": 10, "learning_rate": 0.14156013611664478, "subsample": 0.7097139990591836, "colsample_bytree": 0.8091985654422564, "gamma": 2.858590773110853, "lambda": 0.06280627455213357, "alpha": 0.9412370817805283}