{"max_depth": 4, "learning_rate": 0.2691608351581026, "subsample": 0.8215409822196068, "colsample_bytree": 0.9083195255025244, "gamma": 1.3890265092495673, "lambda": 2.6062310773833956e-08, "alpha": 1.3218721692448888e-07}