{"max_depth": 4, "learning_rate": 0.26349068744861004, "subsample": 0.5770208599123047, "colsample_bytree": 0.5456135549341248, "gamma": 0.984105012325851, "lambda": 0.0022919388040911724, "alpha": 0.00032222240238681874}