{"max_depth": 8, "learning_rate": 0.24433415088758065, "subsample": 0.9607112813376664, "colsample_bytree": 0.8161104233614623, "gamma": 0.5239306818478812, "lambda": 0.20308427336500062, "alpha": 0.3699682202389632}