{"max_depth": 4, "learning_rate": 0.21737468238172722, "subsample": 0.8623753725519505, "colsample_bytree": 0.8082262914009932, "gamma": 4.7998524733515815, "lambda": 7.070485209195225e-05, "alpha": 8.30649143130568e-06}