{"max_depth": 3, "learning_rate": 0.25383856515553466, "subsample": 0.6154702224072248, "colsample_bytree": 0.963059360358449, "gamma": 0.22323883472881334, "lambda": 0.008933720122019746, "alpha": 0.009992812699613909}