{"max_depth": 10, "learning_rate": 0.06844222546121262, "subsample": 0.7662930213201885, "colsample_bytree": 0.8810426948552983, "gamma": 2.8129023502226156, "lambda": 0.001651878247221458, "alpha": 2.0492015497126087e-05}