{"max_depth": 9, "learning_rate": 0.26460178907408005, "subsample": 0.613344436645767, "colsample_bytree": 0.8288412987005489, "gamma": 1.0528022059847992, "lambda": 0.13212041987183484, "alpha": 0.9308627094076526}