{"max_depth": 5, "learning_rate": 0.2657715090178031, "subsample": 0.681808722508035, "colsample_bytree": 0.7435944830621299, "gamma": 3.677789518317302, "lambda": 2.592027245067443e-05, "alpha": 0.17496475235940645}