{"max_depth": 10, "learning_rate": 0.16059597421787697, "subsample": 0.5638919584106767, "colsample_bytree": 0.5695925840740093, "gamma": 0.11019106143865587, "lambda": 0.00010785395230193357, "alpha": 0.00026827044673043604}