{"max_depth": 6, "learning_rate": 0.09662425036312147, "subsample": 0.9766342533289403, "colsample_bytree": 0.711006315452241, "gamma": 0.06148208356278495, "lambda": 0.001783187982742635, "alpha": 1.4175704720633234e-05}