{"max_depth": 7, "learning_rate": 0.16842268169488553, "subsample": 0.7400866059732394, "colsample_bytree": 0.5538886419242899, "gamma": 1.7474729246796417, "lambda": 0.2319103324543398, "alpha": 1.1462219769527924e-07}