{"max_depth": 6, "learning_rate": 0.09686823678516988, "subsample": 0.6668644170562377, "colsample_bytree": 0.7142309907266831, "gamma": 0.3722614175762057, "lambda": 6.812668572737664e-06, "alpha": 0.1499289386490765}