{"max_depth": 5, "learning_rate": 0.02144350686340898, "subsample": 0.5595362959920336, "colsample_bytree": 0.5304748302170851, "gamma": 3.8733325473866698, "lambda": 0.12900174794359442, "alpha": 0.008438599064519488}