{"max_depth": 5, "learning_rate": 0.25562492372432827, "subsample": 0.9829975837538182, "colsample_bytree": 0.8381046556425014, "gamma": 4.61805039888832, "lambda": 4.6403352072183336e-08, "alpha": 0.004312725094186232}