{"max_depth": 10, "learning_rate": 0.02253785335371108, "subsample": 0.9808747959869286, "colsample_bytree": 0.5380359269759023, "gamma": 3.339109080740384, "lambda": 3.8811819284615905e-06, "alpha": 1.6387288837756483e-08}