{"max_depth": 3, "learning_rate": 0.194031624660471, "subsample": 0.5040048550839957, "colsample_bytree": 0.7189225404031955, "gamma": 2.358050710088928, "lambda": 0.026199109565934603, "alpha": 4.676166334992565e-06}