{"max_depth": 3, "learning_rate": 0.15063030733277716, "subsample": 0.7780207037394242, "colsample_bytree": 0.6847788112902249, "gamma": 0.15998747212665532, "lambda": 0.014878345517695407, "alpha": 0.02039940082935534}