{"max_depth": 6, "learning_rate": 0.11301051453340857, "subsample": 0.832376635590364, "colsample_bytree": 0.5875520502762343, "gamma": 2.2704194846390164, "lambda": 0.1819433588629865, "alpha": 2.6216593293180038e-08}