{"max_depth": 6, "learning_rate": 0.03308737368012907, "subsample": 0.5144834255056152, "colsample_bytree": 0.5792056734696066, "gamma": 0.061937636415446695, "lambda": 0.09973835082414877, "alpha": 2.2447900689187144e-06}