{"max_depth": 7, "learning_rate": 0.2535743876582753, "subsample": 0.8866051118496885, "colsample_bytree": 0.9026817676201208, "gamma": 3.8739393049123123, "lambda": 5.91815364368018e-06, "alpha": 0.0041723538158523225}