{"max_depth": 10, "learning_rate": 0.2920120066404605, "subsample": 0.8227747779446382, "colsample_bytree": 0.9582921537174155, "gamma": 2.57048600816813, "lambda": 0.16261747481478186, "alpha": 0.0005255825240864674}