{"max_depth": 6, "learning_rate": 0.15654307671760173, "subsample": 0.613926921980407, "colsample_bytree": 0.9047201082551178, "gamma": 3.0465202881097984, "lambda": 0.2531539875417603, "alpha": 0.000516763113871804}