{"max_depth": 10, "learning_rate": 0.04113916162574999, "subsample": 0.7069438887036534, "colsample_bytree": 0.5310298820162538, "gamma": 3.7293521701823584, "lambda": 0.31805962829695034, "alpha": 4.1387962395393164e-05}