{"max_depth": 9, "learning_rate": 0.1398186517345309, "subsample": 0.9737325446278458, "colsample_bytree": 0.5099857227774938, "gamma": 0.17243192079671843, "lambda": 4.5525001500162197e-07, "alpha": 1.9745354539796533e-05}