{"max_depth": 10, "learning_rate": 0.1535617782907081, "subsample": 0.8377310830230942, "colsample_bytree": 0.9066298563982584, "gamma": 3.284404148739944, "lambda": 0.2377321171157538, "alpha": 0.00829801172511405}