{"max_depth": 7, "learning_rate": 0.29128289527609497, "subsample": 0.5247287855005961, "colsample_bytree": 0.7101378324980971, "gamma": 0.7902450027556662, "lambda": 1.234176546104521e-05, "alpha": 0.001478630045321263}