{"max_depth": 9, "learning_rate": 0.051306389247191844, "subsample": 0.8699452944978414, "colsample_bytree": 0.8886985781892458, "gamma": 4.930672565134753, "lambda": 0.00335723832245601, "alpha": 0.004680270367054702}