{"max_depth": 10, "learning_rate": 0.2525288840148163, "subsample": 0.8641984508693963, "colsample_bytree": 0.8166943941834148, "gamma": 0.07132421554847224, "lambda": 9.133126344251359e-07, "alpha": 0.0011736250231237947}