{"max_depth": 3, "learning_rate": 0.16731760908113644, "subsample": 0.835215259694865, "colsample_bytree": 0.6007090540464006, "gamma": 0.3805029795476078, "lambda": 0.002087666554854218, "alpha": 0.004235828983526357}