{"max_depth": 10, "learning_rate": 0.013969510297455214, "subsample": 0.9817069043137971, "colsample_bytree": 0.9425851927040221, "gamma": 2.5879169335513423, "lambda": 0.008644679645456841, "alpha": 9.049130648603252e-08}