{"max_depth": 10, "learning_rate": 0.14778656452559472, "subsample": 0.8467143765138853, "colsample_bytree": 0.6859001250581618, "gamma": 0.42188476459512514, "lambda": 2.0612980067095494e-07, "alpha": 0.0004273021812978555}