{"max_depth": 6, "learning_rate": 0.10938066178188553, "subsample": 0.7014552652353807, "colsample_bytree": 0.5487063868107306, "gamma": 1.9142159133361236, "lambda": 0.017682694744007254, "alpha": 0.05575410757670062}