{"max_depth": 5, "learning_rate": 0.2203251092941106, "subsample": 0.8247979233659987, "colsample_bytree": 0.9511981592228693, "gamma": 2.9662821405245006, "lambda": 0.0767070524294627, "alpha": 0.7148130446796761}