{"max_depth": 5, "learning_rate": 0.2094385936571623, "subsample": 0.9840418336102046, "colsample_bytree": 0.7956774029951894, "gamma": 4.504937311343641, "lambda": 3.3714310772806485e-07, "alpha": 6.115446516886118e-08}