{"max_depth": 7, "learning_rate": 0.13343740546406038, "subsample": 0.8280055513702617, "colsample_bytree": 0.6768156181974812, "gamma": 2.5014676775597837, "lambda": 0.024225570886087396, "alpha": 0.8413233271199826}