{"max_depth": 10, "learning_rate": 0.022032255695480153, "subsample": 0.774354106812992, "colsample_bytree": 0.7834834365510006, "gamma": 4.4006055716205115, "lambda": 0.7717217200902933, "alpha": 0.00490854642506029}