{"max_depth": 5, "learning_rate": 0.21997360379515962, "subsample": 0.5154019333038352, "colsample_bytree": 0.8822082482422776, "gamma": 0.15023501081379065, "lambda": 0.3511093805058028, "alpha": 0.0006311556551124187}