{"max_depth": 8, "learning_rate": 0.23652473811995742, "subsample": 0.604884792392457, "colsample_bytree": 0.9056357326811999, "gamma": 0.9846577371465715, "lambda": 0.0010569588330530241, "alpha": 1.0635203598517362e-06}