{"max_depth": 4, "learning_rate": 0.07470015333290005, "subsample": 0.6679860449402026, "colsample_bytree": 0.8697174303372264, "gamma": 2.5303376820159285, "lambda": 8.13337671009669e-05, "alpha": 0.00018725521533210373}