{"max_depth": 9, "learning_rate": 0.22075008429509624, "subsample": 0.9968566439780278, "colsample_bytree": 0.7141432595437798, "gamma": 2.023958753062602, "lambda": 1.3860538105415762e-05, "alpha": 1.5317294884076741e-06}