{"max_depth": 4, "learning_rate": 0.012422054689344576, "subsample": 0.527974136142902, "colsample_bytree": 0.9435664138596168, "gamma": 0.7769245525282054, "lambda": 0.3883533830798357, "alpha": 0.00037442461673283846}