{"max_depth": 8, "learning_rate": 0.1774680488327542, "subsample": 0.8730934314834526, "colsample_bytree": 0.8103780621987731, "gamma": 4.32316181058452, "lambda": 0.0033469413447497092, "alpha": 2.0865174369608535e-07}