{"max_depth": 8, "learning_rate": 0.29705539646509005, "subsample": 0.628579729201142, "colsample_bytree": 0.8729547636943146, "gamma": 4.5769767972103, "lambda": 0.000976973700520319, "alpha": 0.4077139563310863}