{"max_depth": 9, "learning_rate": 0.18431868418657416, "subsample": 0.6474234692344394, "colsample_bytree": 0.5524618463454122, "gamma": 4.62636839526517, "lambda": 0.013199497791658788, "alpha": 1.9081289973927337e-08}