{"max_depth": 7, "learning_rate": 0.05333622213230202, "subsample": 0.8940698574749371, "colsample_bytree": 0.6375264483917708, "gamma": 0.3329706892588363, "lambda": 0.003612531109996722, "alpha": 0.00017760649762364378}