{"max_depth": 9, "learning_rate": 0.28805947122153264, "subsample": 0.6585854080579494, "colsample_bytree": 0.692856599130844, "gamma": 0.9256444327845859, "lambda": 0.010695208260970743, "alpha": 8.792684833228993e-08}