{"max_depth": 10, "learning_rate": 0.05526422096940037, "subsample": 0.6168864193817565, "colsample_bytree": 0.7023972483421013, "gamma": 3.490635621386187, "lambda": 0.014239547407806, "alpha": 0.010750548866996381}