{"max_depth": 9, "learning_rate": 0.04939051443123621, "subsample": 0.6541522753869933, "colsample_bytree": 0.5315756440226121, "gamma": 4.559367309137538, "lambda": 0.2536066868577215, "alpha": 0.014261925970183532}