{"max_depth": 6, "learning_rate": 0.1003038502109195, "subsample": 0.5188120616712221, "colsample_bytree": 0.5037041176769264, "gamma": 0.2668863192072929, "lambda": 0.007103054746679316, "alpha": 0.0009332840235156684}