{"max_depth": 9, "learning_rate": 0.03746020023738034, "subsample": 0.9108961474238882, "colsample_bytree": 0.7903699945503273, "gamma": 4.113066924905313, "lambda": 0.6468608425836081, "alpha": 5.0262246656649045e-05}