{"max_depth": 9, "learning_rate": 0.04643360592077702, "subsample": 0.7947433476210932, "colsample_bytree": 0.6659097744103462, "gamma": 3.603565756021708, "lambda": 0.02392373159974033, "alpha": 0.03692214812852026}