{"max_depth": 4, "learning_rate": 0.04012643826529146, "subsample": 0.8679789352886274, "colsample_bytree": 0.863112072943454, "gamma": 2.977286166332445, "lambda": 8.91358548606054e-06, "alpha": 0.0003396132315554102}