{"max_depth": 3, "learning_rate": 0.14794645271238543, "subsample": 0.7082222730011869, "colsample_bytree": 0.6023494237149375, "gamma": 4.858235219120655, "lambda": 0.0007209015812901197, "alpha": 0.16427548570355588}