{"max_depth": 9, "learning_rate": 0.15896621715035583, "subsample": 0.8113679713849553, "colsample_bytree": 0.9776165128262957, "gamma": 2.4081267145265146, "lambda": 2.5866432944957845e-07, "alpha": 4.671248198040126e-06}