{"max_depth": 10, "learning_rate": 0.26222269527799436, "subsample": 0.9122677099254608, "colsample_bytree": 0.870574454398042, "gamma": 0.24438248787561345, "lambda": 4.105211219487873e-05, "alpha": 2.769929377287525e-06}