{"max_depth": 3, "learning_rate": 0.21598158154583846, "subsample": 0.5759269328486346, "colsample_bytree": 0.6328915646772033, "gamma": 4.729325108232581, "lambda": 0.0019086264631364622, "alpha": 0.00012353184614472023}