{"max_depth": 8, "learning_rate": 0.22917174136402024, "subsample": 0.9273911998252589, "colsample_bytree": 0.9714760731925149, "gamma": 1.32224498724919, "lambda": 1.0317498424607656e-05, "alpha": 0.06423550386075652}