{"max_depth": 6, "learning_rate": 0.29234027116920486, "subsample": 0.789494142960221, "colsample_bytree": 0.9114220460629062, "gamma": 0.7044774419693833, "lambda": 0.024195758632664214, "alpha": 0.0008154609707528728}