{"max_depth": 10, "learning_rate": 0.18912628831896283, "subsample": 0.745628412915726, "colsample_bytree": 0.5131202086765988, "gamma": 2.575424932327879, "lambda": 1.377477722889447e-07, "alpha": 1.3293937847512497e-08}