{"max_depth": 7, "learning_rate": 0.15276834942736287, "subsample": 0.6080177912716414, "colsample_bytree": 0.5732006250724749, "gamma": 1.1099685533073367, "lambda": 0.1218847360496128, "alpha": 8.126485583060982e-08}