{"max_depth": 5, "learning_rate": 0.17488566087437354, "subsample": 0.7832035124118508, "colsample_bytree": 0.8096566256196891, "gamma": 0.8374245656761975, "lambda": 0.0026563552097888235, "alpha": 0.017664677549977803}