{"max_depth": 7, "learning_rate": 0.24716531326422367, "subsample": 0.8172404043311676, "colsample_bytree": 0.8970060349076824, "gamma": 3.9452641304196776, "lambda": 5.366873300729112e-05, "alpha": 0.006065181303903371}