{"max_depth": 9, "learning_rate": 0.2794790992577923, "subsample": 0.8248952465846233, "colsample_bytree": 0.87053494513279, "gamma": 0.7162257740910816, "lambda": 7.86013981612761e-05, "alpha": 3.057141557951416e-08}