{"max_depth": 10, "learning_rate": 0.18297397531567006, "subsample": 0.7854919149702594, "colsample_bytree": 0.9927313950825545, "gamma": 4.858386343911217, "lambda": 0.007727835657681025, "alpha": 0.00014071640245869925}