{"max_depth": 7, "learning_rate": 0.24697278489397373, "subsample": 0.622047456995595, "colsample_bytree": 0.995540775379544, "gamma": 3.4132350283976325, "lambda": 0.12483637183170303, "alpha": 6.319882244963009e-08}