{"max_depth": 10, "learning_rate": 0.06234278910759082, "subsample": 0.8942986807668922, "colsample_bytree": 0.8028938285441981, "gamma": 3.0208001771007726, "lambda": 0.9298534288256882, "alpha": 0.05507939020247951}