{"max_depth": 10, "learning_rate": 0.20771654598721923, "subsample": 0.763893696478654, "colsample_bytree": 0.5240529826122294, "gamma": 2.3253511423557054, "lambda": 1.3102257460517824e-08, "alpha": 0.2782704423440614}