{"max_depth": 5, "learning_rate": 0.19515894081616997, "subsample": 0.5027323866627718, "colsample_bytree": 0.5767693667787724, "gamma": 1.1230794073881238, "lambda": 1.6646698744517206e-05, "alpha": 0.09854589096724933}