{"max_depth": 4, "learning_rate": 0.14970223213640907, "subsample": 0.6315099999530343, "colsample_bytree": 0.603589752010695, "gamma": 1.590375290733591, "lambda": 0.008598108809892107, "alpha": 5.771372516019359e-07}