{"max_depth": 9, "learning_rate": 0.2571275912456332, "subsample": 0.520053775196138, "colsample_bytree": 0.9754527071204373, "gamma": 1.8324510611281775, "lambda": 0.000579908330779237, "alpha": 0.036327008724571806}