{"max_depth": 3, "learning_rate": 0.28446774472070707, "subsample": 0.5224884852820828, "colsample_bytree": 0.9461264124763019, "gamma": 4.751906978608558, "lambda": 0.00031687032087017637, "alpha": 7.003366643096522e-08}