{"max_depth": 3, "learning_rate": 0.17626746262376455, "subsample": 0.6002170983136433, "colsample_bytree": 0.6444077214473676, "gamma": 2.8868441985178257, "lambda": 0.01957777890792685, "alpha": 0.00041016950186163986}