{"max_depth": 5, "learning_rate": 0.02893203210859853, "subsample": 0.5602924288994351, "colsample_bytree": 0.5411543618625623, "gamma": 3.2983873984796204, "lambda": 6.556149952978237e-08, "alpha": 4.557016554812599e-08}