{"max_depth": 4, "learning_rate": 0.2177898249800557, "subsample": 0.5980557229487415, "colsample_bytree": 0.6276913609845043, "gamma": 1.486397868104807, "lambda": 0.004628176279224721, "alpha": 0.025541196495329235}