{"max_depth": 9, "learning_rate": 0.24576696220362776, "subsample": 0.9827615755310377, "colsample_bytree": 0.6383489395748265, "gamma": 0.5303921607406104, "lambda": 4.2966028814473733e-08, "alpha": 4.125653448101818e-06}