{"max_depth": 10, "learning_rate": 0.16642701444073987, "subsample": 0.9842060397319801, "colsample_bytree": 0.9679507666839068, "gamma": 2.1182437733712227, "lambda": 4.3523134649255657e-07, "alpha": 0.0002916562075562354}