{"max_depth": 3, "learning_rate": 0.17482471069326797, "subsample": 0.739930351116558, "colsample_bytree": 0.9202498888250182, "gamma": 0.257658901959118, "lambda": 0.01359545260239414, "alpha": 5.311505970188512e-07}