{"max_depth": 6, "learning_rate": 0.27491890906308514, "subsample": 0.5939362417927521, "colsample_bytree": 0.7455804922567301, "gamma": 1.0767421464380311, "lambda": 0.02339637355168566, "alpha": 9.00965901110554e-06}