{"max_depth": 4, "learning_rate": 0.06408037593922213, "subsample": 0.7641217745696613, "colsample_bytree": 0.8348928859242939, "gamma": 3.856863430034534, "lambda": 0.7281788171327678, "alpha": 0.007809500988665254}