{"max_depth": 6, "learning_rate": 0.2119072260500093, "subsample": 0.5655985283546376, "colsample_bytree": 0.5289824817661894, "gamma": 4.913852922335719, "lambda": 0.8966099491889538, "alpha": 9.481054575802593e-06}