{"max_depth": 5, "learning_rate": 0.2806401077537574, "subsample": 0.7369706809877021, "colsample_bytree": 0.8857604294741894, "gamma": 3.384638272035529, "lambda": 1.7477296798839017e-05, "alpha": 1.0699973576108494e-06}