{"max_depth": 10, "learning_rate": 0.17376989814366228, "subsample": 0.9879383823850844, "colsample_bytree": 0.9625482578647389, "gamma": 2.447154719624346, "lambda": 1.263300853662539e-06, "alpha": 1.8595781919542374e-06}