{"max_depth": 5, "learning_rate": 0.2304945528598763, "subsample": 0.7426671092741443, "colsample_bytree": 0.7967034909611941, "gamma": 3.719589498850419, "lambda": 5.500228538078579e-06, "alpha": 0.0009032795307447559}