{"max_depth": 4, "learning_rate": 0.11302765514878868, "subsample": 0.6745707080863675, "colsample_bytree": 0.7177899918470676, "gamma": 4.242340574389, "lambda": 4.296974007898953e-07, "alpha": 2.731138266339046e-05}