{"max_depth": 5, "learning_rate": 0.15808413786797912, "subsample": 0.5491288034324667, "colsample_bytree": 0.7915448198892798, "gamma": 1.7456201959829576, "lambda": 0.009446753296560702, "alpha": 1.479008323126244e-07}