{"max_depth": 6, "learning_rate": 0.019602878614279267, "subsample": 0.6981663215056144, "colsample_bytree": 0.6039776103155768, "gamma": 0.2853316315407467, "lambda": 1.1669676287291121e-05, "alpha": 0.0033091467448855844}