{"max_depth": 3, "learning_rate": 0.21685941153110727, "subsample": 0.916505119522511, "colsample_bytree": 0.7047634981434232, "gamma": 1.4830798987733007, "lambda": 3.993967394936574e-06, "alpha": 0.012422244962813873}