{"max_depth": 10, "learning_rate": 0.25139022661154936, "subsample": 0.8594775744381695, "colsample_bytree": 0.7940894523985218, "gamma": 4.1828458929246155, "lambda": 0.0001877336835203088, "alpha": 0.34010772002276546}