{"max_depth": 3, "learning_rate": 0.031265331385714294, "subsample": 0.6852478318932893, "colsample_bytree": 0.5575587238560217, "gamma": 4.081379446192133, "lambda": 0.0018170637021601482, "alpha": 1.4025127169444495e-05}