{"max_depth": 9, "learning_rate": 0.11121914066396393, "subsample": 0.815254853263013, "colsample_bytree": 0.7879880240093207, "gamma": 0.6415547721435966, "lambda": 0.06916844918217442, "alpha": 2.6175312452061615e-05}