{"max_depth": 3, "learning_rate": 0.192334490621176, "subsample": 0.6738395257853542, "colsample_bytree": 0.7661797519012562, "gamma": 4.418288305521285, "lambda": 1.8342843335586206e-08, "alpha": 9.159221219764461e-08}