{"max_depth": 8, "learning_rate": 0.04001106372687568, "subsample": 0.9613448850389976, "colsample_bytree": 0.9092654116407914, "gamma": 1.7137442438767407, "lambda": 6.641787626191317e-07, "alpha": 2.0862179144646965e-08}