{"max_depth": 5, "learning_rate": 0.11298008519456948, "subsample": 0.9989378759832621, "colsample_bytree": 0.9363520120692495, "gamma": 0.48954774197897233, "lambda": 0.0002132833650327808, "alpha": 0.0002476347562764079}