{"max_depth": 3, "learning_rate": 0.2608360807631252, "subsample": 0.5089680568316383, "colsample_bytree": 0.6508170978385768, "gamma": 0.012619303948340765, "lambda": 0.002746322118495363, "alpha": 0.01938074179011638}