{"max_depth": 8, "learning_rate": 0.27576631967085635, "subsample": 0.7993975597413889, "colsample_bytree": 0.7292063677023783, "gamma": 3.026525677221446, "lambda": 1.5101711014233267e-05, "alpha": 2.0025740050429069e-07}