{"max_depth": 4, "learning_rate": 0.2708406546502954, "subsample": 0.640761807974386, "colsample_bytree": 0.6188078602498566, "gamma": 3.5630428197079245, "lambda": 5.973222779238961e-07, "alpha": 2.8598051352159387e-07}