{"max_depth": 7, "learning_rate": 0.09403860565133858, "subsample": 0.8977949858234442, "colsample_bytree": 0.7633269132250816, "gamma": 4.381506502368026, "lambda": 0.0019956514786765556, "alpha": 0.7197835526521369}