{"max_depth": 10, "learning_rate": 0.11907751799901196, "subsample": 0.7078135968317699, "colsample_bytree": 0.9239439664342233, "gamma": 2.9173908071117864, "lambda": 3.0757950345526174e-08, "alpha": 0.011354431749427199}