{"max_depth": 10, "learning_rate": 0.07489429093413784, "subsample": 0.5464250099609718, "colsample_bytree": 0.5236602101092124, "gamma": 2.897614026190451, "lambda": 0.7079052970595178, "alpha": 5.3896838351524805e-08}