{"max_depth": 3, "learning_rate": 0.22480141209700066, "subsample": 0.6938408044713625, "colsample_bytree": 0.6172096305412574, "gamma": 3.9801861440159843, "lambda": 0.005604865772474434, "alpha": 0.14610533110599447}