{"max_depth": 3, "learning_rate": 0.08269585440952326, "subsample": 0.6505766405138476, "colsample_bytree": 0.5461756999374692, "gamma": 4.511151918909423, "lambda": 0.3729635608464583, "alpha": 1.1799592108968006e-07}