{"max_depth": 5, "learning_rate": 0.13930076695552288, "subsample": 0.7106737784538077, "colsample_bytree": 0.6761544980642665, "gamma": 4.620367553480043, "lambda": 8.798098543740217e-08, "alpha": 0.0009894903419502912}