{"max_depth": 7, "learning_rate": 0.22500720346703604, "subsample": 0.8325679923831517, "colsample_bytree": 0.624714109157661, "gamma": 2.9014081832637184, "lambda": 0.00020392566317797847, "alpha": 6.592847746608402e-08}