{"max_depth": 7, "learning_rate": 0.12123969189931474, "subsample": 0.5108024462500447, "colsample_bytree": 0.8573219131439802, "gamma": 1.2202857359799286, "lambda": 7.666218189325619e-05, "alpha": 2.624980600275921e-05}