{"max_depth": 10, "learning_rate": 0.23806752867259318, "subsample": 0.8574075848362677, "colsample_bytree": 0.56534525936298, "gamma": 4.35166591931355, "lambda": 5.430286125474646e-07, "alpha": 2.9777332083807586e-05}