{"max_depth": 5, "learning_rate": 0.20994306614295719, "subsample": 0.7685464986350801, "colsample_bytree": 0.9323189674578383, "gamma": 0.5955792289744682, "lambda": 0.20489420698828786, "alpha": 1.2929904040252988e-06}