{"max_depth": 5, "learning_rate": 0.06074724411976388, "subsample": 0.9121225265448922, "colsample_bytree": 0.9335593803215287, "gamma": 1.8045309881091671, "lambda": 0.0006325607016916968, "alpha": 0.006933096192281371}