{"max_depth": 7, "learning_rate": 0.12069454240814174, "subsample": 0.8132051921256553, "colsample_bytree": 0.6627406092373936, "gamma": 1.139111302383606, "lambda": 0.00010820794998262223, "alpha": 0.07656641845822403}