{"max_depth": 10, "learning_rate": 0.27934618127180505, "subsample": 0.5397418657572156, "colsample_bytree": 0.9836416754292976, "gamma": 3.3129532483539776, "lambda": 1.048589885495246e-05, "alpha": 0.0042639410329321226}