{"max_depth": 3, "learning_rate": 0.18434581190593008, "subsample": 0.5043496729221479, "colsample_bytree": 0.9213304732071361, "gamma": 4.6195766435614445, "lambda": 0.173148364848491, "alpha": 0.1189547867112972}