{"max_depth": 5, "learning_rate": 0.28132930155660113, "subsample": 0.7856105461644098, "colsample_bytree": 0.8458530135221906, "gamma": 1.8217947702995008, "lambda": 0.0633506021716585, "alpha": 5.8742225832831957e-08}