{"max_depth": 5, "learning_rate": 0.04581720677507101, "subsample": 0.6734988266638792, "colsample_bytree": 0.6286950413738546, "gamma": 2.129602240223714, "lambda": 0.06276734616509244, "alpha": 5.3040504045965296e-06}