{"max_depth": 4, "learning_rate": 0.1017876945561011, "subsample": 0.5091916085720938, "colsample_bytree": 0.9621740346386397, "gamma": 3.3864872416483873, "lambda": 0.00012108680022350608, "alpha": 9.647607704632871e-06}