{"max_depth": 7, "learning_rate": 0.21380851536895057, "subsample": 0.7538134575667833, "colsample_bytree": 0.8324802306636836, "gamma": 0.9724330658394215, "lambda": 0.0018910906270670838, "alpha": 0.3694678118512875}