{"max_depth": 5, "learning_rate": 0.04110876098114869, "subsample": 0.9727035641646902, "colsample_bytree": 0.886247378155146, "gamma": 3.424103152549258, "lambda": 0.007143738145025381, "alpha": 4.483354438499336e-08}