{"max_depth": 7, "learning_rate": 0.05956334030980478, "subsample": 0.7308144044972436, "colsample_bytree": 0.5853527595982527, "gamma": 4.3905895822148295, "lambda": 1.1914294975661648e-06, "alpha": 2.4248900894277366e-05}