{"max_depth": 7, "learning_rate": 0.2857452291343409, "subsample": 0.6783636671868378, "colsample_bytree": 0.5809148060559286, "gamma": 2.762911027679418, "lambda": 1.605469322685317e-08, "alpha": 6.247523027217366e-05}