{"max_depth": 6, "learning_rate": 0.24853384442888693, "subsample": 0.7431115550759606, "colsample_bytree": 0.7544327241146739, "gamma": 0.10402022625243923, "lambda": 1.5434672370816042e-06, "alpha": 1.6963256161140934e-08}