{"max_depth": 4, "learning_rate": 0.11410550612682319, "subsample": 0.8661201394317055, "colsample_bytree": 0.6930697522769678, "gamma": 1.6420321211450517, "lambda": 5.470608367324055e-07, "alpha": 9.336086366533488e-08}