{"max_depth": 8, "learning_rate": 0.1763629674998712, "subsample": 0.5614493385677517, "colsample_bytree": 0.7999260628620513, "gamma": 3.1481062201637364, "lambda": 2.3023599417057276e-05, "alpha": 0.00040115822007976706}