{"max_depth": 6, "learning_rate": 0.03323339517429327, "subsample": 0.5358901658863735, "colsample_bytree": 0.8517241485241963, "gamma": 3.0352283618675377, "lambda": 1.800866766866394e-05, "alpha": 2.5122468035382014e-08}