{"max_depth": 8, "learning_rate": 0.2904736098172196, "subsample": 0.9620892396883436, "colsample_bytree": 0.7701830169339832, "gamma": 0.4138533851164855, "lambda": 7.510091894007048e-06, "alpha": 6.953336218870329e-05}