{"max_depth": 3, "learning_rate": 0.13217085493027567, "subsample": 0.74709731233051, "colsample_bytree": 0.7647199895381416, "gamma": 3.0135987344131214, "lambda": 0.0037377850181617815, "alpha": 0.026999104427119603}