{"max_depth": 8, "learning_rate": 0.26519764228480375, "subsample": 0.6887024793246382, "colsample_bytree": 0.9879187917406671, "gamma": 3.455606308237915, "lambda": 0.0025996008644865124, "alpha": 1.6980729047216507e-06}