{"max_depth": 4, "learning_rate": 0.23631556274479712, "subsample": 0.519652553840886, "colsample_bytree": 0.5390711552213027, "gamma": 1.7521231898143426, "lambda": 5.472277472755258e-05, "alpha": 1.0131343851525e-06}