{"max_depth": 7, "learning_rate": 0.24272133649491853, "subsample": 0.6774969676088431, "colsample_bytree": 0.5412970883284418, "gamma": 1.9907059888373175, "lambda": 0.0002605412073633141, "alpha": 0.011816461045999864}