{"max_depth": 3, "learning_rate": 0.1939996940712408, "subsample": 0.9202172134788376, "colsample_bytree": 0.7257699223124112, "gamma": 3.1430272960984706, "lambda": 9.513242271022482e-08, "alpha": 6.789091145985178e-07}