{"max_depth": 9, "learning_rate": 0.16288736940568685, "subsample": 0.6994398524028589, "colsample_bytree": 0.9159576095747923, "gamma": 0.2440904012994849, "lambda": 0.000922380520981035, "alpha": 4.278267672355443e-08}