{"max_depth": 7, "learning_rate": 0.18882507766277679, "subsample": 0.8060379729502908, "colsample_bytree": 0.8069619284613254, "gamma": 2.661152244279604, "lambda": 0.00046818683324359743, "alpha": 0.016539424262725855}