{"max_depth": 9, "learning_rate": 0.08967716684483303, "subsample": 0.8365882274291927, "colsample_bytree": 0.6148799691031781, "gamma": 4.498490881760581, "lambda": 6.81980019019688e-06, "alpha": 5.891902956032652e-07}