{"max_depth": 3, "learning_rate": 0.2224210555528155, "subsample": 0.6261337270495658, "colsample_bytree": 0.687915616276135, "gamma": 1.6311963492592256, "lambda": 0.02939474410720629, "alpha": 0.29246763376677803}