{"max_depth": 5, "learning_rate": 0.10617813333506455, "subsample": 0.8878088091442788, "colsample_bytree": 0.9278139211971845, "gamma": 2.0451786672493864, "lambda": 2.1048894977481523e-06, "alpha": 0.2502093963378999}