{"max_depth": 6, "learning_rate": 0.11780500708687579, "subsample": 0.5913806755576663, "colsample_bytree": 0.6346441587628642, "gamma": 1.9155519457423198, "lambda": 3.831805883573897e-06, "alpha": 2.042678916729724e-08}