{"max_depth": 10, "learning_rate": 0.27898622522450883, "subsample": 0.9069309266053871, "colsample_bytree": 0.7271983629118908, "gamma": 4.237980810663987, "lambda": 0.7711148438282832, "alpha": 7.79037203446023e-06}