{"max_depth": 3, "learning_rate": 0.23694395012506153, "subsample": 0.7171260123732741, "colsample_bytree": 0.5768003163680218, "gamma": 4.7937454385648985, "lambda": 1.3541377933346336e-07, "alpha": 0.006163272592773715}