{"max_depth": 9, "learning_rate": 0.13793178041712234, "subsample": 0.7678140040024631, "colsample_bytree": 0.7673769614211859, "gamma": 1.779929158103894, "lambda": 9.589157008031985e-06, "alpha": 0.00520017801575489}