{"max_depth": 8, "learning_rate": 0.022680914600322635, "subsample": 0.5245910602668818, "colsample_bytree": 0.6942465964380571, "gamma": 0.575770954908722, "lambda": 1.9157317399673845e-08, "alpha": 0.015309019284577972}