{"max_depth": 7, "learning_rate": 0.058200338806520396, "subsample": 0.7055766615327401, "colsample_bytree": 0.9799279117758941, "gamma": 0.929925381789814, "lambda": 2.0024931237030827e-05, "alpha": 0.14799493661017724}