{"max_depth": 7, "learning_rate": 0.01440215345190399, "subsample": 0.6054719564947024, "colsample_bytree": 0.5452739233784978, "gamma": 3.282290957070959, "lambda": 4.769002694387975e-05, "alpha": 0.078515756393493}