{"max_depth": 10, "learning_rate": 0.019203538158168137, "subsample": 0.6034451210539972, "colsample_bytree": 0.7441668012870855, "gamma": 1.5160872559874272, "lambda": 7.789889979203092e-06, "alpha": 1.3608218365329525e-07}