{"max_depth": 4, "learning_rate": 0.18993735849109927, "subsample": 0.9902313686414694, "colsample_bytree": 0.5304262311842753, "gamma": 0.34983075340704384, "lambda": 1.3584974027188378e-08, "alpha": 0.0006946184620090542}