{"max_depth": 10, "learning_rate": 0.025364290077590314, "subsample": 0.7503295497558211, "colsample_bytree": 0.8264641891213258, "gamma": 1.0397151544145862, "lambda": 7.006487699490394e-07, "alpha": 1.2090661178849056e-05}