{"max_depth": 5, "learning_rate": 0.18295187023816756, "subsample": 0.6170843895282132, "colsample_bytree": 0.6971133757126939, "gamma": 1.9833775133707814, "lambda": 0.03557380983155501, "alpha": 9.197212729562828e-07}