{"max_depth": 7, "learning_rate": 0.15221934708901635, "subsample": 0.6633982643083907, "colsample_bytree": 0.7775078205681265, "gamma": 4.869457629328563, "lambda": 0.13441381422199836, "alpha": 1.2394757214556653e-07}