{"max_depth": 9, "learning_rate": 0.2798246095005552, "subsample": 0.7029365142144275, "colsample_bytree": 0.7800356849090108, "gamma": 3.729564109935604, "lambda": 3.0071877672309986e-05, "alpha": 2.2805190575787142e-05}