{"max_depth": 7, "learning_rate": 0.2531597111880536, "subsample": 0.757649455941961, "colsample_bytree": 0.7029194808109371, "gamma": 2.510018383647572, "lambda": 0.0019605982479122762, "alpha": 0.2330732914441133}