{"max_depth": 4, "learning_rate": 0.16591769632123485, "subsample": 0.6949743137878199, "colsample_bytree": 0.8490741157520352, "gamma": 4.892298590670928, "lambda": 3.318414241768168e-05, "alpha": 7.696559883875322e-07}