{"max_depth": 6, "learning_rate": 0.06847602901774376, "subsample": 0.5852431033970416, "colsample_bytree": 0.9664633052798057, "gamma": 3.3538707237377285, "lambda": 0.17457117199886468, "alpha": 1.92159614080169e-06}