{"max_depth": 3, "learning_rate": 0.025973342385594816, "subsample": 0.688034939400206, "colsample_bytree": 0.6589131000702881, "gamma": 4.760784475344657, "lambda": 5.593855636931282e-05, "alpha": 0.0004864518607869707}