{"max_depth": 9, "learning_rate": 0.11848729657926237, "subsample": 0.6381447046671516, "colsample_bytree": 0.9326083781933048, "gamma": 4.338705337699591, "lambda": 1.4315485883479705e-08, "alpha": 2.853965883228874e-06}