{"max_depth": 9, "learning_rate": 0.18084370694100066, "subsample": 0.9682203253922113, "colsample_bytree": 0.8895710937673322, "gamma": 4.0161574728273255, "lambda": 5.047037860732085e-07, "alpha": 3.1606318045496054e-07}