{"max_depth": 3, "learning_rate": 0.22331591807801263, "subsample": 0.9035064225923652, "colsample_bytree": 0.6237807799123207, "gamma": 1.0059812729754962, "lambda": 0.003576978370860259, "alpha": 0.02809470366670775}