{"max_depth": 5, "learning_rate": 0.2057131269761633, "subsample": 0.6305447764093715, "colsample_bytree": 0.9909407894949029, "gamma": 2.924429400759406, "lambda": 3.137959321545082e-06, "alpha": 1.4405118968265294e-08}