{"max_depth": 9, "learning_rate": 0.09584356071968314, "subsample": 0.6300059101303157, "colsample_bytree": 0.8343333272669251, "gamma": 0.5501070937611335, "lambda": 1.235178812031867e-07, "alpha": 0.40194211539836877}