{"max_depth": 8, "learning_rate": 0.017413122548417495, "subsample": 0.5290635249171325, "colsample_bytree": 0.5798356891270261, "gamma": 0.21018619928640903, "lambda": 0.015324385870637483, "alpha": 0.056197378236864125}