{"max_depth": 3, "learning_rate": 0.15544014875677561, "subsample": 0.6940132258110496, "colsample_bytree": 0.7354250703417164, "gamma": 0.73336073096891, "lambda": 0.13248415547832706, "alpha": 0.0001482315931790405}