{"max_depth": 6, "learning_rate": 0.22779477066382767, "subsample": 0.7981288568100096, "colsample_bytree": 0.8671100431645987, "gamma": 1.1324043565181747, "lambda": 0.9561436690990661, "alpha": 0.21906589777111668}