{"max_depth": 9, "learning_rate": 0.15899530493615432, "subsample": 0.6157936114003973, "colsample_bytree": 0.7950148136865564, "gamma": 2.078110748303078, "lambda": 0.16915025220908975, "alpha": 1.7334059535870758e-07}