{"max_depth": 8, "learning_rate": 0.16532091686548978, "subsample": 0.5580916460125193, "colsample_bytree": 0.7690753280413013, "gamma": 1.5786832333098881, "lambda": 0.006146401396904233, "alpha": 0.3606465357272797}