{"max_depth": 3, "learning_rate": 0.06094732026474787, "subsample": 0.9127763558465558, "colsample_bytree": 0.9550860373808021, "gamma": 3.2093663937393795, "lambda": 2.5691144121704983e-05, "alpha": 2.974344823748204e-05}