{"max_depth": 3, "learning_rate": 0.022668668150321244, "subsample": 0.6244911443384853, "colsample_bytree": 0.7132612860048051, "gamma": 1.1205051081289734, "lambda": 6.092417941933107e-07, "alpha": 6.0186970585743356e-06}