{"max_depth": 9, "learning_rate": 0.27112174917232423, "subsample": 0.8166068886511884, "colsample_bytree": 0.6102557761463585, "gamma": 3.9435443744038783, "lambda": 0.00014928578338368646, "alpha": 0.002357714909602296}