{"max_depth": 5, "learning_rate": 0.19481798067568476, "subsample": 0.5233616018136372, "colsample_bytree": 0.6144976421169743, "gamma": 4.124621294933238, "lambda": 6.562816415262046e-08, "alpha": 0.0015013803754498384}