{"max_depth": 9, "learning_rate": 0.02999964894546727, "subsample": 0.5379506703408636, "colsample_bytree": 0.7118693687135639, "gamma": 4.343733449790705, "lambda": 3.6611416181238108e-06, "alpha": 2.9797503970103408e-06}