{"max_depth": 10, "learning_rate": 0.14642375168612362, "subsample": 0.7033237856312742, "colsample_bytree": 0.9034897801344091, "gamma": 0.1251603339744095, "lambda": 5.676294109117717e-08, "alpha": 4.87725631545724e-07}