{"max_depth": 8, "learning_rate": 0.272927245129986, "subsample": 0.730353737947159, "colsample_bytree": 0.6475094532826429, "gamma": 3.4511555557962263, "lambda": 0.00033292965675788444, "alpha": 3.6778476795753545e-07}