{"max_depth": 7, "learning_rate": 0.2853595173317255, "subsample": 0.8758731779044937, "colsample_bytree": 0.7586401713944168, "gamma": 3.424365948053387, "lambda": 0.042897520975599825, "alpha": 0.028237651237499134}