{"max_depth": 3, "learning_rate": 0.061170787215797225, "subsample": 0.6418373576756322, "colsample_bytree": 0.814478182022695, "gamma": 0.6577574578691359, "lambda": 5.3973970681558266e-08, "alpha": 8.375672736346294e-06}