{"max_depth": 7, "learning_rate": 0.2840156661201323, "subsample": 0.6750347769831953, "colsample_bytree": 0.9242203730729327, "gamma": 0.29317004054073337, "lambda": 0.00012167061279587381, "alpha": 1.0418273939405484e-08}