{"max_depth": 3, "learning_rate": 0.030440221210365978, "subsample": 0.7095336511786965, "colsample_bytree": 0.6113220108722528, "gamma": 2.042341514508573, "lambda": 6.847884298443401e-06, "alpha": 6.2264595029435365e-06}