{"max_depth": 6, "learning_rate": 0.06526493463135505, "subsample": 0.5467004034329064, "colsample_bytree": 0.5827844126721315, "gamma": 4.594330376572681, "lambda": 0.039491982773579556, "alpha": 3.72242779210571e-07}