{"max_depth": 9, "learning_rate": 0.22901681088091394, "subsample": 0.708179859895917, "colsample_bytree": 0.5364244313423132, "gamma": 1.2549717936229021, "lambda": 0.0410292366262936, "alpha": 8.867606215507021e-05}