{"max_depth": 8, "learning_rate": 0.2973580002658694, "subsample": 0.525009102467301, "colsample_bytree": 0.9771538036867562, "gamma": 2.964194835082199, "lambda": 1.8607863488645363e-06, "alpha": 0.00017122707854224425}