{"max_depth": 6, "learning_rate": 0.28438153734477234, "subsample": 0.8731060566960271, "colsample_bytree": 0.7282416474397065, "gamma": 3.2957322123049626, "lambda": 2.9626036894294534e-07, "alpha": 1.6513234832451745e-06}