{"max_depth": 3, "learning_rate": 0.22788617879974282, "subsample": 0.5719083140384276, "colsample_bytree": 0.9135604328364285, "gamma": 0.44057682013203314, "lambda": 0.010492622249883104, "alpha": 5.368117749876698e-07}