{"max_depth": 3, "learning_rate": 0.2930122201234052, "subsample": 0.9128596965348638, "colsample_bytree": 0.797456879147946, "gamma": 4.816742887756259, "lambda": 0.11936148013904808, "alpha": 0.3982798788613761}