{"max_depth": 7, "learning_rate": 0.20606216426675478, "subsample": 0.6055087964371166, "colsample_bytree": 0.9417807829164793, "gamma": 1.1451682634724918, "lambda": 1.0786089906992e-08, "alpha": 0.20096978471197466}