{"max_depth": 10, "learning_rate": 0.20627535323636528, "subsample": 0.6940295794869584, "colsample_bytree": 0.5620568065264884, "gamma": 4.508215838167535, "lambda": 0.00010032575239470695, "alpha": 3.2653294227567606e-08}