{"max_depth": 4, "learning_rate": 0.04757735429535011, "subsample": 0.9509325549474368, "colsample_bytree": 0.7274736768899099, "gamma": 1.5384972904505279, "lambda": 0.45368013117226885, "alpha": 0.06663454856897232}