{"max_depth": 4, "learning_rate": 0.20339316084499667, "subsample": 0.9632790538234601, "colsample_bytree": 0.7331114620551014, "gamma": 3.881854662078263, "lambda": 1.6973012418801426e-07, "alpha": 0.012154517930372947}