{"max_depth": 3, "learning_rate": 0.23364768192472812, "subsample": 0.6117363228470387, "colsample_bytree": 0.7889045626778309, "gamma": 3.323620671698616, "lambda": 0.004022548057414382, "alpha": 0.0855191382751908}