{"max_depth": 5, "learning_rate": 0.1650893518525404, "subsample": 0.8664322529389843, "colsample_bytree": 0.7238657184384626, "gamma": 3.5488272167320267, "lambda": 6.680324958489113e-05, "alpha": 6.487192189498527e-06}