{"max_depth": 5, "learning_rate": 0.030644876881777423, "subsample": 0.8365026376627936, "colsample_bytree": 0.991790070997389, "gamma": 3.2989193738818563, "lambda": 0.0003579020224313242, "alpha": 0.004467012183528676}