{"max_depth": 4, "learning_rate": 0.20777593190093693, "subsample": 0.631088722483442, "colsample_bytree": 0.6923280116846708, "gamma": 3.7486717516630708, "lambda": 0.000432705241120517, "alpha": 6.16020127650565e-08}