{"max_depth": 10, "learning_rate": 0.2653155149067334, "subsample": 0.7652256162185347, "colsample_bytree": 0.8039775177221491, "gamma": 2.6987076675590185, "lambda": 0.004612971145127393, "alpha": 1.0663824203564193e-05}