{"max_depth": 6, "learning_rate": 0.1899161765878333, "subsample": 0.7475079827100413, "colsample_bytree": 0.6655709423760207, "gamma": 3.0078613079131733, "lambda": 0.0006344979053152368, "alpha": 0.0006188770792816604}