{"max_depth": 9, "learning_rate": 0.08501340154180284, "subsample": 0.6904699495356383, "colsample_bytree": 0.7492228824926171, "gamma": 4.2324244092010685, "lambda": 5.4906149338275564e-08, "alpha": 0.001892529556397978}