{"max_depth": 5, "learning_rate": 0.13108128581860468, "subsample": 0.8730002529035226, "colsample_bytree": 0.8267133975987175, "gamma": 1.5287501199109066, "lambda": 0.0001232331955829925, "alpha": 0.0002472486543490493}