{"max_depth": 5, "learning_rate": 0.10062608350761339, "subsample": 0.890770636865741, "colsample_bytree": 0.577225307269753, "gamma": 2.9183039454005435, "lambda": 0.011252463684813668, "alpha": 0.0046718982587873594}