{"max_depth": 6, "learning_rate": 0.05429920405030659, "subsample": 0.9105084121296516, "colsample_bytree": 0.8110072485798678, "gamma": 2.1934408506257457, "lambda": 1.0526228066625314e-06, "alpha": 3.214458242006993e-08}