{"max_depth": 9, "learning_rate": 0.050221756995068846, "subsample": 0.5275262002255392, "colsample_bytree": 0.8415274879559145, "gamma": 3.5799143582886224, "lambda": 0.050036669320653406, "alpha": 8.370767577317946e-06}