{"max_depth": 3, "learning_rate": 0.14941393238173317, "subsample": 0.7811841267391569, "colsample_bytree": 0.8991673811365797, "gamma": 0.25403717851005647, "lambda": 2.3736418122911478e-08, "alpha": 2.2464354017672938e-05}