{"max_depth": 8, "learning_rate": 0.22064541048793093, "subsample": 0.7900688107268388, "colsample_bytree": 0.9236604640895907, "gamma": 0.17511251617324197, "lambda": 8.133672446378512e-08, "alpha": 0.3988935751481099}