{"max_depth": 7, "learning_rate": 0.04570590416652211, "subsample": 0.9951269385749107, "colsample_bytree": 0.5107252113486893, "gamma": 3.1660127489196626, "lambda": 0.0009095231465354582, "alpha": 1.5141857616580698e-08}