{"max_depth": 8, "learning_rate": 0.055309098092513505, "subsample": 0.8046616710983724, "colsample_bytree": 0.5935116914894685, "gamma": 4.149778693442368, "lambda": 0.6319524319139601, "alpha": 1.340838266849903e-05}