{"max_depth": 5, "learning_rate": 0.03465859247482781, "subsample": 0.5873746874490007, "colsample_bytree": 0.7112995649435412, "gamma": 3.0756913055749746, "lambda": 0.9139151292318982, "alpha": 9.738633101703586e-08}