{"max_depth": 9, "learning_rate": 0.046352124224673746, "subsample": 0.6814004045421194, "colsample_bytree": 0.7434376839174699, "gamma": 4.165292040741962, "lambda": 0.2541208111760477, "alpha": 0.2594487561382781}