{"max_depth": 9, "learning_rate": 0.011231679682946968, "subsample": 0.5476643321018934, "colsample_bytree": 0.626450146261884, "gamma": 4.32435833415626, "lambda": 2.212196005541631e-08, "alpha": 0.0020335377488033437}