{"max_depth": 10, "learning_rate": 0.2763960963642206, "subsample": 0.5981218622148352, "colsample_bytree": 0.7702675323748918, "gamma": 2.157258540254717, "lambda": 1.731407110344055e-05, "alpha": 7.11607260748473e-07}