{"max_depth": 8, "learning_rate": 0.19413010196785838, "subsample": 0.9161018045400312, "colsample_bytree": 0.6110235388697722, "gamma": 2.162334123518303, "lambda": 0.00037528849343519547, "alpha": 3.2181070133715236e-06}