{"max_depth": 8, "learning_rate": 0.21415522583776803, "subsample": 0.6187755021085131, "colsample_bytree": 0.6252968565991261, "gamma": 3.5444115719492726, "lambda": 3.099928235684343e-07, "alpha": 2.8302446932588816e-05}