{"max_depth": 10, "learning_rate": 0.14311330655467033, "subsample": 0.8041558718328194, "colsample_bytree": 0.9963061253240615, "gamma": 0.845641405246581, "lambda": 0.3612643604532281, "alpha": 0.0008422729188528999}