{"max_depth": 10, "learning_rate": 0.14387205402985365, "subsample": 0.7523911898798775, "colsample_bytree": 0.8063094615293835, "gamma": 2.000769841965013, "lambda": 1.2430677024721361e-05, "alpha": 6.01589919490909e-08}