{"max_depth": 9, "learning_rate": 0.14336894130205172, "subsample": 0.7524023594723204, "colsample_bytree": 0.5068645332601367, "gamma": 3.6995615413187766, "lambda": 0.00037270673617917344, "alpha": 0.47151887079819815}