{"max_depth": 9, "learning_rate": 0.20605384067673807, "subsample": 0.6712888352042687, "colsample_bytree": 0.8163731490898517, "gamma": 2.2572049014475026, "lambda": 3.7422550025322736e-06, "alpha": 0.008136431712341026}