{"max_depth": 3, "learning_rate": 0.1819420025570768, "subsample": 0.90162590233971, "colsample_bytree": 0.7285981239903395, "gamma": 4.879721478425315, "lambda": 1.2705699510377158e-05, "alpha": 0.0045000603513737445}