{"max_depth": 9, "learning_rate": 0.1923783078580779, "subsample": 0.5828261244656128, "colsample_bytree": 0.7211215615920159, "gamma": 0.7167048560005457, "lambda": 1.4034521419529354e-07, "alpha": 6.650827294969273e-08}