{"max_depth": 6, "learning_rate": 0.2872941342665971, "subsample": 0.7473893705785509, "colsample_bytree": 0.7842113007450887, "gamma": 1.9543869217059584, "lambda": 2.626375222017132e-06, "alpha": 1.5948536605845888e-08}