{"max_depth": 3, "learning_rate": 0.14900983126825462, "subsample": 0.6880845988464248, "colsample_bytree": 0.7312498534173056, "gamma": 0.8713796761184589, "lambda": 6.108963638932521e-05, "alpha": 1.1229342940090939e-08}