{"max_depth": 4, "learning_rate": 0.17511888744437887, "subsample": 0.9526122336117449, "colsample_bytree": 0.6068235415364311, "gamma": 1.70584058095482, "lambda": 0.16700446336946206, "alpha": 3.1044835481321936e-06}