{"max_depth": 10, "learning_rate": 0.186565163549461, "subsample": 0.5440608307027734, "colsample_bytree": 0.5453662582930925, "gamma": 3.5747069649505177, "lambda": 0.6915526486773479, "alpha": 0.08040045031351274}