{"max_depth": 9, "learning_rate": 0.07311280787672088, "subsample": 0.7697871535589652, "colsample_bytree": 0.6229352796646355, "gamma": 2.41610126586619, "lambda": 3.232139852544202e-05, "alpha": 1.2534860128315817e-07}