{"max_depth": 6, "learning_rate": 0.11260721873130876, "subsample": 0.7082222101433675, "colsample_bytree": 0.8490693365699262, "gamma": 1.203504026178102, "lambda": 5.437272681740634e-06, "alpha": 4.826082146433449e-07}