{"max_depth": 8, "learning_rate": 0.08375728178099767, "subsample": 0.5836985327473039, "colsample_bytree": 0.5486325491922784, "gamma": 0.951219794482081, "lambda": 1.3549027178819874e-06, "alpha": 0.3297460704803652}