{"max_depth": 10, "learning_rate": 0.13714355145581264, "subsample": 0.6734905607534519, "colsample_bytree": 0.635875748242813, "gamma": 2.6878173985214335, "lambda": 6.293521447244678e-06, "alpha": 0.0002649675870049738}