{"max_depth": 3, "learning_rate": 0.19900414253889329, "subsample": 0.7239812990103143, "colsample_bytree": 0.760016360199428, "gamma": 4.61338588628553, "lambda": 4.3051498201633625e-08, "alpha": 0.02510628208967134}