{"max_depth": 8, "learning_rate": 0.17566263217442163, "subsample": 0.9396014894268121, "colsample_bytree": 0.782033518117263, "gamma": 1.008661532847973, "lambda": 0.022181262241009046, "alpha": 0.016638191378536445}