{"max_depth": 7, "learning_rate": 0.2431852369340262, "subsample": 0.6229068547310164, "colsample_bytree": 0.8445370040615375, "gamma": 0.5789735881721436, "lambda": 0.3348695127482892, "alpha": 0.0004125266962635795}