{"max_depth": 9, "learning_rate": 0.14870906479261098, "subsample": 0.6686825007956865, "colsample_bytree": 0.8187245081399317, "gamma": 0.478270684426485, "lambda": 2.3348618192490398e-08, "alpha": 0.000355190357273615}