{"max_depth": 10, "learning_rate": 0.012816012825465666, "subsample": 0.8431917419044792, "colsample_bytree": 0.8154509412410353, "gamma": 0.25398192805804687, "lambda": 4.4487807818098136e-07, "alpha": 5.602741203392488e-05}