{"max_depth": 4, "learning_rate": 0.1859746715117676, "subsample": 0.9355789263355672, "colsample_bytree": 0.9927107321637045, "gamma": 3.1906532855403427, "lambda": 0.03478729465529863, "alpha": 6.4151520945647364e-06}