{"max_depth": 3, "learning_rate": 0.11938986881930631, "subsample": 0.6466497003582896, "colsample_bytree": 0.9108745923423736, "gamma": 2.438510946727944, "lambda": 2.2433816957846647e-08, "alpha": 0.0010325222834740553}