{"max_depth": 5, "learning_rate": 0.27620640082982845, "subsample": 0.8080608516242328, "colsample_bytree": 0.8153581650564112, "gamma": 2.6131333480095584, "lambda": 7.38440316764649e-08, "alpha": 6.397471078547283e-06}