{"max_depth": 3, "learning_rate": 0.07952819924662156, "subsample": 0.5752102729080119, "colsample_bytree": 0.6227986310578029, "gamma": 0.1459803900849227, "lambda": 0.3445910274467726, "alpha": 0.33694892194209153}