{"max_depth": 8, "learning_rate": 0.12794412438832298, "subsample": 0.9613807309053716, "colsample_bytree": 0.8042482315143553, "gamma": 3.60028654499924, "lambda": 8.74942433612521e-07, "alpha": 4.271218621308606e-07}