{"max_depth": 4, "learning_rate": 0.06022230321105068, "subsample": 0.8596008790773484, "colsample_bytree": 0.5046056787486233, "gamma": 3.4867341144523083, "lambda": 0.028525231518943067, "alpha": 0.05753222071328604}