{"max_depth": 8, "learning_rate": 0.14421199052192893, "subsample": 0.8710354482082905, "colsample_bytree": 0.889223961601288, "gamma": 4.678181139075108, "lambda": 0.7572709917156516, "alpha": 0.07213696326622666}