{"max_depth": 4, "learning_rate": 0.045052379235402444, "subsample": 0.7328723487429535, "colsample_bytree": 0.8665323497377615, "gamma": 1.8606770561834052, "lambda": 0.00727606652191577, "alpha": 5.486358879345626e-07}