{"max_depth": 7, "learning_rate": 0.1402638051864138, "subsample": 0.5772044733491772, "colsample_bytree": 0.7009668238765686, "gamma": 4.6731530512654595, "lambda": 2.9251966214400164e-05, "alpha": 7.281351621087163e-08}