{"max_depth": 3, "learning_rate": 0.19967237487455086, "subsample": 0.675483833863801, "colsample_bytree": 0.9391866383268118, "gamma": 2.1233304983506383, "lambda": 0.0004112967563506909, "alpha": 6.25839097509788e-05}