{"max_depth": 3, "learning_rate": 0.12543633703641613, "subsample": 0.8796993804079132, "colsample_bytree": 0.6721128047538791, "gamma": 1.9220697181497686, "lambda": 0.5725952251812217, "alpha": 0.007338097107303989}