{"max_depth": 9, "learning_rate": 0.11148442264061124, "subsample": 0.8861027058285502, "colsample_bytree": 0.9331447940395129, "gamma": 1.66424449998475, "lambda": 0.0029818848035521174, "alpha": 0.0028865631623592176}