{"max_depth": 10, "learning_rate": 0.2447122917151956, "subsample": 0.9947727990138535, "colsample_bytree": 0.6154405352026732, "gamma": 4.400641822375718, "lambda": 2.094606627084283e-07, "alpha": 0.011480384464584006}