{"max_depth": 4, "learning_rate": 0.21596026396360982, "subsample": 0.6152201184174473, "colsample_bytree": 0.6168054174631818, "gamma": 3.0687630055193083, "lambda": 7.763372050617785e-06, "alpha": 0.0001468021564006054}