{"max_depth": 6, "learning_rate": 0.2911898309955389, "subsample": 0.7966229442745708, "colsample_bytree": 0.7842759006102461, "gamma": 1.0509097356370256, "lambda": 0.05019613262925305, "alpha": 0.7039317521250207}