{"max_depth": 3, "learning_rate": 0.04410829568281042, "subsample": 0.7902710414024349, "colsample_bytree": 0.8908057092527385, "gamma": 3.093102411500541, "lambda": 1.535965946106825e-08, "alpha": 0.898958136045984}