{"max_depth": 5, "learning_rate": 0.1449400461016325, "subsample": 0.6197406781363493, "colsample_bytree": 0.9826580700776852, "gamma": 2.507100082281556, "lambda": 3.953692041761482e-05, "alpha": 1.2669341956575693e-05}