{"max_depth": 8, "learning_rate": 0.22926260912152843, "subsample": 0.9290561543653708, "colsample_bytree": 0.7288131584054804, "gamma": 4.569107296949005, "lambda": 4.208775761299574e-06, "alpha": 8.28341336289783e-08}