{"max_depth": 6, "learning_rate": 0.023491668809956956, "subsample": 0.5612198535618497, "colsample_bytree": 0.7628644635432047, "gamma": 2.062317596883712, "lambda": 0.3305320366055549, "alpha": 2.8722058935239444e-06}