{"max_depth": 8, "learning_rate": 0.1789250505072883, "subsample": 0.8804457052817758, "colsample_bytree": 0.8859652455427847, "gamma": 2.105260527511036, "lambda": 0.009255739337750523, "alpha": 0.008972071641947103}