{"max_depth": 7, "learning_rate": 0.14678364310692385, "subsample": 0.7025710531607312, "colsample_bytree": 0.5388282364816858, "gamma": 2.5600890199108726, "lambda": 0.014901195578434015, "alpha": 2.6766527952504527e-07}