{"max_depth": 10, "learning_rate": 0.17639246113137014, "subsample": 0.6273209077472923, "colsample_bytree": 0.717227251141656, "gamma": 0.004362934604578705, "lambda": 1.886953765792365e-07, "alpha": 0.00098546064428233}