{"max_depth": 8, "learning_rate": 0.029379471277069177, "subsample": 0.5467997464742321, "colsample_bytree": 0.6098517916793891, "gamma": 2.1260870305935353, "lambda": 6.68604541869654e-07, "alpha": 1.9648684461200238e-05}