{"max_depth": 3, "learning_rate": 0.2510103923564265, "subsample": 0.9961877963164405, "colsample_bytree": 0.6567390578558427, "gamma": 0.24355879738679864, "lambda": 0.5208264493309628, "alpha": 1.1843275746084718e-05}