{"max_depth": 8, "learning_rate": 0.05854446818781156, "subsample": 0.8572539967114997, "colsample_bytree": 0.6829635730640062, "gamma": 0.5685515814434788, "lambda": 3.822090076230201e-05, "alpha": 0.6009152093807236}