{"max_depth": 4, "learning_rate": 0.14118255333943974, "subsample": 0.7150344209874142, "colsample_bytree": 0.6410579358858028, "gamma": 0.15498906104247034, "lambda": 5.480476411018762e-05, "alpha": 2.464197820285751e-07}