{"max_depth": 4, "learning_rate": 0.24254352311385058, "subsample": 0.8276565374074452, "colsample_bytree": 0.5002021207854325, "gamma": 1.2679588076705328, "lambda": 3.597825995583391e-06, "alpha": 1.1684541953580282e-06}