{"max_depth": 10, "learning_rate": 0.10464509107989689, "subsample": 0.5427054380101761, "colsample_bytree": 0.8445049635709736, "gamma": 3.671890442892642, "lambda": 1.0481033489120036e-07, "alpha": 1.1543657104789722e-08}