{"max_depth": 8, "learning_rate": 0.12520773287974307, "subsample": 0.9821261974968629, "colsample_bytree": 0.8363861592032129, "gamma": 3.8910160732336614, "lambda": 0.5170567466122835, "alpha": 0.05370717516295545}