{"max_depth": 8, "learning_rate": 0.11631642074610718, "subsample": 0.6740099684433616, "colsample_bytree": 0.7687617714644347, "gamma": 4.178139166408767, "lambda": 0.00018679608561881892, "alpha": 0.11883286800928543}