{"max_depth": 9, "learning_rate": 0.19260368404367353, "subsample": 0.9052255826573441, "colsample_bytree": 0.5846438691607465, "gamma": 4.067782051041915, "lambda": 2.5369514850112773e-05, "alpha": 0.003632357109611779}