{"max_depth": 8, "learning_rate": 0.01559848282147756, "subsample": 0.9464135864962322, "colsample_bytree": 0.9315454282354028, "gamma": 1.2246525386008111, "lambda": 1.1803446437035609e-08, "alpha": 0.006190932017872729}