{"max_depth": 9, "learning_rate": 0.12770212244120605, "subsample": 0.7489633251015191, "colsample_bytree": 0.789060966931703, "gamma": 3.9304001859815125, "lambda": 4.031486364038963e-06, "alpha": 0.0010679792516255105}