{"max_depth": 10, "learning_rate": 0.29239297743132, "subsample": 0.7068472647153381, "colsample_bytree": 0.5630394506804048, "gamma": 0.40773547931773013, "lambda": 3.7093756441896953e-06, "alpha": 0.003414111582091139}