{"max_depth": 6, "learning_rate": 0.25377256998456915, "subsample": 0.8333430027041393, "colsample_bytree": 0.6952068230786831, "gamma": 1.78902114488432, "lambda": 0.0006621946420149839, "alpha": 2.587807107157228e-07}