{"max_depth": 7, "learning_rate": 0.1701827227616994, "subsample": 0.5422744438199953, "colsample_bytree": 0.5096068675051484, "gamma": 1.7282169996230334, "lambda": 3.1860228288751776e-07, "alpha": 7.189933533023223e-05}