{"max_depth": 6, "learning_rate": 0.2468291381836517, "subsample": 0.6633748151171107, "colsample_bytree": 0.6690214323818049, "gamma": 1.5421038780380059, "lambda": 1.7241603393658303e-07, "alpha": 0.004683450256041162}