{"max_depth": 9, "learning_rate": 0.26711473775114297, "subsample": 0.6760340600409485, "colsample_bytree": 0.969646777495198, "gamma": 0.3971072202672421, "lambda": 1.0073928976672204e-05, "alpha": 2.555770130596604e-07}