{"max_depth": 8, "learning_rate": 0.07892731355906292, "subsample": 0.7035838438834789, "colsample_bytree": 0.6278895467171832, "gamma": 0.8599096811302298, "lambda": 0.05608209514459553, "alpha": 1.0868348856692291e-05}