{"max_depth": 8, "learning_rate": 0.23283557086291196, "subsample": 0.8086840984453991, "colsample_bytree": 0.6033937032455873, "gamma": 2.5604523095408718, "lambda": 0.6085936064593043, "alpha": 0.009437599206823962}