{"max_depth": 4, "learning_rate": 0.10979550105057206, "subsample": 0.9032699503087818, "colsample_bytree": 0.8072707024563974, "gamma": 4.484304110690236, "lambda": 0.5041801267925679, "alpha": 1.2939333808113637e-07}