{"max_depth": 6, "learning_rate": 0.2107515179799398, "subsample": 0.9650804654738194, "colsample_bytree": 0.7364351236307358, "gamma": 2.1053770017680145, "lambda": 2.1131493304366393e-06, "alpha": 7.578318247509294e-07}