{"max_depth": 6, "learning_rate": 0.030816220931330324, "subsample": 0.6176886719244292, "colsample_bytree": 0.5430117046240017, "gamma": 2.5110114020022927, "lambda": 6.5238500576578455e-06, "alpha": 0.1586346464869741}