{"max_depth": 5, "learning_rate": 0.0697439401798093, "subsample": 0.5108517472435545, "colsample_bytree": 0.6066299500932715, "gamma": 1.4419929427333023, "lambda": 0.0007098523664801345, "alpha": 2.308863630682486e-08}