{"max_depth": 5, "learning_rate": 0.05964675219012936, "subsample": 0.5507814332126699, "colsample_bytree": 0.8074272687086166, "gamma": 1.7088457163950055, "lambda": 7.04437216410644e-07, "alpha": 9.579119691714044e-05}