{"max_depth": 7, "learning_rate": 0.02415137888390452, "subsample": 0.6321539467220426, "colsample_bytree": 0.8013888603259316, "gamma": 2.8196697067797083, "lambda": 0.01145234787446586, "alpha": 0.09722198771489655}