{"max_depth": 4, "learning_rate": 0.09901579249046737, "subsample": 0.8137103226735043, "colsample_bytree": 0.5478417494618089, "gamma": 0.37502427642393255, "lambda": 3.4009735936211085e-06, "alpha": 0.0002810913236042812}