{"max_depth": 10, "learning_rate": 0.09301019179030728, "subsample": 0.7140776609605917, "colsample_bytree": 0.9106957396879822, "gamma": 0.4851895575541232, "lambda": 6.259920540865612e-06, "alpha": 0.0001746832266077887}