{"max_depth": 5, "learning_rate": 0.027427944033806252, "subsample": 0.9494557928240478, "colsample_bytree": 0.8556346216791182, "gamma": 1.9151324043843005, "lambda": 1.3979841927072094e-08, "alpha": 2.3909998882605798e-05}