{"max_depth": 4, "learning_rate": 0.03687098143691007, "subsample": 0.945099642371523, "colsample_bytree": 0.5465563928796413, "gamma": 4.055773304742742, "lambda": 9.29820559444084e-06, "alpha": 0.004055185866601481}