{"max_depth": 4, "learning_rate": 0.23629258409556927, "subsample": 0.5924506901822515, "colsample_bytree": 0.9022364142298218, "gamma": 2.9149759497099375, "lambda": 0.003092911089283508, "alpha": 0.004511852199553254}