{"max_depth": 8, "learning_rate": 0.25924055133523083, "subsample": 0.7500437853269128, "colsample_bytree": 0.8212521393737643, "gamma": 2.978046752199285, "lambda": 6.0586685973062e-08, "alpha": 0.020411230384161847}