{"max_depth": 10, "learning_rate": 0.2526122446925441, "subsample": 0.9502240696988777, "colsample_bytree": 0.8948327930241922, "gamma": 4.445534834810263, "lambda": 6.478237326722401e-08, "alpha": 2.894951114188761e-07}