{"max_depth": 4, "learning_rate": 0.08463877487442349, "subsample": 0.6036575502445691, "colsample_bytree": 0.9737163547560707, "gamma": 0.9969328788870102, "lambda": 0.00014098642119271334, "alpha": 3.6832190880903065e-08}