{"max_depth": 4, "learning_rate": 0.07806605174991789, "subsample": 0.8391202903393735, "colsample_bytree": 0.7990709804177253, "gamma": 1.3569172718921778, "lambda": 0.14313222183665572, "alpha": 4.179816467090055e-07}