{"max_depth": 10, "learning_rate": 0.1646090379522956, "subsample": 0.5375798972248962, "colsample_bytree": 0.7310623731828991, "gamma": 2.8595279804114924, "lambda": 1.0756593958578777e-07, "alpha": 8.239231449895567e-07}