{"max_depth": 6, "learning_rate": 0.18040821998901926, "subsample": 0.7734299968739541, "colsample_bytree": 0.6610554140570768, "gamma": 1.7729451987307105, "lambda": 8.179293436076491e-05, "alpha": 4.252737092207932e-07}