{"max_depth": 10, "learning_rate": 0.1849813525351408, "subsample": 0.591131055795642, "colsample_bytree": 0.8715388590087448, "gamma": 1.4385751897197174, "lambda": 0.04773927747096851, "alpha": 6.985622181513953e-08}