{"max_depth": 4, "learning_rate": 0.286513392430562, "subsample": 0.7876218335793211, "colsample_bytree": 0.9030673563316397, "gamma": 0.1447773478561487, "lambda": 1.4912538711264806e-08, "alpha": 0.002501997944871241}