{"max_depth": 4, "learning_rate": 0.17446247860721034, "subsample": 0.7041441478861739, "colsample_bytree": 0.9331496081484101, "gamma": 0.18521809901496433, "lambda": 2.6582057717817827e-08, "alpha": 0.0006015422855333161}