{"max_depth": 6, "learning_rate": 0.2359082792680214, "subsample": 0.5137981441991935, "colsample_bytree": 0.5386381211657966, "gamma": 4.33845422664577, "lambda": 7.930813849822078e-08, "alpha": 0.009106604819236013}