{"max_depth": 9, "learning_rate": 0.18955666832005943, "subsample": 0.6992389622570497, "colsample_bytree": 0.5307585024040856, "gamma": 4.344740873176427, "lambda": 5.154371536992242e-07, "alpha": 0.0025764327467387546}