{"max_depth": 3, "learning_rate": 0.09241650017024015, "subsample": 0.5952661195779806, "colsample_bytree": 0.8499614571644898, "gamma": 1.6783141408644064, "lambda": 0.17357739959058902, "alpha": 0.03300429988218638}