{"max_depth": 4, "learning_rate": 0.1314967468205298, "subsample": 0.8013964188220273, "colsample_bytree": 0.8710549624722097, "gamma": 1.8334953525988795, "lambda": 4.971012138846492e-08, "alpha": 4.356681449617166e-08}