{"max_depth": 10, "learning_rate": 0.1889523783920987, "subsample": 0.6058306880503581, "colsample_bytree": 0.8128836469831657, "gamma": 1.1943502691688856, "lambda": 1.4039632107683648e-07, "alpha": 1.753555654106613e-05}