{"max_depth": 9, "learning_rate": 0.2160494131347259, "subsample": 0.5390456186580997, "colsample_bytree": 0.7820543603195298, "gamma": 4.2158160865417695, "lambda": 4.234461344330746e-06, "alpha": 0.001174026117675639}