{"max_depth": 3, "learning_rate": 0.028987115306548995, "subsample": 0.9462152270849431, "colsample_bytree": 0.7047340770443912, "gamma": 3.6778496148075113, "lambda": 4.930479260986874e-07, "alpha": 0.00030201941066965377}