{"max_depth": 10, "learning_rate": 0.2122567602169917, "subsample": 0.6321453702174653, "colsample_bytree": 0.6198490760979498, "gamma": 4.356241641231391, "lambda": 0.0010069863604319884, "alpha": 2.5808328144580382e-08}