{"max_depth": 9, "learning_rate": 0.09637991936549435, "subsample": 0.8607655644533794, "colsample_bytree": 0.560303246296771, "gamma": 0.043941421908959, "lambda": 0.015831947905580724, "alpha": 0.0053447749924407295}