{"max_depth": 4, "learning_rate": 0.04442254369111654, "subsample": 0.5342484711823606, "colsample_bytree": 0.9619999789437301, "gamma": 0.44845897903413534, "lambda": 2.1358565745217317e-08, "alpha": 3.8594945163911315e-07}