{"max_depth": 3, "learning_rate": 0.2860055842640864, "subsample": 0.5672495907902005, "colsample_bytree": 0.9061422139417685, "gamma": 4.064624056146929, "lambda": 1.841328047461666e-05, "alpha": 3.5148083568548913e-07}