{"max_depth": 4, "learning_rate": 0.08499258552536273, "subsample": 0.7360431265793446, "colsample_bytree": 0.6733227512427569, "gamma": 0.9530506455270388, "lambda": 0.016733110318764684, "alpha": 0.008152711729828826}