{"max_depth": 5, "learning_rate": 0.11223415089160074, "subsample": 0.6155292107759454, "colsample_bytree": 0.7581459735828434, "gamma": 0.3482062899132138, "lambda": 0.0003181352697943024, "alpha": 2.7304555844576e-05}