{"max_depth": 9, "learning_rate": 0.14830873708299766, "subsample": 0.677411836514791, "colsample_bytree": 0.6513959123641437, "gamma": 1.9071969020660546, "lambda": 5.7548080285073395e-05, "alpha": 5.826934354424572e-07}