{"max_depth": 3, "learning_rate": 0.16391000119374452, "subsample": 0.6806193039948778, "colsample_bytree": 0.7745678936144527, "gamma": 2.078511926077025, "lambda": 0.09557461261958666, "alpha": 6.763753808489483e-06}