{"max_depth": 7, "learning_rate": 0.27315841545033354, "subsample": 0.8348369718265567, "colsample_bytree": 0.5962606088716202, "gamma": 3.042599871374464, "lambda": 0.0006476560120673437, "alpha": 0.01707055233641048}