{"max_depth": 6, "learning_rate": 0.1162388237993936, "subsample": 0.7133816731996425, "colsample_bytree": 0.9492565177866552, "gamma": 3.4003023043787346, "lambda": 0.009268109045169023, "alpha": 0.0005325432360043266}