{"max_depth": 5, "learning_rate": 0.1284586913328506, "subsample": 0.608793325095831, "colsample_bytree": 0.6692508490292548, "gamma": 0.5910906256855786, "lambda": 1.8918819697732498e-06, "alpha": 0.03287032191996152}