{"max_depth": 4, "learning_rate": 0.08774192236136281, "subsample": 0.6999384921414031, "colsample_bytree": 0.6364742418003322, "gamma": 3.3647060788571928, "lambda": 4.173208935118912e-06, "alpha": 1.682139904890279e-07}