{"max_depth": 5, "learning_rate": 0.01903153606791784, "subsample": 0.6579734219806334, "colsample_bytree": 0.9276585629162486, "gamma": 3.374753320834853, "lambda": 0.0002459250320793807, "alpha": 1.174512055325135e-05}