{"max_depth": 5, "learning_rate": 0.2037125453114028, "subsample": 0.8979935606639331, "colsample_bytree": 0.7207886165216691, "gamma": 3.1416281205539853, "lambda": 0.002472582825767739, "alpha": 5.158303038897629e-08}