{"max_depth": 3, "learning_rate": 0.14088024016732245, "subsample": 0.8657805515943346, "colsample_bytree": 0.7653863887521031, "gamma": 4.790835167717217, "lambda": 9.513691169777934e-08, "alpha": 7.071467019123992e-07}