{"max_depth": 5, "learning_rate": 0.04563705052488753, "subsample": 0.9976422004672822, "colsample_bytree": 0.8460321590090332, "gamma": 1.4640416219072672, "lambda": 0.16405413211883269, "alpha": 0.2142748302959266}