{"max_depth": 3, "learning_rate": 0.037087546141358826, "subsample": 0.5707038156388076, "colsample_bytree": 0.7134190048404454, "gamma": 3.7067139556484103, "lambda": 2.1117006447523767e-05, "alpha": 0.22512668616850923}