{"max_depth": 3, "learning_rate": 0.07113172999506841, "subsample": 0.9213278147523354, "colsample_bytree": 0.5995677943439962, "gamma": 0.8126021434680375, "lambda": 0.0070620706043298224, "alpha": 0.08251346685968852}