{"max_depth": 4, "learning_rate": 0.09701843489204733, "subsample": 0.8683172386855962, "colsample_bytree": 0.8272122766555985, "gamma": 4.227185925229474, "lambda": 0.0001447126506763246, "alpha": 2.620821352582718e-07}