{"max_depth": 4, "learning_rate": 0.056358593230465194, "subsample": 0.5916542879258073, "colsample_bytree": 0.8767910579860747, "gamma": 1.9410516743816824, "lambda": 0.0008055179707828473, "alpha": 0.16751861578146846}