{"max_depth": 7, "learning_rate": 0.27189408678829147, "subsample": 0.9647637183182435, "colsample_bytree": 0.7047509879889419, "gamma": 1.968880048260212, "lambda": 0.005126405642702901, "alpha": 1.1494205064466526e-06}