{"max_depth": 4, "learning_rate": 0.1935739007939066, "subsample": 0.9180926703222602, "colsample_bytree": 0.8984944268672042, "gamma": 3.742372569827788, "lambda": 7.432362433141461e-08, "alpha": 8.486215436427258e-06}