{"max_depth": 4, "learning_rate": 0.24541297620181116, "subsample": 0.7249610821415456, "colsample_bytree": 0.7806671986081113, "gamma": 2.4995527101656903, "lambda": 3.06615409751163e-05, "alpha": 0.015653507196142235}