{"max_depth": 5, "learning_rate": 0.1046739479824195, "subsample": 0.7367338407561388, "colsample_bytree": 0.6770136592119611, "gamma": 1.917620407782965, "lambda": 3.785735972395372e-08, "alpha": 8.759143294535581e-07}