{"max_depth": 4, "learning_rate": 0.0101702212081567, "subsample": 0.9062098456159045, "colsample_bytree": 0.5213989203687186, "gamma": 1.0947125785452916, "lambda": 0.18579556619119808, "alpha": 0.133411932525407}