{"max_depth": 9, "learning_rate": 0.142368490453452, "subsample": 0.7334329903285913, "colsample_bytree": 0.8118437780420904, "gamma": 4.6830602361373295, "lambda": 0.002113689587650762, "alpha": 1.2969219901748016e-05}