{"max_depth": 5, "learning_rate": 0.05422499766836132, "subsample": 0.7700686324338705, "colsample_bytree": 0.8173112288312014, "gamma": 0.8157972546998948, "lambda": 3.35265768989215e-07, "alpha": 4.312519059244592e-07}