{"max_depth": 10, "learning_rate": 0.164424092275044, "subsample": 0.6208347567451009, "colsample_bytree": 0.6663014902654987, "gamma": 3.654029820530354, "lambda": 2.5676860898134234e-06, "alpha": 6.590254724094198e-08}