{"max_depth": 9, "learning_rate": 0.021209538115560117, "subsample": 0.592525502351716, "colsample_bytree": 0.9404321691809017, "gamma": 1.510446797404879, "lambda": 4.914794020708863e-07, "alpha": 1.2552098325750798e-06}