{"max_depth": 9, "learning_rate": 0.08457411010834279, "subsample": 0.9029331046323312, "colsample_bytree": 0.8232773879290716, "gamma": 0.909973556878278, "lambda": 0.006496309643683023, "alpha": 0.00012158646572015588}