{"max_depth": 5, "learning_rate": 0.18624904457449828, "subsample": 0.787667489095491, "colsample_bytree": 0.6777429747518895, "gamma": 4.180128660272954, "lambda": 0.006310666374067863, "alpha": 0.9559585725380507}