{"max_depth": 8, "learning_rate": 0.10206208972255336, "subsample": 0.7782853353696719, "colsample_bytree": 0.8387174232922896, "gamma": 1.0504473666738008, "lambda": 1.4805467668649222e-05, "alpha": 7.339231942123106e-05}