{"max_depth": 3, "learning_rate": 0.18979191018099162, "subsample": 0.6032498780139599, "colsample_bytree": 0.8945954639580601, "gamma": 4.925025779410436, "lambda": 0.0001576856299243914, "alpha": 4.487130971150795e-06}