{"max_depth": 5, "learning_rate": 0.030059134713070472, "subsample": 0.9448518854217076, "colsample_bytree": 0.517990943112249, "gamma": 0.9860494412302695, "lambda": 1.9849557788427833e-08, "alpha": 0.0026408021333029093}