{"max_depth": 10, "learning_rate": 0.1449371305783376, "subsample": 0.7390792162536262, "colsample_bytree": 0.5412942628748085, "gamma": 3.138735506787358, "lambda": 0.0004119205166685431, "alpha": 2.1817346147407078e-05}