{"max_depth": 5, "learning_rate": 0.0985581180039384, "subsample": 0.765909559846696, "colsample_bytree": 0.9505954919267114, "gamma": 3.076312504533206, "lambda": 0.18140817565725412, "alpha": 9.384314658107344e-08}