{"max_depth": 5, "learning_rate": 0.11715027519116468, "subsample": 0.7649425526397726, "colsample_bytree": 0.814417411656595, "gamma": 1.321309892477135, "lambda": 4.9064036330603696e-08, "alpha": 0.00013185427180697896}