{"max_depth": 10, "learning_rate": 0.1994868734583453, "subsample": 0.7779562104018913, "colsample_bytree": 0.9090539052029416, "gamma": 4.561615799570673, "lambda": 1.876385861430206e-05, "alpha": 1.187584452061403e-08}