{"max_depth": 9, "learning_rate": 0.1476580121393094, "subsample": 0.7369462427659574, "colsample_bytree": 0.9424443971239418, "gamma": 0.7398275862743448, "lambda": 5.983761134885965e-08, "alpha": 1.9315040296100036e-07}