{"max_depth": 9, "learning_rate": 0.04717356608085844, "subsample": 0.747355112910156, "colsample_bytree": 0.8414461649814386, "gamma": 2.560954278586707, "lambda": 0.0009237926606120742, "alpha": 0.011087604246973463}