{"max_depth": 8, "learning_rate": 0.038945601859944994, "subsample": 0.898232036460408, "colsample_bytree": 0.6824907302315122, "gamma": 3.3354762498732997, "lambda": 0.08820261486194193, "alpha": 0.0007947623185288336}