{"max_depth": 10, "learning_rate": 0.07737568690231245, "subsample": 0.8147618394527228, "colsample_bytree": 0.5892015757127509, "gamma": 1.8058756971936296, "lambda": 3.293354533758742e-08, "alpha": 5.346168088827238e-06}