{"max_depth": 7, "learning_rate": 0.20895275075443198, "subsample": 0.7374798403242573, "colsample_bytree": 0.5973760834550894, "gamma": 0.450859567369466, "lambda": 1.0821292039781883e-06, "alpha": 7.111547282415377e-08}