{"max_depth": 3, "learning_rate": 0.09998796338664585, "subsample": 0.5808668277262667, "colsample_bytree": 0.8774226434229702, "gamma": 4.827419081313829, "lambda": 0.8410710046083973, "alpha": 0.9481690019733776}