{"max_depth": 3, "learning_rate": 0.27069808349928537, "subsample": 0.8049536067515646, "colsample_bytree": 0.7504671729424084, "gamma": 4.367809624320919, "lambda": 3.067684320026613e-07, "alpha": 1.2355104070119167e-06}