{"max_depth": 9, "learning_rate": 0.020619993829020352, "subsample": 0.5137954514270979, "colsample_bytree": 0.9178682749993397, "gamma": 1.8571779424463268, "lambda": 9.093937152968306e-06, "alpha": 1.2636463782346332e-07}