{"max_depth": 5, "learning_rate": 0.16531356961884383, "subsample": 0.5162106804077198, "colsample_bytree": 0.5556289661494346, "gamma": 4.247080134504185, "lambda": 0.05090562105884509, "alpha": 0.06709720069345687}