{"max_depth": 8, "learning_rate": 0.27894727645803635, "subsample": 0.7768616137697397, "colsample_bytree": 0.7770253602339219, "gamma": 3.1192666080457516, "lambda": 0.29828690138240466, "alpha": 1.3059098183784046e-07}