{"max_depth": 4, "learning_rate": 0.06313485000267982, "subsample": 0.6262524418871835, "colsample_bytree": 0.8874884033534554, "gamma": 2.748937934397996, "lambda": 0.07181003298219639, "alpha": 3.1287314607769163e-08}