{"max_depth": 10, "learning_rate": 0.027077809599370582, "subsample": 0.708724200560308, "colsample_bytree": 0.6730925826668341, "gamma": 3.9471928021692877, "lambda": 1.279808765298794e-07, "alpha": 0.048020576203043924}