{"max_depth": 4, "learning_rate": 0.04818832056714175, "subsample": 0.8847274401888863, "colsample_bytree": 0.6621392060468205, "gamma": 4.220742437804093, "lambda": 5.325329478339879e-06, "alpha": 5.2960995050738835e-06}