{"max_depth": 9, "learning_rate": 0.046601476523670526, "subsample": 0.7653582534837438, "colsample_bytree": 0.8456857456091053, "gamma": 2.3560163172460675, "lambda": 0.053347954995934414, "alpha": 9.681069012092872e-08}