{"max_depth": 3, "learning_rate": 0.26209789734772704, "subsample": 0.5176685753719159, "colsample_bytree": 0.717828958023905, "gamma": 1.3933099459299825, "lambda": 8.213009595354348e-05, "alpha": 4.144534206329368e-08}