{"max_depth": 9, "learning_rate": 0.02774606702639361, "subsample": 0.9255754454327461, "colsample_bytree": 0.7847524650877704, "gamma": 0.5743498352583387, "lambda": 0.02958716839828212, "alpha": 0.0012142199459853928}