{"max_depth": 10, "learning_rate": 0.07725627183456496, "subsample": 0.654993436715651, "colsample_bytree": 0.7184999735863434, "gamma": 0.7268501184982129, "lambda": 0.0025059856030872282, "alpha": 0.17950375609599434}