{"max_depth": 3, "learning_rate": 0.1737746045936587, "subsample": 0.7830821376085231, "colsample_bytree": 0.8635131490860413, "gamma": 1.1238837752366204, "lambda": 0.0689540940258298, "alpha": 0.0002995369138434362}