{"max_depth": 5, "learning_rate": 0.17830646041791048, "subsample": 0.9924919751455735, "colsample_bytree": 0.9980427966363552, "gamma": 0.571704687115942, "lambda": 2.0787990607492626e-08, "alpha": 0.0002688989623064535}