{"max_depth": 6, "learning_rate": 0.12078145697491324, "subsample": 0.5544706596766165, "colsample_bytree": 0.9111409292340245, "gamma": 1.6332373269568612, "lambda": 0.0005226387628673956, "alpha": 0.00033774691882351547}