{"max_depth": 7, "learning_rate": 0.055214052884602946, "subsample": 0.9932308018720879, "colsample_bytree": 0.6202884346789317, "gamma": 2.7255908413442276, "lambda": 0.028281505222300513, "alpha": 5.5751714178394645e-08}