{"max_depth": 6, "learning_rate": 0.25897757316938586, "subsample": 0.7750506830777549, "colsample_bytree": 0.5883538669589101, "gamma": 2.934472139800752, "lambda": 2.5002715209047954e-08, "alpha": 1.4394584407384615e-06}