{"max_depth": 10, "learning_rate": 0.029657730315020246, "subsample": 0.5500691565484559, "colsample_bytree": 0.6275601816570808, "gamma": 3.303759129013816, "lambda": 0.014981320689676066, "alpha": 0.34487334608039966}