{"max_depth": 8, "learning_rate": 0.11296777608780667, "subsample": 0.9465175714830134, "colsample_bytree": 0.7198875457992377, "gamma": 4.331681143696722, "lambda": 2.5534137940638837e-05, "alpha": 6.678940386807908e-08}