{"max_depth": 6, "learning_rate": 0.08926384757664399, "subsample": 0.5011347879418557, "colsample_bytree": 0.9861884608557834, "gamma": 4.804252850876471, "lambda": 5.216362576782498e-05, "alpha": 3.736642243713886e-08}