{"max_depth": 6, "learning_rate": 0.07555866417113924, "subsample": 0.6698801772603142, "colsample_bytree": 0.7846845957433619, "gamma": 1.7453573088959096, "lambda": 0.00021817239407744742, "alpha": 2.28222613094077e-07}