{"max_depth": 6, "learning_rate": 0.26029704003695026, "subsample": 0.7626424567887748, "colsample_bytree": 0.8681049629304963, "gamma": 4.631803172363, "lambda": 0.09829036869579037, "alpha": 0.0010032702593222708}