{"max_depth": 10, "learning_rate": 0.0589025419425454, "subsample": 0.7178904161328731, "colsample_bytree": 0.601633366696823, "gamma": 4.4549685405510555, "lambda": 2.2409949782169785e-06, "alpha": 1.3799489054832337e-07}