{"max_depth": 5, "learning_rate": 0.10538557067302758, "subsample": 0.676872894894287, "colsample_bytree": 0.6967490762093564, "gamma": 3.490640054973005, "lambda": 0.00045827884842602914, "alpha": 8.303785531225824e-07}