{"max_depth": 8, "learning_rate": 0.15557429621084454, "subsample": 0.5550096153847859, "colsample_bytree": 0.8790813401231375, "gamma": 2.4741426262824335, "lambda": 1.0116707382935306e-05, "alpha": 1.025903684929886e-06}