{"max_depth": 4, "learning_rate": 0.25589846316898435, "subsample": 0.5178097299297388, "colsample_bytree": 0.9198534883630498, "gamma": 2.6871146572794595, "lambda": 4.626944349834339e-07, "alpha": 1.0292239568372987e-05}