{"max_depth": 4, "learning_rate": 0.11146906768873537, "subsample": 0.5121821923390464, "colsample_bytree": 0.5092532074420458, "gamma": 2.8510160268036837, "lambda": 1.2918544661304256e-07, "alpha": 0.0034391630365942054}