{"max_depth": 7, "learning_rate": 0.20707395716527324, "subsample": 0.907345404791793, "colsample_bytree": 0.6220446290300392, "gamma": 1.9559711843510352, "lambda": 1.1379871579313246e-08, "alpha": 2.72596006901169e-07}