{"max_depth": 9, "learning_rate": 0.07379029186880563, "subsample": 0.8030436787447123, "colsample_bytree": 0.918253739912334, "gamma": 2.946907022972201, "lambda": 1.4176980718715788e-07, "alpha": 1.5459527936205263e-07}