{"max_depth": 5, "learning_rate": 0.018154891408700052, "subsample": 0.8070721041095763, "colsample_bytree": 0.6757116191712403, "gamma": 1.6431512502547663, "lambda": 5.167683808903637e-07, "alpha": 6.349636033343202e-08}