{"max_depth": 6, "learning_rate": 0.2637310229695079, "subsample": 0.7488445951230016, "colsample_bytree": 0.6695724785817498, "gamma": 3.0664323044754433, "lambda": 4.628892033087276e-06, "alpha": 6.0405103713886e-06}