{"max_depth": 5, "learning_rate": 0.010397829078953817, "subsample": 0.897150616921041, "colsample_bytree": 0.5010894554495593, "gamma": 2.721999037337178, "lambda": 0.00020612687579976805, "alpha": 1.0946125773671126e-05}