{"max_depth": 7, "learning_rate": 0.15265919963650762, "subsample": 0.9081086330949986, "colsample_bytree": 0.5222829406643441, "gamma": 3.9382295038727295, "lambda": 7.483042141050686e-06, "alpha": 0.016344103913233644}