{"max_depth": 10, "learning_rate": 0.13599814601918833, "subsample": 0.9930641224614236, "colsample_bytree": 0.7418798080746014, "gamma": 1.607215712254149, "lambda": 0.456321849290911, "alpha": 2.8265455481846317e-07}