{"max_depth": 6, "learning_rate": 0.2896954887691637, "subsample": 0.556061991629738, "colsample_bytree": 0.7216631553586019, "gamma": 0.9365200151556136, "lambda": 1.035182932293601e-08, "alpha": 0.0004987771245784233}