{"max_depth": 3, "learning_rate": 0.2306527047128463, "subsample": 0.8009308461283026, "colsample_bytree": 0.6460637019045795, "gamma": 2.0512501211316008, "lambda": 4.302882353902333e-08, "alpha": 1.3443166758912248e-07}