{"max_depth": 5, "learning_rate": 0.2448945971132354, "subsample": 0.5625939151148232, "colsample_bytree": 0.6997666988396083, "gamma": 4.436821997333203, "lambda": 2.8736579087303446e-07, "alpha": 8.90432991501017e-07}