{"max_depth": 6, "learning_rate": 0.11165827378545813, "subsample": 0.8734912800737833, "colsample_bytree": 0.5660920380012258, "gamma": 1.1255065783276814, "lambda": 0.00012818300703859665, "alpha": 2.8438622298057506e-08}