{"max_depth": 4, "learning_rate": 0.26703916954606444, "subsample": 0.5580620033143181, "colsample_bytree": 0.5925550953902154, "gamma": 0.15416877825523312, "lambda": 7.276321237896039e-06, "alpha": 0.2014377951215269}