{"max_depth": 10, "learning_rate": 0.14589538707968716, "subsample": 0.870951849232477, "colsample_bytree": 0.859242652792398, "gamma": 1.8978073057539295, "lambda": 0.004108382458453158, "alpha": 8.901577957764279e-08}