{"max_depth": 8, "learning_rate": 0.08260327803919378, "subsample": 0.9899268869229214, "colsample_bytree": 0.5466889369699451, "gamma": 1.3412998667188432, "lambda": 1.8430377478700296e-07, "alpha": 1.749015659634567e-05}