{"max_depth": 5, "learning_rate": 0.032281506190255944, "subsample": 0.6200065822886962, "colsample_bytree": 0.621735906287205, "gamma": 0.06186508022976267, "lambda": 1.830616312059898e-05, "alpha": 1.4075542593635212e-08}