{"max_depth": 8, "learning_rate": 0.04020523190436453, "subsample": 0.8719552602599476, "colsample_bytree": 0.7678135152424248, "gamma": 1.1076713324949843, "lambda": 0.04797923431068495, "alpha": 0.0009865865776296525}