{"max_depth": 4, "learning_rate": 0.18381185676264056, "subsample": 0.5946050127322264, "colsample_bytree": 0.8828767569467786, "gamma": 1.5432955853233539, "lambda": 0.02176318547845293, "alpha": 8.690903457199452e-07}