{"max_depth": 7, "learning_rate": 0.2328897368721491, "subsample": 0.9565205964003706, "colsample_bytree": 0.5439683539950133, "gamma": 1.6178693842951568, "lambda": 1.3597170114828654e-08, "alpha": 2.3500263447224755e-07}