{"max_depth": 10, "learning_rate": 0.02912117047602742, "subsample": 0.8239919806708258, "colsample_bytree": 0.5153650277851816, "gamma": 3.5706355405705423, "lambda": 3.1539588344149594e-07, "alpha": 0.08249299815016675}