{"max_depth": 4, "learning_rate": 0.03922843525608332, "subsample": 0.950765493692861, "colsample_bytree": 0.5082890475615232, "gamma": 3.649438915375745, "lambda": 0.00013977840201807024, "alpha": 0.0029878455923196875}