{"max_depth": 10, "learning_rate": 0.04128881979252275, "subsample": 0.5356400245782627, "colsample_bytree": 0.9364200324383678, "gamma": 0.9279323369152648, "lambda": 0.023641734635566153, "alpha": 7.756335487255e-05}