{"max_depth": 5, "learning_rate": 0.06804868835990673, "subsample": 0.789580427951774, "colsample_bytree": 0.9944077763408086, "gamma": 2.8960033872078212, "lambda": 0.09854065139429902, "alpha": 0.47825970744335855}