{"max_depth": 4, "learning_rate": 0.09197387144664138, "subsample": 0.6402228135691004, "colsample_bytree": 0.7988776086911142, "gamma": 0.28394143897293056, "lambda": 5.784225016381942e-05, "alpha": 0.003989144324298536}