{"max_depth": 10, "learning_rate": 0.17737171113348515, "subsample": 0.6278108514857853, "colsample_bytree": 0.5640889669927449, "gamma": 2.8714890589624242, "lambda": 0.0024420683777466473, "alpha": 0.01244804315761934}