{"max_depth": 7, "learning_rate": 0.2171151752923566, "subsample": 0.9360041988501926, "colsample_bytree": 0.8993187630699342, "gamma": 2.057915692455708, "lambda": 0.0002972773255083462, "alpha": 0.009584811477320886}