{"max_depth": 9, "learning_rate": 0.15524232538935767, "subsample": 0.9044846265019042, "colsample_bytree": 0.5735723744450387, "gamma": 2.901024604237927, "lambda": 0.04781082441068196, "alpha": 0.10641776452081092}