{"max_depth": 8, "learning_rate": 0.16976525672552206, "subsample": 0.5894769977447127, "colsample_bytree": 0.8881643398123549, "gamma": 4.1889144389101345, "lambda": 0.2518686201064167, "alpha": 4.14501728821174e-05}