{"max_depth": 7, "learning_rate": 0.2933821550375525, "subsample": 0.813321250727046, "colsample_bytree": 0.5372476936887773, "gamma": 0.715599701903179, "lambda": 6.0025670987793263e-05, "alpha": 0.002006627948692949}