{"max_depth": 3, "learning_rate": 0.19079741993687213, "subsample": 0.7358239990809239, "colsample_bytree": 0.9296559631659445, "gamma": 0.6924286217295234, "lambda": 9.257649895020344e-06, "alpha": 1.8472261981998014e-08}