{"max_depth": 8, "learning_rate": 0.2786434197592169, "subsample": 0.9325804957746946, "colsample_bytree": 0.6782832732169767, "gamma": 3.3197231734141757, "lambda": 0.004596230301564695, "alpha": 2.673584543379482e-06}