{"max_depth": 10, "learning_rate": 0.17695879024879513, "subsample": 0.8093975141586767, "colsample_bytree": 0.5410120293653546, "gamma": 1.29424233149516, "lambda": 0.00103758864660235, "alpha": 0.032385186712307897}