{"max_depth": 9, "learning_rate": 0.06501975787256922, "subsample": 0.76014844084072, "colsample_bytree": 0.6878217577132417, "gamma": 4.013621876449241, "lambda": 3.299085849550491e-08, "alpha": 3.433551953118756e-07}