{"max_depth": 10, "learning_rate": 0.14907226834901827, "subsample": 0.637367531109091, "colsample_bytree": 0.745717109056615, "gamma": 0.5897991062577063, "lambda": 0.001773801621103164, "alpha": 7.088789854178358e-05}