{"max_depth": 8, "learning_rate": 0.010972447969342105, "subsample": 0.6009800303107917, "colsample_bytree": 0.621329548895091, "gamma": 3.026338680589038, "lambda": 1.1946311572916415e-06, "alpha": 0.0013025854447512699}