{"max_depth": 7, "learning_rate": 0.14878091162858753, "subsample": 0.7557797287996206, "colsample_bytree": 0.9739575733607511, "gamma": 2.638339301616444, "lambda": 0.006446234965574119, "alpha": 3.3288880174556784e-08}