{"max_depth": 10, "learning_rate": 0.16173154450535046, "subsample": 0.8364368225786656, "colsample_bytree": 0.9309363546733824, "gamma": 3.4973339514398245, "lambda": 0.017025672962267414, "alpha": 1.341573951226162e-07}