{"max_depth": 5, "learning_rate": 0.18896507429390524, "subsample": 0.5486940281029173, "colsample_bytree": 0.5967598380997434, "gamma": 0.9275053437534125, "lambda": 3.1341614890750056e-06, "alpha": 4.0388879890303716e-07}