{"max_depth": 5, "learning_rate": 0.15134005975509995, "subsample": 0.5631494939049482, "colsample_bytree": 0.8507589172282819, "gamma": 3.547134437586328, "lambda": 0.008645935655773275, "alpha": 0.05790867584809274}