{"max_depth": 3, "learning_rate": 0.037710761433875604, "subsample": 0.5925242821223753, "colsample_bytree": 0.7349833971364903, "gamma": 3.3365867711198662, "lambda": 0.09582829504721252, "alpha": 0.1289765589002446}