{"max_depth": 9, "learning_rate": 0.0684817146003155, "subsample": 0.6509830820508414, "colsample_bytree": 0.8462881534199191, "gamma": 0.2675989329816697, "lambda": 0.00025918239581605213, "alpha": 2.563401341190309e-05}