{"max_depth": 5, "learning_rate": 0.27742701576754947, "subsample": 0.7526280829395159, "colsample_bytree": 0.5144296958791397, "gamma": 1.336854189573455, "lambda": 0.6482390016902373, "alpha": 3.6723053940242905e-05}