{"max_depth": 6, "learning_rate": 0.296547555164362, "subsample": 0.8158161191554997, "colsample_bytree": 0.7202898986710913, "gamma": 3.344202102194606, "lambda": 2.224952555513955e-08, "alpha": 2.3810388726832848e-07}