{"max_depth": 9, "learning_rate": 0.08879038293933102, "subsample": 0.7737948930090512, "colsample_bytree": 0.5771818112633675, "gamma": 3.330645474414489, "lambda": 0.0006208068163865848, "alpha": 0.00015310628802987604}