{"max_depth": 8, "learning_rate": 0.10029014306947323, "subsample": 0.5223193887500969, "colsample_bytree": 0.9295955941573071, "gamma": 1.1841077554936579, "lambda": 2.3315089975179132e-05, "alpha": 0.00013678918822351423}