{"max_depth": 3, "learning_rate": 0.03445739983279301, "subsample": 0.9493842013763297, "colsample_bytree": 0.6158626175579476, "gamma": 2.9259784009440493, "lambda": 2.790637873090088e-07, "alpha": 0.4749151549771085}