{"max_depth": 4, "learning_rate": 0.17495661042164748, "subsample": 0.9170825722621299, "colsample_bytree": 0.5395677306906028, "gamma": 3.702174976390978, "lambda": 9.938582689666528e-07, "alpha": 0.004223466388654843}