{"max_depth": 8, "learning_rate": 0.21497189691288568, "subsample": 0.6165802305748423, "colsample_bytree": 0.7053670932589191, "gamma": 3.352326019052234, "lambda": 1.1445795827632498e-06, "alpha": 0.01569605534720511}