{"max_depth": 7, "learning_rate": 0.16150781919451543, "subsample": 0.8978607241467974, "colsample_bytree": 0.5361518312765623, "gamma": 4.0416614642610345, "lambda": 0.20961733623504145, "alpha": 1.1782007313662847e-05}