{"max_depth": 10, "learning_rate": 0.1878147886961023, "subsample": 0.7349444555654823, "colsample_bytree": 0.6761693460712308, "gamma": 3.266216837280955, "lambda": 0.00010634614540909842, "alpha": 0.024045919762978884}