{"max_depth": 9, "learning_rate": 0.19691351373984647, "subsample": 0.7004881451852749, "colsample_bytree": 0.909886137697953, "gamma": 1.0651947910497834, "lambda": 0.00011577553086465796, "alpha": 0.01466540073532258}