{"max_depth": 6, "learning_rate": 0.08971715539790474, "subsample": 0.7328875848577652, "colsample_bytree": 0.6717307495278922, "gamma": 0.7408382704661587, "lambda": 6.663504525314957e-07, "alpha": 0.046926201719894305}