{"max_depth": 4, "learning_rate": 0.2463216646835872, "subsample": 0.7507771662217364, "colsample_bytree": 0.6423757240101065, "gamma": 4.648673662753856, "lambda": 0.0018487325734314252, "alpha": 0.00020214439878008458}