{"max_depth": 4, "learning_rate": 0.28406214815884245, "subsample": 0.957455160553289, "colsample_bytree": 0.604781518545203, "gamma": 4.8952481556228795, "lambda": 0.0040230945959566534, "alpha": 1.1812532224717612e-07}