{"max_depth": 8, "learning_rate": 0.03571003776495584, "subsample": 0.8274543274804851, "colsample_bytree": 0.7697395877716253, "gamma": 1.0403929336875317, "lambda": 0.09269098949418492, "alpha": 0.0727690189743196}