{"max_depth": 8, "learning_rate": 0.05741701752741757, "subsample": 0.7927639843430423, "colsample_bytree": 0.9668682727270985, "gamma": 3.539145471553617, "lambda": 0.19127205288351218, "alpha": 0.0030914481049072054}