{"max_depth": 5, "learning_rate": 0.201745820934385, "subsample": 0.8566274458065128, "colsample_bytree": 0.943949758787654, "gamma": 2.8396741441955116, "lambda": 4.1768673545277214e-07, "alpha": 0.0005055472483710087}