{"max_depth": 9, "learning_rate": 0.2662450608007358, "subsample": 0.5429441033302971, "colsample_bytree": 0.8143075779824072, "gamma": 3.509436540656568, "lambda": 0.1804261439362903, "alpha": 0.0010089871043206964}