{"max_depth": 4, "learning_rate": 0.053540415591232425, "subsample": 0.8428757293811151, "colsample_bytree": 0.7404092305954916, "gamma": 4.594541347865315, "lambda": 6.733822117346112e-05, "alpha": 0.0040263047189354395}