{"max_depth": 6, "learning_rate": 0.04083487658301386, "subsample": 0.6774969479045312, "colsample_bytree": 0.5895271959764177, "gamma": 0.09652654528899685, "lambda": 1.631993826973481e-07, "alpha": 0.0001463932603644584}