{"max_depth": 4, "learning_rate": 0.2375531505200047, "subsample": 0.8847838282462561, "colsample_bytree": 0.6777727247720611, "gamma": 4.954113382005831, "lambda": 0.0002430976926965011, "alpha": 0.04644910702844335}