{"max_depth": 10, "learning_rate": 0.13214990518755632, "subsample": 0.7128968033304377, "colsample_bytree": 0.7886902511943823, "gamma": 3.9995278830243497, "lambda": 9.081147002360972e-07, "alpha": 8.522803777831728e-06}