{"max_depth": 8, "learning_rate": 0.19001333142393945, "subsample": 0.903297933256259, "colsample_bytree": 0.8404255025093738, "gamma": 0.5236713136658205, "lambda": 5.067933979642922e-06, "alpha": 0.0033965587637095375}