{"max_depth": 4, "learning_rate": 0.2741331026402331, "subsample": 0.7224243901038555, "colsample_bytree": 0.6642691131851897, "gamma": 4.034176626780833, "lambda": 0.007934960858163182, "alpha": 0.00038470442206036065}