{"max_depth": 9, "learning_rate": 0.1545555291552025, "subsample": 0.6361306735497865, "colsample_bytree": 0.8648731158406757, "gamma": 0.3115961720851623, "lambda": 0.0021569594322837, "alpha": 0.005281767088840601}