{"max_depth": 5, "learning_rate": 0.03095466299200742, "subsample": 0.7382719988344397, "colsample_bytree": 0.751668177303802, "gamma": 1.6193182136220323, "lambda": 0.03539889314385387, "alpha": 0.0011617737787926485}