{"max_depth": 7, "learning_rate": 0.28675769628667686, "subsample": 0.5020364079772912, "colsample_bytree": 0.9261296917728807, "gamma": 4.238231042841456, "lambda": 2.175507724020949e-07, "alpha": 0.06398632328206279}