{"max_depth": 10, "learning_rate": 0.15963503483754352, "subsample": 0.9900529292615563, "colsample_bytree": 0.8427272445063463, "gamma": 1.9195487093834573, "lambda": 3.4034022783707335e-06, "alpha": 0.6252340033774147}