{"max_depth": 7, "learning_rate": 0.21640796267570023, "subsample": 0.842412923876293, "colsample_bytree": 0.7955907044397615, "gamma": 4.363135779589522, "lambda": 0.26193771735758337, "alpha": 0.005955769090435471}