{"max_depth": 8, "learning_rate": 0.053789013205462116, "subsample": 0.6130131485968129, "colsample_bytree": 0.6677744248514463, "gamma": 3.314280185363093, "lambda": 0.012244164586638845, "alpha": 0.012002264457198526}