{"max_depth": 8, "learning_rate": 0.13634342288445125, "subsample": 0.696742372278419, "colsample_bytree": 0.5764432623047303, "gamma": 1.4649782127923765, "lambda": 0.0004850049868844593, "alpha": 0.005226962810947361}