{"max_depth": 6, "learning_rate": 0.2775891366843309, "subsample": 0.7638909228963296, "colsample_bytree": 0.8219266092320826, "gamma": 4.688097592310736, "lambda": 0.0003620014755149999, "alpha": 4.4822139694193645e-06}