{"max_depth": 5, "learning_rate": 0.0884511659015159, "subsample": 0.6196117775739429, "colsample_bytree": 0.6571909853722989, "gamma": 0.6547364457390775, "lambda": 9.544591815971318e-06, "alpha": 9.895818204495443e-06}