{"max_depth": 4, "learning_rate": 0.03274456714202345, "subsample": 0.5240643981555431, "colsample_bytree": 0.9083624845439179, "gamma": 1.8877276981156166, "lambda": 3.020233173795097e-06, "alpha": 2.2106855269426735e-08}