{"max_depth": 4, "learning_rate": 0.25745172590503534, "subsample": 0.6635523416846434, "colsample_bytree": 0.5119622447561203, "gamma": 3.1524948404517517, "lambda": 0.004034646967027984, "alpha": 5.17446924120364e-05}