{"max_depth": 7, "learning_rate": 0.09948108081600657, "subsample": 0.9992514127469316, "colsample_bytree": 0.5073203041322911, "gamma": 4.764819717025227, "lambda": 0.0062913754264708145, "alpha": 7.907660917107919e-08}