{"max_depth": 4, "learning_rate": 0.12053302872685706, "subsample": 0.9396864202927772, "colsample_bytree": 0.8686298899335169, "gamma": 1.4188701675563071, "lambda": 2.2627707344339004e-05, "alpha": 5.929605359132807e-06}