{"max_depth": 9, "learning_rate": 0.2701201812924545, "subsample": 0.9914343754632284, "colsample_bytree": 0.8557405808856888, "gamma": 2.966071589076992, "lambda": 1.1296337166417544e-05, "alpha": 0.0002814782499539715}