{"max_depth": 4, "learning_rate": 0.2888216668174528, "subsample": 0.7854515448310091, "colsample_bytree": 0.590715231977451, "gamma": 3.3633685503757955, "lambda": 1.407355708083878e-08, "alpha": 5.170072448077227e-08}