{"max_depth": 5, "learning_rate": 0.21783441579370943, "subsample": 0.9419480687292904, "colsample_bytree": 0.7412297883929013, "gamma": 0.6344652418927388, "lambda": 0.00997004571401171, "alpha": 0.0021406258205577283}