{"max_depth": 6, "learning_rate": 0.144451104305415, "subsample": 0.8892066725340337, "colsample_bytree": 0.6088495144872205, "gamma": 0.11501107334319915, "lambda": 0.018920653137382972, "alpha": 2.2673241246623082e-05}