{"max_depth": 5, "learning_rate": 0.2638829037527834, "subsample": 0.6450564595173494, "colsample_bytree": 0.8566642502697996, "gamma": 1.5694235063411428, "lambda": 0.4238440843667083, "alpha": 0.4054382460110468}