{"max_depth": 4, "learning_rate": 0.17578177890084326, "subsample": 0.8258285473910705, "colsample_bytree": 0.8393852115043143, "gamma": 4.205111263946314, "lambda": 6.037608193722565e-06, "alpha": 1.8805699706612788e-08}