{"max_depth": 9, "learning_rate": 0.16347573684942726, "subsample": 0.8551709236366348, "colsample_bytree": 0.6280023343036044, "gamma": 0.5405087920478879, "lambda": 0.011509989319690312, "alpha": 1.1638829165195291e-05}