{"max_depth": 5, "learning_rate": 0.018196444619781184, "subsample": 0.6336057957420416, "colsample_bytree": 0.5059719851984315, "gamma": 4.555536589580759, "lambda": 4.380663257711984e-06, "alpha": 1.685033911335666e-05}