{"max_depth": 6, "learning_rate": 0.2979510065179729, "subsample": 0.916010682404607, "colsample_bytree": 0.7798984004810038, "gamma": 4.684937215060023, "lambda": 7.700222331036863e-08, "alpha": 9.202914696018172e-08}