{"max_depth": 4, "learning_rate": 0.25184947227819554, "subsample": 0.630767016641423, "colsample_bytree": 0.6912364291174167, "gamma": 3.9420989251138057, "lambda": 0.00040340331578679964, "alpha": 0.002995181302092023}