{"max_depth": 9, "learning_rate": 0.1936750737429799, "subsample": 0.7171982464525302, "colsample_bytree": 0.7325489924435555, "gamma": 0.8946316668599757, "lambda": 0.00189395632229166, "alpha": 1.5359418889203613e-06}