{"max_depth": 8, "learning_rate": 0.17180422613242075, "subsample": 0.688693405982238, "colsample_bytree": 0.6492802470154548, "gamma": 4.16551033704039, "lambda": 7.167021251685687e-07, "alpha": 2.733608322901445e-07}