{"max_depth": 3, "learning_rate": 0.21299131342518718, "subsample": 0.919360885269519, "colsample_bytree": 0.646042780271166, "gamma": 4.528341447742303, "lambda": 0.7937583563959968, "alpha": 0.22763575981169396}