{"max_depth": 9, "learning_rate": 0.08863336903490356, "subsample": 0.7702674438218602, "colsample_bytree": 0.5267044398664152, "gamma": 3.6924963832956577, "lambda": 0.000699345876779129, "alpha": 6.295532014987328e-07}