{"max_depth": 8, "learning_rate": 0.0243698331958314, "subsample": 0.6319320731207532, "colsample_bytree": 0.6101194692753935, "gamma": 3.685402567151393, "lambda": 0.2980022299040354, "alpha": 5.909370533033807e-05}