{"max_depth": 6, "learning_rate": 0.26241372731733714, "subsample": 0.7241186866029483, "colsample_bytree": 0.998566308705569, "gamma": 0.31336680318046095, "lambda": 0.14084559954619458, "alpha": 4.221482283401894e-07}