{"max_depth": 9, "learning_rate": 0.1939685910309047, "subsample": 0.7443324998025045, "colsample_bytree": 0.736791390693865, "gamma": 4.8132871293829025, "lambda": 4.029493713000238e-06, "alpha": 9.63306405982865e-07}