{"max_depth": 8, "learning_rate": 0.13114572755334278, "subsample": 0.9414482449173331, "colsample_bytree": 0.9848197376704393, "gamma": 3.6165745133734086, "lambda": 0.00010203872811044165, "alpha": 5.479386599429055e-05}