{"max_depth": 4, "learning_rate": 0.1873079517984098, "subsample": 0.8984689113194794, "colsample_bytree": 0.7134069888587277, "gamma": 2.656099098950497, "lambda": 0.07657881815181151, "alpha": 0.002342408236883872}