{"max_depth": 8, "learning_rate": 0.10081625867556591, "subsample": 0.679138608503171, "colsample_bytree": 0.604480494068952, "gamma": 4.828820327768174, "lambda": 1.2653178210912274e-07, "alpha": 6.216669281624378e-07}