{"max_depth": 7, "learning_rate": 0.10892810321078135, "subsample": 0.5099628667457599, "colsample_bytree": 0.6678898094534915, "gamma": 3.415907681731434, "lambda": 0.037243728913503485, "alpha": 1.5781496043736854e-08}