{"max_depth": 6, "learning_rate": 0.1842983043048172, "subsample": 0.5261214686113747, "colsample_bytree": 0.5248080278913154, "gamma": 4.625825971328413, "lambda": 0.038593662292230956, "alpha": 0.011495887744574322}