{"max_depth": 7, "learning_rate": 0.10341698932907069, "subsample": 0.6124979287106468, "colsample_bytree": 0.6826718073628222, "gamma": 1.8825862936598021, "lambda": 0.030801367400983, "alpha": 5.116189264348312e-07}