{"max_depth": 8, "learning_rate": 0.05477622134740573, "subsample": 0.6098853804356986, "colsample_bytree": 0.9540339841042398, "gamma": 3.165986864602396, "lambda": 0.0035308117614076206, "alpha": 0.00032011617088007133}