{"max_depth": 4, "learning_rate": 0.1415082058083155, "subsample": 0.8417906097515295, "colsample_bytree": 0.7134210994010953, "gamma": 2.2646212224391435, "lambda": 4.2335891365601976e-05, "alpha": 0.0064974519755818414}