{"max_depth": 7, "learning_rate": 0.16557784464890202, "subsample": 0.6789383039259882, "colsample_bytree": 0.666608429334905, "gamma": 3.8574743896797004, "lambda": 8.443120315584729e-08, "alpha": 0.18484431346002253}