{"max_depth": 5, "learning_rate": 0.2928414608385662, "subsample": 0.8306707550472563, "colsample_bytree": 0.6139979000702178, "gamma": 0.7328601684490804, "lambda": 1.6221892001171243e-05, "alpha": 0.014477260949986862}