{"max_depth": 8, "learning_rate": 0.23557909064800614, "subsample": 0.8759362048227755, "colsample_bytree": 0.8176410989561109, "gamma": 3.0546795397402478, "lambda": 0.002205746137708349, "alpha": 1.650625485715643e-05}