{"max_depth": 3, "learning_rate": 0.029411955608500004, "subsample": 0.9661800501966713, "colsample_bytree": 0.651074188231823, "gamma": 2.6245442297619386, "lambda": 6.760484565666173e-06, "alpha": 0.0006558950648294456}