{"max_depth": 4, "learning_rate": 0.06812917000718531, "subsample": 0.5538759501847978, "colsample_bytree": 0.9281035774687485, "gamma": 4.881448153317445, "lambda": 0.0645751874523338, "alpha": 0.11732844979800018}