{"max_depth": 5, "learning_rate": 0.21451562909911537, "subsample": 0.8541413488987595, "colsample_bytree": 0.9062489198196144, "gamma": 0.07516156275340913, "lambda": 0.468170725348225, "alpha": 1.563242061127141e-06}