{"max_depth": 3, "learning_rate": 0.28556712020264013, "subsample": 0.7383912426848052, "colsample_bytree": 0.8374702218244374, "gamma": 3.0594387230952087, "lambda": 0.4282572277763373, "alpha": 0.1576157234239604}