{"max_depth": 7, "learning_rate": 0.24927641825868246, "subsample": 0.7570832720655194, "colsample_bytree": 0.9849895538920475, "gamma": 2.0980889622074255, "lambda": 0.0930984922542338, "alpha": 1.3322153547730921e-08}