{"max_depth": 3, "learning_rate": 0.2579428231260334, "subsample": 0.8063191609715402, "colsample_bytree": 0.6655309531443752, "gamma": 2.8545849348631673, "lambda": 1.1661766336670877e-07, "alpha": 8.153685686331345e-07}