{"max_depth": 9, "learning_rate": 0.15067342405106132, "subsample": 0.701689077249137, "colsample_bytree": 0.6523036442595737, "gamma": 4.966152264494873, "lambda": 0.00020067086636702385, "alpha": 0.11377292109859377}