{"max_depth": 9, "learning_rate": 0.0934530814617289, "subsample": 0.7091543463883437, "colsample_bytree": 0.7478459637290771, "gamma": 1.2470441197383257, "lambda": 2.79438573215555e-07, "alpha": 0.3957400256599288}