{"max_depth": 10, "learning_rate": 0.27622881387390436, "subsample": 0.9485135264945168, "colsample_bytree": 0.5841034211900378, "gamma": 3.2452442373093033, "lambda": 0.025301464759799833, "alpha": 8.980371279080487e-07}