{"max_depth": 4, "learning_rate": 0.2373212239485095, "subsample": 0.734421437959955, "colsample_bytree": 0.6077424653461176, "gamma": 0.7254117321413278, "lambda": 1.2593498745297747e-06, "alpha": 0.14673250639509625}