{"max_depth": 4, "learning_rate": 0.022511838948058933, "subsample": 0.6038346750950101, "colsample_bytree": 0.7676580828596375, "gamma": 3.0372088732607945, "lambda": 0.14288726168587143, "alpha": 0.0044752970514381615}