{"max_depth": 4, "learning_rate": 0.2892790261705007, "subsample": 0.8508776509676452, "colsample_bytree": 0.9625533066975738, "gamma": 3.0374615009739854, "lambda": 0.007125748218769914, "alpha": 3.0860892033413596e-08}