{"max_depth": 7, "learning_rate": 0.23039270384365707, "subsample": 0.7828212109402118, "colsample_bytree": 0.6330967564590728, "gamma": 3.194050314222714, "lambda": 9.790813229502352e-08, "alpha": 1.971440358659695e-06}