{"max_depth": 8, "learning_rate": 0.08789971605914786, "subsample": 0.7732954386409523, "colsample_bytree": 0.7706395173455832, "gamma": 4.570165758128683, "lambda": 0.08393084796398051, "alpha": 9.931006159956922e-06}