{"max_depth": 3, "learning_rate": 0.1675917010945023, "subsample": 0.5718166011742891, "colsample_bytree": 0.8675658238329818, "gamma": 4.651334236535286, "lambda": 0.042496632819257994, "alpha": 2.4835265782896158e-05}