{"max_depth": 5, "learning_rate": 0.20510433278258286, "subsample": 0.5639434150486732, "colsample_bytree": 0.5756788422733135, "gamma": 3.3327050600832875, "lambda": 1.5045034415527784e-05, "alpha": 1.9061862608540385e-06}