{"max_depth": 6, "learning_rate": 0.1998510573092053, "subsample": 0.7890771778624956, "colsample_bytree": 0.8107242553967148, "gamma": 1.5665390968556925, "lambda": 1.874938025785176e-05, "alpha": 1.8304915667729595e-06}