{"max_depth": 8, "learning_rate": 0.10060963156724488, "subsample": 0.7268859113095846, "colsample_bytree": 0.8070852855270503, "gamma": 4.056652419239122, "lambda": 1.0473881070062125e-08, "alpha": 0.193404238486429}