{"max_depth": 5, "learning_rate": 0.054930672295487454, "subsample": 0.8022570612289688, "colsample_bytree": 0.801263605145517, "gamma": 4.32320110731836, "lambda": 0.21717494802044857, "alpha": 0.1291224357378167}