{"max_depth": 3, "learning_rate": 0.13488980514458968, "subsample": 0.9524673694055483, "colsample_bytree": 0.5216659068664617, "gamma": 3.463383957015775, "lambda": 0.011348177476459081, "alpha": 5.99098126495965e-08}