{"max_depth": 7, "learning_rate": 0.07530846898789528, "subsample": 0.9655994349914718, "colsample_bytree": 0.8884799484942403, "gamma": 1.3137115493404872, "lambda": 1.8204860964571119e-06, "alpha": 0.015271055700888108}