{"max_depth": 8, "learning_rate": 0.03313895646637397, "subsample": 0.5675747432923024, "colsample_bytree": 0.9189530205098821, "gamma": 0.3833291291708052, "lambda": 1.8947002312856534e-05, "alpha": 0.004328466753125952}