{"max_depth": 3, "learning_rate": 0.05463720334844454, "subsample": 0.8080899427228745, "colsample_bytree": 0.9309784342446061, "gamma": 3.654858194075901, "lambda": 4.77366141186891e-07, "alpha": 7.638583371659698e-08}