{"max_depth": 10, "learning_rate": 0.2758771425546353, "subsample": 0.6915812463512614, "colsample_bytree": 0.9070356535825906, "gamma": 4.980647511046296, "lambda": 1.3129584819771479e-08, "alpha": 2.858127374594281e-06}