{"max_depth": 3, "learning_rate": 0.26507521483891305, "subsample": 0.656846781100699, "colsample_bytree": 0.5110993365021572, "gamma": 0.5411376945304702, "lambda": 5.974502317942354e-07, "alpha": 5.254720794915016e-06}