{"max_depth": 3, "learning_rate": 0.23153287428649572, "subsample": 0.6563286243690006, "colsample_bytree": 0.7994497717604268, "gamma": 1.9596582825484143, "lambda": 0.073907284888161, "alpha": 1.8452983546866243e-06}