{"max_depth": 6, "learning_rate": 0.13401865725658038, "subsample": 0.6614831298184023, "colsample_bytree": 0.5018762581918161, "gamma": 4.4458566650177485, "lambda": 8.045848295097717e-07, "alpha": 1.0883373467151863e-05}