{"out_channels": 18, "kernel_size": 5, "num_blocks": 2, "l2_lambda": 0.004858081751859346, "dropout_rate": 0.11693251886036327, "lr": 0.0027798150298188103}