{"out_channels": 116, "kernel_size": 6, "num_blocks": 2, "l2_lambda": 0.005216322074437263, "dropout_rate": 0.16032662754808505, "lr": 5.088346603490711e-05}