{"out_channels": 93, "kernel_size": 3, "num_blocks": 1, "l2_lambda": 0.0024607798259349465, "dropout_rate": 0.4984982457519663, "lr": 0.0018788603232972778}