{"out_channels": 95, "kernel_size": 7, "num_blocks": 5, "l2_lambda": 0.0007898337641405, "dropout_rate": 0.24822345541538027, "epochs": 624, "lr": 0.003991032385923236}