{"out_channels": 97, "kernel_size": 4, "num_blocks": 2, "l2_lambda": 0.00440278984244401, "dropout_rate": 0.4896913600778217, "lr": 0.004600075598743242}