{"out_channels": 24, "kernel_size": 7, "num_blocks": 2, "lstm_hidden_size": 122, "l2_lambda": 0.005629523447290989, "dropout_rate": 0.4361930746246174, "lr": 0.09679909354919655, "batch_size": 112}