{"out_channels": 90, "kernel_size": 7, "num_blocks": 1, "lstm_hidden_size": 79, "l2_lambda": 0.009929048068161417, "dropout_rate": 0.22068672035253925, "lr": 0.07589832234778164, "batch_size": 97}