{"out_channels": 81, "kernel_size": 7, "num_blocks": 2, "lstm_hidden_size": 128, "l2_lambda": 0.006046337557251012, "dropout_rate": 0.34516673419000826, "lr": 0.025540640575770896, "batch_size": 227}