{"out_channels": 88, "kernel_size": 4, "num_blocks": 3, "lstm_hidden_size": 69, "l2_lambda": 0.009105076828110044, "dropout_rate": 0.4542902179948678, "lr": 0.07675624414651155, "batch_size": 57}