{"out_channels": 57, "kernel_size": 5, "num_blocks": 1, "lstm_hidden_size": 39, "l2_lambda": 0.00649443279877494, "dropout_rate": 0.339630571438318, "lr": 0.055676737401932165, "batch_size": 93}