{"out_channels": 44, "kernel_size": 4, "num_blocks": 2, "lstm_hidden_size": 91, "l2_lambda": 0.0007678293932491993, "dropout_rate": 0.16738490987774046, "lr": 0.09091230703755752, "batch_size": 107}