{"out_channels": 123, "kernel_size": 7, "num_blocks": 1, "lstm_hidden_size": 111, "l2_lambda": 0.004261442647255544, "dropout_rate": 0.17757203191621762, "lr": 0.02770365248063897, "batch_size": 98}