{"out_channels": 53, "kernel_size": 5, "num_blocks": 3, "lstm_hidden_size": 86, "l2_lambda": 0.001748715639660446, "dropout_rate": 0.46398240088823783, "lr": 0.04041358072604167, "batch_size": 137}