{"out_channels": 125, "kernel_size": 5, "num_blocks": 1, "lstm_hidden_size": 81, "l2_lambda": 0.00646344950118314, "dropout_rate": 0.2514911734054376, "lr": 0.031057482768741106, "batch_size": 233}