{"out_channels": 107, "kernel_size": 3, "num_blocks": 2, "lstm_hidden_size": 73, "l2_lambda": 0.00926068670427185, "dropout_rate": 0.19274809932101333, "lr": 0.018298165769638736, "batch_size": 48}