{"out_channels": 41, "kernel_size": 6, "num_blocks": 1, "lstm_hidden_size": 117, "l2_lambda": 0.00130955172170033, "dropout_rate": 0.45712304865757014, "lr": 0.0706809205111148, "batch_size": 156}