{"out_channels": 100, "kernel_size": 4, "num_blocks": 1, "lstm_hidden_size": 46, "l2_lambda": 0.001979181691721252, "dropout_rate": 0.470635910077435, "lr": 0.017960023347952384, "batch_size": 55}