{"out_channels": 71, "kernel_size": 3, "num_blocks": 2, "lstm_hidden_size": 110, "l2_lambda": 0.003471901584295314, "dropout_rate": 0.1866406151452675, "lr": 0.0172622034820917, "batch_size": 91}