{"out_channels": 92, "kernel_size": 4, "num_blocks": 1, "lstm_hidden_size": 103, "l2_lambda": 0.001180393488162107, "dropout_rate": 0.39234970459108764, "lr": 0.04535602230363751, "batch_size": 163}