{"out_channels": 59, "kernel_size": 3, "num_blocks": 1, "lstm_hidden_size": 63, "l2_lambda": 0.0016434332355658638, "dropout_rate": 0.2926079519468686, "lr": 0.045714449399158155, "batch_size": 95}