{"out_channels": 19, "kernel_size": 3, "num_blocks": 1, "lstm_hidden_size": 89, "l2_lambda": 0.00464044642001871, "dropout_rate": 0.13865570135598293, "lr": 0.08568863545507041, "batch_size": 167}