{"out_channels": 102, "kernel_size": 4, "num_blocks": 2, "lstm_hidden_size": 91, "l2_lambda": 0.004879470403681414, "dropout_rate": 0.36649154040673404, "lr": 0.06023796317413385, "batch_size": 236}