{"out_channels": 82, "kernel_size": 3, "num_blocks": 2, "lstm_hidden_size": 32, "l2_lambda": 0.0038755983691328016, "dropout_rate": 0.3692215061980634, "lr": 0.0790849907146055, "batch_size": 36}