{"out_channels": 87, "kernel_size": 6, "num_blocks": 2, "lstm_hidden_size": 123, "l2_lambda": 0.008679733821630146, "dropout_rate": 0.48540384125163494, "lr": 0.07633322958081054, "batch_size": 80}