{"out_channels": 72, "kernel_size": 7, "num_blocks": 3, "lstm_hidden_size": 110, "l2_lambda": 0.005676239571489195, "dropout_rate": 0.39296090571311015, "lr": 0.03421501101387279, "batch_size": 110}