{"out_channels": 117, "kernel_size": 3, "num_blocks": 1, "lstm_hidden_size": 65, "l2_lambda": 0.006563529015586144, "dropout_rate": 0.3321483321510313, "lr": 0.010592079414478633, "batch_size": 79}