{"out_channels": 25, "kernel_size": 3, "num_blocks": 1, "lstm_hidden_size": 63, "l2_lambda": 0.007448496200587488, "dropout_rate": 0.4326961060607333, "lr": 0.09148665898640405, "batch_size": 183}