{"out_channels": 18, "kernel_size": 7, "num_blocks": 2, "lstm_hidden_size": 93, "l2_lambda": 0.00241858693109247, "dropout_rate": 0.20208778204078556, "lr": 0.06703578567038054, "batch_size": 127}