{"out_channels": 112, "kernel_size": 6, "num_blocks": 2, "lstm_hidden_size": 105, "l2_lambda": 0.008999779380039817, "dropout_rate": 0.15988190118529408, "lr": 0.014491077809681577, "batch_size": 143}