{"out_channels": 69, "kernel_size": 7, "num_blocks": 1, "lstm_hidden_size": 68, "l2_lambda": 0.0045280086382387995, "dropout_rate": 0.3124136976655559, "lr": 0.09044929191101238, "batch_size": 93}