{"out_channels": 48, "kernel_size": 7, "num_blocks": 2, "lstm_hidden_size": 33, "l2_lambda": 0.0009860488051600274, "dropout_rate": 0.12045691571116564, "lr": 0.023189441176176852, "batch_size": 179}