{"out_channels": 22, "kernel_size": 3, "num_blocks": 2, "lstm_hidden_size": 90, "l2_lambda": 0.003482686638021536, "dropout_rate": 0.4633892977021077, "lr": 0.0517191012438416, "batch_size": 18}