{"out_channels": 127, "kernel_size": 3, "num_blocks": 3, "lstm_hidden_size": 66, "l2_lambda": 0.0006801966570274182, "dropout_rate": 0.44451107396453937, "lr": 0.02285525716215365, "batch_size": 196}