{"out_channels": 80, "kernel_size": 7, "num_blocks": 3, "lstm_hidden_size": 104, "l2_lambda": 0.0015827512238435581, "dropout_rate": 0.4912940201786181, "lr": 0.025172186392602325, "batch_size": 53}