{"out_channels": 114, "kernel_size": 7, "num_blocks": 3, "lstm_hidden_size": 65, "l2_lambda": 0.005621293213082371, "dropout_rate": 0.44136685389596153, "lr": 0.05713999170887021, "batch_size": 125}