{"out_channels": 25, "kernel_size": 3, "num_blocks": 2, "lstm_hidden_size": 33, "l2_lambda": 0.005637292027284595, "dropout_rate": 0.13869496744313548, "lr": 0.028697927000943743, "batch_size": 234}