{"out_channels": 74, "kernel_size": 6, "num_blocks": 2, "lstm_hidden_size": 109, "l2_lambda": 0.007947026600670907, "dropout_rate": 0.41234056983082124, "lr": 0.010877803419801818, "batch_size": 167}