{"out_channels": 92, "kernel_size": 7, "num_blocks": 3, "lstm_hidden_size": 51, "l2_lambda": 0.003910044144652415, "dropout_rate": 0.41946962331537707, "lr": 0.04408294981740418, "batch_size": 231}