{"out_channels": 127, "kernel_size": 3, "num_blocks": 1, "lstm_hidden_size": 70, "l2_lambda": 0.0066384538345743, "dropout_rate": 0.42422988037306664, "lr": 0.019473219285998853, "batch_size": 254}