{"out_channels": 84, "kernel_size": 5, "num_blocks": 2, "lstm_hidden_size": 61, "l2_lambda": 0.0038104926263822204, "dropout_rate": 0.1646168070973158, "lr": 0.06028703872083163, "batch_size": 179}