{"out_channels": 120, "kernel_size": 3, "num_blocks": 1, "lstm_hidden_size": 121, "l2_lambda": 7.543733684490566e-05, "dropout_rate": 0.35667528695157047, "lr": 0.08555534158171811, "batch_size": 140}