{"out_channels": 101, "kernel_size": 4, "num_blocks": 2, "lstm_hidden_size": 93, "l2_lambda": 0.008613158970294974, "dropout_rate": 0.21238189874003408, "lr": 0.06721423960183302, "batch_size": 109}