{"out_channels": 80, "kernel_size": 7, "num_blocks": 3, "lstm_hidden_size": 122, "l2_lambda": 0.00589025866543158, "dropout_rate": 0.225840246959327, "lr": 0.033621007269539246, "batch_size": 21}