{"out_channels": 125, "kernel_size": 5, "num_blocks": 1, "lstm_hidden_size": 40, "l2_lambda": 0.006110212916660611, "dropout_rate": 0.47435110395341396, "lr": 0.05331295387308489, "batch_size": 153}