{"out_channels": 67, "kernel_size": 6, "num_blocks": 2, "lstm_hidden_size": 46, "l2_lambda": 0.0004964292675937463, "dropout_rate": 0.48178996566033894, "lr": 0.05390984537651955, "batch_size": 169}