{"out_channels": 31, "kernel_size": 5, "num_blocks": 3, "lstm_hidden_size": 64, "l2_lambda": 0.00889710250642038, "dropout_rate": 0.3635095028190404, "lr": 0.03222147870714316, "batch_size": 213}