{"out_channels": 63, "kernel_size": 5, "num_blocks": 2, "lstm_hidden_size": 128, "l2_lambda": 0.009243242483535506, "dropout_rate": 0.10443936145360277, "lr": 0.04836256043333084, "batch_size": 231}