{"out_channels": 120, "kernel_size": 7, "num_blocks": 2, "lstm_hidden_size": 40, "l2_lambda": 0.007988425059123689, "dropout_rate": 0.2525077175797318, "lr": 0.03293725755415416, "batch_size": 57}