{"out_channels": 110, "kernel_size": 4, "num_blocks": 2, "lstm_hidden_size": 83, "l2_lambda": 0.00474891538153014, "dropout_rate": 0.29850308639948864, "lr": 0.03308915783610678, "batch_size": 209}