{"out_channels": 79, "kernel_size": 6, "num_blocks": 1, "lstm_hidden_size": 63, "l2_lambda": 0.005994785905702181, "dropout_rate": 0.32025623619859084, "lr": 0.04024141328655331, "batch_size": 69}