{"out_channels": 93, "kernel_size": 4, "num_blocks": 2, "lstm_hidden_size": 89, "l2_lambda": 0.00618998327375752, "dropout_rate": 0.334072708588799, "lr": 0.04512588656195796, "batch_size": 165}