{"out_channels": 36, "kernel_size": 3, "num_blocks": 2, "lstm_hidden_size": 79, "l2_lambda": 0.007531927645186667, "dropout_rate": 0.3872160195136862, "lr": 0.011731396623131423, "batch_size": 247}