{"out_channels": 121, "kernel_size": 6, "num_blocks": 1, "lstm_hidden_size": 93, "l2_lambda": 0.003143322584965233, "dropout_rate": 0.11230160058848045, "lr": 0.06232067364267021, "batch_size": 241}