{"out_channels": 85, "kernel_size": 7, "num_blocks": 2, "lstm_hidden_size": 120, "l2_lambda": 0.009344287157658917, "dropout_rate": 0.193431851006306, "lr": 0.04446211366859562, "batch_size": 97}