{"out_channels": 22, "kernel_size": 3, "num_blocks": 2, "lstm_hidden_size": 61, "l2_lambda": 0.0012354503254801432, "dropout_rate": 0.2641147475541187, "lr": 0.00865325189954275, "batch_size": 37}