{"out_channels": 86, "kernel_size": 6, "num_blocks": 1, "lstm_hidden_size": 42, "l2_lambda": 0.0074664212345284, "dropout_rate": 0.25678861432857947, "lr": 0.040905375612870325, "batch_size": 168}