{"out_channels": 59, "kernel_size": 7, "num_blocks": 1, "lstm_hidden_size": 106, "l2_lambda": 0.009378097621578603, "dropout_rate": 0.28743656834425824, "lr": 0.09994436937216425, "batch_size": 194}