{"out_channels": 96, "kernel_size": 7, "num_blocks": 2, "lstm_hidden_size": 123, "l2_lambda": 0.008670142382925317, "dropout_rate": 0.10085484358355164, "lr": 0.06271141092834441, "batch_size": 227}