{"out_channels": 52, "kernel_size": 5, "num_blocks": 1, "lstm_hidden_size": 83, "l2_lambda": 0.006044029411707868, "dropout_rate": 0.28657762341730164, "lr": 0.07722703376185401, "batch_size": 29}