{"out_channels": 84, "kernel_size": 7, "num_blocks": 2, "lstm_hidden_size": 122, "l2_lambda": 0.004235976595078923, "dropout_rate": 0.2903313405772846, "lr": 0.00010060338577116821, "batch_size": 144}