{"out_channels": 40, "kernel_size": 7, "num_blocks": 2, "lstm_hidden_size": 110, "l2_lambda": 0.004716157765736603, "dropout_rate": 0.19825384235043872, "lr": 0.002212885383278444, "batch_size": 110}