{"out_channels": 64, "kernel_size": 7, "num_blocks": 2, "lstm_hidden_size": 116, "l2_lambda": 0.004062944048394006, "dropout_rate": 0.30875332732125194, "lr": 0.02266743950469846, "batch_size": 211}