{"out_channels": 48, "kernel_size": 7, "num_blocks": 2, "lstm_hidden_size": 112, "l2_lambda": 0.007418161130229826, "dropout_rate": 0.36601626105351315, "lr": 0.028737784437590064, "batch_size": 203}