{"out_channels": 80, "kernel_size": 5, "num_blocks": 3, "lstm_hidden_size": 39, "l2_lambda": 0.0063112790037797035, "dropout_rate": 0.10747400504948734, "lr": 0.05518057675298208, "batch_size": 69}