{"out_channels": 60, "kernel_size": 3, "num_blocks": 1, "lstm_hidden_size": 53, "l2_lambda": 0.0014956146507877806, "dropout_rate": 0.4624856200295424, "lr": 0.054218902537301016, "batch_size": 171}