{"out_channels": 20, "kernel_size": 7, "num_blocks": 2, "lstm_hidden_size": 106, "l2_lambda": 0.004974649153934075, "dropout_rate": 0.19051064068724927, "lr": 0.012606050124735669, "batch_size": 24}