{"out_channels": 41, "kernel_size": 4, "num_blocks": 1, "lstm_hidden_size": 107, "l2_lambda": 0.0090268808461691, "dropout_rate": 0.3657627537728184, "lr": 0.05474520908099905, "batch_size": 204}