{"out_channels": 40, "kernel_size": 3, "num_blocks": 2, "lstm_hidden_size": 36, "l2_lambda": 0.008550250548035094, "dropout_rate": 0.31846850069833155, "lr": 0.09479608385446744, "batch_size": 73}