{"out_channels": 53, "kernel_size": 7, "num_blocks": 2, "lstm_hidden_size": 67, "l2_lambda": 0.003773642763848745, "dropout_rate": 0.10686286463140822, "lr": 0.03531810235245306, "batch_size": 64}