{"out_channels": 45, "kernel_size": 3, "num_blocks": 2, "lstm_hidden_size": 50, "l2_lambda": 0.004273574394541123, "dropout_rate": 0.333873148032481, "lr": 0.09064889889184603, "batch_size": 127}