{"out_channels": 89, "kernel_size": 3, "num_blocks": 2, "lstm_hidden_size": 60, "l2_lambda": 0.0003476620250661595, "dropout_rate": 0.4332639910280106, "lr": 0.06384813279340643, "batch_size": 141}