{"out_channels": 74, "kernel_size": 6, "num_blocks": 1, "lstm_hidden_size": 94, "l2_lambda": 0.005508881533856423, "dropout_rate": 0.2942804134269888, "lr": 0.00014117230270087208, "batch_size": 79}