{"out_channels": 28, "kernel_size": 5, "num_blocks": 3, "lstm_hidden_size": 107, "l2_lambda": 0.00044437871295215824, "dropout_rate": 0.48730144932902564, "lr": 0.002295817676661571, "batch_size": 27}