{"out_channels": 54, "kernel_size": 3, "num_blocks": 1, "lstm_hidden_size": 50, "l2_lambda": 0.0011677800267785054, "dropout_rate": 0.11546961278326125, "lr": 0.09635897126190941, "batch_size": 109}