{"out_channels": 58, "kernel_size": 4, "num_blocks": 3, "lstm_hidden_size": 119, "l2_lambda": 0.009929428382528296, "dropout_rate": 0.48468698262813936, "lr": 0.01582073584252957, "batch_size": 169}