{"out_channels": 29, "kernel_size": 4, "num_blocks": 1, "lstm_hidden_size": 47, "l2_lambda": 0.0057809974370355, "dropout_rate": 0.41233441866416765, "lr": 0.003629043103080076, "batch_size": 38}