{"out_channels": 97, "kernel_size": 4, "num_blocks": 3, "lstm_hidden_size": 71, "l2_lambda": 0.0015101184666367496, "dropout_rate": 0.17042084452039535, "lr": 0.08304427890302005, "batch_size": 31}