{"out_channels": 64, "kernel_size": 4, "num_blocks": 1, "lstm_hidden_size": 83, "l2_lambda": 0.0002529878484595833, "dropout_rate": 0.2869309317026652, "lr": 0.030765654325492005, "batch_size": 203}