{"out_channels": 112, "kernel_size": 7, "num_blocks": 2, "lstm_hidden_size": 67, "l2_lambda": 0.0009182247590553358, "dropout_rate": 0.4433692334365894, "lr": 0.004987290267860211, "batch_size": 60}