{"out_channels": 111, "kernel_size": 5, "num_blocks": 2, "lstm_hidden_size": 79, "l2_lambda": 0.006261149271614537, "dropout_rate": 0.16835530873293653, "lr": 0.08840932094385866, "batch_size": 241}