{"out_channels": 97, "kernel_size": 5, "num_blocks": 2, "lstm_hidden_size": 118, "l2_lambda": 0.009670718372163241, "dropout_rate": 0.17898961361637722, "lr": 0.052028961107029856, "batch_size": 152}