{"out_channels": 35, "kernel_size": 7, "num_blocks": 2, "lstm_hidden_size": 69, "l2_lambda": 0.006682155187548458, "dropout_rate": 0.11543329976381944, "lr": 0.029784852019906192, "batch_size": 80}