{"out_channels": 21, "kernel_size": 6, "num_blocks": 2, "lstm_hidden_size": 122, "l2_lambda": 0.0083289559662165, "dropout_rate": 0.24474826084181203, "lr": 0.002401229500726052, "batch_size": 135}