{"out_channels": 22, "kernel_size": 6, "num_blocks": 3, "lstm_hidden_size": 92, "l2_lambda": 0.005507101740238752, "dropout_rate": 0.3287035381739217, "lr": 0.08659034383862327, "batch_size": 148}