{"out_channels": 22, "kernel_size": 4, "num_blocks": 2, "lstm_hidden_size": 83, "l2_lambda": 0.007798581776190502, "dropout_rate": 0.26214032427362155, "lr": 0.09983732468341225, "batch_size": 167}