{"out_channels": 74, "kernel_size": 3, "num_blocks": 2, "lstm_hidden_size": 34, "l2_lambda": 0.0030852367096786365, "dropout_rate": 0.33005927372429245, "lr": 0.036500658299888265, "batch_size": 205}