{"out_channels": 82, "kernel_size": 5, "num_blocks": 2, "lstm_hidden_size": 95, "l2_lambda": 0.007869376970507717, "dropout_rate": 0.2986897482560167, "lr": 0.057621606560431825, "batch_size": 216}