{"out_channels": 114, "kernel_size": 7, "num_blocks": 3, "lstm_hidden_size": 77, "l2_lambda": 0.0010915564297526114, "dropout_rate": 0.46445854378085927, "lr": 0.01988084189865033, "batch_size": 156}