{"out_channels": 88, "kernel_size": 7, "num_blocks": 3, "lstm_hidden_size": 41, "l2_lambda": 0.004254198598890712, "dropout_rate": 0.3884253507732277, "lr": 0.019696222466711533, "batch_size": 210}