{"out_channels": 111, "kernel_size": 4, "num_blocks": 3, "lstm_hidden_size": 91, "l2_lambda": 0.006238835892704868, "dropout_rate": 0.174692610017584, "lr": 0.05022564365930001, "batch_size": 219}