{"out_channels": 83, "kernel_size": 6, "num_blocks": 2, "lstm_hidden_size": 79, "l2_lambda": 0.0059574560294114376, "dropout_rate": 0.2917152996036565, "lr": 0.047349907430970194, "batch_size": 254}