{"out_channels": 100, "kernel_size": 4, "num_blocks": 2, "lstm_hidden_size": 100, "l2_lambda": 0.0001683479051361698, "dropout_rate": 0.1772390058639263, "lr": 0.09452740677539165, "batch_size": 204}