{"out_channels": 96, "kernel_size": 3, "num_blocks": 3, "lstm_hidden_size": 95, "l2_lambda": 0.00043571597299288454, "dropout_rate": 0.27893130740145977, "lr": 0.07654318843601823, "batch_size": 185}