{"out_channels": 78, "kernel_size": 6, "num_blocks": 2, "lstm_hidden_size": 41, "l2_lambda": 0.006158955295507668, "dropout_rate": 0.4020979309188717, "lr": 0.002473904692392815, "batch_size": 126}