{"out_channels": 20, "kernel_size": 3, "num_blocks": 3, "lstm_hidden_size": 87, "l2_lambda": 0.006766585006979343, "dropout_rate": 0.14819744484068417, "lr": 0.009657530959234812, "batch_size": 41}