{"out_channels": 121, "kernel_size": 5, "num_blocks": 3, "lstm_hidden_size": 75, "l2_lambda": 0.009816070964921637, "dropout_rate": 0.4768648821528717, "lr": 0.04469261328604054, "batch_size": 33}