{"out_channels": 30, "kernel_size": 6, "num_blocks": 1, "lstm_hidden_size": 36, "l2_lambda": 0.004473572413571284, "dropout_rate": 0.3100328877455936, "lr": 0.08048141158638879, "batch_size": 223}