{"out_channels": 56, "kernel_size": 4, "num_blocks": 3, "lstm_hidden_size": 72, "l2_lambda": 0.008393103519025696, "dropout_rate": 0.311494486806917, "lr": 0.06451728449731028, "batch_size": 28}