{"out_channels": 121, "kernel_size": 4, "num_blocks": 3, "lstm_hidden_size": 92, "l2_lambda": 0.007535153414920834, "dropout_rate": 0.30432442774959945, "lr": 0.06363263773610998, "batch_size": 176}