{"out_channels": 47, "kernel_size": 7, "num_blocks": 2, "lstm_hidden_size": 58, "l2_lambda": 0.0010403389253829578, "dropout_rate": 0.4086800906194009, "lr": 0.08610320150096827, "batch_size": 154}