{"out_channels": 110, "kernel_size": 4, "num_blocks": 1, "lstm_hidden_size": 124, "l2_lambda": 0.009164204388935723, "dropout_rate": 0.2797475327861692, "lr": 0.07195561816868071, "batch_size": 112}