{"out_channels": 27, "kernel_size": 3, "num_blocks": 1, "lstm_hidden_size": 93, "l2_lambda": 0.006056832584734822, "dropout_rate": 0.35846990609732965, "lr": 0.015590491303497005, "batch_size": 71}