{"out_channels": 39, "kernel_size": 7, "num_blocks": 2, "lstm_hidden_size": 96, "l2_lambda": 0.005870062391020598, "dropout_rate": 0.4299552270817446, "lr": 0.06943048148668252, "batch_size": 198}