{"out_channels": 66, "kernel_size": 4, "num_blocks": 1, "lstm_hidden_size": 61, "l2_lambda": 0.005263893419599216, "dropout_rate": 0.19521022245058336, "lr": 0.09464899360371737, "batch_size": 235}