{"out_channels": 105, "kernel_size": 5, "num_blocks": 3, "lstm_hidden_size": 92, "l2_lambda": 0.009168140668808271, "dropout_rate": 0.3904654354442295, "lr": 0.09809418601731022, "batch_size": 87}