{"out_channels": 20, "kernel_size": 4, "num_blocks": 1, "lstm_hidden_size": 33, "l2_lambda": 0.0019128166779069844, "dropout_rate": 0.21497409366149756, "lr": 0.09457710132308456, "batch_size": 144}