{"out_channels": 74, "kernel_size": 7, "num_blocks": 2, "lstm_hidden_size": 59, "l2_lambda": 0.001786614468759512, "dropout_rate": 0.17191573927018833, "lr": 0.028312991937319402, "batch_size": 83}