{"out_channels": 63, "kernel_size": 4, "num_blocks": 1, "lstm_hidden_size": 100, "l2_lambda": 0.0025658008022744322, "dropout_rate": 0.48403541720375154, "lr": 0.08889922316372166, "batch_size": 90}