{"out_channels": 33, "kernel_size": 7, "num_blocks": 1, "lstm_hidden_size": 83, "l2_lambda": 0.0021596837158934248, "dropout_rate": 0.13244252266431988, "lr": 0.029076763292926393, "batch_size": 71}