{"out_channels": 40, "kernel_size": 5, "num_blocks": 2, "lstm_hidden_size": 115, "l2_lambda": 0.00568564822228004, "dropout_rate": 0.26649442395831247, "lr": 0.00706722245119657, "batch_size": 247}