{"out_channels": 41, "kernel_size": 4, "num_blocks": 3, "lstm_hidden_size": 104, "l2_lambda": 0.009759079459346683, "dropout_rate": 0.21441797656307254, "lr": 0.006488523583551982, "batch_size": 24}