{"out_channels": 58, "kernel_size": 4, "num_blocks": 1, "lstm_hidden_size": 38, "l2_lambda": 0.008162627255485307, "dropout_rate": 0.3543814652616576, "lr": 0.08925859279428096, "batch_size": 183}