{"out_channels": 75, "kernel_size": 5, "num_blocks": 1, "lstm_hidden_size": 51, "l2_lambda": 0.005001730803126091, "dropout_rate": 0.21029589808158244, "lr": 0.005171517918706386, "batch_size": 161}