{"out_channels": 103, "kernel_size": 7, "num_blocks": 1, "lstm_hidden_size": 112, "l2_lambda": 0.006541721858657461, "dropout_rate": 0.4436029213783711, "lr": 0.003191105425554699, "batch_size": 195}