{"out_channels": 86, "kernel_size": 3, "num_blocks": 2, "lstm_hidden_size": 123, "l2_lambda": 0.006328110401264752, "dropout_rate": 0.2074757603139648, "lr": 0.05251531792914457, "batch_size": 120}