{"out_channels": 83, "kernel_size": 6, "num_blocks": 3, "lstm_hidden_size": 67, "l2_lambda": 0.009512353061869872, "dropout_rate": 0.20914652693598812, "lr": 0.022051355039531713, "batch_size": 49}