{"out_channels": 37, "kernel_size": 3, "num_blocks": 3, "lstm_hidden_size": 103, "l2_lambda": 0.00987082293138352, "dropout_rate": 0.4522703170218215, "lr": 0.04653238783151738, "batch_size": 82}