{"out_channels": 120, "kernel_size": 4, "num_blocks": 2, "lstm_hidden_size": 83, "l2_lambda": 0.0002966880430516376, "dropout_rate": 0.26628365595533354, "lr": 0.0030164219262611537, "batch_size": 69}