{"out_channels": 17, "kernel_size": 7, "num_blocks": 2, "lstm_hidden_size": 56, "l2_lambda": 0.006418119609752113, "dropout_rate": 0.373913630708408, "lr": 0.07467178862428961, "batch_size": 71}