{"out_channels": 91, "kernel_size": 5, "num_blocks": 1, "lstm_hidden_size": 94, "l2_lambda": 0.0016457574795933913, "dropout_rate": 0.45657716132813253, "lr": 0.08798157960078569, "batch_size": 115}