{"out_channels": 53, "kernel_size": 7, "num_blocks": 1, "lstm_hidden_size": 123, "l2_lambda": 0.00675062520233909, "dropout_rate": 0.23206646946377935, "lr": 0.03061284304473973, "batch_size": 161}