{"out_channels": 57, "kernel_size": 6, "num_blocks": 1, "lstm_hidden_size": 124, "l2_lambda": 0.006535276893430411, "dropout_rate": 0.3263290665164066, "lr": 0.003662736817255187, "batch_size": 80}