{"out_channels": 84, "kernel_size": 6, "num_blocks": 3, "lstm_hidden_size": 67, "l2_lambda": 0.009327319539462645, "dropout_rate": 0.4062932535399284, "lr": 0.0672671322220957, "batch_size": 205}