{"out_channels": 31, "kernel_size": 6, "num_blocks": 2, "lstm_hidden_size": 37, "l2_lambda": 0.0074977502525389395, "dropout_rate": 0.16864359917492416, "lr": 0.06935687330903892, "batch_size": 218}