{"out_channels": 19, "kernel_size": 6, "num_blocks": 3, "lstm_hidden_size": 121, "l2_lambda": 0.0036198742457718364, "dropout_rate": 0.30581716697299566, "lr": 0.0769403946718858, "batch_size": 157}