{"out_channels": 84, "kernel_size": 7, "num_blocks": 2, "lstm_hidden_size": 114, "l2_lambda": 0.0018812208288511193, "dropout_rate": 0.21518274817733263, "lr": 0.045366437220435915, "batch_size": 167}