{"out_channels": 92, "kernel_size": 7, "num_blocks": 3, "lstm_hidden_size": 44, "l2_lambda": 0.0030065197684957597, "dropout_rate": 0.1773966035771828, "lr": 0.061299348000865006, "batch_size": 206}