{"out_channels": 41, "kernel_size": 3, "num_blocks": 1, "lstm_hidden_size": 109, "l2_lambda": 0.007400033638146205, "dropout_rate": 0.1470096958691349, "lr": 0.02161390209707523, "batch_size": 236}