{"out_channels": 58, "kernel_size": 5, "num_blocks": 1, "lstm_hidden_size": 57, "l2_lambda": 0.0031519897457733762, "dropout_rate": 0.4335900856827851, "lr": 0.07073045975434679, "batch_size": 222}