{"out_channels": 37, "kernel_size": 5, "num_blocks": 1, "lstm_hidden_size": 65, "l2_lambda": 0.008665456464122416, "dropout_rate": 0.4163690870081883, "lr": 0.06263992526005183, "batch_size": 60}