{"out_channels": 67, "kernel_size": 3, "num_blocks": 1, "lstm_hidden_size": 75, "l2_lambda": 0.0021224724650632126, "dropout_rate": 0.21743923184663716, "lr": 0.04332445832195301, "batch_size": 233}