{"out_channels": 40, "kernel_size": 7, "num_blocks": 2, "lstm_hidden_size": 97, "l2_lambda": 0.007694293167849683, "dropout_rate": 0.24043345838332503, "lr": 0.04365048400196181, "batch_size": 17}