{"out_channels": 102, "kernel_size": 5, "num_blocks": 1, "lstm_hidden_size": 35, "l2_lambda": 0.0038690981299354084, "dropout_rate": 0.36224643793296674, "lr": 0.07092031170680488, "batch_size": 191}