{"out_channels": 67, "kernel_size": 7, "num_blocks": 3, "lstm_hidden_size": 42, "l2_lambda": 0.008942429772686888, "dropout_rate": 0.21593532611291796, "lr": 0.05195260173285382, "batch_size": 34}