{"out_channels": 116, "kernel_size": 5, "num_blocks": 3, "lstm_hidden_size": 95, "l2_lambda": 0.0016603633682387427, "dropout_rate": 0.34893913506897667, "lr": 0.06298570111330865, "batch_size": 156}