{"out_channels": 115, "kernel_size": 4, "num_blocks": 1, "lstm_hidden_size": 43, "l2_lambda": 0.006548805091559068, "dropout_rate": 0.12888194114599122, "lr": 0.024128054988086196, "batch_size": 170}