{"out_channels": 122, "kernel_size": 6, "num_blocks": 3, "lstm_hidden_size": 54, "l2_lambda": 0.009654416193910994, "dropout_rate": 0.3648767275985553, "lr": 0.042562475487842616, "batch_size": 33}