{"out_channels": 30, "kernel_size": 6, "num_blocks": 2, "lstm_hidden_size": 43, "l2_lambda": 0.007792620620061472, "dropout_rate": 0.3802655230531541, "lr": 0.06938516023418473, "batch_size": 86}