{"out_channels": 48, "kernel_size": 3, "num_blocks": 2, "lstm_hidden_size": 96, "l2_lambda": 0.0013603742322020969, "dropout_rate": 0.4239017413739423, "lr": 0.01170815734096658, "batch_size": 116}