{"out_channels": 82, "kernel_size": 5, "num_blocks": 3, "lstm_hidden_size": 89, "l2_lambda": 0.008273264366353535, "dropout_rate": 0.26207787546651906, "lr": 0.09330796697462818, "batch_size": 42}