{"out_channels": 102, "kernel_size": 3, "num_blocks": 3, "lstm_hidden_size": 70, "l2_lambda": 0.004890209127838853, "dropout_rate": 0.2567937897150089, "lr": 0.01489956696386534, "batch_size": 89}