{"out_channels": 121, "kernel_size": 4, "num_blocks": 1, "lstm_hidden_size": 93, "l2_lambda": 0.0004513615978646608, "dropout_rate": 0.43380786686451, "lr": 0.041842518916557436, "batch_size": 136}