{"out_channels": 113, "kernel_size": 4, "num_blocks": 2, "lstm_hidden_size": 45, "l2_lambda": 0.004408187474135807, "dropout_rate": 0.4808987037530327, "lr": 0.039021870891500776, "batch_size": 73}