{"out_channels": 32, "kernel_size": 7, "num_blocks": 1, "lstm_hidden_size": 54, "l2_lambda": 0.004044167153205034, "dropout_rate": 0.4815609425616203, "lr": 0.0267962013634103, "batch_size": 223}