{"out_channels": 100, "kernel_size": 5, "num_blocks": 2, "lstm_hidden_size": 47, "l2_lambda": 0.0034306732977041356, "dropout_rate": 0.3986010670779432, "lr": 0.004463179536542179, "batch_size": 85}