{"out_channels": 60, "kernel_size": 7, "num_blocks": 3, "lstm_hidden_size": 54, "l2_lambda": 0.007272767166233607, "dropout_rate": 0.4180900328631806, "lr": 0.07152905972552998, "batch_size": 80}