{"out_channels": 60, "kernel_size": 4, "num_blocks": 2, "lstm_hidden_size": 87, "l2_lambda": 0.0025839245211228433, "dropout_rate": 0.17997020887439277, "lr": 0.07658848501591815, "batch_size": 58}