{"sequence_length": 22, "hidden_size": 98, "num_layers": 3, "num_blocks": 3, "dropout_rate": 0.23877113440785075, "lr": 0.07928342967463965}