{"sequence_length": 29, "hidden_size": 53, "num_layers": 3, "num_blocks": 1, "dropout_rate": 0.1504522776681025, "lr": 0.05889993505973285}