{"sequence_length": 23, "hidden_size": 52, "num_layers": 2, "num_blocks": 2, "dropout_rate": 0.467226299828721, "lr": 0.03423721814030407, "batch_size": 116}