{"sequence_length": 30, "hidden_size": 37, "num_layers": 1, "num_blocks": 3, "dropout_rate": 0.22317071498537225, "lr": 0.012227055002093265, "batch_size": 194}