{"sequence_length": 6, "hidden_size": 74, "num_layers": 3, "num_blocks": 2, "dropout_rate": 0.27309155729094003, "lr": 0.0369028186626683}