{"sequence_length": 25, "hidden_size": 73, "num_layers": 1, "num_blocks": 2, "dropout_rate": 0.4281629402198346, "lr": 0.017961549402922956}