{"sequence_length": 4, "hidden_size": 26, "num_layers": 2, "num_blocks": 1, "dropout_rate": 0.46821126797144086, "lr": 0.03399504269856536}