{"sequence_length": 22, "hidden_size": 66, "num_layers": 2, "num_blocks": 5, "dropout_rate": 0.24384538458544786, "lr": 0.07604162026502595}