{"sequence_length": 7, "hidden_size": 118, "num_layers": 2, "num_blocks": 4, "dropout_rate": 0.3682777042174471, "lr": 0.0973384663968612}