{"sequence_length": 18, "hidden_size": 92, "num_layers": 1, "num_blocks": 2, "dropout_rate": 0.45725163704282823, "lr": 0.07624097805735623}