{"sequence_length": 4, "hidden_size": 121, "num_layers": 1, "num_blocks": 1, "dropout_rate": 0.12909625901135843, "lr": 0.06963973776277205}