{"sequence_length": 17, "hidden_size": 125, "num_layers": 2, "num_blocks": 4, "dropout_rate": 0.4049331575537344, "lr": 0.06271819620996648}