{"sequence_length": 22, "hidden_size": 86, "num_layers": 1, "num_blocks": 1, "dropout_rate": 0.17690793361142665, "lr": 0.07152645217477671, "batch_size": 232}