{"sequence_length": 15, "hidden_size": 25, "num_layers": 3, "num_blocks": 2, "dropout_rate": 0.15917648980074245, "lr": 0.07874933492022164}