{"sequence_length": 10, "hidden_size": 18, "num_layers": 2, "num_blocks": 5, "dropout_rate": 0.4889521133638265, "lr": 0.030856669130636654}