{"sequence_length": 25, "hidden_size": 77, "num_layers": 3, "num_blocks": 3, "dropout_rate": 0.264181343666701, "lr": 0.08183786952229499}