{"sequence_length": 26, "hidden_size": 20, "num_layers": 3, "num_blocks": 1, "dropout_rate": 0.2060343287934909, "lr": 0.036139089767794966}