{"sequence_length": 8, "hidden_size": 66, "num_layers": 3, "num_blocks": 3, "dropout_rate": 0.2788904128501454, "lr": 0.004664019756411131}