{"sequence_length": 20, "hidden_size": 106, "num_layers": 3, "num_blocks": 2, "dropout_rate": 0.2953294221522247, "lr": 0.0030319797783641797}