{"sequence_length": 11, "hidden_size": 77, "num_layers": 2, "num_blocks": 3, "dropout_rate": 0.381268304000572, "lr": 0.0017905187166674576}