{"sequence_length": 13, "hidden_size": 120, "num_layers": 2, "num_blocks": 3, "dropout_rate": 0.17541812304736407, "lr": 0.06131711890485572}