{"sequence_length": 11, "hidden_size": 30, "num_layers": 2, "num_blocks": 1, "dropout_rate": 0.15763538153083242, "lr": 0.061434226627317595}