{"sequence_length": 17, "hidden_size": 55, "num_layers": 3, "num_blocks": 1, "dropout_rate": 0.44168112713002017, "lr": 0.03603954267144086, "batch_size": 177}