{"sequence_length": 23, "hidden_size": 126, "num_layers": 1, "num_blocks": 3, "dropout_rate": 0.3291322952086475, "lr": 0.02955736848642651}