{"sequence_length": 21, "hidden_size": 30, "num_layers": 1, "num_blocks": 2, "dropout_rate": 0.23276481749858205, "lr": 0.0944401106888368}