{"sequence_length": 30, "hidden_size": 104, "num_layers": 1, "num_blocks": 4, "dropout_rate": 0.3324922928856653, "lr": 0.049587259144805836}