{"sequence_length": 10, "hidden_size": 112, "num_layers": 3, "num_blocks": 5, "dropout_rate": 0.3308637539544642, "lr": 0.03160759885224141}