{"sequence_length": 16, "hidden_size": 18, "num_layers": 3, "num_blocks": 1, "dropout_rate": 0.2502133992121105, "lr": 0.0032170511975454495}