{"sequence_length": 20, "hidden_size": 47, "num_layers": 1, "num_blocks": 5, "dropout_rate": 0.38612513293677087, "lr": 0.01827755602066516}