{"sequence_length": 10, "hidden_size": 93, "num_layers": 1, "num_blocks": 2, "dropout_rate": 0.36136901882506145, "lr": 0.0019834481875997305}