{"sequence_length": 28, "hidden_size": 43, "num_layers": 2, "num_blocks": 2, "dropout_rate": 0.37237614879864545, "lr": 0.04140960786712728, "batch_size": 225, "l2_lambda": 0.005487763994155043}