{"sequence_length": 20, "hidden_size": 39, "num_layers": 1, "num_blocks": 1, "dropout_rate": 0.1071472532164441, "lr": 0.08474040282230956}