{"sequence_length": 21, "hidden_size": 23, "num_layers": 3, "num_blocks": 1, "dropout_rate": 0.2996685194494407, "lr": 0.07941084910594953}