{"sequence_length": 6, "hidden_size": 61, "num_layers": 1, "num_blocks": 2, "dropout_rate": 0.4148641565930943, "lr": 0.030167368022692338, "batch_size": 162, "l2_lambda": 0.005839642013613316}