{"sequence_length": 10, "hidden_size": 91, "num_layers": 1, "num_blocks": 1, "dropout_rate": 0.33225058260532747, "lr": 0.033130366677242194}