{"sequence_length": 9, "hidden_size": 122, "num_layers": 1, "num_blocks": 2, "dropout_rate": 0.4202042423984229, "lr": 0.022813110478785623}