{"sequence_length": 20, "hidden_size": 91, "num_layers": 1, "num_blocks": 2, "dropout_rate": 0.48385379141240104, "lr": 0.08318917832651929, "batch_size": 87, "l2_lambda": 0.0027435885656536887}