{"sequence_length": 3, "hidden_size": 46, "num_layers": 3, "num_blocks": 2, "dropout_rate": 0.37813216360481916, "lr": 0.09198977483772539}