{"sequence_length": 19, "hidden_size": 64, "num_layers": 3, "num_blocks": 2, "dropout_rate": 0.34393606903205776, "lr": 0.09903760106209926}