{"sequence_length": 3, "hidden_size": 105, "num_layers": 2, "num_blocks": 2, "dropout_rate": 0.39133840434932765, "lr": 0.04759309211626703}