{"sequence_length": 15, "hidden_size": 119, "num_layers": 3, "num_blocks": 2, "dropout_rate": 0.17819601722954267, "lr": 0.08508150429843542, "batch_size": 116, "l2_lambda": 0.006322532245817284}