{"sequence_length": 20, "hidden_size": 118, "num_layers": 2, "num_blocks": 4, "dropout_rate": 0.43618341306937813, "lr": 0.08005207475801003}