{"sequence_length": 3, "hidden_size": 33, "num_layers": 2, "num_blocks": 1, "dropout_rate": 0.40798875125785405, "lr": 0.04906449159434375, "batch_size": 39}