{"sequence_length": 7, "hidden_size": 110, "num_layers": 3, "num_blocks": 1, "dropout_rate": 0.45656545811558646, "lr": 0.07750024968271038, "batch_size": 210, "l2_lambda": 0.007699521203660265}