{"sequence_length": 27, "hidden_size": 80, "num_layers": 2, "num_blocks": 3, "dropout_rate": 0.4413200935906917, "lr": 0.045452497771456685}