{"sequence_length": 23, "hidden_size": 24, "num_layers": 1, "num_blocks": 2, "dropout_rate": 0.1688210009941034, "lr": 0.06586538283764459, "batch_size": 103}