{"sequence_length": 20, "hidden_size": 106, "num_layers": 2, "num_blocks": 4, "dropout_rate": 0.3979633397256309, "lr": 0.07776501064785289}