{"sequence_length": 4, "hidden_size": 36, "num_layers": 2, "num_blocks": 3, "dropout_rate": 0.11623266320525222, "lr": 0.0956970935943601, "batch_size": 228, "l2_lambda": 0.0007353339231237536}