{"sequence_length": 7, "hidden_size": 35, "num_layers": 1, "num_blocks": 2, "dropout_rate": 0.3438609550536792, "lr": 0.0029267522799206916}