{"sequence_length": 22, "hidden_size": 17, "num_layers": 2, "num_blocks": 3, "dropout_rate": 0.3424237247895551, "lr": 0.05937963974241317, "batch_size": 90, "l2_lambda": 0.003941043756062153}