{"sequence_length": 22, "hidden_size": 123, "num_layers": 3, "num_blocks": 1, "dropout_rate": 0.3442065804032264, "lr": 0.08602961156381536, "batch_size": 147, "l2_lambda": 0.007404111223484155}