{"sequence_length": 23, "hidden_size": 121, "num_layers": 2, "num_blocks": 2, "dropout_rate": 0.14238606936945652, "lr": 0.09330786632804661, "batch_size": 37, "l2_lambda": 0.00998441143311929}