{"sequence_length": 28, "hidden_size": 88, "num_layers": 2, "num_blocks": 2, "dropout_rate": 0.3864243301682293, "lr": 0.07768790406634787, "batch_size": 248}