{"sequence_length": 7, "hidden_size": 28, "num_layers": 2, "num_blocks": 1, "dropout_rate": 0.17083625225556953, "lr": 0.051404006500099304, "batch_size": 41}