{"sequence_length": 29, "hidden_size": 91, "num_layers": 1, "num_blocks": 3, "dropout_rate": 0.19595311516098002, "lr": 0.01219181526405723, "batch_size": 174}