{"sequence_length": 29, "hidden_size": 75, "num_layers": 2, "num_blocks": 5, "dropout_rate": 0.183979520560171, "lr": 0.01615275888011781}