{"sequence_length": 21, "hidden_size": 32, "num_layers": 3, "num_blocks": 1, "dropout_rate": 0.2631858310813997, "lr": 0.02199902334289733, "batch_size": 186, "l2_lambda": 0.004461380189299652}