{"sequence_length": 8, "hidden_size": 34, "num_layers": 2, "num_blocks": 3, "dropout_rate": 0.41477312324407667, "lr": 0.011385589720123, "batch_size": 166, "l2_lambda": 0.00424388618342442}