{"sequence_length": 17, "hidden_size": 99, "num_layers": 3, "num_blocks": 1, "dropout_rate": 0.46204601174717685, "lr": 0.00019030524701511885}