{"sequence_length": 20, "hidden_size": 116, "num_layers": 3, "num_blocks": 2, "dropout_rate": 0.46419601903046337, "lr": 0.051409882052726556, "batch_size": 111, "l2_lambda": 0.0016063825323758385}