{"sequence_length": 16, "hidden_size": 25, "num_layers": 2, "num_blocks": 1, "dropout_rate": 0.1254137726931548, "lr": 0.08889329418068435}