{"sequence_length": 4, "hidden_size": 71, "num_layers": 1, "num_blocks": 3, "dropout_rate": 0.18494042359704005, "lr": 0.08701453416301923}