{"sequence_length": 23, "hidden_size": 62, "num_layers": 3, "num_blocks": 1, "dropout_rate": 0.4367713996745263, "lr": 0.05589766408514729}