{"sequence_length": 19, "hidden_size": 69, "num_layers": 1, "num_blocks": 3, "dropout_rate": 0.10353385188050211, "lr": 0.06799631539054558}