{"sequence_length": 12, "hidden_size": 48, "num_layers": 2, "num_blocks": 1, "dropout_rate": 0.2240952874804052, "lr": 0.028798795493789126}