{"sequence_length": 14, "hidden_size": 74, "num_layers": 2, "num_blocks": 3, "dropout_rate": 0.14866503850741433, "lr": 0.0496760519270127, "batch_size": 201, "l2_lambda": 0.0021789396690196808}