{"sequence_length": 6, "hidden_size": 115, "num_layers": 3, "num_blocks": 2, "dropout_rate": 0.1436620556864004, "lr": 0.06909739178697433}