{"sequence_length": 13, "hidden_size": 18, "num_layers": 1, "num_blocks": 3, "dropout_rate": 0.42821360106716166, "lr": 0.05674041757211831, "batch_size": 132, "l2_lambda": 0.007441128377011794}