{"sequence_length": 16, "hidden_size": 68, "num_layers": 2, "num_blocks": 4, "dropout_rate": 0.32310339435742674, "lr": 0.02642361622233121}