{"sequence_length": 27, "hidden_size": 42, "num_layers": 1, "num_blocks": 1, "dropout_rate": 0.43672731540567467, "lr": 0.06587103324227528}