{"sequence_length": 7, "hidden_size": 126, "num_layers": 1, "num_blocks": 2, "dropout_rate": 0.11825048744017597, "lr": 0.013316919099046082, "batch_size": 96, "l2_lambda": 0.00169284019182414}