{"sequence_length": 12, "hidden_size": 46, "num_layers": 3, "num_blocks": 2, "dropout_rate": 0.44002098474149465, "lr": 0.07159433691129538}