{"sequence_length": 10, "hidden_size": 88, "num_layers": 2, "num_blocks": 1, "dropout_rate": 0.4549454250166599, "lr": 0.06775971782542448, "batch_size": 184, "l2_lambda": 0.004533942241106173}