{"sequence_length": 27, "hidden_size": 50, "num_layers": 2, "num_blocks": 2, "dropout_rate": 0.2914922815512557, "lr": 0.004984050202674776}