{"sequence_length": 9, "hidden_size": 63, "num_layers": 3, "num_blocks": 1, "dropout_rate": 0.37544172557343836, "lr": 0.017327385635649367, "batch_size": 125, "l2_lambda": 0.005934007647469158}