{"sequence_length": 7, "hidden_size": 28, "num_layers": 2, "num_blocks": 3, "dropout_rate": 0.33445371816710634, "lr": 0.004974318305341566}