{"sequence_length": 13, "hidden_size": 86, "num_layers": 2, "num_blocks": 3, "dropout_rate": 0.23596874661211178, "lr": 0.09673422241910254, "batch_size": 232}