{"sequence_length": 9, "hidden_size": 74, "num_layers": 2, "num_blocks": 5, "dropout_rate": 0.2913483396520069, "lr": 0.024402879362982934}