{"sequence_length": 7, "hidden_size": 101, "num_layers": 2, "num_blocks": 2, "dropout_rate": 0.4748881870986018, "lr": 0.09028975427187147}