{"sequence_length": 29, "hidden_size": 67, "num_layers": 2, "num_blocks": 5, "dropout_rate": 0.4810533263969645, "lr": 0.05853067082357494}