{"sequence_length": 29, "hidden_size": 83, "num_layers": 2, "num_blocks": 3, "dropout_rate": 0.4951328180596939, "lr": 0.023201110311324838, "batch_size": 36, "l2_lambda": 0.002673424393252132}