{"sequence_length": 7, "hidden_size": 17, "num_layers": 1, "num_blocks": 2, "dropout_rate": 0.334884861012577, "lr": 0.015419823334184622}