{"sequence_length": 15, "hidden_size": 108, "num_layers": 2, "num_blocks": 3, "dropout_rate": 0.3646720817159933, "lr": 0.07585377688176363}