{"sequence_length": 14, "hidden_size": 116, "num_layers": 3, "num_blocks": 3, "dropout_rate": 0.4860374624364109, "lr": 0.019217578645616497, "batch_size": 148, "l2_lambda": 0.008034967501072014}