{"sequence_length": 14, "hidden_size": 96, "num_layers": 3, "num_blocks": 3, "dropout_rate": 0.3388438431801065, "lr": 0.03988792847554704}