{"sequence_length": 27, "hidden_size": 58, "num_layers": 2, "num_blocks": 3, "dropout_rate": 0.4844809937666533, "lr": 0.04457087380781878, "batch_size": 151, "l2_lambda": 0.008529727577728815}