{"sequence_length": 6, "hidden_size": 35, "num_layers": 1, "num_blocks": 1, "dropout_rate": 0.3699571370392778, "lr": 0.019265035739752936}