{"sequence_length": 14, "hidden_size": 49, "num_layers": 1, "num_blocks": 1, "dropout_rate": 0.3127338348158251, "lr": 0.051769428497626245, "batch_size": 36, "l2_lambda": 0.003024843934445538}