{"sequence_length": 10, "hidden_size": 27, "num_layers": 2, "num_blocks": 1, "dropout_rate": 0.18155388777217316, "lr": 0.020757049812835604}