{"sequence_length": 13, "hidden_size": 81, "num_layers": 2, "num_blocks": 1, "dropout_rate": 0.3069058707390794, "lr": 0.07386711200590731}