{"sequence_length": 7, "hidden_size": 35, "num_layers": 1, "num_blocks": 2, "dropout_rate": 0.27582604847119807, "lr": 0.0001729220401456035}