{"sequence_length": 24, "hidden_size": 16, "num_layers": 2, "num_blocks": 3, "dropout_rate": 0.15932709037508896, "lr": 0.09134829806039435}