{"sequence_length": 26, "hidden_size": 59, "num_layers": 3, "num_blocks": 5, "dropout_rate": 0.40925836588791287, "lr": 0.017721134212845976}