{"sequence_length": 22, "hidden_size": 59, "num_layers": 1, "num_blocks": 5, "dropout_rate": 0.41245964493601905, "lr": 0.09156312178054375}