{"sequence_length": 27, "hidden_size": 113, "num_layers": 2, "num_blocks": 1, "dropout_rate": 0.4093086866098664, "lr": 0.01834966472585113, "batch_size": 210, "l2_lambda": 0.009074846697754697}