{"sequence_length": 12, "hidden_size": 116, "num_layers": 3, "num_blocks": 2, "dropout_rate": 0.42418204073525223, "lr": 0.00786113760304936}