{"sequence_length": 12, "hidden_size": 52, "num_layers": 3, "num_blocks": 3, "dropout_rate": 0.2607739445689819, "lr": 0.07919723032225663, "batch_size": 253, "l2_lambda": 0.0008344558638223719}