{"sequence_length": 5, "hidden_size": 27, "num_layers": 1, "num_blocks": 3, "dropout_rate": 0.47729513027360215, "lr": 0.07058814893545798}