{"sequence_length": 19, "hidden_size": 20, "num_layers": 3, "num_blocks": 2, "dropout_rate": 0.3317710681978927, "lr": 0.0854717704461991, "batch_size": 41, "l2_lambda": 0.008441884924093812}