{"sequence_length": 26, "hidden_size": 118, "num_layers": 3, "num_blocks": 2, "dropout_rate": 0.13369556735481908, "lr": 0.08310544411271603}