{"sequence_length": 30, "hidden_size": 59, "num_layers": 3, "num_blocks": 3, "dropout_rate": 0.10123735825639844, "lr": 0.05201180650698503, "batch_size": 114, "l2_lambda": 0.001676587224554017}