{"sequence_length": 15, "hidden_size": 45, "num_layers": 1, "num_blocks": 3, "dropout_rate": 0.2518174643818273, "lr": 0.04953067850501627, "batch_size": 231}