{"sequence_length": 16, "hidden_size": 107, "num_layers": 3, "num_blocks": 1, "dropout_rate": 0.26263109984268757, "lr": 0.049758238954315664}