{"sequence_length": 12, "hidden_size": 71, "num_layers": 2, "num_blocks": 3, "dropout_rate": 0.49867798268019126, "lr": 0.06129765892760214, "batch_size": 164}