{"sequence_length": 25, "hidden_size": 48, "num_layers": 1, "num_blocks": 5, "dropout_rate": 0.36210914345709144, "lr": 0.0899196433317538}