{"sequence_length": 23, "hidden_size": 53, "num_layers": 2, "num_blocks": 2, "dropout_rate": 0.1510000763308554, "lr": 0.04066118866822385, "batch_size": 142, "l2_lambda": 0.004225129527016305}