{"sequence_length": 10, "hidden_size": 114, "num_layers": 3, "num_blocks": 3, "dropout_rate": 0.49917186208835707, "lr": 0.06202862758109338}