{"sequence_length": 14, "hidden_size": 50, "num_layers": 3, "num_blocks": 2, "dropout_rate": 0.14687750855176673, "lr": 0.06712340361007683}