{"sequence_length": 3, "hidden_size": 28, "num_layers": 1, "num_blocks": 1, "dropout_rate": 0.42760071189617577, "lr": 0.07170050805404096, "batch_size": 233, "l2_lambda": 0.004708070776943782}