{"sequence_length": 2, "hidden_size": 113, "num_layers": 2, "num_blocks": 2, "dropout_rate": 0.14713435096865682, "lr": 0.06563251340082132, "batch_size": 28, "l2_lambda": 0.008287446407788978}