{"sequence_length": 26, "hidden_size": 47, "num_layers": 2, "num_blocks": 2, "dropout_rate": 0.4461797406291591, "lr": 0.060600552795877366}