{"sequence_length": 21, "hidden_size": 18, "num_layers": 1, "num_blocks": 2, "dropout_rate": 0.39754841040541944, "lr": 0.0635503862508265}