{"sequence_length": 9, "hidden_size": 110, "num_layers": 3, "num_blocks": 3, "dropout_rate": 0.47176113963654864, "lr": 0.05005273119975503, "batch_size": 146, "l2_lambda": 0.009156301198604838}