{"sequence_length": 4, "hidden_size": 21, "num_layers": 3, "num_blocks": 3, "dropout_rate": 0.23598179300917158, "lr": 0.06156320593754254, "batch_size": 28, "l2_lambda": 0.0066579745084550095}