{"sequence_length": 19, "hidden_size": 93, "num_layers": 1, "num_blocks": 2, "dropout_rate": 0.1430236703540885, "lr": 0.013552540666714246, "batch_size": 166, "l2_lambda": 0.008081831871501991}