{"sequence_length": 4, "hidden_size": 79, "num_layers": 2, "num_blocks": 2, "dropout_rate": 0.40372545232930857, "lr": 0.04920849371962594, "batch_size": 234, "l2_lambda": 0.006462034582005267}