{"sequence_length": 21, "hidden_size": 76, "num_layers": 3, "num_blocks": 1, "dropout_rate": 0.36451480108767553, "lr": 0.07755963963499192}