{"sequence_length": 13, "hidden_size": 103, "num_layers": 3, "num_blocks": 1, "dropout_rate": 0.4572648843598984, "lr": 0.09332654754336202}