{"sequence_length": 17, "hidden_size": 33, "num_layers": 3, "num_blocks": 1, "dropout_rate": 0.2825297566297522, "lr": 0.06722268034371628}