{"sequence_length": 24, "hidden_size": 22, "num_layers": 2, "num_blocks": 4, "dropout_rate": 0.19500643406397433, "lr": 0.022434725766528805}