{"sequence_length": 15, "hidden_size": 56, "num_layers": 3, "num_blocks": 1, "dropout_rate": 0.4857826929245197, "lr": 0.09669715330511396, "batch_size": 213, "l2_lambda": 0.0005454256638348659}