{"sequence_length": 28, "hidden_size": 22, "num_layers": 2, "num_blocks": 2, "dropout_rate": 0.1978387574335419, "lr": 0.08918791752800463, "batch_size": 209}