{"sequence_length": 13, "hidden_size": 89, "num_layers": 3, "num_blocks": 1, "dropout_rate": 0.1679726187720843, "lr": 0.06907243797793705, "batch_size": 65, "l2_lambda": 0.0018639338616679138}