{"sequence_length": 12, "hidden_size": 90, "num_layers": 1, "num_blocks": 3, "dropout_rate": 0.20245605812589376, "lr": 0.06395313497895093, "batch_size": 168, "l2_lambda": 0.0031462091635393354}