{"sequence_length": 10, "hidden_size": 16, "num_layers": 1, "num_blocks": 1, "dropout_rate": 0.4460977162579588, "lr": 0.016698290999295904}