{"sequence_length": 3, "hidden_size": 125, "num_layers": 2, "num_blocks": 2, "dropout_rate": 0.2937454012907008, "lr": 0.021110715791470724}