{"sequence_length": 29, "hidden_size": 126, "num_layers": 3, "num_blocks": 3, "dropout_rate": 0.4210538432007854, "lr": 0.0687705978309795, "batch_size": 50, "l2_lambda": 0.008242451946082783}