{"sequence_length": 22, "hidden_size": 40, "num_layers": 3, "num_blocks": 2, "dropout_rate": 0.241963703078001, "lr": 0.028577403207040112}