{"sequence_length": 27, "hidden_size": 43, "num_layers": 3, "num_blocks": 5, "dropout_rate": 0.44091200651065676, "lr": 0.07235949060561574}