{"sequence_length": 23, "hidden_size": 66, "num_layers": 1, "num_blocks": 1, "dropout_rate": 0.11210043296822247, "lr": 0.009207092670666595}