{"sequence_length": 12, "hidden_size": 74, "num_layers": 1, "num_blocks": 4, "dropout_rate": 0.1403171631912574, "lr": 0.04601952327171588}