{"sequence_length": 13, "hidden_size": 55, "num_layers": 2, "num_blocks": 3, "dropout_rate": 0.3652956616197576, "lr": 0.042972497656217766, "batch_size": 99, "l2_lambda": 0.008900173213266832}