{"sequence_length": 11, "hidden_size": 51, "num_layers": 3, "num_blocks": 5, "dropout_rate": 0.31257438114856756, "lr": 0.09094383011442589}