{"sequence_length": 2, "hidden_size": 81, "num_layers": 1, "num_blocks": 3, "dropout_rate": 0.35434233767715206, "lr": 0.09599070651383969, "batch_size": 69, "l2_lambda": 0.00831303354620641}