{"sequence_length": 6, "hidden_size": 100, "num_layers": 1, "num_blocks": 4, "dropout_rate": 0.2611650773782873, "lr": 0.06512491648323178}