{"sequence_length": 14, "hidden_size": 101, "num_layers": 3, "num_blocks": 1, "dropout_rate": 0.1550714873860024, "lr": 0.039019325960940904, "batch_size": 44}