{"sequence_length": 17, "hidden_size": 22, "num_layers": 1, "num_blocks": 1, "dropout_rate": 0.4463601415365913, "lr": 0.008188257087646304}