{"sequence_length": 30, "hidden_size": 87, "num_layers": 1, "num_blocks": 1, "dropout_rate": 0.15778764342761958, "lr": 0.02322044104097434}