{"sequence_length": 23, "hidden_size": 85, "num_layers": 1, "num_blocks": 1, "dropout_rate": 0.4047281716700577, "lr": 0.060247124951336856}