{"sequence_length": 11, "hidden_size": 120, "num_layers": 3, "num_blocks": 3, "dropout_rate": 0.3815255818922161, "lr": 0.038659660197597624}