{"sequence_length": 16, "hidden_size": 105, "num_layers": 3, "num_blocks": 1, "dropout_rate": 0.3378130437646336, "lr": 0.06878946672383437}