{"sequence_length": 19, "hidden_size": 58, "num_layers": 3, "num_blocks": 2, "dropout_rate": 0.1353631335908082, "lr": 0.08841933905984166, "batch_size": 114, "l2_lambda": 0.002480137059465773}