{"sequence_length": 28, "hidden_size": 60, "num_layers": 1, "num_blocks": 1, "dropout_rate": 0.1655409982451045, "lr": 0.04400918539513475, "batch_size": 30, "l2_lambda": 0.005211665892426392}