{"sequence_length": 13, "hidden_size": 31, "num_layers": 3, "num_blocks": 4, "dropout_rate": 0.18502390018885545, "lr": 0.01092303579636547}