{"sequence_length": 7, "hidden_size": 19, "num_layers": 2, "num_blocks": 3, "dropout_rate": 0.40411389268760123, "lr": 0.04897424597261467}