{"sequence_length": 27, "hidden_size": 93, "num_layers": 2, "num_blocks": 3, "dropout_rate": 0.37671664459579357, "lr": 0.03977000712961328, "batch_size": 33}