{"sequence_length": 20, "hidden_size": 31, "num_layers": 3, "num_blocks": 4, "dropout_rate": 0.25427211780473635, "lr": 0.022798278230186902}