{"sequence_length": 28, "hidden_size": 125, "num_layers": 2, "num_blocks": 2, "dropout_rate": 0.28685546536793816, "lr": 0.04396866103457229, "batch_size": 127}