{"sequence_length": 2, "hidden_size": 58, "num_layers": 1, "num_blocks": 2, "dropout_rate": 0.4869643370484835, "lr": 0.023529693133293422}