{"sequence_length": 28, "hidden_size": 87, "num_layers": 3, "num_blocks": 3, "dropout_rate": 0.3560986046822773, "lr": 0.09584956846343219, "batch_size": 181, "l2_lambda": 0.002804330279633327}