{"sequence_length": 4, "hidden_size": 80, "num_layers": 1, "num_blocks": 5, "dropout_rate": 0.22843483662643238, "lr": 0.01186608745965713}