{"sequence_length": 25, "hidden_size": 18, "num_layers": 3, "num_blocks": 2, "dropout_rate": 0.25161142172806167, "lr": 0.0008642800527309568}