{"sequence_length": 27, "hidden_size": 67, "num_layers": 1, "num_blocks": 1, "dropout_rate": 0.27851472699353086, "lr": 0.004178862923561759, "batch_size": 223, "l2_lambda": 0.005933317915097751}