{"sequence_length": 14, "hidden_size": 61, "num_layers": 3, "num_blocks": 2, "dropout_rate": 0.4070107068412445, "lr": 0.00460615812036213, "batch_size": 55}