{"sequence_length": 26, "hidden_size": 73, "num_layers": 1, "num_blocks": 1, "dropout_rate": 0.4022124565544233, "lr": 0.05955054527976037, "batch_size": 55}