{"sequence_length": 11, "hidden_size": 77, "num_layers": 1, "num_blocks": 1, "dropout_rate": 0.3954018202782198, "lr": 0.058385738035286676}