{"sequence_length": 21, "hidden_size": 128, "num_layers": 2, "num_blocks": 2, "dropout_rate": 0.14693442014032687, "lr": 0.09384248590061835}