{"sequence_length": 28, "hidden_size": 46, "num_layers": 2, "num_blocks": 2, "dropout_rate": 0.46911887058003643, "lr": 0.030875213958868764, "batch_size": 66, "l2_lambda": 0.007952313140147672}