{"sequence_length": 26, "hidden_size": 119, "num_layers": 1, "num_blocks": 3, "dropout_rate": 0.28892898559720415, "lr": 0.020315734822523485}