{"sequence_length": 4, "hidden_size": 49, "num_layers": 1, "num_blocks": 3, "dropout_rate": 0.379985089982413, "lr": 0.07662044142892588, "batch_size": 163, "l2_lambda": 0.004935016795971003}