{"sequence_length": 28, "hidden_size": 99, "num_layers": 3, "num_blocks": 3, "dropout_rate": 0.31874583477939256, "lr": 0.039241561714977}