{"sequence_length": 29, "hidden_size": 66, "num_layers": 2, "num_blocks": 1, "dropout_rate": 0.10351464782464248, "lr": 0.07519574202384384, "batch_size": 101, "l2_lambda": 0.0013601669524348713}