{"sequence_length": 25, "hidden_size": 80, "num_layers": 1, "num_blocks": 4, "dropout_rate": 0.4204548692471505, "lr": 0.06672789100919745}