{"sequence_length": 25, "hidden_size": 106, "num_layers": 3, "num_blocks": 5, "dropout_rate": 0.11113968328400921, "lr": 0.030495086376666335}