{"sequence_length": 27, "hidden_size": 103, "num_layers": 2, "num_blocks": 3, "dropout_rate": 0.1437234069280232, "lr": 0.03321286028212177}