{"sequence_length": 27, "hidden_size": 39, "num_layers": 1, "num_blocks": 1, "dropout_rate": 0.39598307247583653, "lr": 0.08860825712578696, "batch_size": 182, "l2_lambda": 0.009001770797545727}