{"sequence_length": 22, "hidden_size": 21, "num_layers": 2, "num_blocks": 3, "dropout_rate": 0.43291393838976877, "lr": 0.04215294258010587, "batch_size": 210}