{"sequence_length": 24, "hidden_size": 19, "num_layers": 3, "num_blocks": 4, "dropout_rate": 0.4433409877653912, "lr": 0.08205675664546033}