{"sequence_length": 8, "hidden_size": 36, "num_layers": 3, "num_blocks": 3, "dropout_rate": 0.49455115458928345, "lr": 0.07109987085950711}