{"sequence_length": 17, "hidden_size": 50, "num_layers": 3, "num_blocks": 3, "dropout_rate": 0.4637224224220241, "lr": 0.03181205009677533, "batch_size": 47, "l2_lambda": 0.008596125593644392}