{"sequence_length": 17, "hidden_size": 103, "num_layers": 3, "num_blocks": 2, "dropout_rate": 0.4047642141779373, "lr": 0.04914353933292725, "batch_size": 144}