{"sequence_length": 27, "hidden_size": 64, "num_layers": 1, "num_blocks": 2, "dropout_rate": 0.3629966590499586, "lr": 0.04497458480134338, "batch_size": 169, "l2_lambda": 2.953492021374287e-05}