{"sequence_length": 10, "hidden_size": 122, "num_layers": 1, "num_blocks": 2, "dropout_rate": 0.2717108678545661, "lr": 0.08534943006363838, "batch_size": 184, "l2_lambda": 0.003954592312614243}