{"sequence_length": 17, "hidden_size": 93, "num_layers": 1, "num_blocks": 2, "dropout_rate": 0.4202304456579279, "lr": 0.06191196210557523, "batch_size": 114, "l2_lambda": 0.006426403395222741}