{"sequence_length": 5, "hidden_size": 50, "num_layers": 3, "num_blocks": 1, "dropout_rate": 0.12052579796492635, "lr": 0.021128572959668933}