{"sequence_length": 23, "hidden_size": 95, "num_layers": 2, "num_blocks": 5, "dropout_rate": 0.35903646693845004, "lr": 0.017741793444782418}