{"sequence_length": 22, "hidden_size": 72, "num_layers": 1, "num_blocks": 2, "dropout_rate": 0.43619679014438784, "lr": 0.08066185163777828}