{"sequence_length": 25, "hidden_size": 117, "num_layers": 2, "num_blocks": 2, "dropout_rate": 0.4181378248766149, "lr": 0.04629297321369766, "batch_size": 50, "l2_lambda": 0.0058883517440175455}