{"sequence_length": 7, "hidden_size": 72, "num_layers": 1, "num_blocks": 2, "dropout_rate": 0.11274762139193882, "lr": 0.09565139833019064}