{"sequence_length": 9, "hidden_size": 116, "num_layers": 1, "num_blocks": 3, "dropout_rate": 0.31765315972452657, "lr": 0.06166774204234343, "batch_size": 80, "l2_lambda": 0.003240270252389132}