{"sequence_length": 22, "hidden_size": 57, "num_layers": 2, "num_blocks": 2, "dropout_rate": 0.3222396536912514, "lr": 0.015080449787056622, "batch_size": 241}