{"sequence_length": 9, "hidden_size": 81, "num_layers": 3, "num_blocks": 3, "dropout_rate": 0.4449293875290804, "lr": 0.09119599049190016, "batch_size": 211, "l2_lambda": 0.002965545576989029}