{"sequence_length": 11, "hidden_size": 21, "num_layers": 1, "num_blocks": 4, "dropout_rate": 0.18922416498593325, "lr": 0.0712211960306498}