{"sequence_length": 15, "hidden_size": 73, "num_layers": 1, "num_blocks": 2, "dropout_rate": 0.327467916637626, "lr": 0.06262511919558868}