{"sequence_length": 25, "hidden_size": 37, "num_layers": 1, "num_blocks": 1, "dropout_rate": 0.3290914694911875, "lr": 0.09338073024932056}