{"sequence_length": 16, "hidden_size": 96, "num_layers": 3, "num_blocks": 3, "dropout_rate": 0.24718330701737853, "lr": 0.09132698106878336, "batch_size": 104, "l2_lambda": 0.0031326670215903575}