{"sequence_length": 30, "hidden_size": 73, "num_layers": 1, "num_blocks": 3, "dropout_rate": 0.20721318653628829, "lr": 0.08901179534118854, "batch_size": 157, "l2_lambda": 0.001623838288501708}