{"sequence_length": 17, "hidden_size": 84, "num_layers": 1, "num_blocks": 2, "dropout_rate": 0.3866837430863116, "lr": 0.06615313164037101}