{"sequence_length": 20, "hidden_size": 57, "num_layers": 1, "num_blocks": 1, "dropout_rate": 0.1621313355871149, "lr": 0.06346774395989002, "batch_size": 167, "l2_lambda": 0.004929729824515662}