{"sequence_length": 9, "hidden_size": 84, "num_layers": 2, "num_blocks": 2, "dropout_rate": 0.40349330274041995, "lr": 0.0364702463609734, "batch_size": 169}