{"sequence_length": 17, "hidden_size": 106, "num_layers": 2, "num_blocks": 1, "dropout_rate": 0.2600330609113397, "lr": 0.01751387783736811, "batch_size": 218, "l2_lambda": 0.008521933119636676}