{"sequence_length": 18, "hidden_size": 82, "num_layers": 2, "num_blocks": 2, "dropout_rate": 0.34064634788829445, "lr": 0.05234318582672575}