{"sequence_length": 29, "hidden_size": 90, "num_layers": 3, "num_blocks": 2, "dropout_rate": 0.4265910624544922, "lr": 0.08689871650325132, "batch_size": 191}