{"sequence_length": 6, "hidden_size": 71, "num_layers": 3, "num_blocks": 2, "dropout_rate": 0.18146597117041405, "lr": 0.07967368089117155}