{"sequence_length": 23, "hidden_size": 74, "num_layers": 2, "num_blocks": 2, "dropout_rate": 0.22614528497751332, "lr": 0.08060316396639099, "batch_size": 242}