{"sequence_length": 18, "hidden_size": 80, "num_layers": 2, "num_blocks": 3, "dropout_rate": 0.2870121996784064, "lr": 0.07742916522329459}