{"sequence_length": 25, "hidden_size": 82, "num_layers": 3, "num_blocks": 1, "dropout_rate": 0.4659145947355475, "lr": 0.01710716017911374}