{"sequence_length": 5, "hidden_size": 92, "num_layers": 3, "num_blocks": 3, "dropout_rate": 0.38677630675557506, "lr": 0.041023770806783384}