{"sequence_length": 9, "hidden_size": 75, "num_layers": 3, "num_blocks": 3, "dropout_rate": 0.3301431118012649, "lr": 0.018633541127800912}