{"sequence_length": 14, "hidden_size": 116, "num_layers": 3, "num_blocks": 4, "dropout_rate": 0.30302402161157027, "lr": 0.04922976776957894}