{"sequence_length": 4, "hidden_size": 106, "num_layers": 1, "num_blocks": 2, "dropout_rate": 0.13893648722474805, "lr": 0.06511921475412862, "batch_size": 255}