{"sequence_length": 20, "hidden_size": 72, "num_layers": 3, "num_blocks": 2, "dropout_rate": 0.1532094033855721, "lr": 0.07008671548864329, "batch_size": 30, "l2_lambda": 0.005236968515031444}