{"sequence_length": 9, "hidden_size": 89, "num_layers": 3, "num_blocks": 1, "dropout_rate": 0.24348167841537488, "lr": 0.09717785984134832, "batch_size": 153, "l2_lambda": 0.006025448918796824}