{"sequence_length": 23, "hidden_size": 71, "num_layers": 1, "num_blocks": 4, "dropout_rate": 0.32024124673623, "lr": 0.05555704258942372}