{"sequence_length": 9, "hidden_size": 39, "num_layers": 2, "num_blocks": 3, "dropout_rate": 0.34192862859529805, "lr": 0.09833897732680003}