{"sequence_length": 23, "hidden_size": 101, "num_layers": 3, "num_blocks": 1, "dropout_rate": 0.24906048644119486, "lr": 0.09749177073664034, "batch_size": 53, "l2_lambda": 0.005813875828552263}