{"sequence_length": 4, "hidden_size": 128, "num_layers": 2, "num_blocks": 4, "dropout_rate": 0.22947669337040955, "lr": 0.0683148154781533}