{"sequence_length": 15, "hidden_size": 31, "num_layers": 2, "num_blocks": 3, "dropout_rate": 0.1399033393121668, "lr": 0.07339020685662948}