{"sequence_length": 2, "hidden_size": 52, "num_layers": 1, "num_blocks": 3, "dropout_rate": 0.20292207134574697, "lr": 0.045164578942795616}