{"sequence_length": 2, "hidden_size": 107, "num_layers": 2, "num_blocks": 2, "dropout_rate": 0.39602959268694116, "lr": 0.03291233950605754}