{"sequence_length": 13, "hidden_size": 113, "num_layers": 1, "num_blocks": 1, "dropout_rate": 0.22545244142202403, "lr": 0.09778309947500655, "batch_size": 110}