{"sequence_length": 26, "hidden_size": 117, "num_layers": 1, "num_blocks": 1, "dropout_rate": 0.18141137395150336, "lr": 0.09244104168170307}