{"sequence_length": 16, "hidden_size": 121, "num_layers": 2, "num_blocks": 3, "dropout_rate": 0.1722866508566106, "lr": 0.023950573679691833}