{"sequence_length": 4, "hidden_size": 62, "num_layers": 3, "num_blocks": 3, "dropout_rate": 0.43637888885331655, "lr": 0.07273279524888628, "batch_size": 211, "l2_lambda": 0.001279612097730573}