{"sequence_length": 10, "hidden_size": 83, "num_layers": 3, "num_blocks": 2, "dropout_rate": 0.2101360850421734, "lr": 0.008997692777225504}