{"sequence_length": 2, "hidden_size": 126, "num_layers": 3, "num_blocks": 2, "dropout_rate": 0.13416972539691502, "lr": 0.0714387667103377}