{"sequence_length": 24, "hidden_size": 59, "num_layers": 3, "num_blocks": 3, "dropout_rate": 0.19890685046327117, "lr": 0.0464157981623611}