{"sequence_length": 2, "hidden_size": 106, "num_layers": 3, "num_blocks": 1, "dropout_rate": 0.2816944565566102, "lr": 0.054685656635250254}