{"sequence_length": 23, "hidden_size": 104, "num_layers": 1, "num_blocks": 5, "dropout_rate": 0.3698192498823867, "lr": 0.04941396568898685}