{"sequence_length": 18, "hidden_size": 43, "num_layers": 2, "num_blocks": 3, "dropout_rate": 0.42380715678955594, "lr": 0.05319164852703452}