{"sequence_length": 9, "hidden_size": 34, "num_layers": 2, "num_blocks": 1, "dropout_rate": 0.27519412318124814, "lr": 0.03717936292456774}