{"sequence_length": 29, "hidden_size": 20, "num_layers": 3, "num_blocks": 4, "dropout_rate": 0.4035427176861969, "lr": 0.015551884698582525}