{"sequence_length": 2, "hidden_size": 104, "num_layers": 3, "num_blocks": 3, "dropout_rate": 0.4822652621674035, "lr": 0.026815424452628477, "batch_size": 85, "l2_lambda": 0.008915135345670587}