{"sequence_length": 16, "hidden_size": 36, "num_layers": 2, "num_blocks": 5, "dropout_rate": 0.19752226217753355, "lr": 0.07462108423201295}