{"sequence_length": 2, "hidden_size": 34, "num_layers": 3, "num_blocks": 1, "dropout_rate": 0.19154561288220973, "lr": 0.06901300484916645, "batch_size": 130}