{"sequence_length": 19, "hidden_size": 21, "num_layers": 1, "num_blocks": 2, "dropout_rate": 0.3076072107583573, "lr": 0.06871108510056607, "batch_size": 80, "l2_lambda": 0.0020423314913212602}