{"sequence_length": 6, "hidden_size": 35, "num_layers": 1, "num_blocks": 1, "dropout_rate": 0.43886772209946134, "lr": 0.08379819680142174, "batch_size": 89, "l2_lambda": 0.004933366354100982}