{"sequence_length": 26, "hidden_size": 16, "num_layers": 2, "num_blocks": 4, "dropout_rate": 0.39685637448445565, "lr": 0.05790002920962984}