{"sequence_length": 23, "hidden_size": 59, "num_layers": 3, "num_blocks": 4, "dropout_rate": 0.48244229949233963, "lr": 0.07475423821667722}