{"sequence_length": 19, "hidden_size": 52, "num_layers": 2, "num_blocks": 1, "dropout_rate": 0.12266781140301607, "lr": 0.0702100487716422, "batch_size": 167, "l2_lambda": 0.00031488983887472766}