{"sequence_length": 11, "hidden_size": 69, "num_layers": 2, "num_blocks": 2, "dropout_rate": 0.42719318237888615, "lr": 0.06630358023697067}