{"sequence_length": 25, "hidden_size": 62, "num_layers": 1, "num_blocks": 2, "dropout_rate": 0.49934214733598536, "lr": 0.07143300556865213, "batch_size": 75, "l2_lambda": 0.007825376566925613}