{"sequence_length": 23, "hidden_size": 24, "num_layers": 1, "num_blocks": 1, "dropout_rate": 0.11379084426561037, "lr": 0.0073146286229741906, "batch_size": 226, "l2_lambda": 0.0027799567578495423}