{"sequence_length": 13, "hidden_size": 61, "num_layers": 3, "num_blocks": 1, "dropout_rate": 0.3385352604917871, "lr": 0.0572134656511431}