{"sequence_length": 20, "hidden_size": 16, "num_layers": 1, "num_blocks": 3, "dropout_rate": 0.24729561643530498, "lr": 0.023873843445481734, "batch_size": 138, "l2_lambda": 0.007839994310446442}