{"sequence_length": 4, "hidden_size": 121, "num_layers": 1, "num_blocks": 1, "dropout_rate": 0.49189847951378596, "lr": 0.03472715387504438}