{"sequence_length": 7, "hidden_size": 51, "num_layers": 3, "num_blocks": 1, "dropout_rate": 0.12490383492885077, "lr": 0.08136504623354782}