{"sequence_length": 25, "hidden_size": 127, "num_layers": 3, "num_blocks": 3, "dropout_rate": 0.4832403481766806, "lr": 0.0010575287161822772}