{"sequence_length": 27, "hidden_size": 105, "num_layers": 1, "num_blocks": 1, "dropout_rate": 0.14189091752351018, "lr": 0.06693975470696958}