{"sequence_length": 14, "hidden_size": 126, "num_layers": 2, "num_blocks": 1, "dropout_rate": 0.4201577143933126, "lr": 0.09842367767256056, "batch_size": 170}