{"sequence_length": 29, "hidden_size": 94, "num_layers": 3, "num_blocks": 1, "dropout_rate": 0.23876569341522505, "lr": 0.04321360657335319}