{"sequence_length": 7, "hidden_size": 121, "num_layers": 3, "num_blocks": 1, "dropout_rate": 0.337051841864261, "lr": 0.0117371503613753}