{"sequence_length": 27, "hidden_size": 67, "num_layers": 2, "num_blocks": 1, "dropout_rate": 0.18681267437689675, "lr": 0.022300390167147403, "batch_size": 20, "l2_lambda": 0.00043959766489546395}