{"sequence_length": 6, "hidden_size": 72, "num_layers": 1, "num_blocks": 3, "dropout_rate": 0.2697394747683677, "lr": 0.08329338852052703}