{"sequence_length": 13, "hidden_size": 16, "num_layers": 3, "num_blocks": 2, "dropout_rate": 0.3031083342122074, "lr": 0.00876810969407219}