{"sequence_length": 24, "hidden_size": 29, "num_layers": 1, "num_blocks": 2, "dropout_rate": 0.4311565508524873, "lr": 0.07897389444574754}