{"sequence_length": 6, "hidden_size": 100, "num_layers": 3, "num_blocks": 2, "dropout_rate": 0.19311245603461044, "lr": 0.008987065710651086, "batch_size": 250, "l2_lambda": 0.0034821865517634934}