{"sequence_length": 10, "hidden_size": 63, "num_layers": 1, "num_blocks": 2, "dropout_rate": 0.4546655226048901, "lr": 0.07656794382002574}