{"sequence_length": 24, "hidden_size": 81, "num_layers": 1, "num_blocks": 4, "dropout_rate": 0.15774127557693057, "lr": 0.09561109832275448}