{"sequence_length": 18, "hidden_size": 78, "num_layers": 2, "num_blocks": 5, "dropout_rate": 0.49456833022090696, "lr": 0.009377379654985413}