{"sequence_length": 2, "hidden_size": 118, "num_layers": 3, "num_blocks": 5, "dropout_rate": 0.19660919186208492, "lr": 0.07448218453572673}