{"sequence_length": 9, "hidden_size": 53, "num_layers": 1, "num_blocks": 3, "dropout_rate": 0.2660301469061349, "lr": 0.05982259252043399, "batch_size": 173}