{"sequence_length": 20, "hidden_size": 44, "num_layers": 3, "num_blocks": 3, "dropout_rate": 0.4290512588550973, "lr": 0.004839195072784544}