{"sequence_length": 30, "hidden_size": 87, "num_layers": 3, "num_blocks": 2, "dropout_rate": 0.24992726834507858, "lr": 0.03509063086342576}