{"sequence_length": 10, "hidden_size": 103, "num_layers": 1, "num_blocks": 2, "dropout_rate": 0.29504201744081, "lr": 0.012517430610260394}