{"sequence_length": 18, "hidden_size": 50, "num_layers": 2, "num_blocks": 2, "dropout_rate": 0.3675729836056598, "lr": 0.09754435279249622}