{"sequence_length": 20, "hidden_size": 35, "num_layers": 3, "num_blocks": 2, "dropout_rate": 0.1677016279161511, "lr": 0.03707930672815739}