{"sequence_length": 7, "hidden_size": 116, "num_layers": 2, "num_blocks": 2, "dropout_rate": 0.43167790378675774, "lr": 0.0685813554995407}