{"sequence_length": 29, "hidden_size": 78, "num_layers": 1, "num_blocks": 1, "dropout_rate": 0.4703676591389073, "lr": 0.0964806932702834, "batch_size": 181, "l2_lambda": 0.005250139396521021}