{"sequence_length": 14, "hidden_size": 72, "num_layers": 2, "num_blocks": 3, "dropout_rate": 0.36520700606044965, "lr": 0.013563748687570211}