{"sequence_length": 26, "hidden_size": 51, "num_layers": 1, "num_blocks": 1, "dropout_rate": 0.15972776114874596, "lr": 0.0857199583402939, "batch_size": 245, "l2_lambda": 0.00035947144723014597}