{"sequence_length": 20, "hidden_size": 81, "num_layers": 3, "num_blocks": 2, "dropout_rate": 0.4459081892658111, "lr": 0.09723136159043913}