{"sequence_length": 18, "hidden_size": 86, "num_layers": 3, "num_blocks": 1, "dropout_rate": 0.14276593121968606, "lr": 0.07093562878487798, "batch_size": 143, "l2_lambda": 0.009574855394080295}