{"sequence_length": 18, "hidden_size": 30, "num_layers": 2, "num_blocks": 1, "dropout_rate": 0.28306225166040405, "lr": 0.024807385618902812}