{"sequence_length": 30, "hidden_size": 59, "num_layers": 1, "num_blocks": 3, "dropout_rate": 0.3593637393827317, "lr": 0.024581693848313817}