{"sequence_length": 16, "hidden_size": 123, "num_layers": 2, "num_blocks": 1, "dropout_rate": 0.49435030516495315, "lr": 0.05056398579747719, "batch_size": 110, "l2_lambda": 0.008324972058351383}