{"sequence_length": 30, "hidden_size": 102, "num_layers": 1, "num_blocks": 1, "dropout_rate": 0.28386333645643014, "lr": 0.08388634795180008, "batch_size": 108, "l2_lambda": 0.0005540887773687176}