{"sequence_length": 9, "hidden_size": 88, "num_layers": 2, "num_blocks": 1, "dropout_rate": 0.17969714978700316, "lr": 0.02545023472744654, "batch_size": 133, "l2_lambda": 0.005153592144702021}