{"sequence_length": 2, "hidden_size": 30, "num_layers": 3, "num_blocks": 1, "dropout_rate": 0.10020108235930136, "lr": 0.0447355653864423}