{"sequence_length": 8, "hidden_size": 105, "num_layers": 2, "num_blocks": 3, "dropout_rate": 0.48606992308158836, "lr": 0.08286950841222514, "batch_size": 109, "l2_lambda": 0.0007882686285879965}