{"sequence_length": 25, "hidden_size": 88, "num_layers": 2, "num_blocks": 4, "dropout_rate": 0.4601416018386142, "lr": 0.012813921623748285}