{"sequence_length": 11, "hidden_size": 111, "num_layers": 2, "num_blocks": 1, "dropout_rate": 0.39517059166178004, "lr": 0.04051653111565756, "batch_size": 79, "l2_lambda": 0.008284555498637635}