{"sequence_length": 30, "hidden_size": 53, "num_layers": 2, "num_blocks": 2, "dropout_rate": 0.10027867735936496, "lr": 0.03998845441597975}