{"sequence_length": 3, "hidden_size": 78, "num_layers": 2, "num_blocks": 3, "dropout_rate": 0.14959450351891102, "lr": 0.01996745803837688}