{"sequence_length": 23, "hidden_size": 127, "num_layers": 2, "num_blocks": 3, "dropout_rate": 0.35442698754723956, "lr": 0.014290749420902972}