{"sequence_length": 25, "hidden_size": 83, "num_layers": 1, "num_blocks": 3, "dropout_rate": 0.34324257477399367, "lr": 0.05490980770804663}