{"sequence_length": 30, "hidden_size": 127, "num_layers": 1, "num_blocks": 3, "dropout_rate": 0.16968578036311588, "lr": 0.09942934515087856}