{"sequence_length": 3, "hidden_size": 16, "num_layers": 3, "num_blocks": 3, "dropout_rate": 0.30708215981880127, "lr": 0.052899364368981586}