{"sequence_length": 25, "hidden_size": 83, "num_layers": 3, "num_blocks": 5, "dropout_rate": 0.253611559780782, "lr": 0.09256787668043243}