{"sequence_length": 19, "hidden_size": 105, "num_layers": 1, "num_blocks": 3, "dropout_rate": 0.2122008220188489, "lr": 0.07606871863645884}