{"sequence_length": 21, "hidden_size": 33, "num_layers": 1, "num_blocks": 3, "dropout_rate": 0.19851341969083844, "lr": 0.013004159244298865}