{"sequence_length": 18, "hidden_size": 98, "num_layers": 2, "num_blocks": 2, "dropout_rate": 0.16151277860241875, "lr": 0.03068341157605319}