{"sequence_length": 2, "hidden_size": 50, "num_layers": 2, "num_blocks": 1, "dropout_rate": 0.41643700415321894, "lr": 0.09787612511179104, "batch_size": 162, "l2_lambda": 0.0006620459612859737}