{"sequence_length": 22, "hidden_size": 66, "num_layers": 2, "num_blocks": 1, "dropout_rate": 0.22199685892471832, "lr": 0.001834811478595462, "batch_size": 50, "l2_lambda": 0.005036970742763166}