{"sequence_length": 5, "hidden_size": 49, "num_layers": 1, "num_blocks": 3, "dropout_rate": 0.28346517482035594, "lr": 0.0094362442411329, "batch_size": 144, "l2_lambda": 0.002251446850298662}