{"sequence_length": 24, "hidden_size": 112, "num_layers": 3, "num_blocks": 1, "dropout_rate": 0.27979319826460874, "lr": 0.015723075857548324}