{"sequence_length": 25, "hidden_size": 17, "num_layers": 1, "num_blocks": 1, "dropout_rate": 0.2823913174247513, "lr": 0.046388234576647126, "batch_size": 240}