{"sequence_length": 13, "hidden_size": 101, "num_layers": 3, "num_blocks": 2, "dropout_rate": 0.46432677205006423, "lr": 0.013541607782613657}