{"sequence_length": 3, "hidden_size": 117, "num_layers": 2, "num_blocks": 2, "dropout_rate": 0.17125035320449095, "lr": 0.09093505198247762}