{"sequence_length": 22, "hidden_size": 110, "num_layers": 2, "num_blocks": 1, "dropout_rate": 0.2022265154719461, "lr": 0.022083213764271994}