{"sequence_length": 5, "hidden_size": 102, "num_layers": 3, "num_blocks": 5, "dropout_rate": 0.3862018981809957, "lr": 0.011454217990247276}