{"sequence_length": 26, "hidden_size": 90, "num_layers": 2, "num_blocks": 2, "dropout_rate": 0.12238218878970818, "lr": 0.04488273303987028}