{"sequence_length": 11, "hidden_size": 16, "num_layers": 1, "num_blocks": 3, "dropout_rate": 0.24894899583903332, "lr": 0.07757626063710846}