{"sequence_length": 2, "hidden_size": 93, "num_layers": 1, "num_blocks": 1, "dropout_rate": 0.33101533498672864, "lr": 0.07085958689112837, "batch_size": 107, "l2_lambda": 0.007656256062626252}