{"sequence_length": 24, "hidden_size": 27, "num_layers": 1, "num_blocks": 2, "dropout_rate": 0.22892639118438246, "lr": 0.06916997951071209}