{"sequence_length": 5, "hidden_size": 82, "num_layers": 1, "num_blocks": 1, "dropout_rate": 0.30469354948107386, "lr": 0.04170151709815553, "batch_size": 100, "l2_lambda": 0.008101114686110836}