{"sequence_length": 30, "hidden_size": 82, "num_layers": 1, "num_blocks": 1, "dropout_rate": 0.2454051899525386, "lr": 0.023392712208086915, "batch_size": 93, "l2_lambda": 0.008587659716391178}