{"sequence_length": 22, "hidden_size": 43, "num_layers": 3, "num_blocks": 3, "dropout_rate": 0.4070384531296356, "lr": 0.009621084841175366, "batch_size": 167}