{"sequence_length": 19, "hidden_size": 76, "num_layers": 1, "num_blocks": 1, "dropout_rate": 0.49166648327718654, "lr": 0.03948262176241368}