{"sequence_length": 18, "hidden_size": 95, "num_layers": 3, "num_blocks": 3, "dropout_rate": 0.43492073658333563, "lr": 0.014950773312620862, "batch_size": 190, "l2_lambda": 0.006277048249070202}