{"sequence_length": 26, "hidden_size": 18, "num_layers": 3, "num_blocks": 3, "dropout_rate": 0.1302202789675045, "lr": 0.022703474703835283}