{"sequence_length": 2, "hidden_size": 94, "num_layers": 3, "num_blocks": 3, "dropout_rate": 0.34409198217554327, "lr": 0.011548156715342624}