{"sequence_length": 10, "hidden_size": 70, "num_layers": 1, "num_blocks": 1, "dropout_rate": 0.15250660839341879, "lr": 0.08160796050674034}