{"sequence_length": 21, "hidden_size": 40, "num_layers": 1, "num_blocks": 1, "dropout_rate": 0.22556118234923456, "lr": 0.020410097131219492}