{"sequence_length": 14, "hidden_size": 126, "num_layers": 3, "num_blocks": 2, "dropout_rate": 0.12406466625726914, "lr": 0.08050852864514281}