{"sequence_length": 29, "hidden_size": 44, "num_layers": 3, "num_blocks": 4, "dropout_rate": 0.1643000951857122, "lr": 0.05127112780475503}