{"sequence_length": 8, "hidden_size": 82, "num_layers": 2, "num_blocks": 3, "dropout_rate": 0.43573586427472755, "lr": 0.048808995948568225}