{"sequence_length": 20, "hidden_size": 113, "num_layers": 3, "num_blocks": 3, "dropout_rate": 0.21342803814528338, "lr": 0.02320586197973485, "batch_size": 255, "l2_lambda": 0.0032057303430933107}