{"sequence_length": 3, "hidden_size": 106, "num_layers": 3, "num_blocks": 2, "dropout_rate": 0.2888405744949504, "lr": 0.07045695382761011}