{"sequence_length": 16, "hidden_size": 45, "num_layers": 2, "num_blocks": 1, "dropout_rate": 0.427525706084549, "lr": 0.028889567728307985, "batch_size": 79, "l2_lambda": 0.002541939671485496}