{"sequence_length": 15, "hidden_size": 81, "num_layers": 1, "num_blocks": 3, "dropout_rate": 0.3531570633986686, "lr": 0.047650398929625505}