{"sequence_length": 24, "hidden_size": 31, "num_layers": 2, "num_blocks": 2, "dropout_rate": 0.3493298428461006, "lr": 0.09497632036307595}