{"sequence_length": 12, "hidden_size": 126, "num_layers": 1, "num_blocks": 5, "dropout_rate": 0.47450124814688455, "lr": 0.0944687230528979}