{"sequence_length": 14, "hidden_size": 42, "num_layers": 3, "num_blocks": 2, "dropout_rate": 0.34668317836645485, "lr": 0.04524761388505194}