{"sequence_length": 14, "hidden_size": 28, "num_layers": 3, "num_blocks": 2, "dropout_rate": 0.28476282400514885, "lr": 0.09345830563351638, "batch_size": 19}