{"sequence_length": 4, "hidden_size": 124, "num_layers": 2, "num_blocks": 3, "dropout_rate": 0.1621141164888092, "lr": 0.045027201161191285, "batch_size": 196, "l2_lambda": 0.003072406931009299}