{"sequence_length": 4, "hidden_size": 99, "num_layers": 2, "num_blocks": 1, "dropout_rate": 0.27218839201916345, "lr": 0.04717779174305904, "batch_size": 90, "l2_lambda": 0.0034735097246280195}