{"sequence_length": 18, "hidden_size": 104, "num_layers": 3, "num_blocks": 4, "dropout_rate": 0.4166837856822724, "lr": 0.019989307486887452}