{"sequence_length": 19, "hidden_size": 48, "num_layers": 1, "num_blocks": 4, "dropout_rate": 0.34551891231217824, "lr": 0.04248047041570781}