{"sequence_length": 25, "hidden_size": 90, "num_layers": 2, "num_blocks": 2, "dropout_rate": 0.24370226606390052, "lr": 0.01123280716001767}