{"sequence_length": 11, "hidden_size": 20, "num_layers": 1, "num_blocks": 2, "dropout_rate": 0.20877623008696367, "lr": 0.016688487721289738}