{"sequence_length": 24, "hidden_size": 53, "num_layers": 1, "num_blocks": 3, "dropout_rate": 0.36119412038261733, "lr": 0.0063635063302948745}