{"sequence_length": 19, "hidden_size": 56, "num_layers": 1, "num_blocks": 3, "dropout_rate": 0.14374480051858904, "lr": 0.012097983814913543, "batch_size": 89}