{"sequence_length": 16, "hidden_size": 51, "num_layers": 3, "num_blocks": 2, "dropout_rate": 0.20431934845568747, "lr": 0.0229084114846386}