{"sequence_length": 8, "hidden_size": 34, "num_layers": 2, "num_blocks": 2, "dropout_rate": 0.43904789320769255, "lr": 0.015719811534295445}