{"sequence_length": 23, "hidden_size": 85, "num_layers": 2, "num_blocks": 3, "dropout_rate": 0.3990170207936289, "lr": 0.0011292816186950912}