{"sequence_length": 26, "hidden_size": 81, "num_layers": 3, "num_blocks": 1, "dropout_rate": 0.21781556523697132, "lr": 0.03411309784557408, "batch_size": 194, "l2_lambda": 0.004351124594148203}