{"sequence_length": 17, "hidden_size": 18, "num_layers": 3, "num_blocks": 1, "dropout_rate": 0.24687635213115217, "lr": 0.07274735380685962}