{"sequence_length": 25, "hidden_size": 95, "num_layers": 2, "num_blocks": 3, "dropout_rate": 0.10528270947375998, "lr": 0.06179895133185917}