{"sequence_length": 17, "hidden_size": 46, "num_layers": 3, "num_blocks": 1, "dropout_rate": 0.47800544493700403, "lr": 0.08092049522399383}