{"sequence_length": 12, "hidden_size": 21, "num_layers": 2, "num_blocks": 4, "dropout_rate": 0.21826357101361046, "lr": 0.07617821518514388}