{"sequence_length": 24, "hidden_size": 120, "num_layers": 3, "num_blocks": 2, "dropout_rate": 0.19755558773034831, "lr": 0.06591197067848488, "batch_size": 201, "l2_lambda": 0.006741725934593244}