{"sequence_length": 5, "hidden_size": 23, "num_layers": 2, "num_blocks": 1, "dropout_rate": 0.47075855421083124, "lr": 0.0010655307345106026, "batch_size": 227}