{"sequence_length": 20, "hidden_size": 74, "num_layers": 3, "num_blocks": 2, "dropout_rate": 0.1147786545792343, "lr": 0.0800159113059839, "batch_size": 123, "l2_lambda": 0.006570955995788216}