{"sequence_length": 2, "hidden_size": 21, "num_layers": 1, "num_blocks": 1, "dropout_rate": 0.20158298856083837, "lr": 0.09725220592729357}