{"sequence_length": 15, "hidden_size": 106, "num_layers": 1, "num_blocks": 1, "dropout_rate": 0.24372750175666347, "lr": 0.08948304981351587}