{"sequence_length": 19, "hidden_size": 89, "num_layers": 3, "num_blocks": 1, "dropout_rate": 0.2032583048672849, "lr": 0.03758920596404462}