{"sequence_length": 25, "hidden_size": 69, "num_layers": 2, "num_blocks": 1, "dropout_rate": 0.25524452184539387, "lr": 0.06678376548355758}