{"sequence_length": 6, "hidden_size": 78, "num_layers": 1, "num_blocks": 1, "dropout_rate": 0.2954409610938909, "lr": 0.04787404765562997}