{"sequence_length": 16, "hidden_size": 121, "num_layers": 1, "num_blocks": 3, "dropout_rate": 0.17148949155255144, "lr": 0.05902361662212217}