{"sequence_length": 17, "hidden_size": 99, "num_layers": 2, "num_blocks": 1, "dropout_rate": 0.21623121384827668, "lr": 0.0007238720213824997, "batch_size": 170}