{"sequence_length": 29, "hidden_size": 80, "num_layers": 2, "num_blocks": 3, "dropout_rate": 0.41848362171453035, "lr": 0.0007081971663881288}