{"sequence_length": 10, "hidden_size": 29, "num_layers": 3, "num_blocks": 3, "dropout_rate": 0.2985161461313941, "lr": 0.09194274904304678, "batch_size": 111, "l2_lambda": 0.009667149217445272}