{"sequence_length": 12, "hidden_size": 29, "num_layers": 2, "num_blocks": 3, "dropout_rate": 0.2659558249377023, "lr": 0.0772709284282131}