{"sequence_length": 27, "hidden_size": 27, "num_layers": 2, "num_blocks": 3, "dropout_rate": 0.2792602449279052, "lr": 0.028419415431986717}