{"sequence_length": 8, "hidden_size": 63, "num_layers": 3, "num_blocks": 2, "dropout_rate": 0.3447549376304407, "lr": 0.020464157333860675, "batch_size": 164, "l2_lambda": 0.0030314622598950486}