{"sequence_length": 12, "hidden_size": 115, "num_layers": 2, "num_blocks": 1, "dropout_rate": 0.3880955942738017, "lr": 0.03982951317385536, "batch_size": 208, "l2_lambda": 0.0015326683722004459}