{"sequence_length": 7, "hidden_size": 23, "num_layers": 1, "num_blocks": 3, "dropout_rate": 0.3046040798478289, "lr": 0.028301835432478686, "batch_size": 181, "l2_lambda": 0.0038055248515931855}