{"sequence_length": 26, "hidden_size": 126, "num_layers": 1, "num_blocks": 5, "dropout_rate": 0.37305795123930474, "lr": 0.06197187471289792}