{"sequence_length": 27, "hidden_size": 115, "num_layers": 3, "num_blocks": 3, "dropout_rate": 0.2495149267651815, "lr": 0.05846491334511278, "batch_size": 131, "l2_lambda": 0.0032591644447998364}