{"sequence_length": 8, "hidden_size": 17, "num_layers": 1, "num_blocks": 5, "dropout_rate": 0.4909249384262997, "lr": 0.016666468561050696}