{"sequence_length": 12, "hidden_size": 83, "num_layers": 3, "num_blocks": 2, "dropout_rate": 0.3239826330022161, "lr": 0.005893495033933771}