{"sequence_length": 23, "hidden_size": 40, "num_layers": 3, "num_blocks": 4, "dropout_rate": 0.354834167928901, "lr": 0.023018344370953164}