{"sequence_length": 28, "hidden_size": 118, "num_layers": 3, "num_blocks": 1, "dropout_rate": 0.4441326388485184, "lr": 0.010597537484789586}