{"sequence_length": 12, "hidden_size": 76, "num_layers": 3, "num_blocks": 3, "dropout_rate": 0.34202342957018783, "lr": 0.06482630169533363, "batch_size": 32, "l2_lambda": 0.009272853526724892}