{"sequence_length": 21, "hidden_size": 22, "num_layers": 1, "num_blocks": 3, "dropout_rate": 0.42623560533084837, "lr": 0.053652196262703816}