{"sequence_length": 21, "hidden_size": 53, "num_layers": 1, "num_blocks": 3, "dropout_rate": 0.3622159878191037, "lr": 0.09236083178143085}