{"sequence_length": 10, "hidden_size": 37, "num_layers": 1, "num_blocks": 2, "dropout_rate": 0.4374954890005536, "lr": 0.047181828654565744}