{"sequence_length": 26, "hidden_size": 72, "num_layers": 3, "num_blocks": 3, "dropout_rate": 0.12711387151479958, "lr": 0.03474323703751841, "batch_size": 96}