{"sequence_length": 16, "hidden_size": 116, "num_layers": 2, "num_blocks": 1, "dropout_rate": 0.4283315990707641, "lr": 0.061339799352175116}