{"sequence_length": 4, "hidden_size": 81, "num_layers": 1, "num_blocks": 2, "dropout_rate": 0.3148760741167519, "lr": 0.04914674939723481, "batch_size": 235}