{"sequence_length": 19, "hidden_size": 112, "num_layers": 2, "num_blocks": 2, "dropout_rate": 0.38569778127963605, "lr": 0.09902757276857192, "batch_size": 112, "l2_lambda": 0.007271436641882881}