{"sequence_length": 28, "hidden_size": 120, "num_layers": 3, "num_blocks": 3, "dropout_rate": 0.4845719949333157, "lr": 0.07345675300168118}