{"sequence_length": 20, "hidden_size": 59, "num_layers": 3, "num_blocks": 2, "dropout_rate": 0.45524363319206085, "lr": 0.06700033395200439}