{"sequence_length": 9, "hidden_size": 30, "num_layers": 2, "num_blocks": 3, "dropout_rate": 0.35292839996788417, "lr": 0.0230623025332016}