{"sequence_length": 15, "hidden_size": 48, "num_layers": 3, "num_blocks": 2, "dropout_rate": 0.4435550198201801, "lr": 0.022281955391975847, "batch_size": 169}