{"sequence_length": 7, "hidden_size": 44, "num_layers": 2, "num_blocks": 5, "dropout_rate": 0.1124652565764348, "lr": 0.09560151516679809}