{"sequence_length": 27, "hidden_size": 76, "num_layers": 2, "num_blocks": 2, "dropout_rate": 0.4265896902298726, "lr": 0.059092595849978}