{"sequence_length": 24, "hidden_size": 51, "num_layers": 1, "num_blocks": 3, "dropout_rate": 0.3871940580909987, "lr": 0.07534217195377259}