{"sequence_length": 2, "hidden_size": 46, "num_layers": 2, "num_blocks": 1, "dropout_rate": 0.31169628894100365, "lr": 0.08595229844501108}