{"sequence_length": 4, "hidden_size": 31, "num_layers": 1, "num_blocks": 3, "dropout_rate": 0.3331580475925251, "lr": 0.0900093325380816}