{"sequence_length": 20, "hidden_size": 105, "num_layers": 3, "num_blocks": 2, "dropout_rate": 0.17840594119348174, "lr": 0.01811385903944792}