{"sequence_length": 4, "hidden_size": 41, "num_layers": 1, "num_blocks": 5, "dropout_rate": 0.12228208933927852, "lr": 0.03581241065778606}