{"sequence_length": 22, "hidden_size": 80, "num_layers": 2, "num_blocks": 1, "dropout_rate": 0.3334025392218817, "lr": 0.09190734025743902}