{"sequence_length": 9, "hidden_size": 70, "num_layers": 1, "num_blocks": 3, "dropout_rate": 0.23111344949694523, "lr": 0.014613961990118766}