{"sequence_length": 13, "hidden_size": 94, "num_layers": 3, "num_blocks": 5, "dropout_rate": 0.18852186456531617, "lr": 0.03348733677214043}