{"sequence_length": 4, "hidden_size": 16, "num_layers": 2, "num_blocks": 1, "dropout_rate": 0.31665062364282814, "lr": 0.048671439128147906}