{"sequence_length": 13, "hidden_size": 126, "num_layers": 1, "num_blocks": 2, "dropout_rate": 0.25598431709442093, "lr": 0.019799143681444056}