{"sequence_length": 12, "hidden_size": 69, "num_layers": 2, "num_blocks": 3, "dropout_rate": 0.35078523634741, "lr": 0.09884295247586829, "batch_size": 147, "l2_lambda": 0.0012003931154988543}