{"sequence_length": 17, "hidden_size": 59, "num_layers": 1, "num_blocks": 1, "dropout_rate": 0.19218229181628052, "lr": 0.09049503674151244, "batch_size": 111, "l2_lambda": 0.003713259012997915}