{"sequence_length": 12, "hidden_size": 42, "num_layers": 2, "num_blocks": 1, "dropout_rate": 0.2839246549812571, "lr": 0.019373689122605498}