{"sequence_length": 13, "hidden_size": 26, "num_layers": 3, "num_blocks": 2, "dropout_rate": 0.4348229612140415, "lr": 0.09297716077258465, "batch_size": 36}