{"sequence_length": 9, "hidden_size": 90, "num_layers": 1, "num_blocks": 1, "dropout_rate": 0.2527223496763239, "lr": 0.034331203357419446, "batch_size": 210, "l2_lambda": 0.003995014086045293}