{"sequence_length": 6, "hidden_size": 92, "num_layers": 3, "num_blocks": 2, "dropout_rate": 0.4959531670161469, "lr": 0.03755633214356389, "batch_size": 251}