{"sequence_length": 22, "hidden_size": 40, "num_layers": 3, "num_blocks": 4, "dropout_rate": 0.4265474652950124, "lr": 0.01374417414625011}