{"sequence_length": 3, "hidden_size": 68, "num_layers": 2, "num_blocks": 3, "dropout_rate": 0.44127380602621114, "lr": 0.09265819810974248}