{"sequence_length": 10, "hidden_size": 24, "num_layers": 3, "num_blocks": 1, "dropout_rate": 0.33064043842407564, "lr": 0.08584741620380303, "batch_size": 189, "l2_lambda": 0.00865790329712267}