{"sequence_length": 23, "hidden_size": 97, "num_layers": 1, "num_blocks": 2, "dropout_rate": 0.28580073274548434, "lr": 0.09332824105031066}