{"sequence_length": 15, "hidden_size": 36, "num_layers": 1, "num_blocks": 1, "dropout_rate": 0.3518299674064752, "lr": 0.09727062359105607, "batch_size": 154}