{"sequence_length": 6, "hidden_size": 99, "num_layers": 3, "num_blocks": 2, "dropout_rate": 0.401996956168978, "lr": 0.044955977375314295}