{"sequence_length": 9, "hidden_size": 86, "num_layers": 3, "num_blocks": 1, "dropout_rate": 0.400798670357022, "lr": 0.08835121029174708}