{"sequence_length": 22, "hidden_size": 122, "num_layers": 1, "num_blocks": 3, "dropout_rate": 0.27931729439271624, "lr": 0.03427306742214139}