{"sequence_length": 14, "hidden_size": 27, "num_layers": 3, "num_blocks": 2, "dropout_rate": 0.10198613375468875, "lr": 0.050444601776312874, "batch_size": 150, "l2_lambda": 0.002168322387105299}