{"sequence_length": 16, "hidden_size": 68, "num_layers": 1, "num_blocks": 1, "dropout_rate": 0.2449573563352292, "lr": 0.06554464247775638, "batch_size": 66, "l2_lambda": 0.009194530967642061}