{"sequence_length": 21, "hidden_size": 121, "num_layers": 1, "num_blocks": 1, "dropout_rate": 0.4644312100250978, "lr": 0.052800182171510966, "batch_size": 188, "l2_lambda": 0.007421066739703328}