{"sequence_length": 10, "hidden_size": 80, "num_layers": 1, "num_blocks": 2, "dropout_rate": 0.3075100379624047, "lr": 0.06920365826772004}