{"sequence_length": 24, "hidden_size": 81, "num_layers": 2, "num_blocks": 1, "dropout_rate": 0.4612948566152054, "lr": 0.0018554252586632132}