{"sequence_length": 9, "hidden_size": 94, "num_layers": 2, "num_blocks": 3, "dropout_rate": 0.36687306908876827, "lr": 0.03915356261876194}