{"sequence_length": 20, "hidden_size": 56, "num_layers": 1, "num_blocks": 1, "dropout_rate": 0.3895302537760843, "lr": 0.07522748668271849, "batch_size": 21, "l2_lambda": 0.0067004081518783724}