{"sequence_length": 29, "hidden_size": 102, "num_layers": 1, "num_blocks": 3, "dropout_rate": 0.1527782681505015, "lr": 0.06780990039644708}