{"sequence_length": 19, "hidden_size": 17, "num_layers": 3, "num_blocks": 2, "dropout_rate": 0.4281624403091647, "lr": 0.04523869904960895, "batch_size": 34, "l2_lambda": 0.006605341645660273}