{"sequence_length": 11, "hidden_size": 47, "num_layers": 3, "num_blocks": 2, "dropout_rate": 0.1377121820110816, "lr": 0.08898681541084352}