{"sequence_length": 14, "hidden_size": 89, "num_layers": 1, "num_blocks": 3, "dropout_rate": 0.16639806236799498, "lr": 0.03359657880380478, "batch_size": 32}