{"sequence_length": 20, "hidden_size": 97, "num_layers": 2, "num_blocks": 5, "dropout_rate": 0.31738816513840684, "lr": 0.032850802870671256}