{"sequence_length": 22, "hidden_size": 39, "num_layers": 2, "num_blocks": 3, "dropout_rate": 0.251058802539459, "lr": 0.04627169796801147}