{"sequence_length": 6, "hidden_size": 69, "num_layers": 1, "num_blocks": 2, "dropout_rate": 0.21103623164942475, "lr": 0.06041215167752037}