{"sequence_length": 21, "hidden_size": 96, "num_layers": 3, "num_blocks": 3, "dropout_rate": 0.493264502661681, "lr": 0.0320909075267545}