{"sequence_length": 17, "hidden_size": 31, "num_layers": 2, "num_blocks": 1, "dropout_rate": 0.2650974534006191, "lr": 0.07402491971547921}