{"sequence_length": 24, "hidden_size": 43, "num_layers": 3, "num_blocks": 3, "dropout_rate": 0.41129201041782226, "lr": 0.05751130408089707, "batch_size": 80, "l2_lambda": 0.003577474068506677}