{"sequence_length": 11, "hidden_size": 59, "num_layers": 3, "num_blocks": 1, "dropout_rate": 0.32597717585423475, "lr": 0.05730933766500675}