{"sequence_length": 26, "hidden_size": 68, "num_layers": 1, "num_blocks": 4, "dropout_rate": 0.3972758617456216, "lr": 0.08167816275444555}