{"sequence_length": 10, "hidden_size": 113, "num_layers": 2, "num_blocks": 1, "dropout_rate": 0.20332413670089797, "lr": 0.06297647409681115}