{"sequence_length": 18, "hidden_size": 108, "num_layers": 2, "num_blocks": 1, "dropout_rate": 0.416868746892072, "lr": 0.052280456366166655, "batch_size": 90}