{"sequence_length": 14, "hidden_size": 83, "num_layers": 1, "num_blocks": 1, "dropout_rate": 0.45837131064823067, "lr": 0.06441450625002346, "batch_size": 121, "l2_lambda": 0.0010791685137825826}