{"sequence_length": 26, "hidden_size": 37, "num_layers": 1, "num_blocks": 3, "dropout_rate": 0.4155151466876075, "lr": 0.0892956064154978}