{"sequence_length": 9, "hidden_size": 83, "num_layers": 2, "num_blocks": 1, "dropout_rate": 0.26469123156821883, "lr": 0.09324792952685317}