{"sequence_length": 17, "hidden_size": 86, "num_layers": 3, "num_blocks": 2, "dropout_rate": 0.4892639548157144, "lr": 0.017230611095155356}