{"sequence_length": 16, "hidden_size": 55, "num_layers": 2, "num_blocks": 2, "dropout_rate": 0.1944816896203353, "lr": 0.009520832416225575}