{"sequence_length": 15, "hidden_size": 86, "num_layers": 1, "num_blocks": 2, "dropout_rate": 0.3625786173360249, "lr": 0.06456750499969659, "batch_size": 213, "l2_lambda": 0.004339126350725677}