{"sequence_length": 29, "hidden_size": 106, "num_layers": 2, "num_blocks": 1, "dropout_rate": 0.29997461865632613, "lr": 0.03801412302660375, "batch_size": 133, "l2_lambda": 0.002335615061833386}