{"sequence_length": 6, "hidden_size": 26, "num_layers": 1, "num_blocks": 3, "dropout_rate": 0.453410412639794, "lr": 0.007214758992254805, "batch_size": 94}