{"sequence_length": 13, "hidden_size": 110, "num_layers": 2, "num_blocks": 5, "dropout_rate": 0.4636850814896468, "lr": 0.07605799064602732}