{"sequence_length": 13, "hidden_size": 33, "num_layers": 3, "num_blocks": 1, "dropout_rate": 0.3106908606609527, "lr": 0.0005028910154921522}