{"sequence_length": 17, "hidden_size": 94, "num_layers": 3, "num_blocks": 1, "dropout_rate": 0.28471992749584296, "lr": 0.06887350624804622}