{"sequence_length": 10, "hidden_size": 87, "num_layers": 3, "num_blocks": 3, "dropout_rate": 0.3975211321313269, "lr": 0.09979426911607085}