{"sequence_length": 7, "hidden_size": 111, "num_layers": 1, "num_blocks": 3, "dropout_rate": 0.4186493324296834, "lr": 0.04800168746420399, "batch_size": 190, "l2_lambda": 0.00030676612530128257}