{"sequence_length": 13, "hidden_size": 52, "num_layers": 2, "num_blocks": 3, "dropout_rate": 0.3137162941243711, "lr": 0.03238403600231823}