{"sequence_length": 21, "hidden_size": 116, "num_layers": 1, "num_blocks": 3, "dropout_rate": 0.1398416619109543, "lr": 0.0630673214810576, "batch_size": 113, "l2_lambda": 0.0062259470657160115}