{"sequence_length": 29, "hidden_size": 90, "num_layers": 3, "num_blocks": 3, "dropout_rate": 0.4681799917760284, "lr": 0.048906966762337634, "batch_size": 151}