{"sequence_length": 9, "hidden_size": 62, "num_layers": 2, "num_blocks": 1, "dropout_rate": 0.1498508943805874, "lr": 0.09666899462652098}