{"sequence_length": 27, "hidden_size": 52, "num_layers": 2, "num_blocks": 3, "dropout_rate": 0.38505601727214633, "lr": 0.012912165943808977}