{"sequence_length": 19, "hidden_size": 49, "num_layers": 3, "num_blocks": 2, "dropout_rate": 0.26609994955026983, "lr": 0.021144906827441197, "batch_size": 69, "l2_lambda": 0.009299787763536642}