{"sequence_length": 24, "hidden_size": 54, "num_layers": 3, "num_blocks": 3, "dropout_rate": 0.16132055787178154, "lr": 0.09857734952203306, "batch_size": 85}