{"sequence_length": 16, "hidden_size": 30, "num_layers": 2, "num_blocks": 1, "dropout_rate": 0.39945297004636826, "lr": 0.07598079784817921}