{"sequence_length": 25, "hidden_size": 63, "num_layers": 3, "num_blocks": 2, "dropout_rate": 0.1949037536887233, "lr": 0.004115134835448898}