{"sequence_length": 23, "hidden_size": 67, "num_layers": 2, "num_blocks": 1, "dropout_rate": 0.33990257379241606, "lr": 0.015554499227128291}