{"sequence_length": 29, "hidden_size": 105, "num_layers": 1, "num_blocks": 2, "dropout_rate": 0.4890526545529431, "lr": 0.07260558110860746, "batch_size": 194, "l2_lambda": 0.009132422821069968}