{"sequence_length": 11, "hidden_size": 51, "num_layers": 2, "num_blocks": 3, "dropout_rate": 0.34998094850585737, "lr": 0.030843416693234368}