{"sequence_length": 19, "hidden_size": 98, "num_layers": 3, "num_blocks": 3, "dropout_rate": 0.26650492201524223, "lr": 0.07163949827356741, "batch_size": 79, "l2_lambda": 0.008445856619432581}