{"sequence_length": 18, "hidden_size": 124, "num_layers": 2, "num_blocks": 1, "dropout_rate": 0.4539396867271296, "lr": 0.04147193545319325}