{"sequence_length": 19, "hidden_size": 68, "num_layers": 2, "num_blocks": 1, "dropout_rate": 0.20191292558068463, "lr": 0.09661856877085058}