{"sequence_length": 22, "hidden_size": 22, "num_layers": 3, "num_blocks": 1, "dropout_rate": 0.18469459649860412, "lr": 0.07786225116611382}