{"sequence_length": 26, "hidden_size": 74, "num_layers": 1, "num_blocks": 2, "dropout_rate": 0.39826436027836365, "lr": 0.07978079318668026, "batch_size": 199, "l2_lambda": 0.0069626918444122225}