{"sequence_length": 3, "hidden_size": 24, "num_layers": 1, "num_blocks": 2, "dropout_rate": 0.24593174473065318, "lr": 0.059344087193031476}