{"sequence_length": 23, "hidden_size": 108, "num_layers": 2, "num_blocks": 4, "dropout_rate": 0.327042761248916, "lr": 0.03448896285448348}