{"sequence_length": 17, "hidden_size": 119, "num_layers": 3, "num_blocks": 2, "dropout_rate": 0.15362044801822866, "lr": 0.03812382779979775}