{"sequence_length": 20, "hidden_size": 56, "num_layers": 1, "num_blocks": 3, "dropout_rate": 0.3858000414915407, "lr": 0.0450417522546797}