{"sequence_length": 28, "hidden_size": 99, "num_layers": 3, "num_blocks": 3, "dropout_rate": 0.37893224783181567, "lr": 0.03919451349197607, "batch_size": 201}