{"sequence_length": 26, "hidden_size": 101, "num_layers": 2, "num_blocks": 1, "dropout_rate": 0.19610897692585053, "lr": 0.0738468663800146, "batch_size": 120, "l2_lambda": 0.007851616215141518}