{"sequence_length": 26, "hidden_size": 64, "num_layers": 1, "num_blocks": 1, "dropout_rate": 0.3350875843101667, "lr": 0.045787865060460085}