{"sequence_length": 10, "hidden_size": 83, "num_layers": 1, "num_blocks": 4, "dropout_rate": 0.10927075309426862, "lr": 0.02293623706796083}