{"sequence_length": 17, "hidden_size": 42, "num_layers": 3, "num_blocks": 3, "dropout_rate": 0.10393635099582035, "lr": 0.03705821232263796, "batch_size": 247, "l2_lambda": 0.007673609865654391}