{"sequence_length": 25, "hidden_size": 106, "num_layers": 3, "num_blocks": 1, "dropout_rate": 0.3796897939836843, "lr": 0.04598994475514719, "batch_size": 250, "l2_lambda": 0.003527081742845455}