{"sequence_length": 5, "hidden_size": 80, "num_layers": 3, "num_blocks": 2, "dropout_rate": 0.39035115416497523, "lr": 0.07480062000743462}