{"sequence_length": 3, "hidden_size": 51, "num_layers": 3, "num_blocks": 1, "dropout_rate": 0.4125402844458842, "lr": 0.04723483422558998}