{"sequence_length": 24, "hidden_size": 74, "num_layers": 2, "num_blocks": 1, "dropout_rate": 0.3190916095015067, "lr": 0.06026495755672929}