{"sequence_length": 20, "hidden_size": 41, "num_layers": 1, "num_blocks": 3, "dropout_rate": 0.4628540908844364, "lr": 0.04344927624760419}