{"sequence_length": 6, "hidden_size": 118, "num_layers": 2, "num_blocks": 3, "dropout_rate": 0.3391252705549551, "lr": 0.04252982803696724, "batch_size": 18, "l2_lambda": 0.0026457038686746328}