{"sequence_length": 17, "hidden_size": 99, "num_layers": 1, "num_blocks": 3, "dropout_rate": 0.1742197058609159, "lr": 0.04224526415912209, "batch_size": 217}