{"sequence_length": 16, "hidden_size": 93, "num_layers": 3, "num_blocks": 2, "dropout_rate": 0.37290155059615526, "lr": 0.0008884298293974084}