{"sequence_length": 12, "hidden_size": 28, "num_layers": 1, "num_blocks": 1, "dropout_rate": 0.27626943224840506, "lr": 0.038533624799634646, "batch_size": 113, "l2_lambda": 0.0019081042731285609}