{"sequence_length": 22, "hidden_size": 52, "num_layers": 2, "num_blocks": 1, "dropout_rate": 0.22249337819220139, "lr": 0.040958488615586}