{"sequence_length": 2, "hidden_size": 80, "num_layers": 1, "num_blocks": 3, "dropout_rate": 0.10180146612028525, "lr": 0.03635127257445725}