{"sequence_length": 8, "hidden_size": 88, "num_layers": 3, "num_blocks": 3, "dropout_rate": 0.375154813311141, "lr": 0.0727870923364663}