{"sequence_length": 24, "hidden_size": 99, "num_layers": 1, "num_blocks": 3, "dropout_rate": 0.1566309527121975, "lr": 0.02458418898765317, "batch_size": 227, "l2_lambda": 0.007071423475896826}