{"sequence_length": 29, "hidden_size": 94, "num_layers": 1, "num_blocks": 2, "dropout_rate": 0.38070709972747274, "lr": 0.09331589387687877}