{"sequence_length": 9, "hidden_size": 108, "num_layers": 2, "num_blocks": 1, "dropout_rate": 0.31084878093375795, "lr": 0.020202189120963356, "batch_size": 221, "l2_lambda": 0.005781560292728443}