{"sequence_length": 10, "hidden_size": 36, "num_layers": 2, "num_blocks": 3, "dropout_rate": 0.435378452933206, "lr": 0.06645095370160833}