{"sequence_length": 4, "hidden_size": 56, "num_layers": 2, "num_blocks": 2, "dropout_rate": 0.10057817977908559, "lr": 0.09365022306193699, "batch_size": 243, "l2_lambda": 0.0014765874532357392}