{"sequence_length": 23, "hidden_size": 115, "num_layers": 2, "num_blocks": 2, "dropout_rate": 0.3274315865437373, "lr": 0.04865047694115762}