{"sequence_length": 7, "hidden_size": 44, "num_layers": 1, "num_blocks": 3, "dropout_rate": 0.2889015530273318, "lr": 0.083100823723437, "batch_size": 163, "l2_lambda": 0.003032775752796934}