{"sequence_length": 10, "hidden_size": 59, "num_layers": 3, "num_blocks": 1, "dropout_rate": 0.14766111670272003, "lr": 0.07357925249370043, "batch_size": 232}