{"sequence_length": 8, "hidden_size": 66, "num_layers": 1, "num_blocks": 3, "dropout_rate": 0.4567934306174575, "lr": 0.04671971432197777}