{"sequence_length": 29, "hidden_size": 57, "num_layers": 2, "num_blocks": 2, "dropout_rate": 0.13742056076506062, "lr": 0.0424837328173911}