{"sequence_length": 22, "hidden_size": 85, "num_layers": 1, "num_blocks": 5, "dropout_rate": 0.35299735001530363, "lr": 0.00768494558939266}