{"sequence_length": 18, "hidden_size": 38, "num_layers": 3, "num_blocks": 3, "dropout_rate": 0.33923207520931153, "lr": 0.05288570739517375, "batch_size": 244, "l2_lambda": 0.000474612904724114}