{"sequence_length": 8, "hidden_size": 32, "num_layers": 1, "num_blocks": 4, "dropout_rate": 0.34862278630341414, "lr": 0.01941981140690261}