{"sequence_length": 19, "hidden_size": 29, "num_layers": 1, "num_blocks": 3, "dropout_rate": 0.14666691360932116, "lr": 0.08335320963824369, "batch_size": 126, "l2_lambda": 0.005917399571282096}