{"sequence_length": 16, "hidden_size": 122, "num_layers": 1, "num_blocks": 4, "dropout_rate": 0.47086249301367844, "lr": 0.06885461686014273}