{"sequence_length": 4, "hidden_size": 42, "num_layers": 3, "num_blocks": 3, "dropout_rate": 0.3124934916027059, "lr": 0.04772891913989804, "batch_size": 171, "l2_lambda": 0.0025508089354133174}