{"sequence_length": 4, "hidden_size": 31, "num_layers": 3, "num_blocks": 5, "dropout_rate": 0.1848464489611996, "lr": 0.09570453614547288}