{"sequence_length": 25, "hidden_size": 118, "num_layers": 1, "num_blocks": 3, "dropout_rate": 0.4553771476512415, "lr": 0.005877049765498018, "batch_size": 159, "l2_lambda": 0.00186252068755658}