{"sequence_length": 29, "hidden_size": 119, "num_layers": 2, "num_blocks": 1, "dropout_rate": 0.45600924008778254, "lr": 0.08554900551180182}