{"sequence_length": 24, "hidden_size": 107, "num_layers": 3, "num_blocks": 1, "dropout_rate": 0.2909725704504177, "lr": 0.08042562725689374, "batch_size": 220}