{"sequence_length": 20, "hidden_size": 75, "num_layers": 2, "num_blocks": 3, "dropout_rate": 0.38092642278735034, "lr": 0.09217510554626149, "batch_size": 242, "l2_lambda": 0.00548128745062363}