{"sequence_length": 7, "hidden_size": 39, "num_layers": 1, "num_blocks": 2, "dropout_rate": 0.4697781046617301, "lr": 0.030291628770151673}