{"sequence_length": 22, "hidden_size": 58, "num_layers": 2, "num_blocks": 4, "dropout_rate": 0.3637934986076804, "lr": 0.023196350482169087}