{"sequence_length": 26, "hidden_size": 89, "num_layers": 1, "num_blocks": 2, "dropout_rate": 0.2702171345929111, "lr": 0.009856785969633403}