{"sequence_length": 18, "hidden_size": 31, "num_layers": 2, "num_blocks": 3, "dropout_rate": 0.37265539546963744, "lr": 0.023034802046962902, "batch_size": 223}