{"sequence_length": 15, "hidden_size": 44, "num_layers": 2, "num_blocks": 1, "dropout_rate": 0.29324816104489987, "lr": 0.04524964705539525}