{"sequence_length": 8, "hidden_size": 46, "num_layers": 2, "num_blocks": 1, "dropout_rate": 0.29696675455804933, "lr": 0.09071676999214869}