{"sequence_length": 29, "hidden_size": 81, "num_layers": 1, "num_blocks": 5, "dropout_rate": 0.4278991515515037, "lr": 0.08929349595209551}