{"sequence_length": 23, "hidden_size": 103, "num_layers": 1, "num_blocks": 4, "dropout_rate": 0.14814762522940433, "lr": 0.08235819871339549}