{"sequence_length": 6, "hidden_size": 34, "num_layers": 2, "num_blocks": 1, "dropout_rate": 0.35271194112591153, "lr": 0.03922508922623602}