{"sequence_length": 18, "hidden_size": 110, "num_layers": 3, "num_blocks": 2, "dropout_rate": 0.2000935273194142, "lr": 0.043656769285191674, "batch_size": 176, "l2_lambda": 0.0036277874993403216}