{"sequence_length": 12, "hidden_size": 126, "num_layers": 2, "num_blocks": 1, "dropout_rate": 0.37607850006390586, "lr": 0.09858967340096195, "batch_size": 121, "l2_lambda": 0.005258564881849363}