{"sequence_length": 25, "hidden_size": 128, "num_layers": 2, "num_blocks": 3, "dropout_rate": 0.4975354008491958, "lr": 0.03525898644433691, "batch_size": 200, "l2_lambda": 0.0021947004320449007}