{"sequence_length": 6, "hidden_size": 83, "num_layers": 2, "num_blocks": 4, "dropout_rate": 0.4217370422366292, "lr": 0.012184783074408071}