{"sequence_length": 24, "hidden_size": 39, "num_layers": 3, "num_blocks": 1, "dropout_rate": 0.3991690507918473, "lr": 0.05920554027349287}