{"sequence_length": 5, "hidden_size": 96, "num_layers": 3, "num_blocks": 2, "dropout_rate": 0.2848766394577301, "lr": 0.021270299580269478}