{"sequence_length": 14, "hidden_size": 60, "num_layers": 3, "num_blocks": 2, "dropout_rate": 0.3170331207730045, "lr": 0.05821745620988989}