{"sequence_length": 6, "hidden_size": 61, "num_layers": 2, "num_blocks": 2, "dropout_rate": 0.3904968026736807, "lr": 0.02284658221348224, "batch_size": 105, "l2_lambda": 0.001209725142876252}