{"sequence_length": 4, "hidden_size": 114, "num_layers": 1, "num_blocks": 4, "dropout_rate": 0.13825819253642302, "lr": 0.04984652277853727}