{"sequence_length": 5, "hidden_size": 109, "num_layers": 1, "num_blocks": 1, "dropout_rate": 0.38421389061374467, "lr": 0.07636759399075853}