{"sequence_length": 20, "hidden_size": 57, "num_layers": 1, "num_blocks": 2, "dropout_rate": 0.15526485683436772, "lr": 0.09541307848987636, "batch_size": 73, "l2_lambda": 0.007458917981156265}