{"sequence_length": 25, "hidden_size": 120, "num_layers": 2, "num_blocks": 2, "dropout_rate": 0.34512066983630346, "lr": 0.06492845641562692}