{"sequence_length": 10, "hidden_size": 75, "num_layers": 2, "num_blocks": 1, "dropout_rate": 0.2221720202383752, "lr": 0.01413067217528576}