{"sequence_length": 21, "hidden_size": 65, "num_layers": 2, "num_blocks": 2, "dropout_rate": 0.42999301696540204, "lr": 0.02136701026450981}