{"sequence_length": 6, "hidden_size": 123, "num_layers": 3, "num_blocks": 1, "dropout_rate": 0.31012135484303827, "lr": 0.0667201232041311, "batch_size": 144, "l2_lambda": 0.0017737850096143449}