{"sequence_length": 11, "hidden_size": 112, "num_layers": 3, "num_blocks": 1, "dropout_rate": 0.4816608284912296, "lr": 0.005388400733569463}