{"sequence_length": 20, "hidden_size": 52, "num_layers": 2, "num_blocks": 3, "dropout_rate": 0.4187300220351785, "lr": 0.07071638068219019}