{"sequence_length": 10, "hidden_size": 95, "num_layers": 3, "num_blocks": 3, "dropout_rate": 0.15385540010897675, "lr": 0.022816782040706227, "batch_size": 89, "l2_lambda": 0.005576145618929983}