{"sequence_length": 8, "hidden_size": 44, "num_layers": 2, "num_blocks": 3, "dropout_rate": 0.2725370538340479, "lr": 0.03859064965714664, "batch_size": 100, "l2_lambda": 0.004940295797818282}