{"sequence_length": 12, "hidden_size": 70, "num_layers": 2, "num_blocks": 2, "dropout_rate": 0.37523062109494876, "lr": 0.000910385088743636}