{"sequence_length": 15, "hidden_size": 104, "num_layers": 2, "num_blocks": 2, "dropout_rate": 0.4728950942086535, "lr": 0.09237595694348923, "batch_size": 166, "l2_lambda": 0.004893723734763479}