{"sequence_length": 23, "hidden_size": 42, "num_layers": 3, "num_blocks": 2, "dropout_rate": 0.13130532649455642, "lr": 0.056997109927002326, "batch_size": 184, "l2_lambda": 0.0024781498208977177}