{"sequence_length": 22, "hidden_size": 84, "num_layers": 1, "num_blocks": 2, "dropout_rate": 0.10223559041199724, "lr": 0.021146052884340398}