{"sequence_length": 6, "hidden_size": 93, "num_layers": 2, "num_blocks": 3, "dropout_rate": 0.11483276414786055, "lr": 0.056065480028303735}