{"sequence_length": 6, "hidden_size": 65, "num_layers": 2, "num_blocks": 3, "dropout_rate": 0.4564643633901949, "lr": 0.05126577406832483}