{"sequence_length": 3, "hidden_size": 43, "num_layers": 3, "num_blocks": 3, "dropout_rate": 0.10062329591809141, "lr": 0.09076615944282476}