{"sequence_length": 9, "hidden_size": 125, "num_layers": 2, "num_blocks": 2, "dropout_rate": 0.21763076932348238, "lr": 0.025278356988539082}