{"sequence_length": 27, "hidden_size": 114, "num_layers": 1, "num_blocks": 2, "dropout_rate": 0.37246180416135966, "lr": 0.013025457806416023, "batch_size": 111, "l2_lambda": 0.0017851895702407647}