{"sequence_length": 14, "hidden_size": 61, "num_layers": 3, "num_blocks": 1, "dropout_rate": 0.44145629560626964, "lr": 0.07620398635657741, "batch_size": 109, "l2_lambda": 0.00216962942603712}