{"sequence_length": 5, "hidden_size": 90, "num_layers": 3, "num_blocks": 5, "dropout_rate": 0.44982305309722104, "lr": 0.006354896278241243}