{"sequence_length": 2, "hidden_size": 77, "num_layers": 2, "num_blocks": 1, "dropout_rate": 0.3975955503931137, "lr": 0.08343759801937028}