{"sequence_length": 8, "hidden_size": 79, "num_layers": 1, "num_blocks": 3, "dropout_rate": 0.42188935629432667, "lr": 0.08293677524721313}