{"sequence_length": 10, "hidden_size": 52, "num_layers": 3, "num_blocks": 3, "dropout_rate": 0.24882012146714272, "lr": 0.09510939864878155, "batch_size": 225, "l2_lambda": 0.006281003292274087}