{"sequence_length": 8, "hidden_size": 92, "num_layers": 1, "num_blocks": 2, "dropout_rate": 0.3913248683185596, "lr": 0.0372097792640035}