{"sequence_length": 24, "hidden_size": 116, "num_layers": 3, "num_blocks": 3, "dropout_rate": 0.20827568904855018, "lr": 0.08279666440784834}