{"sequence_length": 10, "hidden_size": 104, "num_layers": 3, "num_blocks": 2, "dropout_rate": 0.3684844420004171, "lr": 0.020919506133301936}