{"sequence_length": 26, "hidden_size": 33, "num_layers": 1, "num_blocks": 3, "dropout_rate": 0.10467373567575633, "lr": 0.03359887993565946}