{"sequence_length": 22, "hidden_size": 50, "num_layers": 2, "num_blocks": 5, "dropout_rate": 0.40619282274270696, "lr": 0.0018402086876304243}