{"sequence_length": 2, "hidden_size": 42, "num_layers": 3, "num_blocks": 3, "dropout_rate": 0.3874841066606126, "lr": 0.07724417543641429, "batch_size": 207, "l2_lambda": 0.006311933697503784}