{"sequence_length": 19, "hidden_size": 117, "num_layers": 3, "num_blocks": 1, "dropout_rate": 0.3466374579145544, "lr": 0.00883773105600969}