{"sequence_length": 25, "hidden_size": 107, "num_layers": 1, "num_blocks": 4, "dropout_rate": 0.40612360126573877, "lr": 0.051847998121365084}