{"sequence_length": 4, "hidden_size": 126, "num_layers": 3, "num_blocks": 1, "dropout_rate": 0.2560904161375106, "lr": 0.07617653937920268, "batch_size": 240, "l2_lambda": 0.007396714014187738}