{"sequence_length": 23, "hidden_size": 108, "num_layers": 2, "num_blocks": 2, "dropout_rate": 0.1073759419271342, "lr": 0.020070417023597277}