{"sequence_length": 26, "hidden_size": 70, "num_layers": 1, "num_blocks": 2, "dropout_rate": 0.40994722659945393, "lr": 0.054902273984877986}