{"sequence_length": 2, "hidden_size": 81, "num_layers": 1, "num_blocks": 5, "dropout_rate": 0.2724398804396888, "lr": 0.048420533987322156}