{"sequence_length": 25, "hidden_size": 47, "num_layers": 3, "num_blocks": 3, "dropout_rate": 0.11727549366395539, "lr": 0.00797698583172018}