{"sequence_length": 28, "hidden_size": 95, "num_layers": 2, "num_blocks": 2, "dropout_rate": 0.1556006322280825, "lr": 0.07676114548059947, "batch_size": 52, "l2_lambda": 0.009102725597962314}