{"sequence_length": 29, "hidden_size": 82, "num_layers": 3, "num_blocks": 3, "dropout_rate": 0.14528900025735197, "lr": 0.03642119248548489, "batch_size": 53, "l2_lambda": 0.0042127603289434596}