{"sequence_length": 20, "hidden_size": 85, "num_layers": 1, "num_blocks": 1, "dropout_rate": 0.1330156473558638, "lr": 0.0007038903037409399, "batch_size": 147, "l2_lambda": 0.003595746550938833}