{"sequence_length": 17, "hidden_size": 88, "num_layers": 1, "num_blocks": 3, "dropout_rate": 0.30996062917602063, "lr": 0.06418487615405055}