{"sequence_length": 9, "hidden_size": 114, "num_layers": 1, "num_blocks": 4, "dropout_rate": 0.22234130854948708, "lr": 0.0686040012181743}