{"sequence_length": 7, "hidden_size": 85, "num_layers": 3, "num_blocks": 2, "dropout_rate": 0.1770780006991164, "lr": 0.048309835106508374}