{"sequence_length": 11, "hidden_size": 119, "num_layers": 3, "num_blocks": 1, "dropout_rate": 0.33314387848787674, "lr": 0.0509583320094019}