{"sequence_length": 30, "hidden_size": 70, "num_layers": 1, "num_blocks": 3, "dropout_rate": 0.11905669684191858, "lr": 0.07526720363343843}