{"sequence_length": 23, "hidden_size": 24, "num_layers": 3, "num_blocks": 3, "dropout_rate": 0.14389157465038027, "lr": 0.06470135346235714}