{"sequence_length": 19, "hidden_size": 112, "num_layers": 2, "num_blocks": 3, "dropout_rate": 0.10237320806791557, "lr": 0.06688594933528727}