{"sequence_length": 16, "hidden_size": 111, "num_layers": 2, "num_blocks": 1, "dropout_rate": 0.17952113602453987, "lr": 0.030102275242657846}