{"sequence_length": 7, "hidden_size": 49, "num_layers": 2, "num_blocks": 1, "dropout_rate": 0.39764238020727327, "lr": 0.04453796053160922, "batch_size": 132, "l2_lambda": 0.005052203264102527}