{"sequence_length": 9, "hidden_size": 16, "num_layers": 2, "num_blocks": 2, "dropout_rate": 0.21813011356092715, "lr": 0.047472197851932595, "batch_size": 111, "l2_lambda": 0.00406191805240964}