{"sequence_length": 17, "hidden_size": 76, "num_layers": 1, "num_blocks": 2, "dropout_rate": 0.4716703314381959, "lr": 0.03659458074766396}