{"sequence_length": 21, "hidden_size": 104, "num_layers": 2, "num_blocks": 4, "dropout_rate": 0.23718210886707786, "lr": 0.04263599537198536}