{"sequence_length": 28, "hidden_size": 103, "num_layers": 3, "num_blocks": 1, "dropout_rate": 0.4146062515851593, "lr": 0.015239513635309475}