{"sequence_length": 3, "hidden_size": 128, "num_layers": 2, "num_blocks": 2, "dropout_rate": 0.2430107625971718, "lr": 0.08429991877376662}