{"sequence_length": 13, "hidden_size": 99, "num_layers": 2, "num_blocks": 5, "dropout_rate": 0.41756823115048924, "lr": 0.08012386820624652}