{"sequence_length": 14, "hidden_size": 87, "num_layers": 3, "num_blocks": 3, "dropout_rate": 0.4128252553445517, "lr": 0.035644210544763154, "batch_size": 32, "l2_lambda": 0.006246044275331779}