{"sequence_length": 12, "hidden_size": 29, "num_layers": 2, "num_blocks": 1, "dropout_rate": 0.19256690890006262, "lr": 0.08336053122735651}