{"sequence_length": 28, "hidden_size": 53, "num_layers": 1, "num_blocks": 2, "dropout_rate": 0.3749018987688445, "lr": 0.06311469910197776}