{"sequence_length": 20, "hidden_size": 65, "num_layers": 1, "num_blocks": 3, "dropout_rate": 0.23710134946857717, "lr": 0.03731993484772805, "batch_size": 174, "l2_lambda": 0.0020609573102559143}