{"sequence_length": 12, "hidden_size": 125, "num_layers": 3, "num_blocks": 2, "dropout_rate": 0.38516353337978504, "lr": 0.05620541878862621, "batch_size": 186, "l2_lambda": 0.005553598888037267}