{"sequence_length": 5, "hidden_size": 97, "num_layers": 3, "num_blocks": 2, "dropout_rate": 0.37993447327675356, "lr": 0.07565539218549716}