{"sequence_length": 20, "hidden_size": 22, "num_layers": 1, "num_blocks": 1, "dropout_rate": 0.47169095932353744, "lr": 0.06928561698751724, "batch_size": 110, "l2_lambda": 0.0016914475779056502}