{"sequence_length": 5, "hidden_size": 78, "num_layers": 2, "num_blocks": 3, "dropout_rate": 0.24379595493692963, "lr": 0.048753912978928296}