{"sequence_length": 30, "hidden_size": 86, "num_layers": 3, "num_blocks": 1, "dropout_rate": 0.19626408216704033, "lr": 0.01673144172050779}