{"sequence_length": 17, "hidden_size": 87, "num_layers": 3, "num_blocks": 3, "dropout_rate": 0.4284636576166092, "lr": 0.009700444209438193, "batch_size": 200, "l2_lambda": 0.007381374511887007}