{"sequence_length": 30, "hidden_size": 23, "num_layers": 3, "num_blocks": 1, "dropout_rate": 0.4893762446010771, "lr": 0.034897183326147205, "batch_size": 36, "l2_lambda": 0.0059157428542252095}