{"sequence_length": 2, "hidden_size": 113, "num_layers": 2, "num_blocks": 2, "dropout_rate": 0.4993358711751348, "lr": 0.02182043658464161}