{"sequence_length": 30, "hidden_size": 115, "num_layers": 3, "num_blocks": 1, "dropout_rate": 0.2882371041640973, "lr": 0.0003502980594113146}