{"sequence_length": 21, "hidden_size": 48, "num_layers": 1, "num_blocks": 2, "dropout_rate": 0.3895966479114149, "lr": 0.004008072961894051}