{"sequence_length": 25, "hidden_size": 121, "num_layers": 1, "num_blocks": 2, "dropout_rate": 0.2286605130875049, "lr": 0.03423182852661653}