{"sequence_length": 23, "hidden_size": 107, "num_layers": 1, "num_blocks": 1, "dropout_rate": 0.40605162704622766, "lr": 0.09524837991316445}