{"sequence_length": 6, "hidden_size": 125, "num_layers": 2, "num_blocks": 1, "dropout_rate": 0.29484746610085516, "lr": 0.06649512962353422, "batch_size": 154, "l2_lambda": 0.007051152810765243}