{"sequence_length": 9, "hidden_size": 18, "num_layers": 3, "num_blocks": 3, "dropout_rate": 0.4030307371984668, "lr": 0.07951323065892615}