{"sequence_length": 17, "hidden_size": 27, "num_layers": 1, "num_blocks": 3, "dropout_rate": 0.35107118405184257, "lr": 0.07525809000698785}