{"sequence_length": 10, "hidden_size": 31, "num_layers": 3, "num_blocks": 3, "dropout_rate": 0.21113919614741872, "lr": 0.005143627918688691}