{"sequence_length": 13, "hidden_size": 124, "num_layers": 2, "num_blocks": 2, "dropout_rate": 0.25981185746430724, "lr": 0.04066648137790535}