{"sequence_length": 23, "hidden_size": 116, "num_layers": 1, "num_blocks": 1, "dropout_rate": 0.2992963189998612, "lr": 0.025560576641768144, "batch_size": 93, "l2_lambda": 0.005112696719711667}