{"sequence_length": 2, "hidden_size": 17, "num_layers": 2, "num_blocks": 2, "dropout_rate": 0.14498660699211854, "lr": 0.02133827671626856}