{"sequence_length": 24, "hidden_size": 55, "num_layers": 1, "num_blocks": 1, "dropout_rate": 0.4660480066504713, "lr": 0.04530020067998775}