{"sequence_length": 21, "hidden_size": 96, "num_layers": 2, "num_blocks": 3, "dropout_rate": 0.1001132531641479, "lr": 0.025086612056072814}