{"sequence_length": 21, "hidden_size": 71, "num_layers": 1, "num_blocks": 1, "dropout_rate": 0.3752482961227531, "lr": 0.09180679611269087, "batch_size": 93, "l2_lambda": 0.006866156814244353}