{"sequence_length": 16, "hidden_size": 64, "num_layers": 2, "num_blocks": 2, "dropout_rate": 0.3941455457512637, "lr": 0.06822182875078263}