{"sequence_length": 18, "hidden_size": 28, "num_layers": 2, "num_blocks": 2, "dropout_rate": 0.1455031879344726, "lr": 0.07055346003385447, "batch_size": 231, "l2_lambda": 0.0004208228466285249}