{"sequence_length": 28, "hidden_size": 119, "num_layers": 3, "num_blocks": 3, "dropout_rate": 0.16706041657845766, "lr": 0.016338350532046998}