{"sequence_length": 22, "hidden_size": 33, "num_layers": 3, "num_blocks": 2, "dropout_rate": 0.25812355060129766, "lr": 0.04121936535550242}