{"sequence_length": 30, "hidden_size": 120, "num_layers": 3, "num_blocks": 2, "dropout_rate": 0.45282017672765174, "lr": 0.07064887267032857}