{"sequence_length": 24, "hidden_size": 67, "num_layers": 2, "num_blocks": 2, "dropout_rate": 0.41362869895082377, "lr": 0.026574243056596194}