{"sequence_length": 28, "hidden_size": 60, "num_layers": 1, "num_blocks": 4, "dropout_rate": 0.23035154521811912, "lr": 0.005589739284371867}