{"sequence_length": 26, "hidden_size": 63, "num_layers": 1, "num_blocks": 2, "dropout_rate": 0.4476257792658017, "lr": 0.09464544283580786, "batch_size": 207, "l2_lambda": 0.009217814634383545}