{"sequence_length": 7, "hidden_size": 85, "num_layers": 3, "num_blocks": 1, "dropout_rate": 0.39294536818678116, "lr": 0.0028092300279932672}