{"sequence_length": 24, "hidden_size": 64, "num_layers": 2, "num_blocks": 1, "dropout_rate": 0.18310345372988338, "lr": 0.02918802363601248, "batch_size": 166, "l2_lambda": 0.0010476026195758625}