{"sequence_length": 13, "hidden_size": 114, "num_layers": 2, "num_blocks": 1, "dropout_rate": 0.35118787881608016, "lr": 0.029090835455917927, "batch_size": 150, "l2_lambda": 0.003701127655410597}