{"sequence_length": 17, "hidden_size": 20, "num_layers": 3, "num_blocks": 2, "dropout_rate": 0.17368017004901243, "lr": 0.05216374479886174, "batch_size": 256, "l2_lambda": 0.007986081214412449}