{"sequence_length": 15, "hidden_size": 115, "num_layers": 1, "num_blocks": 1, "dropout_rate": 0.15527126015255624, "lr": 0.012803824877406262}