{"sequence_length": 15, "hidden_size": 27, "num_layers": 1, "num_blocks": 3, "dropout_rate": 0.1772361996666291, "lr": 0.018852907152788603, "batch_size": 54, "l2_lambda": 0.0071555797921458095}