{"sequence_length": 15, "hidden_size": 28, "num_layers": 1, "num_blocks": 1, "dropout_rate": 0.12229781576212524, "lr": 0.00629478625673262}