{"sequence_length": 17, "hidden_size": 62, "num_layers": 3, "num_blocks": 2, "dropout_rate": 0.3601814622512798, "lr": 0.04157133622486952}