{"sequence_length": 9, "hidden_size": 21, "num_layers": 1, "num_blocks": 2, "dropout_rate": 0.4897506074702601, "lr": 0.08568035211573279}