{"sequence_length": 9, "hidden_size": 102, "num_layers": 1, "num_blocks": 2, "dropout_rate": 0.46661760599135116, "lr": 0.003077723328552968}