{"sequence_length": 6, "hidden_size": 118, "num_layers": 1, "num_blocks": 1, "dropout_rate": 0.4810702858236221, "lr": 0.04768925618375944}