{"sequence_length": 29, "hidden_size": 38, "num_layers": 1, "num_blocks": 1, "dropout_rate": 0.3942189385027308, "lr": 0.08345938715863098}