{"sequence_length": 9, "hidden_size": 82, "num_layers": 2, "num_blocks": 3, "dropout_rate": 0.3635705984843709, "lr": 0.0455656254595493, "batch_size": 171, "l2_lambda": 0.00876304978638361}