{"sequence_length": 24, "hidden_size": 68, "num_layers": 3, "num_blocks": 3, "dropout_rate": 0.20282166348946845, "lr": 0.044939482037007816}