{"sequence_length": 17, "hidden_size": 58, "num_layers": 2, "num_blocks": 1, "dropout_rate": 0.3159249506176043, "lr": 0.06543860464755354, "batch_size": 215, "l2_lambda": 0.0025228811303455267}