{"sequence_length": 4, "hidden_size": 110, "num_layers": 3, "num_blocks": 2, "dropout_rate": 0.3780733306454104, "lr": 0.044860181464121705}