{"sequence_length": 6, "hidden_size": 51, "num_layers": 3, "num_blocks": 3, "dropout_rate": 0.4483290461704309, "lr": 0.052215308958618006}