{"sequence_length": 18, "hidden_size": 128, "num_layers": 1, "num_blocks": 4, "dropout_rate": 0.4197592669363024, "lr": 0.03650936251254994}