{"sequence_length": 20, "hidden_size": 18, "num_layers": 2, "num_blocks": 2, "dropout_rate": 0.17013255457646553, "lr": 0.00541610908457674, "batch_size": 65, "l2_lambda": 0.0025952912498440357}