{"sequence_length": 22, "hidden_size": 48, "num_layers": 2, "num_blocks": 3, "dropout_rate": 0.1339469811142634, "lr": 0.049423089898252094}