{"sequence_length": 12, "hidden_size": 93, "num_layers": 3, "num_blocks": 1, "dropout_rate": 0.2863667288737912, "lr": 0.010983867794598113}