{"sequence_length": 25, "hidden_size": 46, "num_layers": 3, "num_blocks": 3, "dropout_rate": 0.13508776465732028, "lr": 0.098550240952129, "batch_size": 130, "l2_lambda": 0.007543382774458533}