{"sequence_length": 23, "hidden_size": 121, "num_layers": 1, "num_blocks": 3, "dropout_rate": 0.39019263293382, "lr": 0.01303446553267409, "batch_size": 64, "l2_lambda": 0.004779236890593577}