{"sequence_length": 26, "hidden_size": 25, "num_layers": 1, "num_blocks": 2, "dropout_rate": 0.36322811773072616, "lr": 0.06128027643192242}