{"sequence_length": 18, "hidden_size": 25, "num_layers": 1, "num_blocks": 3, "dropout_rate": 0.18236672558923256, "lr": 0.0272603185248918}