{"sequence_length": 6, "hidden_size": 75, "num_layers": 2, "num_blocks": 1, "dropout_rate": 0.25532723654302913, "lr": 0.06992235323769383}