{"sequence_length": 11, "hidden_size": 102, "num_layers": 3, "num_blocks": 1, "dropout_rate": 0.4672051083500388, "lr": 0.06578608776964492, "batch_size": 16, "l2_lambda": 0.009501515317995882}