{"sequence_length": 16, "hidden_size": 29, "num_layers": 2, "num_blocks": 1, "dropout_rate": 0.10068211457835902, "lr": 0.00108814187915501, "batch_size": 135, "l2_lambda": 0.009833082941420834}