{"sequence_length": 11, "hidden_size": 41, "num_layers": 2, "num_blocks": 2, "dropout_rate": 0.207144050781941, "lr": 0.02669529205595064}