{"sequence_length": 25, "hidden_size": 77, "num_layers": 3, "num_blocks": 5, "dropout_rate": 0.36879870951078153, "lr": 0.07916094851649728}