{"sequence_length": 22, "hidden_size": 127, "num_layers": 1, "num_blocks": 2, "dropout_rate": 0.12651752026678983, "lr": 0.05144350079677893}