{"sequence_length": 14, "hidden_size": 23, "num_layers": 3, "num_blocks": 2, "dropout_rate": 0.46138482095622924, "lr": 0.09742383535471426}