{"sequence_length": 17, "hidden_size": 67, "num_layers": 3, "num_blocks": 1, "dropout_rate": 0.24015676901749586, "lr": 0.08491612158916668}