{"sequence_length": 28, "hidden_size": 97, "num_layers": 2, "num_blocks": 1, "dropout_rate": 0.31898385828723647, "lr": 0.054476925083076694}