{"sequence_length": 4, "hidden_size": 60, "num_layers": 3, "num_blocks": 3, "dropout_rate": 0.2994291225788786, "lr": 0.06831987720519773, "batch_size": 209, "l2_lambda": 0.007080991528368579}