{"sequence_length": 9, "hidden_size": 53, "num_layers": 3, "num_blocks": 1, "dropout_rate": 0.2697986688456344, "lr": 0.09418323895460759}