{"sequence_length": 5, "hidden_size": 36, "num_layers": 1, "num_blocks": 3, "dropout_rate": 0.10579280742978288, "lr": 0.006746121062167186}