{"sequence_length": 13, "hidden_size": 32, "num_layers": 2, "num_blocks": 5, "dropout_rate": 0.1635704029328287, "lr": 0.007112440595779816}