{"sequence_length": 14, "hidden_size": 79, "num_layers": 2, "num_blocks": 2, "dropout_rate": 0.48800731623993354, "lr": 0.07120362130808323}