{"sequence_length": 13, "hidden_size": 27, "num_layers": 3, "num_blocks": 2, "dropout_rate": 0.28923260390032246, "lr": 0.01711558883548115}