{"sequence_length": 7, "hidden_size": 16, "num_layers": 3, "num_blocks": 5, "dropout_rate": 0.4466104910896054, "lr": 0.0735310657515624}