{"sequence_length": 10, "hidden_size": 116, "num_layers": 2, "num_blocks": 1, "dropout_rate": 0.2203920492086925, "lr": 0.06621666437261635}