{"sequence_length": 3, "hidden_size": 89, "num_layers": 1, "num_blocks": 3, "dropout_rate": 0.16483704095349833, "lr": 0.016696094638697943}