{"sequence_length": 27, "hidden_size": 80, "num_layers": 1, "num_blocks": 1, "dropout_rate": 0.434650778371777, "lr": 0.06602199637970124, "batch_size": 170, "l2_lambda": 0.006274510334205755}