{"sequence_length": 14, "hidden_size": 101, "num_layers": 1, "num_blocks": 2, "dropout_rate": 0.4060257940023494, "lr": 0.051792053317040884}