{"sequence_length": 19, "hidden_size": 77, "num_layers": 3, "num_blocks": 2, "dropout_rate": 0.23456030595731905, "lr": 0.09016738882172755, "batch_size": 161, "l2_lambda": 0.006792804697652933}