{"sequence_length": 22, "hidden_size": 55, "num_layers": 3, "num_blocks": 2, "dropout_rate": 0.26375310848941314, "lr": 0.03806998693605504}