{"sequence_length": 10, "hidden_size": 72, "num_layers": 2, "num_blocks": 1, "dropout_rate": 0.2866767147665832, "lr": 0.09648126187238912, "batch_size": 225, "l2_lambda": 0.006580559922972512}