{"sequence_length": 28, "hidden_size": 93, "num_layers": 3, "num_blocks": 2, "dropout_rate": 0.3835442501672711, "lr": 0.02037348036457319}