{"sequence_length": 29, "hidden_size": 25, "num_layers": 3, "num_blocks": 2, "dropout_rate": 0.48646498153061446, "lr": 0.08720549148958992, "batch_size": 184, "l2_lambda": 0.006671955065832335}