{"sequence_length": 27, "hidden_size": 38, "num_layers": 2, "num_blocks": 1, "dropout_rate": 0.15338116462467402, "lr": 0.010000562229697196}