{"sequence_length": 25, "hidden_size": 28, "num_layers": 2, "num_blocks": 1, "dropout_rate": 0.39964302727525847, "lr": 0.08832901136677705}