{"sequence_length": 18, "hidden_size": 96, "num_layers": 1, "num_blocks": 1, "dropout_rate": 0.4173740775222067, "lr": 0.025970085855204928}