{"sequence_length": 21, "hidden_size": 43, "num_layers": 1, "num_blocks": 5, "dropout_rate": 0.2716368184347736, "lr": 0.048342434931573655}