{"sequence_length": 5, "hidden_size": 27, "num_layers": 1, "num_blocks": 1, "dropout_rate": 0.18609374885004315, "lr": 0.0032650308925986278}