{"sequence_length": 18, "hidden_size": 80, "num_layers": 2, "num_blocks": 2, "dropout_rate": 0.49380185343736804, "lr": 0.01185281568457063}