{"sequence_length": 5, "hidden_size": 110, "num_layers": 1, "num_blocks": 2, "dropout_rate": 0.4328267252444614, "lr": 0.03219175623644084}