{"sequence_length": 12, "hidden_size": 109, "num_layers": 1, "num_blocks": 1, "dropout_rate": 0.3666960070049433, "lr": 0.0720657013604549}