{"sequence_length": 15, "hidden_size": 109, "num_layers": 1, "num_blocks": 3, "dropout_rate": 0.4149405393433838, "lr": 0.07090808144624758}