{"sequence_length": 21, "hidden_size": 54, "num_layers": 1, "num_blocks": 3, "dropout_rate": 0.28192510399115245, "lr": 0.04230930039955398}