{"sequence_length": 17, "hidden_size": 74, "num_layers": 2, "num_blocks": 3, "dropout_rate": 0.442529084159221, "lr": 0.09992159161026187}