{"sequence_length": 24, "hidden_size": 26, "num_layers": 1, "num_blocks": 3, "dropout_rate": 0.3613325310175992, "lr": 0.014519950037143703}