{"sequence_length": 15, "hidden_size": 63, "num_layers": 1, "num_blocks": 2, "dropout_rate": 0.13736712613426805, "lr": 0.07243118209895312}