{"sequence_length": 11, "hidden_size": 99, "num_layers": 3, "num_blocks": 3, "dropout_rate": 0.4413772579194216, "lr": 0.03145171819981951}