{"sequence_length": 23, "hidden_size": 64, "num_layers": 1, "num_blocks": 3, "dropout_rate": 0.37109530312427785, "lr": 0.048522097335689594}