{"sequence_length": 24, "hidden_size": 113, "num_layers": 3, "num_blocks": 1, "dropout_rate": 0.39413808352344715, "lr": 0.005624000069889391}