{"sequence_length": 2, "hidden_size": 83, "num_layers": 3, "num_blocks": 1, "dropout_rate": 0.286388587131974, "lr": 0.039361565994297236}