{"sequence_length": 30, "hidden_size": 74, "num_layers": 2, "num_blocks": 2, "dropout_rate": 0.29667904662610545, "lr": 0.0218740139441998}