{"sequence_length": 12, "hidden_size": 48, "num_layers": 2, "num_blocks": 3, "dropout_rate": 0.14963202927642547, "lr": 0.04170577688552843, "batch_size": 30, "l2_lambda": 0.004641672428850801}