{"sequence_length": 27, "hidden_size": 30, "num_layers": 3, "num_blocks": 2, "dropout_rate": 0.2396543910746492, "lr": 0.0020856141356169053}