{"sequence_length": 4, "hidden_size": 69, "num_layers": 1, "num_blocks": 1, "dropout_rate": 0.4737251256846292, "lr": 0.059580548209031636}