{"sequence_length": 9, "hidden_size": 29, "num_layers": 1, "num_blocks": 2, "dropout_rate": 0.4699701577055615, "lr": 0.07991672672790605}