{"sequence_length": 2, "hidden_size": 124, "num_layers": 2, "num_blocks": 2, "dropout_rate": 0.378726456266137, "lr": 0.09520777018417338, "batch_size": 174, "l2_lambda": 0.005831885036614605}