{"sequence_length": 18, "hidden_size": 38, "num_layers": 1, "num_blocks": 5, "dropout_rate": 0.3966539524761634, "lr": 0.04013246843787702}