{"sequence_length": 26, "hidden_size": 23, "num_layers": 1, "num_blocks": 4, "dropout_rate": 0.4272538908039456, "lr": 0.040707448735727465}