{"sequence_length": 29, "hidden_size": 116, "num_layers": 3, "num_blocks": 4, "dropout_rate": 0.21603229751675254, "lr": 0.06596389113815083}