{"sequence_length": 22, "hidden_size": 119, "num_layers": 3, "num_blocks": 4, "dropout_rate": 0.3601875329431299, "lr": 0.03933841526226492}