{"sequence_length": 18, "hidden_size": 124, "num_layers": 2, "num_blocks": 4, "dropout_rate": 0.16429639373451882, "lr": 0.04071771068719253}