{"sequence_length": 8, "hidden_size": 57, "num_layers": 1, "num_blocks": 2, "dropout_rate": 0.47593063529763613, "lr": 0.05293729993291379}