{"sequence_length": 18, "hidden_size": 85, "num_layers": 1, "num_blocks": 3, "dropout_rate": 0.36351342150982835, "lr": 0.03219707949335525}