{"sequence_length": 30, "hidden_size": 90, "num_layers": 1, "num_blocks": 1, "dropout_rate": 0.15926964877028552, "lr": 0.06056893795116286}