{"sequence_length": 13, "hidden_size": 36, "num_layers": 3, "num_blocks": 3, "dropout_rate": 0.4383180633059339, "lr": 0.022349053690739078}