{"sequence_length": 14, "hidden_size": 64, "num_layers": 2, "num_blocks": 2, "dropout_rate": 0.49825100256140964, "lr": 0.010849613638566022}