{"sequence_length": 2, "hidden_size": 80, "num_layers": 3, "num_blocks": 1, "dropout_rate": 0.12223330954155759, "lr": 0.0510628852758863}