{"sequence_length": 22, "hidden_size": 33, "num_layers": 2, "num_blocks": 4, "dropout_rate": 0.29862637247713464, "lr": 0.04054329990469203}