{"sequence_length": 3, "hidden_size": 25, "num_layers": 2, "num_blocks": 2, "dropout_rate": 0.17065576474596914, "lr": 0.043231385202029966}