{"sequence_length": 14, "hidden_size": 29, "num_layers": 3, "num_blocks": 3, "dropout_rate": 0.22956106049356398, "lr": 0.013161323030056989}