{"sequence_length": 21, "hidden_size": 114, "num_layers": 3, "num_blocks": 2, "dropout_rate": 0.35000984020382764, "lr": 0.06513240913214635, "batch_size": 193, "l2_lambda": 0.004829056223145122}