{"sequence_length": 21, "hidden_size": 82, "num_layers": 3, "num_blocks": 1, "dropout_rate": 0.26030927643124346, "lr": 0.054512015160775154}