{"sequence_length": 14, "hidden_size": 97, "num_layers": 2, "num_blocks": 3, "dropout_rate": 0.487481742966288, "lr": 0.021775261891738406, "batch_size": 24, "l2_lambda": 0.002345457247581028}