{"sequence_length": 13, "hidden_size": 115, "num_layers": 2, "num_blocks": 3, "dropout_rate": 0.4886643969821608, "lr": 0.01273797618664977}