{"sequence_length": 17, "hidden_size": 52, "num_layers": 3, "num_blocks": 1, "dropout_rate": 0.42410922013413466, "lr": 0.058422700082313705}