{"sequence_length": 7, "hidden_size": 76, "num_layers": 2, "num_blocks": 2, "dropout_rate": 0.3602133201392116, "lr": 0.08677695351618338}