{"sequence_length": 12, "hidden_size": 111, "num_layers": 3, "num_blocks": 3, "dropout_rate": 0.23173619224502628, "lr": 0.09318860376501867}