{"sequence_length": 26, "hidden_size": 126, "num_layers": 3, "num_blocks": 1, "dropout_rate": 0.41582973617113794, "lr": 0.041146364110441105, "batch_size": 89, "l2_lambda": 0.007312224488608295}