{"sequence_length": 29, "hidden_size": 93, "num_layers": 3, "num_blocks": 2, "dropout_rate": 0.499256469579883, "lr": 0.0693732543093677}