{"sequence_length": 18, "hidden_size": 69, "num_layers": 3, "num_blocks": 3, "dropout_rate": 0.4197291121676282, "lr": 0.0027417548223254403}