{"sequence_length": 21, "hidden_size": 112, "num_layers": 2, "num_blocks": 1, "dropout_rate": 0.4834511388007613, "lr": 0.07318492182213464}