{"sequence_length": 22, "hidden_size": 83, "num_layers": 2, "num_blocks": 2, "dropout_rate": 0.4090094559549561, "lr": 0.05305925088394802}