{"sequence_length": 10, "hidden_size": 18, "num_layers": 2, "num_blocks": 1, "dropout_rate": 0.44627745027870647, "lr": 0.060059806085199084}