{"sequence_length": 22, "hidden_size": 105, "num_layers": 2, "num_blocks": 2, "dropout_rate": 0.3431287098635659, "lr": 0.056091125355665565}