{"sequence_length": 27, "hidden_size": 124, "num_layers": 1, "num_blocks": 1, "dropout_rate": 0.12489258852679921, "lr": 0.0005667929201623838, "batch_size": 185, "l2_lambda": 0.006190315948807075}