{"sequence_length": 28, "hidden_size": 47, "num_layers": 3, "num_blocks": 3, "dropout_rate": 0.4381451783167032, "lr": 0.01476438117288173}