{"sequence_length": 27, "hidden_size": 60, "num_layers": 2, "num_blocks": 1, "dropout_rate": 0.4639843040366549, "lr": 0.04359293290880285}