{"sequence_length": 14, "hidden_size": 99, "num_layers": 2, "num_blocks": 1, "dropout_rate": 0.3255432163427662, "lr": 0.055350696716114034}