{"sequence_length": 19, "hidden_size": 104, "num_layers": 2, "num_blocks": 2, "dropout_rate": 0.34819193712827123, "lr": 0.05704325244599309}