{"sequence_length": 6, "hidden_size": 93, "num_layers": 3, "num_blocks": 1, "dropout_rate": 0.40195242930646513, "lr": 0.034556570568624344}