{"sequence_length": 18, "hidden_size": 40, "num_layers": 3, "num_blocks": 2, "dropout_rate": 0.38239135611030595, "lr": 0.0704265141943946}