{"sequence_length": 2, "hidden_size": 38, "num_layers": 1, "num_blocks": 1, "dropout_rate": 0.4412642199535787, "lr": 0.0686279347281403}