{"sequence_length": 29, "hidden_size": 39, "num_layers": 2, "num_blocks": 2, "dropout_rate": 0.3883321137149187, "lr": 0.01057492912540618}