{"sequence_length": 25, "hidden_size": 51, "num_layers": 1, "num_blocks": 2, "dropout_rate": 0.12008038636060343, "lr": 0.09523364919423605}