{"sequence_length": 27, "hidden_size": 30, "num_layers": 1, "num_blocks": 1, "dropout_rate": 0.19464803824923052, "lr": 0.04101490642008136}