{"sequence_length": 19, "hidden_size": 64, "num_layers": 2, "num_blocks": 2, "dropout_rate": 0.4251903833683326, "lr": 0.011229815783523202, "batch_size": 141, "l2_lambda": 0.00473074383455037}