{"sequence_length": 25, "hidden_size": 125, "num_layers": 2, "num_blocks": 2, "dropout_rate": 0.44791556270443833, "lr": 0.016494662299357053, "batch_size": 200, "l2_lambda": 0.003414634412406981}