{"sequence_length": 27, "hidden_size": 66, "num_layers": 2, "num_blocks": 2, "dropout_rate": 0.1448223718558567, "lr": 0.007345001272920322, "batch_size": 182, "l2_lambda": 0.004954368389955444}