{"sequence_length": 5, "hidden_size": 126, "num_layers": 2, "num_blocks": 5, "dropout_rate": 0.4890945983273479, "lr": 0.029581247190438725}