{"sequence_length": 13, "hidden_size": 45, "num_layers": 2, "num_blocks": 2, "dropout_rate": 0.46604049487145993, "lr": 0.0749707754748868}