{"sequence_length": 26, "hidden_size": 89, "num_layers": 1, "num_blocks": 2, "dropout_rate": 0.2119554547434706, "lr": 0.05770421242949635}