{"sequence_length": 9, "hidden_size": 109, "num_layers": 2, "num_blocks": 3, "dropout_rate": 0.18454081882530504, "lr": 0.05990565596379796}