{"sequence_length": 22, "hidden_size": 62, "num_layers": 3, "num_blocks": 4, "dropout_rate": 0.38618904355584827, "lr": 0.04989990909584807}