{"sequence_length": 5, "hidden_size": 41, "num_layers": 1, "num_blocks": 2, "dropout_rate": 0.3066061844935617, "lr": 0.016486868481073613}