{"sequence_length": 23, "hidden_size": 56, "num_layers": 3, "num_blocks": 4, "dropout_rate": 0.23878151039370343, "lr": 0.03946851447595229}