{"sequence_length": 14, "hidden_size": 49, "num_layers": 2, "num_blocks": 5, "dropout_rate": 0.20338246359795759, "lr": 0.09290082156679075}