{"sequence_length": 11, "hidden_size": 26, "num_layers": 1, "num_blocks": 3, "dropout_rate": 0.31663716145221643, "lr": 0.0807364816661274}