{"sequence_length": 22, "hidden_size": 30, "num_layers": 1, "num_blocks": 1, "dropout_rate": 0.11548798617954265, "lr": 0.03816016021892418}