{"sequence_length": 22, "hidden_size": 96, "num_layers": 1, "num_blocks": 2, "dropout_rate": 0.2984757348229172, "lr": 0.05589318541829462}