{"sequence_length": 14, "hidden_size": 41, "num_layers": 3, "num_blocks": 2, "dropout_rate": 0.12236920783577805, "lr": 0.07235833198411254}