{"sequence_length": 24, "hidden_size": 105, "num_layers": 1, "num_blocks": 3, "dropout_rate": 0.3468147881316259, "lr": 0.08563941010682785, "batch_size": 220, "l2_lambda": 0.0022315076090047327}