{"sequence_length": 8, "hidden_size": 117, "num_layers": 2, "num_blocks": 1, "dropout_rate": 0.32943614479369165, "lr": 0.06347435604459141}