{"sequence_length": 28, "hidden_size": 66, "num_layers": 3, "num_blocks": 3, "dropout_rate": 0.10145523675060426, "lr": 0.050867462601326074}