{"sequence_length": 17, "hidden_size": 83, "num_layers": 3, "num_blocks": 2, "dropout_rate": 0.46761267116164074, "lr": 0.09139201230190298}