{"sequence_length": 26, "hidden_size": 111, "num_layers": 2, "num_blocks": 1, "dropout_rate": 0.12639195722108243, "lr": 0.0707080118232582}