{"sequence_length": 30, "hidden_size": 126, "num_layers": 2, "num_blocks": 1, "dropout_rate": 0.32165392870934184, "lr": 0.008766936907125312}