{"sequence_length": 20, "hidden_size": 95, "num_layers": 3, "num_blocks": 2, "dropout_rate": 0.28187324741846875, "lr": 0.07504083677496222}