{"sequence_length": 9, "hidden_size": 83, "num_layers": 1, "num_blocks": 1, "dropout_rate": 0.445072352626546, "lr": 0.0458159975147254, "batch_size": 117, "l2_lambda": 0.008475542439369002}