{"sequence_length": 25, "hidden_size": 54, "num_layers": 2, "num_blocks": 5, "dropout_rate": 0.3737237511200867, "lr": 0.08656590797869469}