{"sequence_length": 22, "hidden_size": 25, "num_layers": 1, "num_blocks": 2, "dropout_rate": 0.3786616972930049, "lr": 0.06369800363240269}