{"sequence_length": 19, "hidden_size": 99, "num_layers": 2, "num_blocks": 3, "dropout_rate": 0.38675408284441404, "lr": 0.09545711021356346}