{"sequence_length": 3, "hidden_size": 69, "num_layers": 1, "num_blocks": 3, "dropout_rate": 0.14350634268296864, "lr": 0.048341269367360065}