{"sequence_length": 22, "hidden_size": 47, "num_layers": 1, "num_blocks": 5, "dropout_rate": 0.17726443225457333, "lr": 0.0332226373622505}