{"sequence_length": 15, "hidden_size": 109, "num_layers": 3, "num_blocks": 1, "dropout_rate": 0.30261711698833493, "lr": 0.009746202649297781}