{"sequence_length": 19, "hidden_size": 33, "num_layers": 2, "num_blocks": 3, "dropout_rate": 0.10677377682874156, "lr": 0.006818297705711179}