{"sequence_length": 11, "hidden_size": 114, "num_layers": 2, "num_blocks": 4, "dropout_rate": 0.1886105003226924, "lr": 0.06946967583913558}