{"sequence_length": 29, "hidden_size": 31, "num_layers": 1, "num_blocks": 1, "dropout_rate": 0.4725928219974356, "lr": 0.05973464588703503}