{"sequence_length": 2, "hidden_size": 65, "num_layers": 3, "num_blocks": 4, "dropout_rate": 0.3816864536668173, "lr": 0.024123726514606987}