{"sequence_length": 14, "hidden_size": 56, "num_layers": 1, "num_blocks": 3, "dropout_rate": 0.11914123555298853, "lr": 0.09204458772023408, "batch_size": 82, "l2_lambda": 0.0019382407631235881}