{"sequence_length": 5, "hidden_size": 95, "num_layers": 3, "num_blocks": 5, "dropout_rate": 0.10724923272667822, "lr": 0.09783122135505024}