{"sequence_length": 9, "hidden_size": 20, "num_layers": 2, "num_blocks": 1, "dropout_rate": 0.4711082290930251, "lr": 0.044894646343688324}