{"sequence_length": 19, "hidden_size": 78, "num_layers": 2, "num_blocks": 3, "dropout_rate": 0.3570131784012657, "lr": 0.026117906950754465}