{"sequence_length": 2, "hidden_size": 105, "num_layers": 1, "num_blocks": 1, "dropout_rate": 0.2939516897817639, "lr": 0.08808460633898801}