{"sequence_length": 7, "hidden_size": 31, "num_layers": 1, "num_blocks": 2, "dropout_rate": 0.41444503970912105, "lr": 0.024849131667898733}