{"sequence_length": 16, "hidden_size": 117, "num_layers": 1, "num_blocks": 2, "dropout_rate": 0.14933723404925625, "lr": 0.07609484785668012}