{"sequence_length": 23, "hidden_size": 54, "num_layers": 1, "num_blocks": 3, "dropout_rate": 0.3849038511701658, "lr": 0.059637341645503716}