{"sequence_length": 6, "hidden_size": 64, "num_layers": 1, "num_blocks": 1, "dropout_rate": 0.411597321518928, "lr": 0.08919419808026345}