{"sequence_length": 22, "hidden_size": 117, "num_layers": 1, "num_blocks": 1, "dropout_rate": 0.38403541933609786, "lr": 0.040333824624359825}