{"sequence_length": 11, "hidden_size": 128, "num_layers": 3, "num_blocks": 1, "dropout_rate": 0.1779213062660857, "lr": 0.039555272608741004, "batch_size": 75, "l2_lambda": 0.008141323873955834}