{"sequence_length": 21, "hidden_size": 94, "num_layers": 1, "num_blocks": 3, "dropout_rate": 0.24095809084943884, "lr": 0.04203663759110132, "batch_size": 147, "l2_lambda": 0.007855982016312324}