{"sequence_length": 2, "hidden_size": 76, "num_layers": 2, "num_blocks": 3, "dropout_rate": 0.3739255634363112, "lr": 0.07781097282249246}