{"sequence_length": 19, "hidden_size": 38, "num_layers": 3, "num_blocks": 2, "dropout_rate": 0.24754356578939696, "lr": 0.06951904411584654}