{"sequence_length": 29, "hidden_size": 78, "num_layers": 1, "num_blocks": 1, "dropout_rate": 0.19378260708354356, "lr": 0.048234296714283934}