{"sequence_length": 15, "hidden_size": 33, "num_layers": 3, "num_blocks": 1, "dropout_rate": 0.3962715234456816, "lr": 0.06725936568498522, "batch_size": 141, "l2_lambda": 0.0022491769556996803}