{"sequence_length": 12, "hidden_size": 88, "num_layers": 3, "num_blocks": 1, "dropout_rate": 0.44388359912599706, "lr": 0.0324778415423689}