{"sequence_length": 22, "hidden_size": 106, "num_layers": 3, "num_blocks": 3, "dropout_rate": 0.434910628810558, "lr": 0.09286708535849458}