{"sequence_length": 7, "hidden_size": 60, "num_layers": 1, "num_blocks": 1, "dropout_rate": 0.26363894068054583, "lr": 0.032488782315926744}