{"sequence_length": 2, "hidden_size": 26, "num_layers": 1, "num_blocks": 1, "dropout_rate": 0.29732710239733495, "lr": 0.07707816993152851, "batch_size": 215, "l2_lambda": 0.0021959760179477606}