{"sequence_length": 28, "hidden_size": 85, "num_layers": 1, "num_blocks": 1, "dropout_rate": 0.4938879376943297, "lr": 0.010916507488175839}