{"sequence_length": 22, "hidden_size": 125, "num_layers": 2, "num_blocks": 3, "dropout_rate": 0.1925364527653049, "lr": 0.08444953799435671}