{"sequence_length": 23, "hidden_size": 125, "num_layers": 1, "num_blocks": 2, "dropout_rate": 0.42313557468314955, "lr": 0.02285685816067979}