{"sequence_length": 23, "hidden_size": 69, "num_layers": 3, "num_blocks": 3, "dropout_rate": 0.17221158641571677, "lr": 0.08982836528430999}