{"sequence_length": 27, "hidden_size": 96, "num_layers": 3, "num_blocks": 3, "dropout_rate": 0.10538080481099157, "lr": 0.006001038675085304}