{"sequence_length": 21, "hidden_size": 25, "num_layers": 2, "num_blocks": 1, "dropout_rate": 0.4214195729729626, "lr": 0.09868330268751245}