{"sequence_length": 2, "hidden_size": 97, "num_layers": 1, "num_blocks": 2, "dropout_rate": 0.3219347858950149, "lr": 0.06628511592263277}