{"sequence_length": 19, "hidden_size": 113, "num_layers": 2, "num_blocks": 1, "dropout_rate": 0.13783528949412616, "lr": 0.09219503834267774, "batch_size": 163, "l2_lambda": 0.007364211687956523}