{"sequence_length": 24, "hidden_size": 127, "num_layers": 2, "num_blocks": 1, "dropout_rate": 0.31960953167890105, "lr": 0.046320208037722264}