{"sequence_length": 15, "hidden_size": 98, "num_layers": 1, "num_blocks": 5, "dropout_rate": 0.39103734967084447, "lr": 0.016302263118895977}