{"sequence_length": 11, "hidden_size": 85, "num_layers": 3, "num_blocks": 2, "dropout_rate": 0.16942025626296164, "lr": 0.029885375748059637}