{"sequence_length": 8, "hidden_size": 40, "num_layers": 3, "num_blocks": 5, "dropout_rate": 0.23445689954915683, "lr": 0.06352162213518087}