{"sequence_length": 20, "hidden_size": 63, "num_layers": 1, "num_blocks": 4, "dropout_rate": 0.15531902827817148, "lr": 0.055451421129964165}