{"sequence_length": 26, "hidden_size": 124, "num_layers": 3, "num_blocks": 2, "dropout_rate": 0.23415943513265353, "lr": 0.04733032671011646, "batch_size": 180, "l2_lambda": 0.001766188209956535}