{"sequence_length": 20, "hidden_size": 128, "num_layers": 3, "num_blocks": 2, "dropout_rate": 0.4469170312369629, "lr": 0.09877134620416854}