{"sequence_length": 26, "hidden_size": 60, "num_layers": 2, "num_blocks": 1, "dropout_rate": 0.43562720521922493, "lr": 0.023472602011432395}