{"sequence_length": 7, "hidden_size": 64, "num_layers": 1, "num_blocks": 3, "dropout_rate": 0.13801114460348748, "lr": 0.011027891701480393}