{"sequence_length": 2, "hidden_size": 16, "num_layers": 1, "num_blocks": 5, "dropout_rate": 0.22933913708334053, "lr": 0.0637628758536929}