{"sequence_length": 19, "hidden_size": 36, "num_layers": 1, "num_blocks": 2, "dropout_rate": 0.3946957865546349, "lr": 0.041002698243314664}