{"sequence_length": 11, "hidden_size": 110, "num_layers": 3, "num_blocks": 2, "dropout_rate": 0.2792314738336026, "lr": 0.0446738199352671}