{"sequence_length": 30, "hidden_size": 42, "num_layers": 1, "num_blocks": 5, "dropout_rate": 0.46031272140678603, "lr": 0.06933833269477419}