{"sequence_length": 24, "hidden_size": 92, "num_layers": 1, "num_blocks": 5, "dropout_rate": 0.4824212851747173, "lr": 0.08364623757492533}