{"sequence_length": 11, "hidden_size": 57, "num_layers": 1, "num_blocks": 1, "dropout_rate": 0.34246336543030487, "lr": 0.026791376111424636}