{"sequence_length": 17, "hidden_size": 86, "num_layers": 3, "num_blocks": 3, "dropout_rate": 0.19216453518647736, "lr": 0.039478869024170325, "batch_size": 32, "l2_lambda": 0.004303395819192564}