{"sequence_length": 21, "hidden_size": 28, "num_layers": 3, "num_blocks": 2, "dropout_rate": 0.3297413396292124, "lr": 0.05365724905684161}