{"sequence_length": 4, "hidden_size": 66, "num_layers": 3, "num_blocks": 5, "dropout_rate": 0.20183524682938203, "lr": 0.09358696352712889}