{"sequence_length": 12, "hidden_size": 47, "num_layers": 1, "num_blocks": 1, "dropout_rate": 0.439173454577247, "lr": 0.06014787774690397}