{"sequence_length": 4, "hidden_size": 51, "num_layers": 3, "num_blocks": 2, "dropout_rate": 0.43823872882095516, "lr": 0.03261323134649114}