{"sequence_length": 27, "hidden_size": 52, "num_layers": 1, "num_blocks": 3, "dropout_rate": 0.1494123582779746, "lr": 0.09654992398213258}