{"sequence_length": 4, "hidden_size": 30, "num_layers": 3, "num_blocks": 3, "dropout_rate": 0.27960493517114404, "lr": 0.05860805892396176, "batch_size": 152, "l2_lambda": 0.00811578307899264}