{"sequence_length": 16, "hidden_size": 88, "num_layers": 2, "num_blocks": 2, "dropout_rate": 0.3886271459903087, "lr": 0.09775300607943926}