{"sequence_length": 9, "hidden_size": 111, "num_layers": 2, "num_blocks": 1, "dropout_rate": 0.2689409838035964, "lr": 0.016285947772392582, "batch_size": 89, "l2_lambda": 0.005827101766433833}