{"sequence_length": 11, "hidden_size": 118, "num_layers": 2, "num_blocks": 2, "dropout_rate": 0.2992654217059257, "lr": 0.010792196049349532}