{"sequence_length": 10, "hidden_size": 67, "num_layers": 1, "num_blocks": 1, "dropout_rate": 0.14863216954515002, "lr": 0.09867080291847947}