{"sequence_length": 18, "hidden_size": 84, "num_layers": 1, "num_blocks": 1, "dropout_rate": 0.18168605793033712, "lr": 0.006049334682207122}