{"sequence_length": 11, "hidden_size": 82, "num_layers": 2, "num_blocks": 1, "dropout_rate": 0.10402491019117535, "lr": 0.04833312518230309}