{"out_channels": 125, "kernel_size": 6, "num_blocks": 5, "l2_lambda": 0.001266053766697055, "dropout_rate": 0.39736815861868013, "epochs": 927, "lr": 0.009533468921507256}