{"out_channels": 118, "kernel_size": 7, "num_blocks": 10, "l2_lambda": 0.005814998595075304, "dropout_rate": 0.10596412947301351, "lr": 0.004565660231657549}