{"out_channels": 73, "kernel_size": 5, "num_blocks": 9, "l2_lambda": 0.005541567388219951, "dropout_rate": 0.36010761239760175, "lr": 0.0025334023732325826}