{"out_channels": 72, "kernel_size": 6, "num_blocks": 5, "l2_lambda": 0.004907158255140812, "dropout_rate": 0.14837455644436656, "lr": 0.006504070840172863}