{"sequence_length": 20, "hidden_size": 80, "num_layers": 3, "num_blocks": 4, "dropout_rate": 0.3847093506847565, "epochs": 273, "lr": 2.249983480810634e-05}