{"sequence_length": 24, "hidden_size": 106, "num_layers": 3, "num_blocks": 2, "dropout_rate": 0.2922463314016112, "lr": 0.007204419328296113}