{"sequence_length": 25, "hidden_size": 50, "num_layers": 1, "num_blocks": 1, "dropout_rate": 0.17044017998086916, "lr": 0.006423205612109871}