{"sequence_length": 14, "hidden_size": 36, "num_layers": 1, "num_blocks": 4, "dropout_rate": 0.23924539660943256, "epochs": 93, "lr": 0.009582110014596327}