{"n_estimators": 691, "max_depth": 7, "learning_rate": 0.19635226610580764, "subsample": 0.6620210069347096, "colsample_bytree": 0.723578901584815, "gamma": 0.04308988736143614, "lambda": 6.969827829008247e-08, "alpha": 0.0003623141223795045}