{"n_estimators": 637, "max_depth": 5, "learning_rate": 0.2156440627574256, "subsample": 0.8019993041918152, "colsample_bytree": 0.9991891080329038, "gamma": 1.403235432607865, "lambda": 0.2629019694224598, "alpha": 1.0242826486296567e-08}