{"n_estimators": 930, "max_depth": 9, "learning_rate": 0.2873287757410289, "subsample": 0.715053926260305, "colsample_bytree": 0.9847283983668624, "gamma": 3.330423258693666, "lambda": 0.0016014175283663081, "alpha": 3.915616996895614e-08}