{"n_estimators": 222, "max_depth": 7, "learning_rate": 0.25613422802640523, "subsample": 0.8083724205647758, "colsample_bytree": 0.9803937830197089, "gamma": 3.1908025827466355, "lambda": 0.4309071338946526, "alpha": 0.00010325752882205036}