{"n_estimators": 182, "max_depth": 3, "learning_rate": 0.12050031615191578, "subsample": 0.6754775751716, "colsample_bytree": 0.6499317580928554, "gamma": 4.99192378433697, "lambda": 1.7929533932598352e-06, "alpha": 0.14301834789284876}