{"n_estimators": 576, "max_depth": 6, "learning_rate": 0.2157138436577897, "subsample": 0.6216198464355274, "colsample_bytree": 0.5307037758603907, "gamma": 1.7211832707153456, "lambda": 0.00014684913038941436, "alpha": 3.8568972998881295e-08}