{"n_estimators": 318, "max_depth": 4, "learning_rate": 0.11539195878659962, "subsample": 0.51809965571049, "colsample_bytree": 0.8687949954697647, "gamma": 3.1822947774407875, "lambda": 5.7808113802058705e-06, "alpha": 0.0002697623938692369}