{"n_estimators": 637, "max_depth": 3, "learning_rate": 0.2089011697476728, "subsample": 0.8527773479796559, "colsample_bytree": 0.5696126959217099, "gamma": 2.861913273625586, "lambda": 8.586151188595242e-06, "alpha": 0.0004991589719074012}