{"n_estimators": 420, "max_depth": 5, "learning_rate": 0.08480777749872075, "subsample": 0.9832124322441688, "colsample_bytree": 0.6421060960758967, "gamma": 4.3777324239208655, "lambda": 0.00026055195783727855, "alpha": 6.772544413665049e-07}