{"n_estimators": 579, "max_depth": 8, "learning_rate": 0.2947226706009447, "subsample": 0.7266259548991356, "colsample_bytree": 0.6275438334006231, "gamma": 3.0234717447053616, "lambda": 0.6900037199322132, "alpha": 0.002998069200298452}