{"n_estimators": 379, "max_depth": 8, "learning_rate": 0.24359409517151245, "subsample": 0.5309940604136916, "colsample_bytree": 0.8024347055360204, "gamma": 0.3876951033070204, "lambda": 0.22066627384041704, "alpha": 0.00019181699658581198}