{"n_estimators": 142, "max_depth": 4, "learning_rate": 0.15918537430667692, "subsample": 0.7321023205636961, "colsample_bytree": 0.99281013214383, "gamma": 2.824315753213255, "lambda": 0.9549793906934014, "alpha": 3.336759492720955e-07}