{"n_estimators": 333, "max_depth": 8, "learning_rate": 0.1955962415076239, "subsample": 0.5001633051594458, "colsample_bytree": 0.8262555467315797, "gamma": 1.94579696654317, "lambda": 0.54166722629285, "alpha": 0.0001471344995324564}