{"n_estimators": 459, "max_depth": 10, "learning_rate": 0.19831986832055612, "subsample": 0.6269725130478511, "colsample_bytree": 0.8407987521289668, "gamma": 2.4351299275762566, "lambda": 0.010360521531905672, "alpha": 1.9554881807337813e-06}