{"n_estimators": 426, "max_depth": 6, "learning_rate": 0.06664144267891439, "subsample": 0.6785138930794061, "colsample_bytree": 0.6493835608363856, "gamma": 4.550021261599042, "lambda": 6.661169100377714e-05, "alpha": 0.980283801310715}