{"n_estimators": 188, "max_depth": 8, "learning_rate": 0.045901553853527205, "subsample": 0.7943894207135697, "colsample_bytree": 0.9780230467022738, "gamma": 4.851960258332277, "lambda": 0.08242087402481939, "alpha": 0.0028214770517443564}