{"n_estimators": 593, "max_depth": 5, "learning_rate": 0.2549121839237684, "subsample": 0.5231301921799081, "colsample_bytree": 0.670778343587789, "gamma": 1.2128334380354981, "lambda": 0.06780679988766748, "alpha": 1.1700794308022353e-07}