{"n_estimators": 462, "max_depth": 10, "learning_rate": 0.19353406813079138, "subsample": 0.7465169059847687, "colsample_bytree": 0.9554118122304247, "gamma": 2.88868153139416, "lambda": 3.100857838767012e-07, "alpha": 5.86451503797996e-06}