{"n_estimators": 204, "max_depth": 9, "learning_rate": 0.1689327666864787, "subsample": 0.7758417313658497, "colsample_bytree": 0.8278057682977707, "gamma": 2.3115284906414306, "lambda": 6.83805739883484e-08, "alpha": 0.0011215004850870236}