{"n_estimators": 768, "max_depth": 9, "learning_rate": 0.07867726909467285, "subsample": 0.5750652997080694, "colsample_bytree": 0.9794617156377387, "gamma": 2.5242755722876, "lambda": 0.004541337681500575, "alpha": 2.5780461503903626e-07}