{"n_estimators": 271, "max_depth": 3, "learning_rate": 0.29241464542037054, "subsample": 0.5004209015216751, "colsample_bytree": 0.593182488628519, "gamma": 0.9595161190810154, "lambda": 0.18360129253339139, "alpha": 3.2038212214899096e-05}