{"n_estimators": 372, "max_depth": 10, "learning_rate": 0.29464964084543327, "subsample": 0.5015661892048484, "colsample_bytree": 0.8267034237820375, "gamma": 8.725906174644749e-05, "lambda": 0.8535641190362726, "alpha": 3.055795238770686e-06}