{"n_estimators": 685, "max_depth": 5, "learning_rate": 0.28841979454193145, "subsample": 0.5215308094162434, "colsample_bytree": 0.5121026906587642, "gamma": 2.9544249031308416, "lambda": 7.505386462398037e-06, "alpha": 3.657965957445668e-05}