{"n_estimators": 438, "max_depth": 8, "learning_rate": 0.29297815123856114, "subsample": 0.6370657790619351, "colsample_bytree": 0.6036983998527089, "gamma": 0.9825928414878149, "lambda": 4.805441662244722e-05, "alpha": 2.01742040984035e-06}