{"n_estimators": 510, "max_depth": 4, "learning_rate": 0.29926628661026966, "subsample": 0.571934233594879, "colsample_bytree": 0.6154442628659047, "gamma": 3.49970120084825, "lambda": 6.195134136687575e-07, "alpha": 1.003463157956493e-08}