{"n_estimators": 910, "max_depth": 3, "learning_rate": 0.08391823443322022, "subsample": 0.5532115598066629, "colsample_bytree": 0.5995407281119991, "gamma": 2.164814622186816, "lambda": 0.00043292864870642615, "alpha": 7.793758518508462e-05}