{"n_estimators": 269, "max_depth": 7, "learning_rate": 0.04079395394784949, "subsample": 0.9233032974606534, "colsample_bytree": 0.9728190226946691, "gamma": 2.0781090111191345, "lambda": 0.00035230594485481, "alpha": 1.1268659161676411e-05}