{"n_estimators": 798, "max_depth": 8, "learning_rate": 0.29681102599318865, "subsample": 0.92661211298102, "colsample_bytree": 0.7981765827707161, "gamma": 0.06228521856559777, "lambda": 8.707860997707343e-06, "alpha": 1.3548513828032272e-07}