{"n_estimators": 551, "max_depth": 3, "learning_rate": 0.2827528410412318, "subsample": 0.5846044451912004, "colsample_bytree": 0.758971599736502, "gamma": 4.9531470818974475, "lambda": 1.0580669796600218e-07, "alpha": 1.416044645050058e-08}