{"n_estimators": 214, "max_depth": 4, "learning_rate": 0.2752287706029729, "subsample": 0.5146233127908507, "colsample_bytree": 0.5933700070879356, "gamma": 0.800126781456566, "lambda": 5.2661338059235156e-05, "alpha": 7.675208566734016e-06}