{"n_estimators": 584, "max_depth": 3, "learning_rate": 0.27589677187620776, "subsample": 0.885556063937539, "colsample_bytree": 0.59702908099063, "gamma": 2.415161734387941, "lambda": 6.634454756790409e-06, "alpha": 1.9820923919504417e-05}