{"n_estimators": 404, "max_depth": 4, "learning_rate": 0.09981648172708754, "subsample": 0.9629418749778033, "colsample_bytree": 0.6449834799424448, "gamma": 0.41236568877524715, "lambda": 2.6431224080038297e-07, "alpha": 0.0001273137362930422}