{"n_estimators": 321, "max_depth": 4, "learning_rate": 0.2961575337560663, "subsample": 0.5015878097601714, "colsample_bytree": 0.593821722315263, "gamma": 2.556642667349005, "lambda": 0.11152485895600539, "alpha": 9.619004067489376e-05}