{"n_estimators": 899, "max_depth": 9, "learning_rate": 0.29046471899165616, "subsample": 0.5302005535152571, "colsample_bytree": 0.5107988653017826, "gamma": 0.40888260352261363, "lambda": 0.12571178076685574, "alpha": 1.8469707709998536e-08}