{"max_depth": 9, "learning_rate": 0.11591107399589325, "subsample": 0.8058289859029059, "colsample_bytree": 0.8221978959159125, "gamma": 2.5880398894609153, "lambda": 1.552921744682026e-05, "alpha": 0.006737455029175202}