{"max_depth": 8, "learning_rate": 0.2989671616033201, "subsample": 0.6407525099928353, "colsample_bytree": 0.5245043807842578, "gamma": 0.23536693758214655, "lambda": 6.07035131569099e-07, "alpha": 0.21536968828767225}