{"max_depth": 6, "learning_rate": 0.022937337070290317, "subsample": 0.991265421633953, "colsample_bytree": 0.6426305476704373, "gamma": 1.1160730379449806, "lambda": 3.116818347536922e-06, "alpha": 1.181060566831906e-08}