{"max_depth": 3, "learning_rate": 0.25658440047304104, "subsample": 0.6944401730819827, "colsample_bytree": 0.5860645306252454, "gamma": 0.5860015668473384, "lambda": 3.974414608410797e-07, "alpha": 0.02578796429734254}