{"max_depth": 9, "learning_rate": 0.01965071014156975, "subsample": 0.6216130292381964, "colsample_bytree": 0.8047806696231757, "gamma": 2.520436278544924, "lambda": 1.9772132606865556e-07, "alpha": 0.00810734001724162}