{"max_depth": 4, "learning_rate": 0.15174100128002843, "subsample": 0.7394854713250065, "colsample_bytree": 0.9844595326897007, "gamma": 0.43632557902713476, "lambda": 0.0019442532789207777, "alpha": 0.022519120943949016}