{"max_depth": 4, "learning_rate": 0.20770358091780147, "subsample": 0.7926484457600167, "colsample_bytree": 0.5539285288900611, "gamma": 0.13468978582097946, "lambda": 0.00017542006438260203, "alpha": 0.02682288097258916}