{"max_depth": 8, "learning_rate": 0.17223791609803646, "subsample": 0.716967264698569, "colsample_bytree": 0.5413244282873684, "gamma": 3.740147003362748, "lambda": 0.005376898418983171, "alpha": 0.18246539451527752}