{"max_depth": 4, "learning_rate": 0.2765649194040954, "subsample": 0.9539081274549199, "colsample_bytree": 0.8519744470005834, "gamma": 1.495048274279704, "lambda": 0.000644060632518276, "alpha": 1.261893126545826e-06}