{"max_depth": 10, "learning_rate": 0.014370464928771767, "subsample": 0.7544326649257321, "colsample_bytree": 0.7746843650523039, "gamma": 4.158906198949959, "lambda": 0.026989743499457965, "alpha": 1.6704766462778765e-08}