{"max_depth": 10, "learning_rate": 0.21024399680726444, "subsample": 0.6752665134245057, "colsample_bytree": 0.8238533405897397, "gamma": 4.4607995606755, "lambda": 6.181806360928027e-06, "alpha": 2.0100846853265897e-07}