{"max_depth": 10, "learning_rate": 0.10432847724969986, "subsample": 0.7197272299571666, "colsample_bytree": 0.6130854855327825, "gamma": 2.866728131736253, "lambda": 5.092928181625925e-07, "alpha": 1.5435922703052714e-07}