{"max_depth": 6, "learning_rate": 0.0468757488092887, "subsample": 0.6095642220904987, "colsample_bytree": 0.969330918168964, "gamma": 4.148353166106109, "lambda": 3.7800958772096413e-06, "alpha": 0.03568891897124387}