{"max_depth": 8, "learning_rate": 0.10714424040459286, "subsample": 0.7911781726480838, "colsample_bytree": 0.651099358932868, "gamma": 1.4228017416278265, "lambda": 2.6904631478140045e-07, "alpha": 0.0004002895174402392}