{"max_depth": 9, "learning_rate": 0.18447648982641301, "subsample": 0.5759422497986031, "colsample_bytree": 0.9083828377665464, "gamma": 1.4869974474914893, "lambda": 0.0002643965085268516, "alpha": 0.5124934722858049}