{"max_depth": 6, "learning_rate": 0.23385364472224993, "subsample": 0.8482845030694248, "colsample_bytree": 0.6747374478189602, "gamma": 4.223842276206644, "lambda": 0.0040254249457148785, "alpha": 4.019527008135451e-06}