{"max_depth": 8, "learning_rate": 0.27548375825246163, "subsample": 0.6143192522359151, "colsample_bytree": 0.7340449507800288, "gamma": 0.8140353264788619, "lambda": 0.037816817754191295, "alpha": 0.059375513410347885}