{"max_depth": 8, "learning_rate": 0.2977070224740104, "subsample": 0.8695691303407505, "colsample_bytree": 0.502131139427535, "gamma": 1.8586659001119898, "lambda": 0.024309256932091693, "alpha": 0.31971799133651796}