{"max_depth": 7, "learning_rate": 0.14066237742931886, "subsample": 0.8732166051535584, "colsample_bytree": 0.5704935797504718, "gamma": 0.38213700358026403, "lambda": 0.04857497978666489, "alpha": 0.0045739021384525345}