{"max_depth": 6, "learning_rate": 0.18578019090224815, "subsample": 0.9085729770248663, "colsample_bytree": 0.8455937023010208, "gamma": 2.0086718265040475, "lambda": 1.034465550459804e-05, "alpha": 8.443876929050526e-05}