{"max_depth": 3, "learning_rate": 0.09062704741353046, "subsample": 0.9728796649274382, "colsample_bytree": 0.8263451334574079, "gamma": 2.9399399232594083, "lambda": 1.035576704205339e-05, "alpha": 3.8362373829714244e-07}