{"max_depth": 4, "learning_rate": 0.0936839849623308, "subsample": 0.7264911788693234, "colsample_bytree": 0.6580549614255307, "gamma": 1.7061405074494829, "lambda": 0.8099645852374219, "alpha": 0.005510353556280387}