{"max_depth": 10, "learning_rate": 0.22931321488758585, "subsample": 0.5534773042731502, "colsample_bytree": 0.893265873087099, "gamma": 1.167342026844621, "lambda": 2.1534090102758108e-08, "alpha": 0.002196724074548893}