{"max_depth": 8, "learning_rate": 0.20818983653236048, "subsample": 0.8448685855989059, "colsample_bytree": 0.6048816914359086, "gamma": 3.49677693504278, "lambda": 2.6287366678635773e-08, "alpha": 0.0017560431936353813}