{"max_depth": 4, "learning_rate": 0.22145000530523667, "subsample": 0.8670051634484656, "colsample_bytree": 0.7323584781270824, "gamma": 1.2934304005052455, "lambda": 0.09406275590328761, "alpha": 0.0006034537538475808}