{"max_depth": 6, "learning_rate": 0.08358004526930038, "subsample": 0.8310094800098091, "colsample_bytree": 0.6729662637045981, "gamma": 1.541927436549508, "lambda": 4.341935432903795e-08, "alpha": 0.0027965580394701487}