{"max_depth": 3, "learning_rate": 0.051846615711717316, "subsample": 0.751777130837527, "colsample_bytree": 0.668199570201427, "gamma": 4.093370776059332, "lambda": 1.1551854763606834e-05, "alpha": 0.3512187953847639}