{"max_depth": 9, "learning_rate": 0.11027054206091833, "subsample": 0.6297124114508694, "colsample_bytree": 0.6402434327165021, "gamma": 2.513630233647655, "lambda": 0.33784524922202935, "alpha": 8.050244852546136e-05}