{"max_depth": 8, "learning_rate": 0.1741772403294697, "subsample": 0.6190058515619765, "colsample_bytree": 0.5609394442204325, "gamma": 1.8207836129390271, "lambda": 6.303931793180063e-08, "alpha": 0.08705915427250134}