{"max_depth": 9, "learning_rate": 0.06332218940453563, "subsample": 0.6545624620632272, "colsample_bytree": 0.8377587567026975, "gamma": 2.34446313427024, "lambda": 0.007006573332327694, "alpha": 0.6481882304662354}