{"max_depth": 3, "learning_rate": 0.20932268848021635, "subsample": 0.6573418085892775, "colsample_bytree": 0.770890373810618, "gamma": 3.950109674129014, "lambda": 0.00037474049914752006, "alpha": 6.758703648010919e-07}