{"max_depth": 3, "learning_rate": 0.03886191624841418, "subsample": 0.8162836480026006, "colsample_bytree": 0.9459584434761927, "gamma": 2.1533220669575908, "lambda": 7.387229906482071e-06, "alpha": 0.2157585570029461}