{"max_depth": 3, "learning_rate": 0.05685982028560862, "subsample": 0.6272305290203457, "colsample_bytree": 0.896179304335907, "gamma": 2.911463941448293, "lambda": 0.03875974431125492, "alpha": 7.302143190768487e-05}