{"max_depth": 3, "learning_rate": 0.266928319694049, "subsample": 0.9176210480205276, "colsample_bytree": 0.7794223582567835, "gamma": 4.9681076554599555, "lambda": 3.761093097761551e-05, "alpha": 1.501541804619977e-06}