{"max_depth": 7, "learning_rate": 0.20202485196882297, "subsample": 0.8233970699107354, "colsample_bytree": 0.8528896743342043, "gamma": 0.24277650186406374, "lambda": 1.7871298036050648e-05, "alpha": 0.12369455142951692}