{"max_depth": 10, "learning_rate": 0.2503412794190066, "subsample": 0.8023399003176628, "colsample_bytree": 0.7448383836125734, "gamma": 2.9036141411556637, "lambda": 2.839529072644052e-08, "alpha": 0.31551524856156016}