{"max_depth": 3, "learning_rate": 0.14947073632241442, "subsample": 0.6219754135196462, "colsample_bytree": 0.7062557566833922, "gamma": 4.046581358433357, "lambda": 0.20803308655519598, "alpha": 2.116790495583804e-07}