{"max_depth": 9, "learning_rate": 0.2017130536235307, "subsample": 0.7678873806096558, "colsample_bytree": 0.9806139889890244, "gamma": 4.337600848986004, "lambda": 3.277985928104153e-05, "alpha": 0.041276965344328106}