{"max_depth": 10, "learning_rate": 0.22989992884699825, "subsample": 0.8971655222353931, "colsample_bytree": 0.7823147481296586, "gamma": 4.91388829207026, "lambda": 7.428308209855963e-07, "alpha": 0.01394990058355181}