{"max_depth": 8, "learning_rate": 0.11243345566132877, "subsample": 0.8398263012096436, "colsample_bytree": 0.8254924380406423, "gamma": 0.10038625935049894, "lambda": 7.660948950907296e-08, "alpha": 1.5105789004959839e-05}