{"max_depth": 6, "learning_rate": 0.016960487467850633, "subsample": 0.9971405167364225, "colsample_bytree": 0.8718647196208076, "gamma": 1.613200606901607, "lambda": 2.517954812369318e-07, "alpha": 0.4798882604724267}