{"max_depth": 9, "learning_rate": 0.12611225067578347, "subsample": 0.5770771006476931, "colsample_bytree": 0.7159429708293996, "gamma": 1.2486976313527904, "lambda": 0.19295621444933136, "alpha": 0.0005554717449594821}