{"max_depth": 8, "learning_rate": 0.11486407376676867, "subsample": 0.5960398408449673, "colsample_bytree": 0.6994109453024174, "gamma": 4.097936313731151, "lambda": 1.8477816027418447e-06, "alpha": 2.2404247222260307e-05}