{"max_depth": 8, "learning_rate": 0.047048943293430553, "subsample": 0.6604758869958589, "colsample_bytree": 0.912550384539117, "gamma": 0.5069975591681586, "lambda": 0.7650308435003497, "alpha": 0.0002919479055591616}