{"max_depth": 10, "learning_rate": 0.17491436186807036, "subsample": 0.6017063829851312, "colsample_bytree": 0.8346542601269815, "gamma": 1.556440375765702, "lambda": 2.5504900620513104e-07, "alpha": 1.7878345759029877e-08}