{"max_depth": 3, "learning_rate": 0.05385373155313517, "subsample": 0.6882577159774843, "colsample_bytree": 0.9258986404366385, "gamma": 4.495074841342885, "lambda": 8.29381541198811e-06, "alpha": 4.663716022468194e-06}