{"max_depth": 5, "learning_rate": 0.11054023185476552, "subsample": 0.7792302539002539, "colsample_bytree": 0.9915949007796334, "gamma": 0.49640391260532657, "lambda": 0.031812260133025655, "alpha": 0.003632724122201397}