{"max_depth": 9, "learning_rate": 0.19812994062119263, "subsample": 0.8295648656658652, "colsample_bytree": 0.6694356298221615, "gamma": 4.065387020322325, "lambda": 1.4675204053307537e-07, "alpha": 0.0121202693283252}