{"max_depth": 9, "learning_rate": 0.1702448819767547, "subsample": 0.9109386436324445, "colsample_bytree": 0.6433963507951508, "gamma": 2.5306360124703335, "lambda": 1.9053497819224797e-06, "alpha": 4.340950290629124e-05}