{"max_depth": 7, "learning_rate": 0.12921374704497884, "subsample": 0.5558472654967002, "colsample_bytree": 0.9863060870058025, "gamma": 2.3175468603738985, "lambda": 0.06123823757146906, "alpha": 0.05476663588152019}