{"max_depth": 6, "learning_rate": 0.22709163786568964, "subsample": 0.9694104196488886, "colsample_bytree": 0.8967601482296437, "gamma": 4.46352727465907, "lambda": 0.00036875016637347147, "alpha": 6.231699327391455e-07}