{"max_depth": 9, "learning_rate": 0.1357592302939988, "subsample": 0.8376241033766032, "colsample_bytree": 0.671403782534653, "gamma": 2.5170625040478893, "lambda": 2.3438899148875613e-05, "alpha": 2.8824007746253257e-06}