{"max_depth": 9, "learning_rate": 0.263334485784969, "subsample": 0.7210387561728429, "colsample_bytree": 0.5337836534096977, "gamma": 3.0980333662441515, "lambda": 3.084098806051448e-07, "alpha": 0.01562866769482797}