{"max_depth": 6, "learning_rate": 0.2392287706526065, "subsample": 0.6029001342740925, "colsample_bytree": 0.8359655603238643, "gamma": 3.1257285170803084, "lambda": 0.9249264203255483, "alpha": 5.251155376465951e-06}