{"max_depth": 7, "learning_rate": 0.1792695386993514, "subsample": 0.8575747462767045, "colsample_bytree": 0.8787397114422388, "gamma": 4.660025869387785, "lambda": 4.8180129036463165e-05, "alpha": 4.259598082621138e-08}