{"max_depth": 9, "learning_rate": 0.03831545546874042, "subsample": 0.9902655278831752, "colsample_bytree": 0.5662869241914408, "gamma": 3.435614595582847, "lambda": 2.6945923675975802e-08, "alpha": 1.1253257806560971e-08}