{"max_depth": 9, "learning_rate": 0.03970076036050306, "subsample": 0.9499547907742621, "colsample_bytree": 0.5688627467730518, "gamma": 1.9145164072519432, "lambda": 0.13021899879901347, "alpha": 3.681278671573003e-05}