{"max_depth": 6, "learning_rate": 0.10843174862704355, "subsample": 0.6799141008009656, "colsample_bytree": 0.829540380688797, "gamma": 0.48421600793882136, "lambda": 2.9069540543219897e-06, "alpha": 1.5736783583285483e-05}