{"max_depth": 6, "learning_rate": 0.29270924863622844, "subsample": 0.9621620722817705, "colsample_bytree": 0.8337674404681096, "gamma": 2.933348797697401, "lambda": 2.2117167070312844e-06, "alpha": 1.1993512934820557e-08}