{"max_depth": 9, "learning_rate": 0.13165622174003946, "subsample": 0.7943726485273138, "colsample_bytree": 0.5858830610184507, "gamma": 3.212520352062552, "lambda": 0.014090273816015433, "alpha": 1.9583297792782534e-06}