{"max_depth": 9, "learning_rate": 0.18688642395996552, "subsample": 0.8106260846896303, "colsample_bytree": 0.6910848057121637, "gamma": 1.9517240537631908, "lambda": 3.581805740356603e-07, "alpha": 0.0019468702274788637}