{"max_depth": 6, "learning_rate": 0.014640939574355024, "subsample": 0.5786004538775532, "colsample_bytree": 0.9482198423600067, "gamma": 4.0958920185347045, "lambda": 1.1794359191230837e-06, "alpha": 0.0002479911781624498}