{"max_depth": 6, "learning_rate": 0.2226175006523629, "subsample": 0.5126292850848588, "colsample_bytree": 0.7156888085168012, "gamma": 2.6356694278921906, "lambda": 1.7869503321167064e-06, "alpha": 1.3341169254177155e-08}