{"max_depth": 6, "learning_rate": 0.0828597600334415, "subsample": 0.7325449220548637, "colsample_bytree": 0.7474311478497194, "gamma": 1.9185091382447368, "lambda": 0.00175759279569158, "alpha": 5.188901483376186e-07}