{"max_depth": 10, "learning_rate": 0.26094247505269497, "subsample": 0.691589720044596, "colsample_bytree": 0.8018993616219384, "gamma": 0.07323339979179277, "lambda": 1.1717457342324706e-06, "alpha": 0.00972889903134043}