{"max_depth": 3, "learning_rate": 0.29016000796760233, "subsample": 0.8768874781169542, "colsample_bytree": 0.6250011760040027, "gamma": 0.3975792310399795, "lambda": 0.0003191616577416237, "alpha": 5.3735607397586846e-08}