{"max_depth": 8, "learning_rate": 0.20519294991093118, "subsample": 0.963139985343628, "colsample_bytree": 0.8789726621507978, "gamma": 4.592113047946997, "lambda": 9.564242872274305e-05, "alpha": 5.45278057460097e-05}