{"max_depth": 4, "learning_rate": 0.10153305180910488, "subsample": 0.5721582549581354, "colsample_bytree": 0.6232189583794135, "gamma": 4.57566858467479, "lambda": 0.16959532942694486, "alpha": 2.362092007568077e-08}