{"max_depth": 3, "learning_rate": 0.11393471839496438, "subsample": 0.526313998374325, "colsample_bytree": 0.7190531876270827, "gamma": 3.14370624264622, "lambda": 6.130481125914374e-06, "alpha": 0.003230463857635362}