{"max_depth": 10, "learning_rate": 0.1430684456459598, "subsample": 0.8258952339810053, "colsample_bytree": 0.729423061963345, "gamma": 0.8975108152571287, "lambda": 1.0749607344724226e-05, "alpha": 0.11587462949230619}