{"max_depth": 7, "learning_rate": 0.046028353261360025, "subsample": 0.8937604372789661, "colsample_bytree": 0.9428691678285863, "gamma": 1.718740223084091, "lambda": 2.367953254089661e-05, "alpha": 0.12814936982105524}