{"max_depth": 3, "learning_rate": 0.10062159999044262, "subsample": 0.808086219367374, "colsample_bytree": 0.8886006383412736, "gamma": 2.6136773195663574, "lambda": 1.0308400867540693e-05, "alpha": 0.00029992049487372074}