{"max_depth": 8, "learning_rate": 0.05807582005138784, "subsample": 0.8212213084410183, "colsample_bytree": 0.7316912873594114, "gamma": 2.732395584791734, "lambda": 6.169433729856765e-07, "alpha": 7.919579921990441e-07}