{"max_depth": 9, "learning_rate": 0.2208925097402003, "subsample": 0.8939530250377672, "colsample_bytree": 0.9720142693654457, "gamma": 1.6317818679725304, "lambda": 0.00020542358673959838, "alpha": 1.965954957641626e-05}