{"max_depth": 7, "learning_rate": 0.29556915730691763, "subsample": 0.624042310177151, "colsample_bytree": 0.6987115516100031, "gamma": 4.976642931738197, "lambda": 3.6502924203541026e-05, "alpha": 1.5709598677359133e-08}