{"max_depth": 5, "learning_rate": 0.19865640177789748, "subsample": 0.5525451409304132, "colsample_bytree": 0.7693449080493153, "gamma": 0.16278530422740467, "lambda": 0.02960898671457804, "alpha": 0.0008324029956522973}