{"max_depth": 10, "learning_rate": 0.17074386796344865, "subsample": 0.538317477303612, "colsample_bytree": 0.5775476358978255, "gamma": 1.7677714911990656, "lambda": 5.1355590607917977e-08, "alpha": 0.01871727358516773}