{"max_depth": 9, "learning_rate": 0.056519133416223985, "subsample": 0.9657968853992636, "colsample_bytree": 0.8278663870818399, "gamma": 2.1668186072021847, "lambda": 0.00025723784912769015, "alpha": 0.08585508779665639}