{"max_depth": 6, "learning_rate": 0.24586129152746028, "subsample": 0.7590526104237243, "colsample_bytree": 0.9725208817153614, "gamma": 4.024885082667582, "lambda": 0.03927334451295328, "alpha": 0.00033248342473611987}