{"max_depth": 5, "learning_rate": 0.19967853589041634, "subsample": 0.7883015536211035, "colsample_bytree": 0.6816059010807837, "gamma": 2.737453918973724, "lambda": 5.786077335816965e-07, "alpha": 0.14883355194456024}