{"max_depth": 5, "learning_rate": 0.119650776002867, "subsample": 0.7914791402384388, "colsample_bytree": 0.7119289752754964, "gamma": 4.293341964711638, "lambda": 0.0656502623581369, "alpha": 5.787909427483886e-07}