{"max_depth": 9, "learning_rate": 0.22643172159764766, "subsample": 0.6264913835315871, "colsample_bytree": 0.7042575287079099, "gamma": 1.3841868918915567, "lambda": 9.229826708238313e-08, "alpha": 0.00299546702210017}