{"max_depth": 10, "learning_rate": 0.1378100873441952, "subsample": 0.9354646203488678, "colsample_bytree": 0.8830676207707437, "gamma": 1.6035649752701497, "lambda": 0.005572212079353272, "alpha": 0.00120517742737315}