{"max_depth": 6, "learning_rate": 0.10504498540285867, "subsample": 0.6453685079990868, "colsample_bytree": 0.7352396044929232, "gamma": 3.385021234250758, "lambda": 5.119499403748061e-08, "alpha": 0.0016670017693327915}