{"max_depth": 5, "learning_rate": 0.06002776213977727, "subsample": 0.7614384736081266, "colsample_bytree": 0.9699242439873832, "gamma": 4.14257729473395, "lambda": 2.326201541633524e-07, "alpha": 9.276956754487833e-08}