{"max_depth": 4, "learning_rate": 0.17417033963633852, "subsample": 0.6812416009077017, "colsample_bytree": 0.7473711477264758, "gamma": 4.338406999201514, "lambda": 0.001375675247764836, "alpha": 0.0005095074022114092}