{"max_depth": 9, "learning_rate": 0.20414924195645393, "subsample": 0.9108309503367545, "colsample_bytree": 0.6674826795977647, "gamma": 2.0258410000421345, "lambda": 2.7941886246670515e-07, "alpha": 3.32419764678065e-07}