{"max_depth": 3, "learning_rate": 0.1325602516185528, "subsample": 0.8930507101793402, "colsample_bytree": 0.7925391803488537, "gamma": 1.017210618835653, "lambda": 8.545082449045668e-07, "alpha": 0.18059708385147677}