{"max_depth": 8, "learning_rate": 0.2842421594417181, "subsample": 0.9294206527000648, "colsample_bytree": 0.7073135256283509, "gamma": 3.2574456238504537, "lambda": 0.0019596886819744745, "alpha": 0.015351474127838369}