{"max_depth": 5, "learning_rate": 0.01869746870410708, "subsample": 0.9866874154827254, "colsample_bytree": 0.5765634567700735, "gamma": 3.0273407094868947, "lambda": 1.2143720138965365e-06, "alpha": 0.01023570736249247}