{"max_depth": 8, "learning_rate": 0.14444191699392395, "subsample": 0.6350251229496127, "colsample_bytree": 0.7037405958121999, "gamma": 2.694578930308796, "lambda": 0.0021846250489993674, "alpha": 1.2124411543645901e-08}