{"max_depth": 8, "learning_rate": 0.28944387125873033, "subsample": 0.736990804745046, "colsample_bytree": 0.6901219257107851, "gamma": 1.4445354452577663, "lambda": 6.866796604127097e-06, "alpha": 0.017715312768814634}