{"max_depth": 7, "learning_rate": 0.052938685637481685, "subsample": 0.771298279165381, "colsample_bytree": 0.815000528331986, "gamma": 2.664945787467091, "lambda": 0.0032935246243613503, "alpha": 8.838981035330135e-06}