{"max_depth": 3, "learning_rate": 0.29368606073876447, "subsample": 0.9027498696568073, "colsample_bytree": 0.8532010847508147, "gamma": 4.1547654618784104, "lambda": 1.1884595940830003e-07, "alpha": 0.03070270437019621}