{"max_depth": 8, "learning_rate": 0.10599271915140628, "subsample": 0.5103324541766265, "colsample_bytree": 0.9792870121964647, "gamma": 2.798384050942353, "lambda": 7.866579918970318e-06, "alpha": 0.0006833541247566849}