{"max_depth": 4, "learning_rate": 0.2916027305447291, "subsample": 0.5190923043847504, "colsample_bytree": 0.8783606857434889, "gamma": 4.959607896934685, "lambda": 2.095744440010361e-05, "alpha": 4.1902523307364087e-07}