{"max_depth": 4, "learning_rate": 0.053303357904119934, "subsample": 0.5304593079327911, "colsample_bytree": 0.8757473225538344, "gamma": 4.1011460481230895, "lambda": 3.691804214629337e-08, "alpha": 0.25609069654201616}