{"max_depth": 8, "learning_rate": 0.045731891695289587, "subsample": 0.914686201507952, "colsample_bytree": 0.53515659737395, "gamma": 2.6000877787934407, "lambda": 0.7100291240728104, "alpha": 0.00019349636957255393}