{"max_depth": 7, "learning_rate": 0.03531712490744692, "subsample": 0.8477611599628969, "colsample_bytree": 0.5400911202571315, "gamma": 4.139893184172198, "lambda": 0.1411438189213938, "alpha": 0.00038418529631588366}