{"max_depth": 9, "learning_rate": 0.1312997144135471, "subsample": 0.9782061474136836, "colsample_bytree": 0.8020153973911837, "gamma": 0.32479442062115005, "lambda": 0.000297771089637496, "alpha": 2.162974083755094e-06}