{"max_depth": 5, "learning_rate": 0.20282226959074848, "subsample": 0.6619167965407622, "colsample_bytree": 0.89075884113389, "gamma": 2.0713804263693794, "lambda": 0.09437642380005044, "alpha": 1.776021321562584e-07}