{"max_depth": 6, "learning_rate": 0.14562528868274907, "subsample": 0.572682132684772, "colsample_bytree": 0.7511219439197813, "gamma": 0.1250228586859914, "lambda": 0.04560511551914305, "alpha": 0.0004971183496620649}