{"max_depth": 4, "learning_rate": 0.02202021512648053, "subsample": 0.756476021219239, "colsample_bytree": 0.9664230535838894, "gamma": 4.07726661607211, "lambda": 0.22212502119819635, "alpha": 0.7236211151780226}