{"max_depth": 8, "learning_rate": 0.27525579478284157, "subsample": 0.8326440291377011, "colsample_bytree": 0.6179677534760619, "gamma": 1.4496123743016471, "lambda": 0.07116816439876938, "alpha": 2.607609409535885e-05}