{"max_depth": 3, "learning_rate": 0.20450903676291599, "subsample": 0.578756809362514, "colsample_bytree": 0.5043796376627689, "gamma": 4.514658905683328, "lambda": 0.005307417175390923, "alpha": 6.442327815474868e-08}