{"max_depth": 6, "learning_rate": 0.04435128229300764, "subsample": 0.5733101787071013, "colsample_bytree": 0.7669650472320224, "gamma": 4.376675160129421, "lambda": 1.3882558570527539e-08, "alpha": 0.40356328553045223}