{"max_depth": 3, "learning_rate": 0.1943390025012043, "subsample": 0.7968580919996656, "colsample_bytree": 0.8442213262765256, "gamma": 3.659547180723184, "lambda": 0.19443092677354398, "alpha": 0.01852512539657766}