{"max_depth": 7, "learning_rate": 0.12592498717493814, "subsample": 0.9594918288828975, "colsample_bytree": 0.9071181703342375, "gamma": 0.7978945120205311, "lambda": 0.0004951670859365948, "alpha": 1.9679984131197446e-08}