{"max_depth": 4, "learning_rate": 0.10271208519480136, "subsample": 0.6703696009418788, "colsample_bytree": 0.7197723936571567, "gamma": 3.6740075645327197, "lambda": 5.377035231177052e-05, "alpha": 1.644739984762866e-05}