{"max_depth": 7, "learning_rate": 0.08555978085341735, "subsample": 0.8280360134854245, "colsample_bytree": 0.6736133126425152, "gamma": 3.3716244762098095, "lambda": 2.7653739693781944e-06, "alpha": 8.712348765280122e-05}