{"max_depth": 10, "learning_rate": 0.188960719006706, "subsample": 0.9361279462772727, "colsample_bytree": 0.6913997655770208, "gamma": 4.30149623021733, "lambda": 0.11111871882755696, "alpha": 0.059562524129480425}