{"max_depth": 3, "learning_rate": 0.20260128603546493, "subsample": 0.9880717487674378, "colsample_bytree": 0.7372163468984312, "gamma": 1.0748229686081907, "lambda": 0.525498985436192, "alpha": 5.263846809450465e-08}