{"max_depth": 7, "learning_rate": 0.07081220455308476, "subsample": 0.6209257286898755, "colsample_bytree": 0.8204399897695532, "gamma": 0.4953799930221675, "lambda": 0.003748270998107776, "alpha": 0.00016538451935586455}