{"max_depth": 8, "learning_rate": 0.230599122784635, "subsample": 0.9791996377308131, "colsample_bytree": 0.5928351531726834, "gamma": 0.9128102857100101, "lambda": 1.6137271104401136e-06, "alpha": 2.527268396549866e-07}