{"max_depth": 8, "learning_rate": 0.18126515287403505, "subsample": 0.7544935748415442, "colsample_bytree": 0.5469794236534896, "gamma": 0.8343342485755983, "lambda": 7.164892306781082e-06, "alpha": 0.0005492237266103322}