{"max_depth": 5, "learning_rate": 0.2876858359323812, "subsample": 0.7017989477294884, "colsample_bytree": 0.6446420942234792, "gamma": 3.7596797243762965, "lambda": 3.742548326246966e-07, "alpha": 0.0849523982140878}