{"max_depth": 6, "learning_rate": 0.2700774997013165, "subsample": 0.5585026048890298, "colsample_bytree": 0.5683914473407594, "gamma": 1.0119830842201527, "lambda": 0.00010590720464270959, "alpha": 0.0387212811481916}