{"max_depth": 7, "learning_rate": 0.14936418050630296, "subsample": 0.783358318605355, "colsample_bytree": 0.6748390886759797, "gamma": 0.5275913396381254, "lambda": 2.8466026303419442e-06, "alpha": 3.055515180310466e-05}