{"max_depth": 3, "learning_rate": 0.19683955305840237, "subsample": 0.6409094590581652, "colsample_bytree": 0.5521601888566507, "gamma": 0.16256583596089502, "lambda": 3.299926020637714e-05, "alpha": 6.966400788753922e-07}