{"max_depth": 5, "learning_rate": 0.05847103758371355, "subsample": 0.5850403017082852, "colsample_bytree": 0.5285661069402245, "gamma": 2.2115146579886136, "lambda": 0.001066018102433736, "alpha": 0.5284353215319546}