{"max_depth": 5, "learning_rate": 0.07701910152441797, "subsample": 0.8022803807756209, "colsample_bytree": 0.9219510352465039, "gamma": 4.090876834646192, "lambda": 0.05526881470975774, "alpha": 0.00036128208600176906}