{"max_depth": 5, "learning_rate": 0.11627544496326438, "subsample": 0.6305833505228134, "colsample_bytree": 0.8410671989662037, "gamma": 1.656725728097395, "lambda": 7.065794018828784e-06, "alpha": 0.2858408427012808}