{"max_depth": 3, "learning_rate": 0.2613709482492276, "subsample": 0.6728181824936372, "colsample_bytree": 0.520621544358272, "gamma": 3.002297688209577, "lambda": 3.647221947441559e-08, "alpha": 0.0007994370975628181}