{"max_depth": 10, "learning_rate": 0.1583138133149462, "subsample": 0.6708026362692705, "colsample_bytree": 0.8197364936375411, "gamma": 3.0754879301123745, "lambda": 2.7287510861932392e-05, "alpha": 0.0006211208388727682}