{"max_depth": 8, "learning_rate": 0.21971150599466868, "subsample": 0.8815460156541681, "colsample_bytree": 0.874395277036541, "gamma": 2.5015925351196304, "lambda": 1.40400694035949e-06, "alpha": 0.14762639733972316}