{"max_depth": 4, "learning_rate": 0.2338537054786841, "subsample": 0.7814793751618735, "colsample_bytree": 0.8888304762056644, "gamma": 4.7872380785268716, "lambda": 0.00036884252185909416, "alpha": 1.5557093372616736e-07}