{"max_depth": 3, "learning_rate": 0.022522897308541193, "subsample": 0.9491726833072471, "colsample_bytree": 0.6889239420439648, "gamma": 3.7799689685884457, "lambda": 0.020975089199820274, "alpha": 1.3039081936013862e-08}