{"max_depth": 7, "learning_rate": 0.15632320956705273, "subsample": 0.7181075340119225, "colsample_bytree": 0.6537088174183261, "gamma": 1.6156373695445037, "lambda": 2.644743610062372e-07, "alpha": 0.00025704105456549015}