{"max_depth": 5, "learning_rate": 0.062041696783083716, "subsample": 0.8886694784662788, "colsample_bytree": 0.8617705531043768, "gamma": 2.6072277746326127, "lambda": 2.2687428036367433e-05, "alpha": 0.1420612977005492}