{"max_depth": 10, "learning_rate": 0.18712569075372418, "subsample": 0.5432808902408155, "colsample_bytree": 0.849913575425499, "gamma": 4.871217259208822, "lambda": 0.020524789634344297, "alpha": 0.00042532052033289485}