{"max_depth": 3, "learning_rate": 0.1291149064163954, "subsample": 0.9351731502301242, "colsample_bytree": 0.7255539147016923, "gamma": 1.4926287301416086, "lambda": 0.0017284628140310776, "alpha": 0.0008202291559400509}