{"max_depth": 6, "learning_rate": 0.03227039891307902, "subsample": 0.690457016982496, "colsample_bytree": 0.5436874315029807, "gamma": 3.296499866562005, "lambda": 1.3101507741674682e-08, "alpha": 3.606631335917847e-05}