{"max_depth": 10, "learning_rate": 0.2249337403006106, "subsample": 0.7408403733286721, "colsample_bytree": 0.9844958377120152, "gamma": 3.5999067463723415, "lambda": 2.933569682489997e-07, "alpha": 0.0464138328130139}