{"max_depth": 7, "learning_rate": 0.02888311383665866, "subsample": 0.7133898265720515, "colsample_bytree": 0.6428159461155404, "gamma": 2.3859428472729056, "lambda": 0.061975239307792286, "alpha": 1.25676443180757e-06}