{"max_depth": 4, "learning_rate": 0.06238779744486499, "subsample": 0.575365587069188, "colsample_bytree": 0.759534296805169, "gamma": 4.437956642871723, "lambda": 0.42350747008393097, "alpha": 1.141517080469314e-05}