{"max_depth": 3, "learning_rate": 0.15003158999236932, "subsample": 0.5489228505158796, "colsample_bytree": 0.7850143728596772, "gamma": 2.860185523993958, "lambda": 0.5582806406719675, "alpha": 0.00032098165135715714}