{"max_depth": 7, "learning_rate": 0.17054576428956636, "subsample": 0.6230088121733601, "colsample_bytree": 0.7066038102607242, "gamma": 2.5641938275747322, "lambda": 0.20853678190455482, "alpha": 0.001272857538428885}