{"max_depth": 8, "learning_rate": 0.29625242644453154, "subsample": 0.9283788042537077, "colsample_bytree": 0.6308112967417008, "gamma": 1.4045734644826957, "lambda": 1.0972935073126554e-05, "alpha": 0.01985077622707758}