{"max_depth": 4, "learning_rate": 0.1327283862528282, "subsample": 0.9699041122050869, "colsample_bytree": 0.9203626873508537, "gamma": 2.673623363750763, "lambda": 0.05314538664850578, "alpha": 4.821709604420177e-06}