{"max_depth": 10, "learning_rate": 0.13449380497604693, "subsample": 0.9231606001089108, "colsample_bytree": 0.8640350679409207, "gamma": 2.703293298154499, "lambda": 0.11552206915763892, "alpha": 0.613633993124595}