{"max_depth": 5, "learning_rate": 0.25323231026878296, "subsample": 0.517363787397018, "colsample_bytree": 0.7548880482209355, "gamma": 1.721773730326623, "lambda": 0.00012345880266606497, "alpha": 1.3124150391604116e-08}