{"max_depth": 9, "learning_rate": 0.15666071471412366, "subsample": 0.692774704185403, "colsample_bytree": 0.8691960213797473, "gamma": 3.401093886521904, "lambda": 8.68939495794831e-07, "alpha": 3.758084017200228e-07}