{"max_depth": 9, "learning_rate": 0.15355766979220312, "subsample": 0.5729933303143506, "colsample_bytree": 0.8202780041090352, "gamma": 1.5378128916804275, "lambda": 0.0009218687971219693, "alpha": 0.0003488759772431072}