{"max_depth": 6, "learning_rate": 0.022625425491760952, "subsample": 0.5207614141795662, "colsample_bytree": 0.9186065893618873, "gamma": 3.232510947826386, "lambda": 6.382541791985909e-07, "alpha": 4.523258665958871e-05}