{"max_depth": 8, "learning_rate": 0.04528691844254201, "subsample": 0.5186950004887043, "colsample_bytree": 0.8936244127304385, "gamma": 3.7768526266189024, "lambda": 5.0988768538554594e-06, "alpha": 0.007649170905358549}