{"max_depth": 3, "learning_rate": 0.14001444765826468, "subsample": 0.9402543532762624, "colsample_bytree": 0.6121149264251826, "gamma": 2.4218345449633194, "lambda": 0.0001138990004865942, "alpha": 1.718002261057063e-05}