{"max_depth": 5, "learning_rate": 0.20080628463177608, "subsample": 0.7894238619973712, "colsample_bytree": 0.7726964274214472, "gamma": 2.6125544020279516, "lambda": 5.592404862405535e-05, "alpha": 0.6209016307332428}