{"max_depth": 10, "learning_rate": 0.21069779564859004, "subsample": 0.6242202996637662, "colsample_bytree": 0.8030381063805202, "gamma": 2.6358309555946597, "lambda": 0.20370772264283027, "alpha": 0.015464171092886612}