{"max_depth": 7, "learning_rate": 0.19160958900683922, "subsample": 0.6605190753399535, "colsample_bytree": 0.9094047675764799, "gamma": 1.077030925943871, "lambda": 8.125795931473698e-07, "alpha": 0.30893849120065914}