{"max_depth": 5, "learning_rate": 0.1636606389224555, "subsample": 0.5798201096794477, "colsample_bytree": 0.651957512476713, "gamma": 4.571940843674956, "lambda": 2.510785684914965e-08, "alpha": 1.7073638250927746e-07}