{"max_depth": 10, "learning_rate": 0.22367933727078942, "subsample": 0.6678184891440061, "colsample_bytree": 0.5951483791056458, "gamma": 1.172518116742185, "lambda": 1.7323952921436318e-06, "alpha": 3.369003114038676e-06}