{"max_depth": 10, "learning_rate": 0.06959627029014626, "subsample": 0.6789800694432306, "colsample_bytree": 0.781335174818067, "gamma": 1.6565842548987004, "lambda": 4.0869137432715786e-05, "alpha": 7.352873379384004e-05}