{"max_depth": 3, "learning_rate": 0.04357287028779069, "subsample": 0.779250884136123, "colsample_bytree": 0.9684164791554069, "gamma": 2.098717379639225, "lambda": 0.004622553024285209, "alpha": 1.6749130592852815e-07}