{"max_depth": 6, "learning_rate": 0.06341629854202493, "subsample": 0.9259591754913157, "colsample_bytree": 0.5761650116441095, "gamma": 3.7561714674502045, "lambda": 1.388445837765299e-08, "alpha": 8.649601897272334e-06}