{"max_depth": 9, "learning_rate": 0.08511505677486761, "subsample": 0.8048456261056198, "colsample_bytree": 0.8829568793868923, "gamma": 0.13563999510604274, "lambda": 0.8231726548025209, "alpha": 2.788804043352022e-06}