{"max_depth": 5, "learning_rate": 0.28985376310000727, "subsample": 0.6817697797659173, "colsample_bytree": 0.7855353807692818, "gamma": 1.5922848870740864, "lambda": 6.255768090186673e-05, "alpha": 6.734105658289186e-08}