{"max_depth": 8, "learning_rate": 0.2759390727165502, "subsample": 0.9908172189895555, "colsample_bytree": 0.9741678686904882, "gamma": 2.3712692462124956, "lambda": 0.00012455295432978235, "alpha": 3.084753916095292e-05}