{"max_depth": 9, "learning_rate": 0.13314846411752287, "subsample": 0.5018826765386406, "colsample_bytree": 0.9728936262717618, "gamma": 2.200984524307777, "lambda": 5.6111715097966416e-05, "alpha": 8.542274671346471e-05}