{"max_depth": 9, "learning_rate": 0.17676665875155723, "subsample": 0.6179909708095976, "colsample_bytree": 0.6284793450033689, "gamma": 2.581775025694694, "lambda": 2.0348851285287655e-07, "alpha": 9.091172660580778e-07}