{"max_depth": 9, "learning_rate": 0.08431209941509613, "subsample": 0.8807185915058541, "colsample_bytree": 0.5636450508751134, "gamma": 2.811196953753687, "lambda": 0.0035022244447595633, "alpha": 4.4602946980961194e-07}