{"max_depth": 9, "learning_rate": 0.13920729891027833, "subsample": 0.6278659462079883, "colsample_bytree": 0.8303751865176858, "gamma": 3.956701798968407, "lambda": 1.0622408002008783e-08, "alpha": 1.87746507266647e-05}