{"max_depth": 3, "learning_rate": 0.12023260657606026, "subsample": 0.886584410726134, "colsample_bytree": 0.7572637018451885, "gamma": 2.232409004647083, "lambda": 0.003072941601304743, "alpha": 0.0009822699118049812}