{"max_depth": 7, "learning_rate": 0.22690284110859862, "subsample": 0.7800642298182902, "colsample_bytree": 0.5610641652586961, "gamma": 1.3369710696635022, "lambda": 3.590391312439121e-05, "alpha": 0.026918736864337}