{"max_depth": 10, "learning_rate": 0.04989525481185252, "subsample": 0.8556485563717399, "colsample_bytree": 0.6683642200411462, "gamma": 4.818906426649276, "lambda": 2.7971469256276773e-08, "alpha": 2.3484111771921155e-07}