{"max_depth": 10, "learning_rate": 0.20132396196801328, "subsample": 0.5257836741841927, "colsample_bytree": 0.8869296609833399, "gamma": 3.929828561573172, "lambda": 0.21833447572697037, "alpha": 3.530958728575059e-07}