{"max_depth": 4, "learning_rate": 0.06697815378685357, "subsample": 0.7203849630006025, "colsample_bytree": 0.7415395804543553, "gamma": 1.1258448080133288, "lambda": 7.855760875991168e-06, "alpha": 3.8615771734645876e-05}