{"max_depth": 4, "learning_rate": 0.20110229793459156, "subsample": 0.9891005938120128, "colsample_bytree": 0.8559485884911232, "gamma": 0.11048413264099333, "lambda": 8.011987583733647e-06, "alpha": 1.1637360400575696e-05}