{"max_depth": 4, "learning_rate": 0.0382431651490041, "subsample": 0.9794189957498398, "colsample_bytree": 0.7336373337632659, "gamma": 3.7435190236905376, "lambda": 7.242221097962876e-08, "alpha": 0.018538417015292203}