{"max_depth": 3, "learning_rate": 0.2554676004310747, "subsample": 0.9113621664164366, "colsample_bytree": 0.6229917744485549, "gamma": 1.176250527098091, "lambda": 0.00013717551581857976, "alpha": 0.006570515592951765}