{"max_depth": 7, "learning_rate": 0.24996926476916032, "subsample": 0.7517189725097182, "colsample_bytree": 0.5041783391566663, "gamma": 2.42763597439771, "lambda": 1.424638807846377e-06, "alpha": 0.08704238105907008}