{"max_depth": 4, "learning_rate": 0.23382538340711997, "subsample": 0.799157008881942, "colsample_bytree": 0.5073075802826533, "gamma": 4.837174183585998, "lambda": 6.670830812688827e-07, "alpha": 0.026728105040938407}