{"max_depth": 3, "learning_rate": 0.018836792014144895, "subsample": 0.5979327248107991, "colsample_bytree": 0.7128475175834386, "gamma": 1.2410753462862751, "lambda": 0.0024777774115817886, "alpha": 3.838495362400656e-07}