{"max_depth": 10, "learning_rate": 0.1129060744694395, "subsample": 0.668226771878581, "colsample_bytree": 0.8424068953007612, "gamma": 1.3518504579289443, "lambda": 5.747642086611829e-05, "alpha": 7.0676890210597726e-06}