{"max_depth": 5, "learning_rate": 0.21598872817896583, "subsample": 0.6661281421229912, "colsample_bytree": 0.6899645718570271, "gamma": 0.29527944366969483, "lambda": 1.95763927359057e-06, "alpha": 3.073594043855e-06}