{"max_depth": 3, "learning_rate": 0.058895940464700286, "subsample": 0.707879096378671, "colsample_bytree": 0.9542604206619831, "gamma": 1.8939640184265705, "lambda": 3.9129928186933564e-08, "alpha": 0.034380926783110874}