{"max_depth": 9, "learning_rate": 0.06626354940001783, "subsample": 0.8445816294340973, "colsample_bytree": 0.6921526124084014, "gamma": 4.53906475414867, "lambda": 0.007604518850753137, "alpha": 1.8324942338662568e-07}