{"max_depth": 8, "learning_rate": 0.15578219802270926, "subsample": 0.8361965217263677, "colsample_bytree": 0.9361672394193117, "gamma": 2.3421380365750624, "lambda": 1.8384559054120453e-05, "alpha": 1.4058155518171488e-08}