{"max_depth": 4, "learning_rate": 0.07933382977111164, "subsample": 0.8461613830761026, "colsample_bytree": 0.7592632247584955, "gamma": 2.5687680474519254, "lambda": 0.0016048438190682944, "alpha": 4.865693763248329e-06}