{"max_depth": 6, "learning_rate": 0.2603859837955367, "subsample": 0.9565406668603371, "colsample_bytree": 0.9412282637657221, "gamma": 4.711124175822622, "lambda": 0.006901209080877034, "alpha": 0.08345970474310088}