{"max_depth": 9, "learning_rate": 0.1519504632525551, "subsample": 0.5238804875583736, "colsample_bytree": 0.6665421903697948, "gamma": 3.333246440584776, "lambda": 0.11433537057511489, "alpha": 0.00020407577048194857}