{"max_depth": 4, "learning_rate": 0.07247621024255861, "subsample": 0.8445272321210975, "colsample_bytree": 0.5735355251541, "gamma": 0.7363821528879283, "lambda": 0.002855180481614003, "alpha": 0.08204496378685316}