{"max_depth": 9, "learning_rate": 0.01562666582945723, "subsample": 0.8792892998684527, "colsample_bytree": 0.7116086783204243, "gamma": 3.507602939837958, "lambda": 0.0007411427238398175, "alpha": 1.1955498799301721e-08}