{"max_depth": 7, "learning_rate": 0.17285473123089576, "subsample": 0.7524359465769486, "colsample_bytree": 0.7575125080664313, "gamma": 1.6411205497053383, "lambda": 0.09562290929908893, "alpha": 0.00019848866788942253}