{"max_depth": 9, "learning_rate": 0.02180447447307498, "subsample": 0.5580164746380203, "colsample_bytree": 0.5624032046058254, "gamma": 0.7276630304926235, "lambda": 0.023354556876400947, "alpha": 0.024779399241825123}