{"max_depth": 8, "learning_rate": 0.10187530821994215, "subsample": 0.8977292184214807, "colsample_bytree": 0.6538994830067282, "gamma": 3.514976665921286, "lambda": 3.7034177790840216e-06, "alpha": 0.9502514542756262}