{"max_depth": 3, "learning_rate": 0.2006175619916707, "subsample": 0.8360803273889692, "colsample_bytree": 0.9438473742056517, "gamma": 4.941918591164808, "lambda": 0.01056510226667017, "alpha": 0.00035186045998288957}