{"max_depth": 6, "learning_rate": 0.018315551003388428, "subsample": 0.7730752679894554, "colsample_bytree": 0.6480560798720255, "gamma": 0.4468077096680978, "lambda": 2.815215477725993e-07, "alpha": 0.007118983085364124}