{"max_depth": 4, "learning_rate": 0.26440109262663775, "subsample": 0.6821507601916909, "colsample_bytree": 0.9192562917063679, "gamma": 3.814555990790039, "lambda": 5.1289329878789906e-08, "alpha": 4.2656254956703944e-08}