{"max_depth": 4, "learning_rate": 0.18614935931762827, "subsample": 0.6040599989611399, "colsample_bytree": 0.7952104791573724, "gamma": 1.3402226801878214, "lambda": 7.384674834849299e-06, "alpha": 0.0008415527709173466}