{"max_depth": 8, "learning_rate": 0.12310377799301646, "subsample": 0.6821313084504128, "colsample_bytree": 0.9089839485515655, "gamma": 2.4637370236556255, "lambda": 2.402587453654699e-08, "alpha": 0.000908351467846184}