{"max_depth": 3, "learning_rate": 0.07026071709854541, "subsample": 0.8553931729753594, "colsample_bytree": 0.5201913492136059, "gamma": 3.439474595667298, "lambda": 5.457683541526704e-08, "alpha": 0.06695706828015384}