{"max_depth": 10, "learning_rate": 0.07433210179958388, "subsample": 0.5047419198215988, "colsample_bytree": 0.8588223481030204, "gamma": 3.0531339501452655, "lambda": 9.954551416395184e-06, "alpha": 0.19506670970534506}