{"max_depth": 3, "learning_rate": 0.057919171303942606, "subsample": 0.8106396524692596, "colsample_bytree": 0.6787605191960708, "gamma": 3.3714001947871157, "lambda": 0.00047699107349757035, "alpha": 0.002898883373182998}