{"max_depth": 4, "learning_rate": 0.28421550284863445, "subsample": 0.7005171366057331, "colsample_bytree": 0.7866514739659884, "gamma": 2.687506567262684, "lambda": 1.489633645630146e-08, "alpha": 1.831986207818901e-07}