{"max_depth": 4, "learning_rate": 0.21388785147910272, "subsample": 0.6832486471192696, "colsample_bytree": 0.7613265355728839, "gamma": 1.1183650852344091, "lambda": 0.015803797599833146, "alpha": 0.2243226665034923}