{"max_depth": 3, "learning_rate": 0.24495488620635403, "subsample": 0.8460182717445806, "colsample_bytree": 0.8678739953736501, "gamma": 3.158975766320622, "lambda": 5.3001349513401636e-05, "alpha": 6.187418137355415e-06}