{"max_depth": 9, "learning_rate": 0.05088763496165629, "subsample": 0.8135885238042924, "colsample_bytree": 0.6337131057720422, "gamma": 2.08225830472011, "lambda": 2.067161919255343e-08, "alpha": 4.263574695462467e-05}