{"max_depth": 7, "learning_rate": 0.24647318831570575, "subsample": 0.7124195317594455, "colsample_bytree": 0.5585403866540393, "gamma": 4.335255066456494, "lambda": 0.004492179013078134, "alpha": 0.029379114855789888}