{"max_depth": 6, "learning_rate": 0.21111786914087224, "subsample": 0.731427236126106, "colsample_bytree": 0.8032991860760732, "gamma": 4.339095397001565, "lambda": 0.00016037196020665632, "alpha": 1.0195715578140343e-05}