{"max_depth": 9, "learning_rate": 0.11585097035491779, "subsample": 0.8527265523344776, "colsample_bytree": 0.7301152501873285, "gamma": 0.1599403157472784, "lambda": 0.007565952384807094, "alpha": 9.24086244575465e-06}