{"max_depth": 3, "learning_rate": 0.09611575781653844, "subsample": 0.6150934727632222, "colsample_bytree": 0.6695567655761248, "gamma": 3.413290904048003, "lambda": 0.0004864148509766603, "alpha": 0.001199781272831522}