{"max_depth": 6, "learning_rate": 0.2955253455682711, "subsample": 0.528114855558793, "colsample_bytree": 0.890522364616559, "gamma": 1.1593469471040152, "lambda": 2.5207872728941973e-07, "alpha": 0.002443030414495884}