{"max_depth": 9, "learning_rate": 0.2905343751723601, "subsample": 0.9236295633069261, "colsample_bytree": 0.9933988945955928, "gamma": 1.3158182037944184, "lambda": 0.0011321634376593123, "alpha": 6.101619655382289e-08}