{"max_depth": 7, "learning_rate": 0.2162643602135848, "subsample": 0.8625523388210389, "colsample_bytree": 0.5729121591164986, "gamma": 0.3079969265289867, "lambda": 0.01395604012474396, "alpha": 2.154336931919795e-05}