{"max_depth": 6, "learning_rate": 0.22129497202027076, "subsample": 0.7555361023762432, "colsample_bytree": 0.6895172714876907, "gamma": 3.428569075372463, "lambda": 4.0394781310169746e-08, "alpha": 2.780237124244004e-05}