{"max_depth": 8, "learning_rate": 0.28354305900907506, "subsample": 0.539941852513469, "colsample_bytree": 0.9754293440909143, "gamma": 2.0079422269798375, "lambda": 3.2641596282719864e-05, "alpha": 4.653021095099266e-06}