{"max_depth": 9, "learning_rate": 0.21546258838518206, "subsample": 0.9353913428656054, "colsample_bytree": 0.7775597517210788, "gamma": 4.886786269859352, "lambda": 1.4928418017197423e-08, "alpha": 0.1821274571681017}