{"max_depth": 3, "learning_rate": 0.17569567177141476, "subsample": 0.5233292417362817, "colsample_bytree": 0.9783087189044095, "gamma": 3.5370712063772434, "lambda": 5.311273567144934e-07, "alpha": 0.020140283698759212}