{"max_depth": 9, "learning_rate": 0.23618171054711606, "subsample": 0.7754815572150718, "colsample_bytree": 0.8672618356437237, "gamma": 3.2718027169421853, "lambda": 0.11603644705187562, "alpha": 0.00038940999523380684}