{"max_depth": 5, "learning_rate": 0.0417065829047746, "subsample": 0.518773073883568, "colsample_bytree": 0.5340461300867059, "gamma": 2.966537661615614, "lambda": 7.834053007839399e-08, "alpha": 0.0001567624739641286}