{"max_depth": 8, "learning_rate": 0.06880575755698308, "subsample": 0.5849790587510132, "colsample_bytree": 0.5964402454499553, "gamma": 1.9137441085540319, "lambda": 0.004196189923755388, "alpha": 0.0024822917970662326}