{"max_depth": 5, "learning_rate": 0.11736012356641642, "subsample": 0.8424728138985786, "colsample_bytree": 0.8525381124820001, "gamma": 0.21279742329184892, "lambda": 1.0580451902214393e-05, "alpha": 2.7250572374925793e-08}