{"max_depth": 3, "learning_rate": 0.16465642341103234, "subsample": 0.5062253065850792, "colsample_bytree": 0.7762292052996991, "gamma": 4.542681053979248, "lambda": 0.0013407124525627117, "alpha": 2.993833312197458e-05}