{"max_depth": 6, "learning_rate": 0.09490237471597127, "subsample": 0.8961504343786518, "colsample_bytree": 0.7252819580168881, "gamma": 0.5584637308915386, "lambda": 0.00015450392188900674, "alpha": 1.767099266626139e-08}