{"max_depth": 6, "learning_rate": 0.09080453970705146, "subsample": 0.9047848011382273, "colsample_bytree": 0.9372752110029048, "gamma": 1.2553305585030938, "lambda": 0.0003026951440398625, "alpha": 2.7748478005538264e-06}