{"max_depth": 9, "learning_rate": 0.10934441041853038, "subsample": 0.8002258614658833, "colsample_bytree": 0.871812929967084, "gamma": 0.22017005137212942, "lambda": 0.002302768221339501, "alpha": 0.0006931034823655475}