{"max_depth": 9, "learning_rate": 0.04086796712742568, "subsample": 0.5647319624123611, "colsample_bytree": 0.7804055130551392, "gamma": 4.370819905889427, "lambda": 0.6891655585744823, "alpha": 1.9039623462127047e-05}