{"max_depth": 4, "learning_rate": 0.29889175537147356, "subsample": 0.8371466276182722, "colsample_bytree": 0.9086702026735718, "gamma": 4.446796603960037, "lambda": 0.22042326822394398, "alpha": 6.018289861692419e-06}