{"max_depth": 9, "learning_rate": 0.2714748761756543, "subsample": 0.8487654205365313, "colsample_bytree": 0.5089333308074386, "gamma": 1.7656972285502426, "lambda": 6.93116651459429e-05, "alpha": 3.603208195344107e-07}