{"max_depth": 5, "learning_rate": 0.07461164943861907, "subsample": 0.5323205403668139, "colsample_bytree": 0.8145724410184292, "gamma": 1.2802713055484234, "lambda": 7.039861978911406e-07, "alpha": 3.7716265503672944e-05}