{"max_depth": 9, "learning_rate": 0.12991878565734377, "subsample": 0.5064348119824117, "colsample_bytree": 0.7981797467364372, "gamma": 2.0786953684769465, "lambda": 3.7927985871988187e-07, "alpha": 0.889029962669851}