{"max_depth": 3, "learning_rate": 0.16189101481101542, "subsample": 0.8027118478930855, "colsample_bytree": 0.5124828473214543, "gamma": 4.404963953997404, "lambda": 0.00017100660140784415, "alpha": 0.03352406262110235}