{"max_depth": 9, "learning_rate": 0.01900764526355819, "subsample": 0.6089315998784934, "colsample_bytree": 0.9285280517826493, "gamma": 4.399499034389688, "lambda": 1.2533345420206067e-07, "alpha": 0.0001276087460762531}