{"max_depth": 10, "learning_rate": 0.15015216293418404, "subsample": 0.9763136516072903, "colsample_bytree": 0.9818398683628591, "gamma": 3.385031627828239, "lambda": 4.62724180054784e-08, "alpha": 0.007907615516413577}