{"max_depth": 10, "learning_rate": 0.20036791772243392, "subsample": 0.8593478758002294, "colsample_bytree": 0.938002283813397, "gamma": 3.8054212837544954, "lambda": 7.137915521107153e-06, "alpha": 3.7155615779755204e-07}