{"max_depth": 9, "learning_rate": 0.21908063255491406, "subsample": 0.6941275986023328, "colsample_bytree": 0.8687487437744281, "gamma": 4.340652107688056, "lambda": 1.767491780941357e-06, "alpha": 0.002696805039350782}