{"max_depth": 7, "learning_rate": 0.12223944300797147, "subsample": 0.8070316816994576, "colsample_bytree": 0.7632275057665869, "gamma": 2.4196667669390854, "lambda": 2.74036240380971e-06, "alpha": 0.01268493241321256}