{"max_depth": 8, "learning_rate": 0.018186497362336056, "subsample": 0.7463793596509996, "colsample_bytree": 0.7528581229515086, "gamma": 4.220022297083914, "lambda": 3.7984978921078084e-05, "alpha": 2.6364610322066783e-06}