{"max_depth": 4, "learning_rate": 0.2338573768706004, "subsample": 0.8689993406464446, "colsample_bytree": 0.9078464086485372, "gamma": 0.47218236813637404, "lambda": 0.002228559880917787, "alpha": 0.031425673444106905}