{"max_depth": 8, "learning_rate": 0.08904271881388907, "subsample": 0.81605886064547, "colsample_bytree": 0.5901090305116207, "gamma": 0.6552820384838653, "lambda": 2.6776772633964145e-07, "alpha": 7.301742929399925e-07}