{"max_depth": 4, "learning_rate": 0.20820894143953667, "subsample": 0.5215889415771076, "colsample_bytree": 0.8029861328689881, "gamma": 3.5797592333512727, "lambda": 4.178434646913946e-07, "alpha": 2.8873896940668327e-05}