{"max_depth": 10, "learning_rate": 0.18210536971365726, "subsample": 0.9979096426568455, "colsample_bytree": 0.876312666553789, "gamma": 4.682480520922216, "lambda": 8.245814894176864e-08, "alpha": 0.0030147774322926107}