{"max_depth": 8, "learning_rate": 0.011810699698106946, "subsample": 0.7268961350218258, "colsample_bytree": 0.7008873800360662, "gamma": 3.5252299724483405, "lambda": 5.3859875475842216e-08, "alpha": 8.349540087497358e-06}