{"max_depth": 10, "learning_rate": 0.048085377342742854, "subsample": 0.6998420492157822, "colsample_bytree": 0.5510638602164818, "gamma": 0.12732208838390435, "lambda": 0.0004033987306821906, "alpha": 5.3474273018842434e-05}