{"max_depth": 6, "learning_rate": 0.08196467850109054, "subsample": 0.6590507635068912, "colsample_bytree": 0.8263329811954118, "gamma": 2.2388032932724937, "lambda": 2.7027119732018046e-07, "alpha": 0.0008363097176801249}