{"max_depth": 3, "learning_rate": 0.2763571698217589, "subsample": 0.9429454942487077, "colsample_bytree": 0.7837157430654718, "gamma": 4.7535056371021, "lambda": 0.0002471816717805017, "alpha": 0.38478731161224583}