{"max_depth": 3, "learning_rate": 0.01996767575214646, "subsample": 0.7814310459253095, "colsample_bytree": 0.8453754030991177, "gamma": 0.33915291585508045, "lambda": 1.084179681830339e-06, "alpha": 0.0001032108074092003}