{"max_depth": 4, "learning_rate": 0.16818791038849604, "subsample": 0.6296006433751182, "colsample_bytree": 0.6937593750897559, "gamma": 3.507536392096862, "lambda": 0.49861490928655805, "alpha": 2.3759492890726675e-08}