{"max_depth": 7, "learning_rate": 0.04045776720315371, "subsample": 0.7528664298353465, "colsample_bytree": 0.6222905801717531, "gamma": 4.504498117851916, "lambda": 5.719483512171496e-07, "alpha": 2.7156006380766724e-08}