{"max_depth": 7, "learning_rate": 0.25135956885561045, "subsample": 0.7606387208201362, "colsample_bytree": 0.5165366297832693, "gamma": 0.07977817518676045, "lambda": 7.560856866123396e-07, "alpha": 0.1489366927748313}