{"max_depth": 8, "learning_rate": 0.13348300557032233, "subsample": 0.7836388028623795, "colsample_bytree": 0.7667327328618576, "gamma": 4.064940241769459, "lambda": 0.0220704548634961, "alpha": 0.0473414384209838}