{"max_depth": 10, "learning_rate": 0.04391647397659726, "subsample": 0.9886274511500046, "colsample_bytree": 0.5944013249401439, "gamma": 4.291250363784258, "lambda": 0.012911424753738911, "alpha": 0.012584424130035273}