{"max_depth": 6, "learning_rate": 0.043573292937224735, "subsample": 0.9831867173763815, "colsample_bytree": 0.7761306337112972, "gamma": 1.6478384224523068, "lambda": 0.0460302830494394, "alpha": 3.7621624671997525e-06}