{"max_depth": 9, "learning_rate": 0.27177179849293176, "subsample": 0.561450927353951, "colsample_bytree": 0.6965782877701083, "gamma": 3.5045985208526584, "lambda": 1.4742073298440941e-05, "alpha": 0.0024963479380931105}