{"max_depth": 4, "learning_rate": 0.1818036691745548, "subsample": 0.9836303160053823, "colsample_bytree": 0.7333924604821158, "gamma": 3.953875652934988, "lambda": 0.6073539440353931, "alpha": 3.5318963860764962e-06}