{"max_depth": 10, "learning_rate": 0.09342625355048699, "subsample": 0.7056022639468783, "colsample_bytree": 0.746447572700151, "gamma": 4.209061625545697, "lambda": 3.209422601999938e-06, "alpha": 0.00022658302030127881}