{"max_depth": 5, "learning_rate": 0.2687811190834262, "subsample": 0.9598454486861154, "colsample_bytree": 0.5749681400184143, "gamma": 3.9055390724943173, "lambda": 3.339887701713242e-06, "alpha": 3.47493057944554e-07}