{"out_channels": 91, "kernel_size": 6, "num_blocks": 2, "l2_lambda": 0.005291406521089711, "dropout_rate": 0.37898289357981807, "lr": 0.07990000073783024, "batch_size": 45}