{"out_channels": 16, "kernel_size": 6, "num_blocks": 2, "l2_lambda": 0.0031974364498138313, "dropout_rate": 0.3704297178592537, "lr": 0.015183933514466876, "batch_size": 90}