{"out_channels": 66, "kernel_size": 3, "num_blocks": 2, "l2_lambda": 0.00848110835137084, "dropout_rate": 0.10981489257427897, "lr": 0.047007967034681436, "batch_size": 79}