{"out_channels": 98, "kernel_size": 3, "num_blocks": 2, "l2_lambda": 0.003662569672103742, "dropout_rate": 0.31506473834273985, "lr": 0.039462647217377994, "batch_size": 207}