{"out_channels": 118, "kernel_size": 3, "num_blocks": 2, "l2_lambda": 0.008944254797391287, "dropout_rate": 0.12200677947505781, "lr": 0.014024031593550878, "batch_size": 72}