{"out_channels": 97, "kernel_size": 5, "num_blocks": 3, "l2_lambda": 0.009806883869538503, "dropout_rate": 0.20762377161763182, "lr": 0.031067028487818074, "batch_size": 33}