{"out_channels": 62, "kernel_size": 6, "num_blocks": 3, "l2_lambda": 0.0011422786231600507, "dropout_rate": 0.46313729286420946, "lr": 0.029378113660106033, "batch_size": 46}