{"out_channels": 41, "kernel_size": 3, "num_blocks": 1, "l2_lambda": 0.006335405895338962, "dropout_rate": 0.4988928813256054, "lr": 0.056600460355625264, "batch_size": 137}