{"out_channels": 85, "kernel_size": 5, "num_blocks": 2, "l2_lambda": 0.00926112101684649, "dropout_rate": 0.3461323209054742, "lr": 0.07278292566515103, "batch_size": 42}