{"out_channels": 82, "kernel_size": 7, "num_blocks": 1, "l2_lambda": 0.001617669763508096, "dropout_rate": 0.2983130770167405, "lr": 0.029798325183548444, "batch_size": 151}