{"out_channels": 84, "kernel_size": 6, "num_blocks": 2, "l2_lambda": 0.00020280921226604827, "dropout_rate": 0.45586075361875655, "lr": 0.019525000933926402, "batch_size": 36}