{"out_channels": 111, "kernel_size": 3, "num_blocks": 2, "l2_lambda": 0.004088597028829061, "dropout_rate": 0.2780867594187657, "lr": 0.07589339373923426, "batch_size": 221}