{"out_channels": 80, "kernel_size": 3, "num_blocks": 2, "l2_lambda": 0.007679769009860914, "dropout_rate": 0.10623071699824066, "lr": 0.029517998194688134, "batch_size": 153}