{"out_channels": 122, "kernel_size": 3, "num_blocks": 3, "l2_lambda": 0.0030508665959205687, "dropout_rate": 0.46363527730813936, "lr": 0.02437566795525148, "batch_size": 219}