{"out_channels": 128, "kernel_size": 5, "num_blocks": 2, "l2_lambda": 0.0007149426710912339, "dropout_rate": 0.490995678676479, "lr": 0.0057135188340821045, "batch_size": 224}