{"out_channels": 119, "kernel_size": 5, "num_blocks": 2, "l2_lambda": 0.004350936711926685, "dropout_rate": 0.49985446088110286, "lr": 0.07852050221964454, "batch_size": 153}