{"out_channels": 38, "kernel_size": 3, "num_blocks": 1, "l2_lambda": 0.009870412683883126, "dropout_rate": 0.24448505150900393, "lr": 0.0257424882046177, "batch_size": 126}