{"out_channels": 71, "kernel_size": 3, "num_blocks": 1, "l2_lambda": 0.00651547512488965, "dropout_rate": 0.18862246328737828, "lr": 0.07544521492354973, "batch_size": 126}