{"out_channels": 81, "kernel_size": 6, "num_blocks": 1, "l2_lambda": 0.00602677152116305, "dropout_rate": 0.47009902423719896, "lr": 0.07752651034455134, "batch_size": 122}