{"out_channels": 83, "kernel_size": 5, "num_blocks": 3, "l2_lambda": 0.008655236506983308, "dropout_rate": 0.2806679828312567, "lr": 0.0774258846856689, "batch_size": 243}