{"out_channels": 75, "kernel_size": 7, "num_blocks": 2, "l2_lambda": 0.003030139072843856, "dropout_rate": 0.4310793166767176, "lr": 0.056383043997109514, "batch_size": 112}