{"out_channels": 109, "kernel_size": 4, "num_blocks": 3, "l2_lambda": 0.00863295143734308, "dropout_rate": 0.4638676336792149, "lr": 0.009349067917929133, "batch_size": 41}