{"out_channels": 127, "kernel_size": 7, "num_blocks": 2, "l2_lambda": 0.003835838484969982, "dropout_rate": 0.44966574436406526, "lr": 0.04507500297371467, "batch_size": 192}