{"out_channels": 18, "kernel_size": 5, "num_blocks": 2, "l2_lambda": 0.0029783840087669986, "dropout_rate": 0.10867757491443082, "lr": 0.09386063581406498, "batch_size": 186}