{"out_channels": 55, "kernel_size": 7, "num_blocks": 1, "l2_lambda": 0.0036443139338828007, "dropout_rate": 0.356319728804116, "lr": 0.0833862589638504, "batch_size": 94}