{"out_channels": 95, "kernel_size": 6, "num_blocks": 3, "l2_lambda": 0.0052378825801202514, "dropout_rate": 0.3636268517364307, "lr": 0.03915514759639523, "batch_size": 191}