{"out_channels": 69, "kernel_size": 6, "num_blocks": 2, "l2_lambda": 0.007543664961029767, "dropout_rate": 0.43869356859574216, "lr": 0.05479015687862331, "batch_size": 102}