{"out_channels": 23, "kernel_size": 7, "num_blocks": 3, "l2_lambda": 0.0016505660424904274, "dropout_rate": 0.3923453744892724, "lr": 0.08600110091014189, "batch_size": 256}