{"out_channels": 54, "kernel_size": 4, "num_blocks": 3, "l2_lambda": 0.00029729209926673963, "dropout_rate": 0.1256217846279169, "lr": 0.07368879194431359, "batch_size": 17}