{"out_channels": 83, "kernel_size": 7, "num_blocks": 2, "l2_lambda": 0.0056716192686874075, "dropout_rate": 0.12155965513277676, "lr": 0.03991593153801792, "batch_size": 218}