{"out_channels": 113, "kernel_size": 4, "num_blocks": 2, "l2_lambda": 0.009378685054819999, "dropout_rate": 0.3084853733267033, "lr": 0.09434019939304888, "batch_size": 168}