{"out_channels": 103, "kernel_size": 5, "num_blocks": 2, "l2_lambda": 0.00818181463397181, "dropout_rate": 0.12920590288232026, "lr": 0.00609258706164865, "batch_size": 104}