{"out_channels": 56, "kernel_size": 6, "num_blocks": 2, "l2_lambda": 0.006428651344148162, "dropout_rate": 0.13392105030788018, "lr": 0.008285770166636966, "batch_size": 57}