{"out_channels": 97, "kernel_size": 5, "num_blocks": 3, "l2_lambda": 0.001036842192601466, "dropout_rate": 0.39999840127300457, "lr": 0.004689556759983476, "batch_size": 161}