{"out_channels": 30, "kernel_size": 4, "num_blocks": 2, "l2_lambda": 0.008406486316809719, "dropout_rate": 0.15016033298476417, "lr": 0.00034061438601635824, "batch_size": 49}