{"out_channels": 29, "kernel_size": 5, "num_blocks": 1, "l2_lambda": 0.0017433213892438784, "dropout_rate": 0.33136295017109496, "lr": 0.016530198152579292, "batch_size": 88}