{"out_channels": 109, "kernel_size": 6, "num_blocks": 2, "l2_lambda": 0.008536141354272104, "dropout_rate": 0.3752290480636782, "lr": 0.08272894814527375, "batch_size": 200}