{"out_channels": 60, "kernel_size": 7, "num_blocks": 2, "l2_lambda": 0.00744995406742598, "dropout_rate": 0.4680171730829805, "lr": 0.0895481875815464, "batch_size": 129}