{"out_channels": 99, "kernel_size": 6, "num_blocks": 3, "l2_lambda": 0.005113229677958495, "dropout_rate": 0.12475864242903328, "lr": 0.07808099131517866, "batch_size": 68}