{"out_channels": 45, "kernel_size": 4, "num_blocks": 1, "l2_lambda": 0.009930886271439548, "dropout_rate": 0.15822090801410407, "lr": 0.020387410689487694, "batch_size": 154}