{"out_channels": 69, "kernel_size": 7, "num_blocks": 1, "l2_lambda": 0.00037878147272985176, "dropout_rate": 0.18282508626868368, "lr": 0.0040701626298907485, "batch_size": 212}