{"out_channels": 122, "kernel_size": 4, "num_blocks": 1, "l2_lambda": 0.009416541241295108, "dropout_rate": 0.47076183111528913, "lr": 0.050808812973580704, "batch_size": 20}