{"out_channels": 101, "kernel_size": 7, "num_blocks": 2, "l2_lambda": 0.00757658358810906, "dropout_rate": 0.228134526307143, "lr": 0.09926056877421191, "batch_size": 228}