{"out_channels": 30, "kernel_size": 6, "num_blocks": 2, "l2_lambda": 0.005916819965528072, "dropout_rate": 0.24855252839144837, "lr": 0.07919230570090972, "batch_size": 248}