{"out_channels": 111, "kernel_size": 5, "num_blocks": 1, "l2_lambda": 0.003936391862347402, "dropout_rate": 0.22258024729034412, "lr": 0.058776589595005035, "batch_size": 173}