{"out_channels": 86, "kernel_size": 5, "num_blocks": 2, "l2_lambda": 0.000575317289470822, "dropout_rate": 0.26704017208644604, "lr": 0.04440467302425384, "batch_size": 56}