{"out_channels": 36, "kernel_size": 7, "num_blocks": 2, "l2_lambda": 0.007365267373876182, "dropout_rate": 0.17286120518875647, "lr": 0.011343718112229745, "batch_size": 58}