{"out_channels": 90, "kernel_size": 4, "num_blocks": 3, "l2_lambda": 0.004389131833256709, "dropout_rate": 0.2263122168244981, "lr": 0.05110236643354966, "batch_size": 232}