{"max_depth": 7, "learning_rate": 0.2034526284492472, "subsample": 0.7340780290346319, "colsample_bytree": 0.5662390779100703, "gamma": 1.9005418740434106, "lambda": 0.00038253111773259334, "alpha": 0.00010024676468280127}