{"max_depth": 4, "learning_rate": 0.14871518659117292, "subsample": 0.8787148674790828, "colsample_bytree": 0.5443103326434753, "gamma": 3.4958977235082633, "lambda": 2.18869141208648e-06, "alpha": 0.1526892695954413}