{"max_depth": 10, "learning_rate": 0.2659182042865228, "subsample": 0.7116320337319748, "colsample_bytree": 0.6594796153591983, "gamma": 1.2654126491804174, "lambda": 0.0001080257262592949, "alpha": 4.692666205302501e-07}