{"max_depth": 5, "learning_rate": 0.10277300642349056, "subsample": 0.6425047365072463, "colsample_bytree": 0.5650142661954868, "gamma": 4.574495774505907, "lambda": 7.367977761132226e-07, "alpha": 0.0048236224818045395}