{"max_depth": 7, "learning_rate": 0.2805721877608153, "subsample": 0.7393277269278511, "colsample_bytree": 0.5238554627898699, "gamma": 2.4001735038328835, "lambda": 4.351996752029912e-06, "alpha": 0.0894835003974505}