{"max_depth": 5, "learning_rate": 0.26240904030418205, "subsample": 0.7674634610119628, "colsample_bytree": 0.9014144384055451, "gamma": 3.6071544395280437, "lambda": 3.966512670112572e-06, "alpha": 0.1658588936770368}