{"max_depth": 5, "learning_rate": 0.2118187703201026, "subsample": 0.8887201699598268, "colsample_bytree": 0.9714263613019061, "gamma": 1.0533197373967174, "lambda": 0.00016858607773108855, "alpha": 0.016144936810974758}