{"max_depth": 3, "learning_rate": 0.025640980410750726, "subsample": 0.9525339209674939, "colsample_bytree": 0.8152096431262128, "gamma": 0.7472392452325383, "lambda": 0.16708144991998147, "alpha": 6.127819091391231e-06}