{"max_depth": 9, "learning_rate": 0.021117133120942464, "subsample": 0.6537255040801049, "colsample_bytree": 0.9089703201282153, "gamma": 4.545698470987539, "lambda": 0.0003309681817402662, "alpha": 0.6848312961160024}