{"max_depth": 9, "learning_rate": 0.214785635021848, "subsample": 0.5399832582609627, "colsample_bytree": 0.7630090865582744, "gamma": 2.4993474553774053, "lambda": 0.0030548009428994893, "alpha": 8.369916176017245e-05}