{"max_depth": 7, "learning_rate": 0.1605954984680444, "subsample": 0.519170219167544, "colsample_bytree": 0.8669187729728365, "gamma": 4.305724964698939, "lambda": 2.6296480716246404e-06, "alpha": 2.218085872674136e-08}