{"max_depth": 9, "learning_rate": 0.1965317786461343, "subsample": 0.7170006395772975, "colsample_bytree": 0.6882203922418255, "gamma": 4.967323227188997, "lambda": 0.0041021750793207015, "alpha": 1.0670126020868162e-07}