{"max_depth": 4, "learning_rate": 0.10942839659516543, "subsample": 0.742826060523992, "colsample_bytree": 0.6405054886769679, "gamma": 3.7613343409047513, "lambda": 2.679882021543953e-07, "alpha": 3.315918652162513e-07}