{"max_depth": 7, "learning_rate": 0.08719350603176115, "subsample": 0.6207101404705315, "colsample_bytree": 0.8280608530697128, "gamma": 0.8597493000886319, "lambda": 0.006448529383952669, "alpha": 5.374227066882343e-05}