{"max_depth": 7, "learning_rate": 0.25169273107837464, "subsample": 0.8925957454150939, "colsample_bytree": 0.9303425832866492, "gamma": 2.151147347075711, "lambda": 2.0566686388544908e-05, "alpha": 0.004345458257153881}