{"max_depth": 10, "learning_rate": 0.20974330204573843, "subsample": 0.6492335420141184, "colsample_bytree": 0.7630843578960225, "gamma": 0.03223423953103155, "lambda": 0.00950798711803811, "alpha": 0.009454557767988812}