{"max_depth": 9, "learning_rate": 0.17901783448662933, "subsample": 0.9567310277770732, "colsample_bytree": 0.8300410925405736, "gamma": 0.5590578925730905, "lambda": 0.7548549710569445, "alpha": 2.325929226863711e-06}