{"max_depth": 4, "learning_rate": 0.1720150444329925, "subsample": 0.5588314442887818, "colsample_bytree": 0.7441959885881544, "gamma": 0.25306584995451853, "lambda": 2.4940100032812435e-06, "alpha": 1.991068225740663e-05}