{"max_depth": 10, "learning_rate": 0.11544460839436954, "subsample": 0.7093749371558712, "colsample_bytree": 0.8178842835574387, "gamma": 3.541182678204922, "lambda": 5.160479330804816e-06, "alpha": 3.7420883281345885e-08}