{"max_depth": 3, "learning_rate": 0.10437210808976292, "subsample": 0.9910856600553618, "colsample_bytree": 0.7620605459125471, "gamma": 4.94384828906318, "lambda": 0.004085443816625424, "alpha": 3.6183614874848344e-07}