{"max_depth": 10, "learning_rate": 0.025750632583577994, "subsample": 0.9149357113032588, "colsample_bytree": 0.9798373308519346, "gamma": 3.980234794905619, "lambda": 0.0002321353361681313, "alpha": 0.0006774483108391531}