{"max_depth": 7, "learning_rate": 0.09575892798221765, "subsample": 0.5752455567736174, "colsample_bytree": 0.5927796146261809, "gamma": 1.3822204326309873, "lambda": 0.040058038027580865, "alpha": 0.06196932524514078}