{"max_depth": 4, "learning_rate": 0.2551545521334556, "subsample": 0.7776226221552619, "colsample_bytree": 0.9750783411486164, "gamma": 0.6722682650306089, "lambda": 0.6809993702104199, "alpha": 0.003308454908744754}