{"max_depth": 6, "learning_rate": 0.19246371900035542, "subsample": 0.9275279912408925, "colsample_bytree": 0.7247712900370822, "gamma": 0.140240429803698, "lambda": 0.045988859514946474, "alpha": 2.3820931358965e-06}