{"max_depth": 10, "learning_rate": 0.11661128728758312, "subsample": 0.633935819483388, "colsample_bytree": 0.5858630740404543, "gamma": 4.155283828856776, "lambda": 1.322788978115599e-05, "alpha": 0.005632956587000796}