{"max_depth": 9, "learning_rate": 0.25199567577650994, "subsample": 0.7345154415225499, "colsample_bytree": 0.7872914809596755, "gamma": 1.978436924348026, "lambda": 2.6636330484322154e-07, "alpha": 0.7231774597055772}