{"max_depth": 6, "learning_rate": 0.19858337408904464, "subsample": 0.6720242113093646, "colsample_bytree": 0.9226133025754701, "gamma": 3.639937277185071, "lambda": 2.7769664637095386e-06, "alpha": 1.0246795934098642e-05}