{"max_depth": 6, "learning_rate": 0.1668501117621619, "subsample": 0.8928067364509318, "colsample_bytree": 0.6297979766887389, "gamma": 1.8609448488118874, "lambda": 0.10130441932610292, "alpha": 1.0257739660411001e-06}