{"max_depth": 4, "learning_rate": 0.29080750326223304, "subsample": 0.5778956968419224, "colsample_bytree": 0.933771412851906, "gamma": 0.9980081433758231, "lambda": 3.110611808396393e-08, "alpha": 4.9178904638044924e-05}