{"max_depth": 8, "learning_rate": 0.20437549068425226, "subsample": 0.5409647576352318, "colsample_bytree": 0.6049241556981623, "gamma": 1.572087018209853, "lambda": 0.04195184552524142, "alpha": 2.6355712592032693e-07}