{"max_depth": 10, "learning_rate": 0.09365037952618772, "subsample": 0.974213595533839, "colsample_bytree": 0.7665885194978617, "gamma": 4.567337184884535, "lambda": 0.014105579227749515, "alpha": 5.5853986330677715e-06}