{"max_depth": 3, "learning_rate": 0.2907970495303565, "subsample": 0.832639223232726, "colsample_bytree": 0.5085712407763666, "gamma": 1.6164572344484718, "lambda": 6.447974567586339e-05, "alpha": 5.691618119631986e-05}