{"max_depth": 3, "learning_rate": 0.2510208532963749, "subsample": 0.5959070336686431, "colsample_bytree": 0.8532285236663584, "gamma": 2.1315812066010875, "lambda": 1.0644478284940847e-06, "alpha": 3.715062437944163e-05}