{"max_depth": 5, "learning_rate": 0.08841132448711235, "subsample": 0.7496501792696542, "colsample_bytree": 0.9266852205223048, "gamma": 1.907565848709258, "lambda": 1.4689404263943291e-08, "alpha": 1.241869348341751e-07}