{"max_depth": 8, "learning_rate": 0.2930050439797945, "subsample": 0.8133766508829352, "colsample_bytree": 0.8284864420999538, "gamma": 3.619909974698145, "lambda": 3.04219198538943e-07, "alpha": 0.04464819291422621}