{"max_depth": 5, "learning_rate": 0.011742829598443687, "subsample": 0.9861421216056219, "colsample_bytree": 0.5881401600944711, "gamma": 1.7275693981957212, "lambda": 5.4935638513789164e-06, "alpha": 1.9254914449845825e-06}