{"max_depth": 9, "learning_rate": 0.29545891763561827, "subsample": 0.6425166538764587, "colsample_bytree": 0.9422238355939155, "gamma": 4.470834271369128, "lambda": 1.4264268928209197e-06, "alpha": 0.048774618858567084}