{"max_depth": 5, "learning_rate": 0.10789427177361748, "subsample": 0.5137888399743833, "colsample_bytree": 0.8872111930638567, "gamma": 2.9628810152231444, "lambda": 0.027595587583450803, "alpha": 0.02477658523275864}