{"max_depth": 4, "learning_rate": 0.21948165701581324, "subsample": 0.6176708089176368, "colsample_bytree": 0.61596852743974, "gamma": 3.6765435004868467, "lambda": 0.00011667742301461277, "alpha": 4.681808736040314e-06}