{"max_depth": 7, "learning_rate": 0.12013322744804736, "subsample": 0.6379665426061254, "colsample_bytree": 0.5746331313754937, "gamma": 2.9938223031987627, "lambda": 0.22784127857482128, "alpha": 6.812852333606552e-07}