{"max_depth": 5, "learning_rate": 0.033981824403357806, "subsample": 0.6634571196688479, "colsample_bytree": 0.8619151678683004, "gamma": 4.625738766422574, "lambda": 2.225539954337707e-06, "alpha": 5.646037172579334e-08}