{"max_depth": 5, "learning_rate": 0.030451669961460315, "subsample": 0.6392057644871088, "colsample_bytree": 0.9375098742517853, "gamma": 3.808708620913179, "lambda": 8.819843696126614e-07, "alpha": 0.003924332544335191}