{"max_depth": 7, "learning_rate": 0.15447319767697118, "subsample": 0.9962304741133727, "colsample_bytree": 0.6241813200031736, "gamma": 4.8387569943028055, "lambda": 1.963779876240261e-08, "alpha": 6.292558800260128e-06}