{"max_depth": 5, "learning_rate": 0.15709272179826167, "subsample": 0.5661846276143523, "colsample_bytree": 0.9951210056899145, "gamma": 0.8417813188860429, "lambda": 1.63242374622454e-08, "alpha": 0.001878828812339475}