{"max_depth": 7, "learning_rate": 0.07423551789514346, "subsample": 0.6031615311372021, "colsample_bytree": 0.9925507064290546, "gamma": 1.0601299931928136, "lambda": 7.092011190039595e-05, "alpha": 0.008622973877093222}