{"max_depth": 7, "learning_rate": 0.1604374028732634, "subsample": 0.6977057654735255, "colsample_bytree": 0.9275360230366237, "gamma": 4.14439601049867, "lambda": 0.1148808358076133, "alpha": 0.013738660793616159}