{"max_depth": 7, "learning_rate": 0.1727888934494801, "subsample": 0.8767831688263447, "colsample_bytree": 0.6546596185985978, "gamma": 3.488768926387285, "lambda": 0.7690945141735475, "alpha": 0.01895289870743439}