{"max_depth": 8, "learning_rate": 0.29678535556219765, "subsample": 0.5459162332195993, "colsample_bytree": 0.6563546545505292, "gamma": 0.7442242329846105, "lambda": 0.02692803683443938, "alpha": 0.05585853245264465}