{"max_depth": 6, "learning_rate": 0.03684234871719895, "subsample": 0.9603993978112909, "colsample_bytree": 0.5404467451160402, "gamma": 4.747724092189886, "lambda": 2.5094743425942552e-05, "alpha": 0.0032608091790455483}