{"max_depth": 5, "learning_rate": 0.08464860393790728, "subsample": 0.9432158759910104, "colsample_bytree": 0.5695578714734715, "gamma": 3.2679675070583842, "lambda": 0.009445601748028118, "alpha": 0.5185921563665696}