{"max_depth": 3, "learning_rate": 0.23561268592991227, "subsample": 0.601356098192118, "colsample_bytree": 0.6668454886492476, "gamma": 4.951225807307697, "lambda": 0.01826673470066992, "alpha": 0.0009504020505889503}