{"max_depth": 10, "learning_rate": 0.045203561862436986, "subsample": 0.9582829671917057, "colsample_bytree": 0.9614870659049847, "gamma": 4.585155999676098, "lambda": 1.0125874864794945e-07, "alpha": 0.05785313602508585}