{"max_depth": 10, "learning_rate": 0.13886535820915985, "subsample": 0.8776644551989501, "colsample_bytree": 0.7251732599334297, "gamma": 4.738678473528655, "lambda": 0.00010246030846209185, "alpha": 0.4280210093581239}