{"max_depth": 5, "learning_rate": 0.12839824053225515, "subsample": 0.6390657391900981, "colsample_bytree": 0.912715981525148, "gamma": 2.485228902540893, "lambda": 0.0008151604268706993, "alpha": 1.0894637849259705e-08}