{"max_depth": 4, "learning_rate": 0.2237085267030952, "subsample": 0.8083723460192618, "colsample_bytree": 0.9779055956589545, "gamma": 4.197576914099919, "lambda": 3.0910158687514023e-05, "alpha": 0.024800725784050175}