{"max_depth": 9, "learning_rate": 0.20064619327575864, "subsample": 0.7858563108160715, "colsample_bytree": 0.8699971530292108, "gamma": 3.1323531812955787, "lambda": 8.475534644386178e-07, "alpha": 0.011230037600252658}