{"max_depth": 9, "learning_rate": 0.269480038715728, "subsample": 0.7358117587788362, "colsample_bytree": 0.7138991695303687, "gamma": 0.7638865783892412, "lambda": 1.9995365579783986e-05, "alpha": 6.464094865176506e-06}