{"max_depth": 6, "learning_rate": 0.2744339233987674, "subsample": 0.8925758176807616, "colsample_bytree": 0.7007568726124229, "gamma": 1.5015897434591947, "lambda": 1.62649461230123e-08, "alpha": 0.0004927926631521474}