{"max_depth": 10, "learning_rate": 0.2164505058651535, "subsample": 0.8643510178301669, "colsample_bytree": 0.9287948242418249, "gamma": 1.7514169425271453, "lambda": 7.589036961750805e-06, "alpha": 1.574091826104668e-07}