{"max_depth": 8, "learning_rate": 0.16585107150710382, "subsample": 0.5588796751289402, "colsample_bytree": 0.9905901294464199, "gamma": 2.768506439244213, "lambda": 0.00042066829022570877, "alpha": 0.006905640019918372}