{"max_depth": 7, "learning_rate": 0.04124811134060967, "subsample": 0.900230040498045, "colsample_bytree": 0.776195379030393, "gamma": 0.46420070649737744, "lambda": 0.8142405079138036, "alpha": 0.02385814722855767}