{"max_depth": 7, "learning_rate": 0.06089610643710687, "subsample": 0.6038620289148858, "colsample_bytree": 0.5290068261757033, "gamma": 4.9999837836902365, "lambda": 3.064126333339784e-05, "alpha": 8.368984311317164e-05}