{"max_depth": 3, "learning_rate": 0.2905413150616142, "subsample": 0.5771788642378366, "colsample_bytree": 0.8633854858063691, "gamma": 0.9688806819459345, "lambda": 0.0002285606812062218, "alpha": 0.4128066551505229}