{"max_depth": 6, "learning_rate": 0.20572545220840494, "subsample": 0.9670795031868917, "colsample_bytree": 0.9623683925135578, "gamma": 2.4845165194570784, "lambda": 0.007239050400380138, "alpha": 8.018344301436534e-08}