{"max_depth": 10, "learning_rate": 0.13878904053959698, "subsample": 0.9136679772843208, "colsample_bytree": 0.8751686828341826, "gamma": 1.7440496245449881, "lambda": 0.1833422457497239, "alpha": 6.639498724884106e-07}