{"max_depth": 9, "learning_rate": 0.12652886453813617, "subsample": 0.8181261729921446, "colsample_bytree": 0.6542602117425582, "gamma": 2.0923289798954143, "lambda": 2.892111930872056e-06, "alpha": 0.0023001295773618395}