{"max_depth": 6, "learning_rate": 0.29060938453708934, "subsample": 0.6860239166307118, "colsample_bytree": 0.6515385639035569, "gamma": 4.768742856232347, "lambda": 0.06808518394791735, "alpha": 0.010986547331149406}