{"max_depth": 7, "learning_rate": 0.20231183905983077, "subsample": 0.7167312888452539, "colsample_bytree": 0.6570239241555285, "gamma": 4.624174843257265, "lambda": 0.014828761959545595, "alpha": 7.611540428250809e-08}