{"max_depth": 9, "learning_rate": 0.2679702472584251, "subsample": 0.9044829523007256, "colsample_bytree": 0.7651481434008158, "gamma": 4.292920323042095, "lambda": 5.0799753996519375e-08, "alpha": 0.0002890102535702875}