{"max_depth": 5, "learning_rate": 0.27687359158254277, "subsample": 0.8903994152064764, "colsample_bytree": 0.6370897410905646, "gamma": 3.387994874003577, "lambda": 5.317815787690729e-07, "alpha": 4.5363213816499255e-08}