{"max_depth": 4, "learning_rate": 0.2182856499040308, "subsample": 0.7706918663224739, "colsample_bytree": 0.8749035638102471, "gamma": 1.2649475631441698, "lambda": 3.963080289083087e-07, "alpha": 4.7135316754151975e-07}