{"max_depth": 3, "learning_rate": 0.19712206962194265, "subsample": 0.5630949844163549, "colsample_bytree": 0.5764665951015964, "gamma": 1.0398290973976776, "lambda": 0.23337043173921623, "alpha": 0.004926462240340882}