{"max_depth": 4, "learning_rate": 0.05691545949628754, "subsample": 0.8355836312999956, "colsample_bytree": 0.6290922392169396, "gamma": 4.870903617784399, "lambda": 1.6554713491824836e-07, "alpha": 0.0018877692924494083}