{"max_depth": 8, "learning_rate": 0.1638807980851067, "subsample": 0.9796972258539925, "colsample_bytree": 0.8270465926103067, "gamma": 0.5597979642723572, "lambda": 0.0008177975327558212, "alpha": 2.3983071403028063e-07}