{"max_depth": 7, "learning_rate": 0.13100948740430132, "subsample": 0.5352282949649679, "colsample_bytree": 0.612143243550608, "gamma": 0.5492615738994899, "lambda": 0.0007776252980666145, "alpha": 3.8659854122628473e-07}