{"max_depth": 9, "learning_rate": 0.14951486378673748, "subsample": 0.9397758916051031, "colsample_bytree": 0.7721841030227266, "gamma": 3.875468012131572, "lambda": 1.4673840964543074e-06, "alpha": 0.00042871511075600954}