{"max_depth": 10, "learning_rate": 0.1992645975192742, "subsample": 0.6166263159518154, "colsample_bytree": 0.753519023861162, "gamma": 1.289842760805584, "lambda": 0.43032403140818387, "alpha": 5.954459226723149e-05}