{"max_depth": 3, "learning_rate": 0.1730115502091194, "subsample": 0.9342533749105403, "colsample_bytree": 0.6609977909174327, "gamma": 4.868372274968771, "lambda": 0.4451677708086714, "alpha": 0.0015390495950341045}