{"max_depth": 3, "learning_rate": 0.09759920082580371, "subsample": 0.5831699153645933, "colsample_bytree": 0.8975868062245772, "gamma": 2.139371391864589, "lambda": 0.3137137649608248, "alpha": 5.60520741297436e-06}