{"max_depth": 8, "learning_rate": 0.11790566854711325, "subsample": 0.6609563602338968, "colsample_bytree": 0.8627990461370183, "gamma": 0.10238602204178493, "lambda": 0.20398555048413858, "alpha": 3.2595878975737016e-07}