{"max_depth": 4, "learning_rate": 0.19037816109064512, "subsample": 0.9137163945241625, "colsample_bytree": 0.5359454572602529, "gamma": 0.3680012991863013, "lambda": 2.0950062349300483e-07, "alpha": 0.5893319697133262}