{"max_depth": 3, "learning_rate": 0.23692057108433665, "subsample": 0.8850879405058456, "colsample_bytree": 0.9068550158707273, "gamma": 1.686217156903695, "lambda": 0.07247741334412537, "alpha": 0.005020844655237105}