{"max_depth": 5, "learning_rate": 0.2523177647856879, "subsample": 0.6702194570554072, "colsample_bytree": 0.6680002593010084, "gamma": 2.827687905864011, "lambda": 1.9449233311124572e-07, "alpha": 0.47966788864386645}