{"max_depth": 9, "learning_rate": 0.1356155124581985, "subsample": 0.7565686705592716, "colsample_bytree": 0.7190149273721247, "gamma": 3.0847283669927794, "lambda": 3.515571882419001e-08, "alpha": 4.82604084187073e-05}