{"max_depth": 8, "learning_rate": 0.18589647526738198, "subsample": 0.674530988355307, "colsample_bytree": 0.8885646153666563, "gamma": 3.1559436027079917, "lambda": 1.8956838098774137e-05, "alpha": 0.0007899526814888285}