{"max_depth": 6, "learning_rate": 0.04825019691345108, "subsample": 0.8888284082861084, "colsample_bytree": 0.9068761230071036, "gamma": 0.5768690520226627, "lambda": 1.226724741296773e-06, "alpha": 8.054985951706573e-05}