{"max_depth": 8, "learning_rate": 0.031133362285194345, "subsample": 0.5829311971485207, "colsample_bytree": 0.7196266016631299, "gamma": 3.304763158013116, "lambda": 0.15854008855604615, "alpha": 1.9761104645858027e-08}