{"max_depth": 9, "learning_rate": 0.13170443763735362, "subsample": 0.5623763718415802, "colsample_bytree": 0.8002910154764755, "gamma": 0.01715978734994461, "lambda": 0.7054980214679872, "alpha": 0.017681246864932495}