{"max_depth": 4, "learning_rate": 0.1774267161456021, "subsample": 0.6808653677073029, "colsample_bytree": 0.6817525318705733, "gamma": 3.992536492684489, "lambda": 0.0038021300366243567, "alpha": 0.01067229282356429}