{"max_depth": 8, "learning_rate": 0.15589293479950617, "subsample": 0.8452929224966013, "colsample_bytree": 0.7925578722975977, "gamma": 1.8383534761873277, "lambda": 1.9685301813608046e-07, "alpha": 0.04282456027223415}