{"max_depth": 7, "learning_rate": 0.12896656006982407, "subsample": 0.7052687298075593, "colsample_bytree": 0.958082122221144, "gamma": 0.5951478114605152, "lambda": 2.516346308272204e-05, "alpha": 1.2173332376679259e-06}