{"max_depth": 10, "learning_rate": 0.2238092352112252, "subsample": 0.8332285435599085, "colsample_bytree": 0.6005299922042642, "gamma": 4.483324629918445, "lambda": 0.00023883475649442778, "alpha": 0.143480868604864}