{"max_depth": 8, "learning_rate": 0.1724343356634956, "subsample": 0.9930315727538086, "colsample_bytree": 0.6580630484815907, "gamma": 4.764989283789395, "lambda": 6.801021269879814e-06, "alpha": 0.016251732063667722}