{"max_depth": 10, "learning_rate": 0.1750630441270622, "subsample": 0.9523345404093426, "colsample_bytree": 0.7754611954756881, "gamma": 1.0530831330864436, "lambda": 0.03632537373916417, "alpha": 0.025969852140492432}