{"max_depth": 3, "learning_rate": 0.15398542992669964, "subsample": 0.5162263877860276, "colsample_bytree": 0.6979928634116397, "gamma": 3.197992962850635, "lambda": 0.004005034693272731, "alpha": 0.00014538661592569403}