{"max_depth": 9, "learning_rate": 0.06576150897158492, "subsample": 0.6426087548517458, "colsample_bytree": 0.7195503254625886, "gamma": 4.884258609673217, "lambda": 0.40825021820273116, "alpha": 4.04404329443988e-08}