{"max_depth": 9, "learning_rate": 0.2438348216042415, "subsample": 0.5401039044216611, "colsample_bytree": 0.7422419397829717, "gamma": 0.4393814922885436, "lambda": 4.402861969536818e-07, "alpha": 0.012297989466838464}