{"max_depth": 5, "learning_rate": 0.16345266711207276, "subsample": 0.5346817830311217, "colsample_bytree": 0.5398496689582717, "gamma": 2.4856630661197987, "lambda": 4.504579198382329e-06, "alpha": 0.052916819217356116}