{"max_depth": 10, "learning_rate": 0.17949775402494283, "subsample": 0.6581397657526382, "colsample_bytree": 0.7704297884054732, "gamma": 1.7777584864320621, "lambda": 8.079979988963601e-08, "alpha": 0.34952213160904194}