{"max_depth": 3, "learning_rate": 0.06010179854299049, "subsample": 0.8270256543801886, "colsample_bytree": 0.7887383668840859, "gamma": 1.3181540628210286, "lambda": 0.0020035131580961683, "alpha": 1.5067720283074612e-08}