{"max_depth": 9, "learning_rate": 0.24216684187942072, "subsample": 0.5983386291579955, "colsample_bytree": 0.9952907034139938, "gamma": 2.0222083638205053, "lambda": 1.1714241394616925e-05, "alpha": 0.00634398302271657}