{"max_depth": 4, "learning_rate": 0.058591066066435965, "subsample": 0.6802835856511431, "colsample_bytree": 0.966212575706052, "gamma": 1.6353211556575058, "lambda": 0.0140231240196003, "alpha": 2.8865226647049964e-06}