{"max_depth": 7, "learning_rate": 0.23877874699811721, "subsample": 0.9494592914079529, "colsample_bytree": 0.8025042724291116, "gamma": 4.879320709436952, "lambda": 0.001278192273932705, "alpha": 2.171495990773914e-05}