{"max_depth": 4, "learning_rate": 0.18125276361232645, "subsample": 0.8445063223244883, "colsample_bytree": 0.7668546064826178, "gamma": 0.6872235558644574, "lambda": 3.490133725974503e-05, "alpha": 0.0030297930958603134}