{"max_depth": 8, "learning_rate": 0.294071941683864, "subsample": 0.6048531024077455, "colsample_bytree": 0.5280485994259008, "gamma": 2.0164879217825487, "lambda": 7.249496950421199e-06, "alpha": 2.2470353102003654e-05}