{"max_depth": 5, "learning_rate": 0.13683439126010372, "subsample": 0.6678110514999385, "colsample_bytree": 0.9402754034797468, "gamma": 3.640403687638188, "lambda": 0.48866916523551557, "alpha": 5.0052025582439685e-06}