{"max_depth": 5, "learning_rate": 0.01349725410994111, "subsample": 0.6363162386356991, "colsample_bytree": 0.5079652500682916, "gamma": 0.55368576970664, "lambda": 0.026814372975324376, "alpha": 0.1424333734995717}