{"max_depth": 3, "learning_rate": 0.20444744318603855, "subsample": 0.785603103082473, "colsample_bytree": 0.8013182675725848, "gamma": 1.1408330998986553, "lambda": 0.00010653881007334116, "alpha": 0.00012201551816454799}