{"max_depth": 10, "learning_rate": 0.016196886423348517, "subsample": 0.7999207158557957, "colsample_bytree": 0.8040307963937796, "gamma": 4.858005475734182, "lambda": 0.00010553297167397889, "alpha": 0.010805983865889178}