{"max_depth": 3, "learning_rate": 0.10452499489788113, "subsample": 0.6742348247781706, "colsample_bytree": 0.9378202328626236, "gamma": 2.308293265742351, "lambda": 0.870169208191728, "alpha": 0.008679676619291017}