{"max_depth": 10, "learning_rate": 0.1475973282522125, "subsample": 0.76677531488148, "colsample_bytree": 0.9776339788798765, "gamma": 0.017528346008947038, "lambda": 0.14517327008588085, "alpha": 3.2816420627194448e-06}