{"max_depth": 10, "learning_rate": 0.04098414496946349, "subsample": 0.746652478437653, "colsample_bytree": 0.7429643097654287, "gamma": 1.9137263599536702, "lambda": 0.06848298458960143, "alpha": 4.228391322765658e-05}