{"max_depth": 8, "learning_rate": 0.29682936404600513, "subsample": 0.7988743655602151, "colsample_bytree": 0.8775878831080544, "gamma": 4.764349160486335, "lambda": 3.584395617821754e-08, "alpha": 2.801684220309128e-08}