{"max_depth": 8, "learning_rate": 0.17654030240688476, "subsample": 0.7136035027632872, "colsample_bytree": 0.66622214944718, "gamma": 0.8604835896672952, "lambda": 1.7324084847439657e-07, "alpha": 0.054896190710997134}