{"max_depth": 7, "learning_rate": 0.13705442143497712, "subsample": 0.8936457955104535, "colsample_bytree": 0.8868515291613781, "gamma": 0.1404542035679046, "lambda": 0.0028347063791960897, "alpha": 1.4230440648199573e-07}