{"max_depth": 10, "learning_rate": 0.1750330632219243, "subsample": 0.5205171482158659, "colsample_bytree": 0.914848878599831, "gamma": 4.5949067690414065, "lambda": 0.0002465414726544702, "alpha": 4.481283121577992e-06}