{"max_depth": 9, "learning_rate": 0.14874289667306403, "subsample": 0.5763383949793233, "colsample_bytree": 0.8216888017255259, "gamma": 1.9784678800749633, "lambda": 0.00388166662064191, "alpha": 0.00013466169517768655}