{"max_depth": 7, "learning_rate": 0.19073321628899234, "subsample": 0.9670997668847761, "colsample_bytree": 0.773318176769991, "gamma": 4.367829745647665, "lambda": 0.0016434955611635692, "alpha": 2.0605411397157102e-07}