{"max_depth": 3, "learning_rate": 0.2761294495475779, "subsample": 0.740033019419465, "colsample_bytree": 0.8691044748290702, "gamma": 3.201186749884741, "lambda": 0.00026537001142191193, "alpha": 1.1122947846911869e-05}