{"max_depth": 7, "learning_rate": 0.15620538743519277, "subsample": 0.8870270783266607, "colsample_bytree": 0.5807121306195668, "gamma": 4.626580203268883, "lambda": 1.715266296835898e-06, "alpha": 0.0023624107065397127}