{"max_depth": 3, "learning_rate": 0.2235409116825497, "subsample": 0.8673755133615588, "colsample_bytree": 0.5635655128986629, "gamma": 3.979704808707027, "lambda": 0.001030556249758141, "alpha": 1.8055803887019838e-06}