{"max_depth": 9, "learning_rate": 0.12412993028417466, "subsample": 0.8937601228481595, "colsample_bytree": 0.8152469041085015, "gamma": 0.3306283471502586, "lambda": 0.034436960366638306, "alpha": 0.6074743486325427}