{"max_depth": 4, "learning_rate": 0.023219758347691462, "subsample": 0.7672960658442598, "colsample_bytree": 0.5648259398561248, "gamma": 0.8847711287385657, "lambda": 0.0015491542052675372, "alpha": 0.15466351397910344}