{"max_depth": 10, "learning_rate": 0.087824134653744, "subsample": 0.9321767524879363, "colsample_bytree": 0.6461685480173538, "gamma": 4.029006663802826, "lambda": 3.422952686280405e-07, "alpha": 0.13111399890058045}