{"max_depth": 8, "learning_rate": 0.13398959351545414, "subsample": 0.8676689223913537, "colsample_bytree": 0.6558484871842853, "gamma": 2.051011225595594, "lambda": 1.2601203262609605e-08, "alpha": 0.000134981182542846}