{"max_depth": 8, "learning_rate": 0.29853419812963805, "subsample": 0.9040062385011394, "colsample_bytree": 0.9356065362309931, "gamma": 0.15905469115874316, "lambda": 0.008107147931714695, "alpha": 1.8334255119061954e-07}