{"max_depth": 7, "learning_rate": 0.06555589422653024, "subsample": 0.6757856000942604, "colsample_bytree": 0.8097728626876375, "gamma": 0.6201346415722647, "lambda": 0.01955709492327627, "alpha": 2.446496241543393e-07}