{"max_depth": 8, "learning_rate": 0.28046842440966235, "subsample": 0.6818989922400949, "colsample_bytree": 0.8982091233300447, "gamma": 3.5800146839867795, "lambda": 1.6153161976102733e-08, "alpha": 0.6529692741287189}