{"max_depth": 4, "learning_rate": 0.018291769367082635, "subsample": 0.7396182275756975, "colsample_bytree": 0.8342721511786204, "gamma": 4.328152386208156, "lambda": 1.028195205646078e-08, "alpha": 0.19077311161996618}