{"max_depth": 6, "learning_rate": 0.06873733171318701, "subsample": 0.632303060077448, "colsample_bytree": 0.9222738080032912, "gamma": 2.0619093906870516, "lambda": 0.011592641232603246, "alpha": 6.439756563876745e-07}