{"max_depth": 10, "learning_rate": 0.11797135440454505, "subsample": 0.6066944421043909, "colsample_bytree": 0.7544386044566075, "gamma": 4.377354488227243, "lambda": 0.20769099096787003, "alpha": 9.554561646718354e-06}