{"max_depth": 6, "learning_rate": 0.13165295886485984, "subsample": 0.9501592805432368, "colsample_bytree": 0.531230974881598, "gamma": 0.3139102217376849, "lambda": 0.010099514617828723, "alpha": 0.05070426284247785}