{"max_depth": 9, "learning_rate": 0.1385555143841041, "subsample": 0.9072106127972099, "colsample_bytree": 0.5445512724710972, "gamma": 0.020174199423223516, "lambda": 0.1602103909367786, "alpha": 0.22937475767061233}