{"max_depth": 8, "learning_rate": 0.19212139767678352, "subsample": 0.8192924305521634, "colsample_bytree": 0.5368810403116628, "gamma": 3.5076549582090437, "lambda": 1.4789743135298922e-07, "alpha": 9.535066600834486e-07}