{"max_depth": 5, "learning_rate": 0.06969360418264113, "subsample": 0.9697264403447853, "colsample_bytree": 0.9296673185815623, "gamma": 2.3505931279823726, "lambda": 0.19661076576176775, "alpha": 0.016158706475700377}