{"max_depth": 8, "learning_rate": 0.21666738236287372, "subsample": 0.8437643789109228, "colsample_bytree": 0.9392999580897207, "gamma": 4.1943217843089835, "lambda": 3.002275051011531e-07, "alpha": 0.42865076628186416}