{"max_depth": 4, "learning_rate": 0.17105127170539253, "subsample": 0.5547070492602564, "colsample_bytree": 0.5992847236696033, "gamma": 0.5106318688158273, "lambda": 2.9324316975011434e-06, "alpha": 6.126131083959368e-06}