{"max_depth": 10, "learning_rate": 0.02716964065447461, "subsample": 0.5042206314183154, "colsample_bytree": 0.506490581314846, "gamma": 2.1676424167771593, "lambda": 0.3587966394588108, "alpha": 9.140915190857154e-06}