{"max_depth": 7, "learning_rate": 0.0429919061874769, "subsample": 0.9589002963486948, "colsample_bytree": 0.9314683647898621, "gamma": 0.15285202182130975, "lambda": 8.757691847821685e-06, "alpha": 0.01635635945467249}