{"max_depth": 3, "learning_rate": 0.263981719254433, "subsample": 0.8261625413136983, "colsample_bytree": 0.990687450438867, "gamma": 3.660286507518003, "lambda": 2.0552604097240653e-06, "alpha": 0.32018075868243545}