{"max_depth": 8, "learning_rate": 0.25900032103312326, "subsample": 0.6551617050569138, "colsample_bytree": 0.616945710900159, "gamma": 2.8520323669900383, "lambda": 2.0870647337622235e-07, "alpha": 9.634685713228369e-05}