{"max_depth": 4, "learning_rate": 0.014294714332022018, "subsample": 0.929017002356737, "colsample_bytree": 0.7443377691033946, "gamma": 2.765982497364909, "lambda": 3.784065751475081e-06, "alpha": 0.001602143189251297}