{"max_depth": 9, "learning_rate": 0.12987390122987946, "subsample": 0.9933572669877337, "colsample_bytree": 0.5400620412354189, "gamma": 4.9417454307812685, "lambda": 1.0392016264913849e-08, "alpha": 0.001332152473016271}