{"max_depth": 3, "learning_rate": 0.2622374727272108, "subsample": 0.9792632633296452, "colsample_bytree": 0.6195598982643438, "gamma": 4.245151816450617, "lambda": 0.0012562481444634021, "alpha": 0.040057985304610966}