{"max_depth": 9, "learning_rate": 0.25158313985084746, "subsample": 0.7844315155060582, "colsample_bytree": 0.7189872124447738, "gamma": 3.3930787985177826, "lambda": 0.4289934167994227, "alpha": 0.017322687025632742}