{"max_depth": 4, "learning_rate": 0.2110705920990652, "subsample": 0.7422229095241667, "colsample_bytree": 0.9071913619270557, "gamma": 3.5335963498506606, "lambda": 1.3926102371960877e-06, "alpha": 0.0006514341001526114}