{"max_depth": 9, "learning_rate": 0.09996056651905981, "subsample": 0.9415428720329158, "colsample_bytree": 0.8911626385021608, "gamma": 2.1987577292855724, "lambda": 0.004033674157585338, "alpha": 3.644538843635854e-05}