{"max_depth": 4, "learning_rate": 0.13210776653706266, "subsample": 0.881507805633633, "colsample_bytree": 0.9132437081093647, "gamma": 2.2073849246150665, "lambda": 1.0182847632424798e-07, "alpha": 0.0086006544750653}