{"max_depth": 6, "learning_rate": 0.17421685674011309, "subsample": 0.9747613204451998, "colsample_bytree": 0.8029821591511493, "gamma": 0.002310809978294248, "lambda": 2.3997615134825097e-06, "alpha": 4.229663980067734e-06}