{"max_depth": 5, "learning_rate": 0.024742020064539346, "subsample": 0.7821727344053127, "colsample_bytree": 0.6101426398759553, "gamma": 2.1311490085842664, "lambda": 0.0002810492096650246, "alpha": 7.374271286953251e-08}