{"max_depth": 4, "learning_rate": 0.15674175051721875, "subsample": 0.7247287272509946, "colsample_bytree": 0.6189191030585746, "gamma": 2.922865675746819, "lambda": 0.012475606410998001, "alpha": 0.33604941769070357}