{"max_depth": 3, "learning_rate": 0.042512511692314264, "subsample": 0.6392445941829664, "colsample_bytree": 0.9930490251960908, "gamma": 0.23046238643090522, "lambda": 3.420044358969314e-06, "alpha": 1.332051626079034e-07}