{"max_depth": 5, "learning_rate": 0.05231302048133387, "subsample": 0.6829221096789271, "colsample_bytree": 0.8294542960870732, "gamma": 2.9804669091593956, "lambda": 0.2796226153316624, "alpha": 0.0009104456681092965}