{"max_depth": 10, "learning_rate": 0.060444871869983034, "subsample": 0.8778281864229578, "colsample_bytree": 0.5909040443972855, "gamma": 2.4672249127638413, "lambda": 1.196044506815827e-06, "alpha": 0.07024836689287221}