{"max_depth": 9, "learning_rate": 0.27531078160038797, "subsample": 0.7554964376089939, "colsample_bytree": 0.7932511586677751, "gamma": 0.7237592237318569, "lambda": 0.40410753605047894, "alpha": 4.853643488980756e-08}