{"max_depth": 6, "learning_rate": 0.24442104414376503, "subsample": 0.8003168070835429, "colsample_bytree": 0.6712998278153532, "gamma": 2.4148295156595205, "lambda": 5.881853868143724e-08, "alpha": 2.5916281570343244e-05}