{"max_depth": 8, "learning_rate": 0.17185708489080959, "subsample": 0.9408391568055365, "colsample_bytree": 0.8799508936430177, "gamma": 2.324018679700672, "lambda": 2.043123328952288e-08, "alpha": 8.44136466590603e-06}