{"max_depth": 7, "learning_rate": 0.20623664691187985, "subsample": 0.7053223864528817, "colsample_bytree": 0.962230498274407, "gamma": 4.2706544234016945, "lambda": 0.06984594100749769, "alpha": 6.816259041851997e-08}