{"max_depth": 6, "learning_rate": 0.11847808462676172, "subsample": 0.5605577596725388, "colsample_bytree": 0.914873102853123, "gamma": 0.5731448749490536, "lambda": 6.47554210745782e-08, "alpha": 0.00033319437499364663}