{"max_depth": 5, "learning_rate": 0.24279917711763532, "subsample": 0.6849475288912257, "colsample_bytree": 0.9245451573163359, "gamma": 1.0001627761420013, "lambda": 2.4986052746488895e-08, "alpha": 8.755495742663532e-08}