{"max_depth": 8, "learning_rate": 0.25921973370167384, "subsample": 0.6798097650677943, "colsample_bytree": 0.9368095475320594, "gamma": 0.6975410592217202, "lambda": 2.3307734725224204e-08, "alpha": 0.0002558404567556819}