{"max_depth": 3, "learning_rate": 0.259301410652298, "subsample": 0.9000608175529476, "colsample_bytree": 0.9178137855456283, "gamma": 1.6738675757691035, "lambda": 0.00913805262402044, "alpha": 2.496040371980139e-05}