{"max_depth": 4, "learning_rate": 0.21967404472060678, "subsample": 0.5044164346009761, "colsample_bytree": 0.5401309038578086, "gamma": 3.317170961542156, "lambda": 1.0266216269656251e-05, "alpha": 5.487253719550997e-07}