{"max_depth": 6, "learning_rate": 0.28726603576106163, "subsample": 0.7193264929258399, "colsample_bytree": 0.8819717969149922, "gamma": 1.1504111550552314, "lambda": 0.07819201132598276, "alpha": 1.229328829665314e-07}