{"max_depth": 8, "learning_rate": 0.07475752825685296, "subsample": 0.7338227513065769, "colsample_bytree": 0.8461956552534866, "gamma": 2.9549278817781905, "lambda": 3.088233857897849e-05, "alpha": 9.306523385324931e-07}