{"max_depth": 3, "learning_rate": 0.20407981155614122, "subsample": 0.9102523773168241, "colsample_bytree": 0.9291902243002145, "gamma": 2.624674583399366, "lambda": 0.00010673793280904572, "alpha": 0.011576593972300788}