{"max_depth": 5, "learning_rate": 0.22253185049374455, "subsample": 0.6122908752904622, "colsample_bytree": 0.7865229143962433, "gamma": 3.9299903906672196, "lambda": 1.2041392589320297e-07, "alpha": 4.292997806202107e-06}