{"max_depth": 8, "learning_rate": 0.19246352607182224, "subsample": 0.501595962070151, "colsample_bytree": 0.7636363039756588, "gamma": 0.9881511508613833, "lambda": 0.14331718962418824, "alpha": 3.7842935310072754e-05}