{"max_depth": 10, "learning_rate": 0.1722779497266291, "subsample": 0.711800963497828, "colsample_bytree": 0.7917946184763622, "gamma": 0.23855374488037817, "lambda": 0.0006752208064731551, "alpha": 2.8747751215516677e-05}