{"max_depth": 3, "learning_rate": 0.020309886102216207, "subsample": 0.8210981946266656, "colsample_bytree": 0.6706760485606538, "gamma": 3.1460018011701667, "lambda": 0.28963122120215273, "alpha": 0.9720240345416077}