{"max_depth": 8, "learning_rate": 0.2876424140967372, "subsample": 0.7932724557298128, "colsample_bytree": 0.8680652363029564, "gamma": 4.48783171840322, "lambda": 0.3989055750402191, "alpha": 1.4606185819030797e-08}