{"max_depth": 10, "learning_rate": 0.06368655872953477, "subsample": 0.9272855532359636, "colsample_bytree": 0.5032655665468264, "gamma": 2.1178460526088934, "lambda": 3.244607195233214e-08, "alpha": 0.0966697656081578}