{"max_depth": 4, "learning_rate": 0.03867176999333703, "subsample": 0.8956840478799792, "colsample_bytree": 0.7773104365868116, "gamma": 0.49684899294105356, "lambda": 4.092216786525303e-06, "alpha": 0.045889169410490246}