{"max_depth": 6, "learning_rate": 0.16491778333440116, "subsample": 0.9963057036588545, "colsample_bytree": 0.5985204336507841, "gamma": 0.15799287960064023, "lambda": 0.1449279033421116, "alpha": 3.845129662402897e-06}