{"max_depth": 8, "learning_rate": 0.23580659428213263, "subsample": 0.8479310722507423, "colsample_bytree": 0.5439126670668273, "gamma": 3.041926427731505, "lambda": 0.9347043563150933, "alpha": 6.295476488902004e-07}