{"max_depth": 6, "learning_rate": 0.053531118715036595, "subsample": 0.7809840042168191, "colsample_bytree": 0.9784223257009637, "gamma": 0.7305426752577049, "lambda": 0.001176847243409236, "alpha": 1.732521193925484e-08}