{"max_depth": 6, "learning_rate": 0.25761105245284416, "subsample": 0.9435817938621133, "colsample_bytree": 0.8947520706303578, "gamma": 1.4510804246424336, "lambda": 0.0005779237804659293, "alpha": 3.1616293982155024e-07}