{"max_depth": 10, "learning_rate": 0.07243196930603703, "subsample": 0.9594574122603101, "colsample_bytree": 0.9435323901960044, "gamma": 0.5411116834741375, "lambda": 1.495175228223585e-05, "alpha": 5.236962050952099e-06}