{"max_depth": 4, "learning_rate": 0.1078884025475716, "subsample": 0.6607426116485462, "colsample_bytree": 0.6338548095635684, "gamma": 0.7546903234067703, "lambda": 1.0562938334071627e-06, "alpha": 4.227727825113523e-07}