{"max_depth": 6, "learning_rate": 0.14323574228879038, "subsample": 0.871132837410688, "colsample_bytree": 0.6349083401319469, "gamma": 2.6146148789843253, "lambda": 0.00026038220102686825, "alpha": 1.0685245423367142e-08}