{"max_depth": 10, "learning_rate": 0.11168521735046563, "subsample": 0.9008334428538409, "colsample_bytree": 0.6010997978692186, "gamma": 1.6439503304057186, "lambda": 2.3267298117448333e-05, "alpha": 0.004875119730536324}