{"max_depth": 10, "learning_rate": 0.12705765783871825, "subsample": 0.9343246000120686, "colsample_bytree": 0.9433031219413697, "gamma": 1.4094113701787925, "lambda": 1.6802750554813527e-08, "alpha": 1.4132656172534645e-07}