{"max_depth": 4, "learning_rate": 0.043074373752074915, "subsample": 0.5114843429463714, "colsample_bytree": 0.6543319675971427, "gamma": 1.2008404772895365, "lambda": 1.3970126605942486e-08, "alpha": 5.306446864838902e-05}