{"max_depth": 5, "learning_rate": 0.010456616236937341, "subsample": 0.6409203278318464, "colsample_bytree": 0.7758357381372545, "gamma": 1.5154135898937982, "lambda": 6.094488806563183e-05, "alpha": 0.0072586259824697}