{"max_depth": 9, "learning_rate": 0.2213052660454907, "subsample": 0.606657086517612, "colsample_bytree": 0.8738668477909339, "gamma": 4.849357045002383, "lambda": 0.00013590211719592175, "alpha": 0.0001804594067525363}