{"max_depth": 5, "learning_rate": 0.03575152384739315, "subsample": 0.931713466716569, "colsample_bytree": 0.7102657773097315, "gamma": 2.5781199279559197, "lambda": 0.00036586699778832566, "alpha": 1.221741658855454e-06}