{"max_depth": 6, "learning_rate": 0.2565194662031803, "subsample": 0.5058683273947346, "colsample_bytree": 0.8860979407240643, "gamma": 3.679895917733686, "lambda": 0.25441478473889384, "alpha": 2.668865456534339e-08}