{"max_depth": 4, "learning_rate": 0.032892263231515145, "subsample": 0.5955675402990424, "colsample_bytree": 0.9150871417161508, "gamma": 4.231373084176299, "lambda": 0.034231804153632354, "alpha": 0.5407719129023457}