{"max_depth": 4, "learning_rate": 0.15737140394859842, "subsample": 0.8680878400336753, "colsample_bytree": 0.9057497996882687, "gamma": 1.0801086333330512, "lambda": 8.108714099549678e-05, "alpha": 0.0006362632683299367}