{"max_depth": 8, "learning_rate": 0.028804582364506254, "subsample": 0.5366117724650958, "colsample_bytree": 0.8400180344810251, "gamma": 1.9350286517231967, "lambda": 0.0010953396304317282, "alpha": 2.5702486709856432e-06}