{"max_depth": 4, "learning_rate": 0.06226270974693364, "subsample": 0.7540726043091716, "colsample_bytree": 0.8884635008444184, "gamma": 1.2406123435942544, "lambda": 5.840528434873191e-06, "alpha": 0.0028935223183874036}