{"max_depth": 8, "learning_rate": 0.20299794445560088, "subsample": 0.5819569294968828, "colsample_bytree": 0.5693522473165041, "gamma": 1.5465609878423487, "lambda": 0.0030173020131853494, "alpha": 6.902304689608017e-05}