{"max_depth": 9, "learning_rate": 0.04218026066294237, "subsample": 0.6098276894901244, "colsample_bytree": 0.8821677776539512, "gamma": 3.923637603611438, "lambda": 0.008346061070972561, "alpha": 0.001164659461927507}