{"max_depth": 7, "learning_rate": 0.2860042355143654, "subsample": 0.6517653923655375, "colsample_bytree": 0.9382277384621671, "gamma": 1.640713261510112, "lambda": 0.08600756131277482, "alpha": 3.155054856763829e-05}