{"max_depth": 7, "learning_rate": 0.1771243769634662, "subsample": 0.7162251888194913, "colsample_bytree": 0.6186991808990527, "gamma": 4.8517449212150305, "lambda": 0.008624547398753579, "alpha": 5.107705952816323e-08}