{"max_depth": 6, "learning_rate": 0.020902676392839235, "subsample": 0.5397396588446381, "colsample_bytree": 0.6605278368745411, "gamma": 2.248495203676155, "lambda": 0.002967274215212875, "alpha": 0.017633233354582344}