{"max_depth": 6, "learning_rate": 0.023308461258164836, "subsample": 0.8614166770773805, "colsample_bytree": 0.8636843419629616, "gamma": 1.2244684217536683, "lambda": 1.3108616602237542e-06, "alpha": 0.00010923901204250504}