{"max_depth": 7, "learning_rate": 0.10734059469520603, "subsample": 0.8217516489642214, "colsample_bytree": 0.7281074257936366, "gamma": 0.9290040936629967, "lambda": 0.06214444593816468, "alpha": 2.1451978398634304e-08}