{"max_depth": 9, "learning_rate": 0.03720283773597659, "subsample": 0.9027563041731981, "colsample_bytree": 0.6489182648527855, "gamma": 3.8490812102305556, "lambda": 1.2959960145479334e-05, "alpha": 0.004043650244094409}