{"max_depth": 6, "learning_rate": 0.019427918417166713, "subsample": 0.9187724981847549, "colsample_bytree": 0.9677973272909646, "gamma": 4.175227884456164, "lambda": 0.13259102753293356, "alpha": 8.280109778906007e-07}