{"max_depth": 5, "learning_rate": 0.15766628864976978, "subsample": 0.6464884862570668, "colsample_bytree": 0.8849252030291033, "gamma": 4.973986015184677, "lambda": 2.583968139610709e-08, "alpha": 0.7843307014315237}