{"max_depth": 3, "learning_rate": 0.05356883568813025, "subsample": 0.9934369654404733, "colsample_bytree": 0.8225993008124781, "gamma": 0.5343909966210492, "lambda": 3.718124883380884e-06, "alpha": 0.002228208161355253}