{"max_depth": 5, "learning_rate": 0.03986577445444728, "subsample": 0.7827500618923934, "colsample_bytree": 0.856210945660326, "gamma": 2.497466970606622, "lambda": 5.838884584028924e-08, "alpha": 3.899082510257436e-05}