{"max_depth": 3, "learning_rate": 0.07510271915690007, "subsample": 0.5500727705660557, "colsample_bytree": 0.8504114480062335, "gamma": 4.016040311234088, "lambda": 0.00016254435455478474, "alpha": 3.9922493643125503e-07}