{"max_depth": 8, "learning_rate": 0.24048887940400343, "subsample": 0.8296483492881017, "colsample_bytree": 0.7993045000993296, "gamma": 4.611655604320493, "lambda": 1.3576367873600177e-05, "alpha": 0.006239910894546442}