{"max_depth": 4, "learning_rate": 0.21898343295541908, "subsample": 0.6183488003906714, "colsample_bytree": 0.8718469011623651, "gamma": 4.634730762360962, "lambda": 0.7994155151382155, "alpha": 1.0414846667113706e-05}