{"max_depth": 5, "learning_rate": 0.216475079141334, "subsample": 0.8898561468758479, "colsample_bytree": 0.8359822275091533, "gamma": 2.835727705427134, "lambda": 2.969944192853207e-07, "alpha": 3.7630068831811464e-06}