{"max_depth": 7, "learning_rate": 0.27125592667384596, "subsample": 0.7032454586664401, "colsample_bytree": 0.7332811431534991, "gamma": 3.575784780738393, "lambda": 0.00013308823842747162, "alpha": 0.0002194082800530082}