{"max_depth": 4, "learning_rate": 0.14179218260604295, "subsample": 0.9326942614349814, "colsample_bytree": 0.8662543021670037, "gamma": 1.917293366121327, "lambda": 0.12924362637571146, "alpha": 3.670348816078482e-06}