{"max_depth": 10, "learning_rate": 0.0688064978099054, "subsample": 0.7195689816185853, "colsample_bytree": 0.8310952017371487, "gamma": 2.4876792239856838, "lambda": 0.006733996566390737, "alpha": 6.377661937183458e-05}