{"max_depth": 9, "learning_rate": 0.05498821789832103, "subsample": 0.6223201348546367, "colsample_bytree": 0.9319752666643629, "gamma": 0.09606841650368292, "lambda": 0.06830281632174105, "alpha": 7.038031865721518e-06}