{"max_depth": 5, "learning_rate": 0.01144796342282902, "subsample": 0.623513452711633, "colsample_bytree": 0.694570962018463, "gamma": 2.7410394381151324, "lambda": 1.1479942438569138e-06, "alpha": 0.02485106134360364}