{"max_depth": 8, "learning_rate": 0.23437027817451525, "subsample": 0.8408334370230715, "colsample_bytree": 0.534962118357172, "gamma": 0.3846922179031653, "lambda": 0.03079023676949902, "alpha": 4.437055032615658e-08}