{"max_depth": 9, "learning_rate": 0.25520894472646344, "subsample": 0.9827683319327776, "colsample_bytree": 0.9701429645741777, "gamma": 0.15541627331173535, "lambda": 3.211844936984542e-05, "alpha": 1.4718409187113253e-07}