{"max_depth": 6, "learning_rate": 0.2696202042835467, "subsample": 0.8864372240963243, "colsample_bytree": 0.5087642136672433, "gamma": 4.110024030158291, "lambda": 0.000301912803288503, "alpha": 4.898975149466448e-05}