{"max_depth": 8, "learning_rate": 0.2115652187119261, "subsample": 0.8372015951887168, "colsample_bytree": 0.9313875669486076, "gamma": 0.4164114701274124, "lambda": 0.00811897978472836, "alpha": 0.27480458924071993}