{"max_depth": 5, "learning_rate": 0.022738374630830567, "subsample": 0.5918744221251807, "colsample_bytree": 0.8014747574540462, "gamma": 3.5440009644585233, "lambda": 1.0540531704620575e-06, "alpha": 0.0012352591168033626}