{"max_depth": 6, "learning_rate": 0.049568534660676775, "subsample": 0.571390112552643, "colsample_bytree": 0.8670888513785358, "gamma": 3.0734862345077847, "lambda": 6.172846191474172e-07, "alpha": 5.757457157811433e-06}