{"max_depth": 10, "learning_rate": 0.1694250919370238, "subsample": 0.6292654394058255, "colsample_bytree": 0.6015782621882154, "gamma": 1.0598596456782978, "lambda": 3.0494787458032986e-07, "alpha": 0.005743606275988753}