{"max_depth": 5, "learning_rate": 0.0791882086153829, "subsample": 0.9289068515673456, "colsample_bytree": 0.7485671353661345, "gamma": 0.5976784686661368, "lambda": 0.0002613622089402611, "alpha": 6.528605473049043e-05}