{"max_depth": 9, "learning_rate": 0.22910366981318284, "subsample": 0.9130440874931197, "colsample_bytree": 0.8301667347285966, "gamma": 0.8065208795234019, "lambda": 5.532865496452792e-06, "alpha": 0.000526589162741637}