{"max_depth": 7, "learning_rate": 0.22544227992625052, "subsample": 0.7357945597843591, "colsample_bytree": 0.5997333171637071, "gamma": 2.6498418206353462, "lambda": 0.04632951885613951, "alpha": 0.00023127715177054343}