{"max_depth": 4, "learning_rate": 0.15820005004210563, "subsample": 0.7725914032457528, "colsample_bytree": 0.8599752036027739, "gamma": 4.004142120164519, "lambda": 0.22465543326056858, "alpha": 5.789067820519912e-08}