{"max_depth": 5, "learning_rate": 0.1960809664819285, "subsample": 0.6821417390867257, "colsample_bytree": 0.772006799441876, "gamma": 4.6901712844989065, "lambda": 0.0042773380943636925, "alpha": 0.0007667501519272333}