{"max_depth": 3, "learning_rate": 0.24424068355418038, "subsample": 0.7826957953404239, "colsample_bytree": 0.7063014954416875, "gamma": 2.491081453509614, "lambda": 0.3860761551727515, "alpha": 4.0089431822972664e-07}