{"max_depth": 9, "learning_rate": 0.2180497733695557, "subsample": 0.641490949575908, "colsample_bytree": 0.8508555828127178, "gamma": 0.6795451149615411, "lambda": 7.195993811984043e-05, "alpha": 0.0051358633324747735}