{"max_depth": 9, "learning_rate": 0.28090164347068397, "subsample": 0.5076762799257701, "colsample_bytree": 0.6881533579753389, "gamma": 1.5710279050098341, "lambda": 1.1520469728612531e-07, "alpha": 7.196630654670383e-05}