{"max_depth": 7, "learning_rate": 0.1958373856339921, "subsample": 0.5342551755101473, "colsample_bytree": 0.8466148621253322, "gamma": 3.81383786686942, "lambda": 0.0003709620715018564, "alpha": 0.0003992764502717062}