{"max_depth": 7, "learning_rate": 0.26982898383594967, "subsample": 0.9376149341817416, "colsample_bytree": 0.5342434002093359, "gamma": 4.2232186102710685, "lambda": 0.001343241327683244, "alpha": 0.0006515228675423226}