{"max_depth": 5, "learning_rate": 0.08151847254526043, "subsample": 0.8410219449031786, "colsample_bytree": 0.9582731982275844, "gamma": 4.757689771064271, "lambda": 0.022274761856233588, "alpha": 0.008369006864403837}