{"max_depth": 8, "learning_rate": 0.05205242403206809, "subsample": 0.815658807250373, "colsample_bytree": 0.8739748603661626, "gamma": 2.4583285141305415, "lambda": 2.9481083695899638e-05, "alpha": 4.163072599666138e-05}