{"max_depth": 3, "learning_rate": 0.05827569805428587, "subsample": 0.6330036588311359, "colsample_bytree": 0.6554014882824788, "gamma": 2.5608098495243876, "lambda": 0.0005398590310126565, "alpha": 0.0030248341017211572}