{"max_depth": 4, "learning_rate": 0.1306052048462206, "subsample": 0.6417335142511436, "colsample_bytree": 0.656202807903159, "gamma": 1.3623615231140178, "lambda": 0.014011609162054923, "alpha": 1.1052656401215758e-05}