{"max_depth": 6, "learning_rate": 0.2495496641404953, "subsample": 0.6594283381413324, "colsample_bytree": 0.7590492697222654, "gamma": 4.54086055070592, "lambda": 1.041169282423087e-06, "alpha": 0.003720608877772161}