{"max_depth": 3, "learning_rate": 0.06261874493276842, "subsample": 0.9228124836726139, "colsample_bytree": 0.8609747526151992, "gamma": 2.806735422366897, "lambda": 0.054131607833727745, "alpha": 7.022974971070199e-08}