{"max_depth": 7, "learning_rate": 0.07236958922994005, "subsample": 0.8227014615651009, "colsample_bytree": 0.7619574327816596, "gamma": 3.146197502107761, "lambda": 0.7574250091264316, "alpha": 5.033789355219776e-06}