{"max_depth": 4, "learning_rate": 0.11142761538664575, "subsample": 0.904313714896956, "colsample_bytree": 0.5218381756462853, "gamma": 0.6549194438667599, "lambda": 0.03397650418738143, "alpha": 0.0002664434348460614}