{"max_depth": 8, "learning_rate": 0.05666040823431637, "subsample": 0.9937399387659178, "colsample_bytree": 0.6352725152022896, "gamma": 3.193710717179659, "lambda": 2.4146709302198484e-05, "alpha": 0.00017509499896241627}