{"max_depth": 6, "learning_rate": 0.0980910467245857, "subsample": 0.8049057768301187, "colsample_bytree": 0.6531882302775835, "gamma": 4.153499258473454, "lambda": 3.20622592444365e-07, "alpha": 2.380521569354124e-07}