{"max_depth": 7, "learning_rate": 0.2283356717909268, "subsample": 0.9238142877386486, "colsample_bytree": 0.8398701012530501, "gamma": 1.7471637249948806, "lambda": 2.3048722301223462e-08, "alpha": 1.5390715150122346e-07}