{"max_depth": 3, "learning_rate": 0.08017121811703401, "subsample": 0.7797834839559856, "colsample_bytree": 0.8994518619108687, "gamma": 3.343000323689341, "lambda": 7.495378629746817e-05, "alpha": 2.028766780263982e-06}