{"max_depth": 10, "learning_rate": 0.25695831029277527, "subsample": 0.5147501259647619, "colsample_bytree": 0.994927540916305, "gamma": 3.995168009649323, "lambda": 2.2096200350051603e-07, "alpha": 7.005155357508774e-06}