{"max_depth": 3, "learning_rate": 0.20534322884378053, "subsample": 0.9545226756091866, "colsample_bytree": 0.9392659061468707, "gamma": 1.8358927730770151, "lambda": 0.02210096060643479, "alpha": 0.010762012219906605}