{"max_depth": 4, "learning_rate": 0.1289414924402915, "subsample": 0.8738846172849255, "colsample_bytree": 0.9230896443225465, "gamma": 4.460998129624748, "lambda": 0.7976784608568069, "alpha": 8.89918873509059e-05}