{"max_depth": 6, "learning_rate": 0.01791568007500009, "subsample": 0.7261596284242209, "colsample_bytree": 0.944647633382959, "gamma": 2.1595654374624136, "lambda": 0.0002912466550285932, "alpha": 0.8339541018173882}