{"max_depth": 8, "learning_rate": 0.20518095995374347, "subsample": 0.7640832171611281, "colsample_bytree": 0.5857148824513283, "gamma": 4.858242137766574, "lambda": 4.116235929326057e-08, "alpha": 0.19751717545292613}