{"max_depth": 6, "learning_rate": 0.20562864978141057, "subsample": 0.6211025291556518, "colsample_bytree": 0.5848349625120219, "gamma": 1.6362165276163525, "lambda": 0.20297352021040826, "alpha": 6.264293382836479e-05}