{"max_depth": 9, "learning_rate": 0.2745281158383828, "subsample": 0.8660108476408814, "colsample_bytree": 0.7093913964454974, "gamma": 0.7272376079672649, "lambda": 3.020493703557636e-07, "alpha": 8.17753720318045e-08}