{"max_depth": 6, "learning_rate": 0.24536337117691426, "subsample": 0.8722250013077586, "colsample_bytree": 0.6025941474630878, "gamma": 2.454078357276729, "lambda": 0.0024093907688933582, "alpha": 7.73339135925994e-06}