{"max_depth": 3, "learning_rate": 0.053530020878588436, "subsample": 0.9922185819076756, "colsample_bytree": 0.7390398310096162, "gamma": 2.5824613165343453, "lambda": 0.00012031299635762669, "alpha": 0.002019347745809409}