{"max_depth": 4, "learning_rate": 0.126896195551096, "subsample": 0.8890381058611039, "colsample_bytree": 0.9917555871812218, "gamma": 3.963556134603861, "lambda": 1.0964143672250692e-05, "alpha": 0.08087330402560136}