{"max_depth": 3, "learning_rate": 0.07815435550484662, "subsample": 0.7336110666965958, "colsample_bytree": 0.9940961152947324, "gamma": 0.44575178662598913, "lambda": 1.6827295274566995e-06, "alpha": 0.0003737864381500724}