{"max_depth": 7, "learning_rate": 0.05036570606261494, "subsample": 0.5572928689130732, "colsample_bytree": 0.9155627801584696, "gamma": 4.017736604000438, "lambda": 9.07738464567132e-06, "alpha": 0.09410317828034138}