{"max_depth": 7, "learning_rate": 0.2689155393332598, "subsample": 0.6598547867292821, "colsample_bytree": 0.6868852599628993, "gamma": 1.3022416312042413, "lambda": 1.207109069439409e-08, "alpha": 2.3551085931219982e-07}