{"max_depth": 4, "learning_rate": 0.2534305569852837, "subsample": 0.744990706432385, "colsample_bytree": 0.7664717233713356, "gamma": 1.0331676770863985, "lambda": 9.762936777519976e-05, "alpha": 0.0006695594208045342}