{"max_depth": 6, "learning_rate": 0.09569838096678372, "subsample": 0.9463822958360809, "colsample_bytree": 0.8179182516470191, "gamma": 4.6276599334335495, "lambda": 2.038435599967409e-08, "alpha": 3.0181516676133745e-06}