{"max_depth": 4, "learning_rate": 0.054152972546749535, "subsample": 0.5848238701258555, "colsample_bytree": 0.6547385045232756, "gamma": 1.5827757585767794, "lambda": 0.17229809417241626, "alpha": 2.0147583946278118e-07}