{"max_depth": 6, "learning_rate": 0.2978012685087239, "subsample": 0.9736729265561581, "colsample_bytree": 0.8554893659604839, "gamma": 0.18106803750464695, "lambda": 0.0005244110947510577, "alpha": 0.7913489171572493}