{"max_depth": 7, "learning_rate": 0.25830185210121387, "subsample": 0.7230655078003523, "colsample_bytree": 0.9190334914316239, "gamma": 2.055591924611693, "lambda": 0.007980909828062837, "alpha": 0.0028385283355862293}