{"max_depth": 9, "learning_rate": 0.024089529280046637, "subsample": 0.8817484263624692, "colsample_bytree": 0.5985478850300172, "gamma": 3.43936811506616, "lambda": 3.6890295733048575e-06, "alpha": 0.002237084944697012}