{"max_depth": 3, "learning_rate": 0.24271664495085207, "subsample": 0.7867968834788894, "colsample_bytree": 0.6902007545405413, "gamma": 1.540334302680344, "lambda": 8.874022787219516e-06, "alpha": 1.530282987415605e-08}