{"max_depth": 9, "learning_rate": 0.11567819502535434, "subsample": 0.6476635542918576, "colsample_bytree": 0.6987180876036917, "gamma": 4.485640348851209, "lambda": 0.016107071014935328, "alpha": 0.6021876272339178}