{"max_depth": 8, "learning_rate": 0.21168435526754803, "subsample": 0.7111905636097059, "colsample_bytree": 0.8474832951244438, "gamma": 2.9390479064814174, "lambda": 0.0020139596999015873, "alpha": 3.389040201276689e-07}