{"max_depth": 7, "learning_rate": 0.024784171771597065, "subsample": 0.7696155805810312, "colsample_bytree": 0.6203870340255631, "gamma": 1.8486874538828335, "lambda": 0.00846568448473532, "alpha": 0.00026971164809223283}