{"max_depth": 4, "learning_rate": 0.13721224698179865, "subsample": 0.6633140434616899, "colsample_bytree": 0.7520560916810552, "gamma": 4.042932891339915, "lambda": 0.002614651385056652, "alpha": 1.0691401753335466e-08}