{"max_depth": 5, "learning_rate": 0.21453584132298445, "subsample": 0.5760518274840789, "colsample_bytree": 0.9233547777326876, "gamma": 1.190573108601426, "lambda": 0.753770452712541, "alpha": 2.2117080327973018e-05}