{"max_depth": 5, "learning_rate": 0.10709761839224798, "subsample": 0.5872845651945315, "colsample_bytree": 0.7956073743297543, "gamma": 3.992417837698523, "lambda": 0.0997982685190752, "alpha": 4.7554866823954255e-05}