{"max_depth": 4, "learning_rate": 0.02429090274242298, "subsample": 0.5715307049207496, "colsample_bytree": 0.6356686300636014, "gamma": 1.9202583321824074, "lambda": 2.225052088288376e-06, "alpha": 3.518166434276205e-07}