{"max_depth": 10, "learning_rate": 0.020136929469977534, "subsample": 0.81121894001542, "colsample_bytree": 0.6715700102174117, "gamma": 0.5037008369948243, "lambda": 1.6707856904937374e-08, "alpha": 0.0006802795802984682}