{"max_depth": 8, "learning_rate": 0.08256317111436112, "subsample": 0.6199537452042192, "colsample_bytree": 0.6326662692070703, "gamma": 1.0228757051096105, "lambda": 0.0003681165515344188, "alpha": 8.82376178147042e-06}