{"max_depth": 6, "learning_rate": 0.19547435323843715, "subsample": 0.7876464167674156, "colsample_bytree": 0.9250828492147506, "gamma": 0.6056035847597224, "lambda": 1.1970429701179682e-08, "alpha": 0.00014950831106259023}