{"max_depth": 10, "learning_rate": 0.1405867874246147, "subsample": 0.8416188901555024, "colsample_bytree": 0.6943257878154301, "gamma": 0.7691911916834782, "lambda": 0.005381369218007804, "alpha": 5.305905425240439e-08}