{"max_depth": 8, "learning_rate": 0.26359116189371906, "subsample": 0.7296861452505898, "colsample_bytree": 0.5913868967154121, "gamma": 4.327773838741182, "lambda": 0.00013650199333628107, "alpha": 0.006655524020158777}