{"max_depth": 3, "learning_rate": 0.16646007511872588, "subsample": 0.6291312721999254, "colsample_bytree": 0.6958677000064344, "gamma": 3.9488483902435862, "lambda": 2.3673005784242634e-05, "alpha": 0.001456583912346537}