{"max_depth": 5, "learning_rate": 0.28898354145799404, "subsample": 0.7846890289034698, "colsample_bytree": 0.7449858557962092, "gamma": 3.204454286120923, "lambda": 2.054892322924877e-06, "alpha": 0.0014784282100067515}