{"max_depth": 7, "learning_rate": 0.23177395133612455, "subsample": 0.5550689936515029, "colsample_bytree": 0.8031144317965861, "gamma": 3.84206473580557, "lambda": 8.651747072517282e-05, "alpha": 2.3761812058700142e-08}