{"max_depth": 4, "learning_rate": 0.1040853436936089, "subsample": 0.8141050795858289, "colsample_bytree": 0.6761718890784993, "gamma": 2.47514390889651, "lambda": 0.03364178881809856, "alpha": 0.2909119245568748}