{"max_depth": 8, "learning_rate": 0.0868481222259193, "subsample": 0.7348271741493219, "colsample_bytree": 0.8224277213168814, "gamma": 1.2095646467537429, "lambda": 0.00045909811359949343, "alpha": 0.0031473820015193773}