{"max_depth": 10, "learning_rate": 0.23431069626514822, "subsample": 0.9949886744798631, "colsample_bytree": 0.9954551560112441, "gamma": 0.7339857703420327, "lambda": 0.2810325186879488, "alpha": 1.2970300477044822e-07}