{"max_depth": 8, "learning_rate": 0.0321519878034494, "subsample": 0.8041937916170978, "colsample_bytree": 0.870258818492783, "gamma": 4.8642759135633025, "lambda": 0.015514037065611675, "alpha": 0.001070675572567757}