{"max_depth": 8, "learning_rate": 0.013669640595632818, "subsample": 0.9073153250765356, "colsample_bytree": 0.5017919674680023, "gamma": 4.787188918604733, "lambda": 9.336735961225027e-06, "alpha": 8.743062325245009e-05}