{"max_depth": 5, "learning_rate": 0.29298517400210966, "subsample": 0.7373146975380585, "colsample_bytree": 0.951648327174387, "gamma": 4.934220141803003, "lambda": 1.4141130508710876e-05, "alpha": 3.3228450521220173e-06}