{"max_depth": 4, "learning_rate": 0.01892760732963487, "subsample": 0.7573607582346651, "colsample_bytree": 0.6307564967432184, "gamma": 0.10240835227388556, "lambda": 1.738330598873128e-06, "alpha": 0.0499846941670014}