{"max_depth": 9, "learning_rate": 0.02872075013494342, "subsample": 0.9525947081875927, "colsample_bytree": 0.8304842019490154, "gamma": 0.7799138168392428, "lambda": 3.959764579358048e-08, "alpha": 6.546963430314747e-08}