{"max_depth": 10, "learning_rate": 0.07647496158975252, "subsample": 0.5246779479551191, "colsample_bytree": 0.6031391964153687, "gamma": 0.843087044709383, "lambda": 1.3323783959958996e-06, "alpha": 2.680841680878347e-08}