{"max_depth": 4, "learning_rate": 0.26281964037808175, "subsample": 0.9653132128681117, "colsample_bytree": 0.680749656689172, "gamma": 3.3477941103075377, "lambda": 0.1445009302829818, "alpha": 2.0073874090673045e-08}