{"max_depth": 10, "learning_rate": 0.19603209778382397, "subsample": 0.956280060325543, "colsample_bytree": 0.7445442172113292, "gamma": 0.9520445578189846, "lambda": 0.034284036026739566, "alpha": 7.141437216535239e-07}