{"max_depth": 9, "learning_rate": 0.2381464923984466, "subsample": 0.8065591071234288, "colsample_bytree": 0.9972690593701272, "gamma": 4.986459559230015, "lambda": 1.4926098324383744e-05, "alpha": 0.5064888056895387}