{"max_depth": 8, "learning_rate": 0.19103274903026393, "subsample": 0.9194819315400673, "colsample_bytree": 0.7386813788824618, "gamma": 4.980877784354286, "lambda": 2.9216314585473355e-08, "alpha": 0.00011389435101010468}