{"max_depth": 9, "learning_rate": 0.20539575297975562, "subsample": 0.9699466549464737, "colsample_bytree": 0.8697007303528368, "gamma": 3.602942113088286, "lambda": 0.005656899718447171, "alpha": 4.8721525365794044e-05}