{"max_depth": 7, "learning_rate": 0.08586786465241394, "subsample": 0.8905549430954025, "colsample_bytree": 0.9254024330522856, "gamma": 4.149080524616088, "lambda": 1.3373877194835038e-08, "alpha": 3.33526363456325e-07}