{"max_depth": 3, "learning_rate": 0.19171118885870383, "subsample": 0.5937515100948502, "colsample_bytree": 0.7251299058643081, "gamma": 3.9750555710359907, "lambda": 8.630889418260902e-05, "alpha": 0.0017769824833323595}