{"max_depth": 7, "learning_rate": 0.19817333628125097, "subsample": 0.6626049365694524, "colsample_bytree": 0.7923332732997973, "gamma": 2.294628614023566, "lambda": 0.001340286491475471, "alpha": 0.005105600119581654}