{"max_depth": 3, "learning_rate": 0.13667717367002183, "subsample": 0.7600888691749046, "colsample_bytree": 0.8991885689077652, "gamma": 3.5132298440235954, "lambda": 6.970724729599731e-07, "alpha": 3.1391714787857468e-06}