{"max_depth": 7, "learning_rate": 0.11346817322029133, "subsample": 0.8134560883459774, "colsample_bytree": 0.8175061937477412, "gamma": 1.5940439947675467, "lambda": 5.87189792570201e-08, "alpha": 2.1385465696086467e-07}