{"max_depth": 7, "learning_rate": 0.10112153148950355, "subsample": 0.8495083844972149, "colsample_bytree": 0.8520220891041437, "gamma": 0.8428862256812641, "lambda": 0.00043722392870703064, "alpha": 3.023561487323659e-06}