{"max_depth": 6, "learning_rate": 0.0412286720029154, "subsample": 0.632548667546919, "colsample_bytree": 0.8345574848698418, "gamma": 4.214772866159024, "lambda": 3.346431140318028e-06, "alpha": 0.00015503653826157824}