{"max_depth": 6, "learning_rate": 0.16791611289826494, "subsample": 0.8558993990066656, "colsample_bytree": 0.7200649967609601, "gamma": 4.272763092838426, "lambda": 0.004651609092348534, "alpha": 0.19240038389090122}