{"max_depth": 6, "learning_rate": 0.15716397101064092, "subsample": 0.7385418265016865, "colsample_bytree": 0.6686141449281093, "gamma": 2.963064396121898, "lambda": 1.1742458412924747e-08, "alpha": 0.0045039726263515515}