{"max_depth": 5, "learning_rate": 0.032711943557982064, "subsample": 0.5231346016671294, "colsample_bytree": 0.5215070045496949, "gamma": 2.9352615367372343, "lambda": 0.0004019616780092138, "alpha": 2.3605909029188886e-05}