{"max_depth": 10, "learning_rate": 0.0936569314883669, "subsample": 0.5879850342170383, "colsample_bytree": 0.9621474513039315, "gamma": 3.3807075663199617, "lambda": 3.925361333017308e-05, "alpha": 0.023608019880558676}