{"max_depth": 9, "learning_rate": 0.02544661873287148, "subsample": 0.509363627051752, "colsample_bytree": 0.7130655253972614, "gamma": 4.142612363361502, "lambda": 0.4407126485841905, "alpha": 0.031445503457591444}