{"max_depth": 6, "learning_rate": 0.08707340949331388, "subsample": 0.8693850900994953, "colsample_bytree": 0.9986116985994612, "gamma": 4.231815483569629, "lambda": 4.4058133302590684e-08, "alpha": 2.7855246949338575e-08}