{"max_depth": 4, "learning_rate": 0.20193937536539433, "subsample": 0.7169482527770419, "colsample_bytree": 0.955051621057855, "gamma": 4.129145428024944, "lambda": 0.008289021325971226, "alpha": 4.144737687853695e-06}