{"max_depth": 8, "learning_rate": 0.13333254043417267, "subsample": 0.6286179770270787, "colsample_bytree": 0.821120982012505, "gamma": 3.837338971264714, "lambda": 0.001267801922365454, "alpha": 0.3075717571722316}