{"max_depth": 7, "learning_rate": 0.19280442455619728, "subsample": 0.6973809435241228, "colsample_bytree": 0.9412327436485257, "gamma": 0.4000129865640284, "lambda": 1.3047036685937514e-05, "alpha": 4.114916755395106e-06}