{"max_depth": 8, "learning_rate": 0.15809860782949897, "subsample": 0.6492472358315284, "colsample_bytree": 0.8789969864551261, "gamma": 4.418841148549203, "lambda": 0.000337909199665702, "alpha": 6.920316866048377e-07}