{"max_depth": 6, "learning_rate": 0.22753418538386644, "subsample": 0.8434615541620951, "colsample_bytree": 0.9164778278071152, "gamma": 1.7293854783756597, "lambda": 0.18321623112523025, "alpha": 3.556111930145908e-08}