{"max_depth": 10, "learning_rate": 0.14907450733156516, "subsample": 0.694483155306452, "colsample_bytree": 0.5546040243094414, "gamma": 0.6340632760036297, "lambda": 0.15172408767632964, "alpha": 0.0006888160786051491}