{"max_depth": 3, "learning_rate": 0.08236022269096528, "subsample": 0.6377957014699214, "colsample_bytree": 0.65013597108765, "gamma": 1.3037746728981725, "lambda": 0.012357835006916068, "alpha": 5.777254662679065e-06}