{"max_depth": 9, "learning_rate": 0.18620626388599643, "subsample": 0.6537215262952811, "colsample_bytree": 0.8715614808145975, "gamma": 0.03447265330960403, "lambda": 0.07511988337079305, "alpha": 0.002540609648552125}