{"max_depth": 3, "learning_rate": 0.26760553174635376, "subsample": 0.6794750507663109, "colsample_bytree": 0.7336908252390845, "gamma": 2.3936047396625906, "lambda": 0.26285710439336524, "alpha": 0.0025432510243589856}