{"max_depth": 9, "learning_rate": 0.019939062035706098, "subsample": 0.9730742933795002, "colsample_bytree": 0.6934351990347943, "gamma": 3.05150821604302, "lambda": 4.0994349561129087e-07, "alpha": 0.030594232056687785}