{"max_depth": 6, "learning_rate": 0.1472201227797392, "subsample": 0.601289733890225, "colsample_bytree": 0.8282131370979406, "gamma": 3.231169331917379, "lambda": 5.540355772229312e-07, "alpha": 4.557600840140601e-07}