{"max_depth": 5, "learning_rate": 0.08031108759341948, "subsample": 0.6363092507173012, "colsample_bytree": 0.9766097301156086, "gamma": 1.910458513484485, "lambda": 0.18282460640139345, "alpha": 1.5577985806747128e-07}