{"max_depth": 4, "learning_rate": 0.2776160469184467, "subsample": 0.9851545815726913, "colsample_bytree": 0.7121057489786031, "gamma": 3.214870451538365, "lambda": 0.5699341818409951, "alpha": 4.841349757890474e-06}