{"max_depth": 5, "learning_rate": 0.20173188535625677, "subsample": 0.6313834662581611, "colsample_bytree": 0.9169041580831785, "gamma": 0.9277761035647225, "lambda": 0.24755156151586485, "alpha": 5.962342236473327e-05}