{"max_depth": 6, "learning_rate": 0.2903097312766688, "subsample": 0.6287146489622866, "colsample_bytree": 0.5667667212210397, "gamma": 0.17768613229861008, "lambda": 0.1794780789320845, "alpha": 3.57387376448631e-06}