{"max_depth": 10, "learning_rate": 0.03386295270616282, "subsample": 0.9033202886121233, "colsample_bytree": 0.7965757920339214, "gamma": 1.3471313378956467, "lambda": 2.2654687178420093e-06, "alpha": 0.000352633594685191}