{"max_depth": 7, "learning_rate": 0.17217806151637813, "subsample": 0.6972672800008549, "colsample_bytree": 0.534420530402231, "gamma": 4.083289446868859, "lambda": 0.6850339754460858, "alpha": 1.7964689665553533e-06}