{"max_depth": 9, "learning_rate": 0.15475862887228534, "subsample": 0.8316698920961547, "colsample_bytree": 0.8929140201829437, "gamma": 0.5418298796828996, "lambda": 3.721064235515194e-06, "alpha": 1.0044679252843643e-08}