{"max_depth": 8, "learning_rate": 0.24459916734190063, "subsample": 0.8236075918325633, "colsample_bytree": 0.9575195383584832, "gamma": 0.378298769935686, "lambda": 0.7361793870375134, "alpha": 8.91751291778252e-08}