{"max_depth": 10, "learning_rate": 0.05604946305949027, "subsample": 0.7359324908072098, "colsample_bytree": 0.890147321720864, "gamma": 1.7723390090735265, "lambda": 0.00018093123896111533, "alpha": 6.296112321960981e-08}