{"max_depth": 5, "learning_rate": 0.18271149173702136, "subsample": 0.7376132457253496, "colsample_bytree": 0.8897824239469769, "gamma": 4.788035550967365, "lambda": 0.0003777716205320923, "alpha": 3.1853800658934496e-08}