{"max_depth": 6, "learning_rate": 0.12688891867931723, "subsample": 0.9280641865835524, "colsample_bytree": 0.7406248616460518, "gamma": 3.029280513461498, "lambda": 0.0024914547325652773, "alpha": 6.812201704562801e-06}