{"max_depth": 6, "learning_rate": 0.19805878126623172, "subsample": 0.8367398192231285, "colsample_bytree": 0.5726905428832834, "gamma": 4.529119007176699, "lambda": 2.032407505669127e-06, "alpha": 0.00030061561707421124}