{"max_depth": 5, "learning_rate": 0.2708661500434857, "subsample": 0.8150396452282993, "colsample_bytree": 0.6880928696511213, "gamma": 0.48291190896134817, "lambda": 0.011689132671157957, "alpha": 0.0034800712245690217}