{"max_depth": 4, "learning_rate": 0.021293784920431467, "subsample": 0.5388979723327673, "colsample_bytree": 0.7358552469873438, "gamma": 4.509184480542702, "lambda": 0.6532792865594118, "alpha": 0.5012915223555289}