{"max_depth": 10, "learning_rate": 0.2177336000037293, "subsample": 0.9209028661169514, "colsample_bytree": 0.6255940285951911, "gamma": 1.6237612076261314, "lambda": 3.500731243835427e-08, "alpha": 0.00010416331403028378}