{"max_depth": 8, "learning_rate": 0.05990823606557008, "subsample": 0.7955135762395136, "colsample_bytree": 0.5666794388794674, "gamma": 0.11985418654975544, "lambda": 0.00016483165307213502, "alpha": 2.635029551888698e-08}