{"max_depth": 8, "learning_rate": 0.1875839132466026, "subsample": 0.6845814241391548, "colsample_bytree": 0.6261525819982783, "gamma": 0.8324627814562396, "lambda": 0.0038814700112099728, "alpha": 2.7019036921540437e-07}