{"max_depth": 6, "learning_rate": 0.19435885982151427, "subsample": 0.8090833291953163, "colsample_bytree": 0.8680797450117583, "gamma": 2.5010005920081153, "lambda": 0.7456310724018133, "alpha": 6.797649481332231e-08}