{"max_depth": 4, "learning_rate": 0.19769560723048515, "subsample": 0.8820200267854904, "colsample_bytree": 0.9903943185464712, "gamma": 2.8367337344152754, "lambda": 0.018118744218550354, "alpha": 2.3239853592911424e-05}