{"max_depth": 7, "learning_rate": 0.08935456109937172, "subsample": 0.5830770788075519, "colsample_bytree": 0.7460939374966726, "gamma": 1.8628063494626224, "lambda": 0.07357640225607066, "alpha": 1.1294192988449585e-08}