{"max_depth": 9, "learning_rate": 0.1971154769991544, "subsample": 0.573750010054388, "colsample_bytree": 0.9574088284084412, "gamma": 3.410075822857068, "lambda": 3.5042136106002997e-06, "alpha": 3.5816222207285088e-06}