{"max_depth": 4, "learning_rate": 0.2566529485705184, "subsample": 0.6723936637326281, "colsample_bytree": 0.8131298149981829, "gamma": 2.951445138310344, "lambda": 6.23912512949039e-08, "alpha": 0.010752372286603867}