{"max_depth": 10, "learning_rate": 0.029973227393235116, "subsample": 0.7627470153257849, "colsample_bytree": 0.8227803426397875, "gamma": 0.9889603115569534, "lambda": 3.1145871148873176e-07, "alpha": 1.6282008873748244e-07}