{"max_depth": 3, "learning_rate": 0.2336481901865121, "subsample": 0.9669630072338986, "colsample_bytree": 0.9871920085580053, "gamma": 4.284574108135393, "lambda": 0.9103504908359701, "alpha": 0.25489381776371756}