{"max_depth": 4, "learning_rate": 0.03855476594639576, "subsample": 0.7525131793155053, "colsample_bytree": 0.5614601867476672, "gamma": 0.8389180185754513, "lambda": 1.0473252741940168e-06, "alpha": 0.00014412653490222628}