{"max_depth": 6, "learning_rate": 0.18695091506141526, "subsample": 0.7573050804045187, "colsample_bytree": 0.5132276715789572, "gamma": 3.001999199247865, "lambda": 0.020335335141435693, "alpha": 1.4777267817572533e-05}