{"max_depth": 5, "learning_rate": 0.216141894989043, "subsample": 0.8639307048468774, "colsample_bytree": 0.7339482766053113, "gamma": 1.4573835065264236, "lambda": 0.02260530041879228, "alpha": 1.300523062867968e-06}