{"max_depth": 8, "learning_rate": 0.043538176240384766, "subsample": 0.7124879379887207, "colsample_bytree": 0.8014397975560649, "gamma": 1.4655590246211765, "lambda": 0.00018447323743197316, "alpha": 1.2172169914478205e-05}