{"max_depth": 7, "learning_rate": 0.14207822040905108, "subsample": 0.9733331894871353, "colsample_bytree": 0.767977862210203, "gamma": 3.8209487844716, "lambda": 4.290731794799333e-05, "alpha": 0.0011826142073509218}