{"max_depth": 6, "learning_rate": 0.08036742598741042, "subsample": 0.6451733996093243, "colsample_bytree": 0.6831850264139763, "gamma": 1.4293340468973859, "lambda": 2.1904092826807976e-08, "alpha": 0.029175270620624104}