{"max_depth": 3, "learning_rate": 0.018164447201676103, "subsample": 0.6718810525793186, "colsample_bytree": 0.8451088093536844, "gamma": 0.7486088301994526, "lambda": 1.3835547159503575e-06, "alpha": 6.018857795834088e-08}