{"max_depth": 8, "learning_rate": 0.07513682545622445, "subsample": 0.6338614255941315, "colsample_bytree": 0.7384643910331967, "gamma": 3.544131115309523, "lambda": 0.029788781079552275, "alpha": 6.607370830540415e-07}