{"max_depth": 7, "learning_rate": 0.27702692561192704, "subsample": 0.6983479795306671, "colsample_bytree": 0.5891088976934047, "gamma": 3.0496752406351217, "lambda": 0.8652762116599779, "alpha": 0.720591290002147}