{"max_depth": 6, "learning_rate": 0.2953968773298058, "subsample": 0.5219526706477207, "colsample_bytree": 0.7600238755900506, "gamma": 3.581410657872581, "lambda": 2.097064441954194e-06, "alpha": 2.9311337444417414e-07}