{"max_depth": 9, "learning_rate": 0.024121163977246902, "subsample": 0.6242084610909719, "colsample_bytree": 0.5993241021655351, "gamma": 4.197041904545698, "lambda": 5.568076438148696e-06, "alpha": 1.6432930107745903e-08}