{"max_depth": 6, "learning_rate": 0.06719691609204946, "subsample": 0.529908814414433, "colsample_bytree": 0.6435227496900062, "gamma": 4.78313656603324, "lambda": 0.0412505015113949, "alpha": 4.333389293369571e-05}