{"max_depth": 8, "learning_rate": 0.05840060300120492, "subsample": 0.6896976710425011, "colsample_bytree": 0.9063077545188534, "gamma": 0.9341556999943701, "lambda": 2.7627570508235645e-06, "alpha": 0.06659020852406483}