{"max_depth": 8, "learning_rate": 0.10609878828460496, "subsample": 0.6840072252164061, "colsample_bytree": 0.546606167040987, "gamma": 1.4392208817312198, "lambda": 0.12450359689374957, "alpha": 6.188440028485071e-05}