{"max_depth": 3, "learning_rate": 0.10805432394856612, "subsample": 0.8363652165947264, "colsample_bytree": 0.7412740507711356, "gamma": 1.3153279899639014, "lambda": 0.04471560110686154, "alpha": 0.020487987384759338}