{"max_depth": 4, "learning_rate": 0.25174726364669353, "subsample": 0.9303647898997789, "colsample_bytree": 0.8906878111223351, "gamma": 3.234797240974464, "lambda": 0.14136727608344116, "alpha": 1.543577839919606e-05}