{"max_depth": 3, "learning_rate": 0.2073643226236727, "subsample": 0.7224009162134619, "colsample_bytree": 0.8598466521196704, "gamma": 4.457450759683713, "lambda": 0.26275988348149754, "alpha": 0.0020586972972267436}