{"max_depth": 3, "learning_rate": 0.020799384868709726, "subsample": 0.8220168485119446, "colsample_bytree": 0.9165504902646752, "gamma": 0.07135090671031075, "lambda": 0.4180980067767892, "alpha": 3.6257587433912534e-06}