{"max_depth": 5, "learning_rate": 0.2501161639429399, "subsample": 0.5386372677007247, "colsample_bytree": 0.7940832739086805, "gamma": 1.806117688567212, "lambda": 1.0753547281486983e-08, "alpha": 0.011384099895418215}