{"max_depth": 6, "learning_rate": 0.06364291196740314, "subsample": 0.79252659428795, "colsample_bytree": 0.8488563002971092, "gamma": 0.1341897665450309, "lambda": 5.837157276873407e-08, "alpha": 0.0008711389425398227}