{"max_depth": 3, "learning_rate": 0.21220465296101484, "subsample": 0.9207528338596365, "colsample_bytree": 0.9143450639576771, "gamma": 1.5757768227183866, "lambda": 0.0006575577464557927, "alpha": 3.648907880759927e-07}