{"max_depth": 3, "learning_rate": 0.19342412376281798, "subsample": 0.7827087428231975, "colsample_bytree": 0.7678036901804299, "gamma": 1.6503823656082623, "lambda": 7.48489579141538e-05, "alpha": 1.8304224948509895e-07}