{"max_depth": 10, "learning_rate": 0.017526981238583247, "subsample": 0.9828413957230377, "colsample_bytree": 0.8291277089888034, "gamma": 4.8088325916917265, "lambda": 1.2854085411621177e-07, "alpha": 3.297421321279921e-07}