{"max_depth": 9, "learning_rate": 0.2144156351276227, "subsample": 0.5692646324140747, "colsample_bytree": 0.5562705480560771, "gamma": 2.1453917429413334, "lambda": 5.092260903665537e-08, "alpha": 0.007095782359001749}