{"max_depth": 10, "learning_rate": 0.2832256382715561, "subsample": 0.7934027739116704, "colsample_bytree": 0.626770689447842, "gamma": 0.178272715900894, "lambda": 8.467653922250158e-07, "alpha": 0.00010666190049591763}