{"max_depth": 7, "learning_rate": 0.21123108304900026, "subsample": 0.528890054634674, "colsample_bytree": 0.9554759560513741, "gamma": 4.364079023598793, "lambda": 9.219354490148299e-05, "alpha": 3.4462813206116526e-08}