{"max_depth": 10, "learning_rate": 0.1271118832909524, "subsample": 0.6654958114175691, "colsample_bytree": 0.5269670755151854, "gamma": 1.5456947337832254, "lambda": 0.00017092623310693885, "alpha": 0.000532847223305534}