{"max_depth": 6, "learning_rate": 0.07896887116745392, "subsample": 0.950236569607924, "colsample_bytree": 0.7917543272092331, "gamma": 3.4013211037935225, "lambda": 1.0410012297670004e-06, "alpha": 1.134243932344308e-05}