{"max_depth": 4, "learning_rate": 0.2935513412325527, "subsample": 0.5032960553563022, "colsample_bytree": 0.5664314739306914, "gamma": 4.417608286880419, "lambda": 0.055115645447870044, "alpha": 2.668599624940794e-06}