{"max_depth": 9, "learning_rate": 0.1098478014074946, "subsample": 0.8811990852067094, "colsample_bytree": 0.6076577750983163, "gamma": 2.6237388983583045, "lambda": 0.014903073151449255, "alpha": 0.004963414380566283}