{"max_depth": 9, "learning_rate": 0.1727553768833163, "subsample": 0.6925112304934042, "colsample_bytree": 0.5068633573902194, "gamma": 0.5806550967991236, "lambda": 0.0004425654261390046, "alpha": 0.0035367779387209075}