{"max_depth": 7, "learning_rate": 0.17995788981005365, "subsample": 0.7237145931952871, "colsample_bytree": 0.9903102944733997, "gamma": 4.921173239527372, "lambda": 4.255019177201199e-08, "alpha": 0.0002519603184718596}