{"max_depth": 8, "learning_rate": 0.05911917783817488, "subsample": 0.5469492745786977, "colsample_bytree": 0.771852886934908, "gamma": 2.834466681163916, "lambda": 0.00941327528155819, "alpha": 3.1043073485905695e-05}