{"max_depth": 3, "learning_rate": 0.19657921703666803, "subsample": 0.598332778744313, "colsample_bytree": 0.9454288411226068, "gamma": 3.183120377899529, "lambda": 0.2532476328653, "alpha": 4.429155987104222e-08}