{"max_depth": 6, "learning_rate": 0.020612121859777913, "subsample": 0.5061127848988012, "colsample_bytree": 0.8272442514445812, "gamma": 0.2835904127725275, "lambda": 1.2365848840879677e-07, "alpha": 0.06016634023852757}