{"max_depth": 5, "learning_rate": 0.2529360894049972, "subsample": 0.6332637197508286, "colsample_bytree": 0.8077050933587172, "gamma": 3.9267900613819156, "lambda": 0.00013655966802937776, "alpha": 0.21814655437433722}