{"max_depth": 4, "learning_rate": 0.21368027254155014, "subsample": 0.9443323410606963, "colsample_bytree": 0.8491436375501724, "gamma": 2.0293830268135253, "lambda": 0.004743756076986079, "alpha": 0.7675673019180239}