{"max_depth": 10, "learning_rate": 0.08169929351715736, "subsample": 0.914588404736411, "colsample_bytree": 0.8915631898331228, "gamma": 0.19402864127799568, "lambda": 3.576776367055646e-07, "alpha": 0.0005733292281924741}