{"max_depth": 5, "learning_rate": 0.16987392758234512, "subsample": 0.9383869153867923, "colsample_bytree": 0.5558434125129893, "gamma": 1.6215336842092225, "lambda": 4.602460104687773e-05, "alpha": 4.305455366747956e-08}