{"max_depth": 6, "learning_rate": 0.07317581864574853, "subsample": 0.882662898954524, "colsample_bytree": 0.554572040726883, "gamma": 2.3930436226418568, "lambda": 0.011929803123689475, "alpha": 1.3080485615934627e-08}