{"max_depth": 8, "learning_rate": 0.11370359374278952, "subsample": 0.8928828249926508, "colsample_bytree": 0.8273663192120655, "gamma": 4.880162299313817, "lambda": 1.2149246577653104e-07, "alpha": 0.01970320800719044}