{"max_depth": 3, "learning_rate": 0.0168621610683337, "subsample": 0.6025259908950475, "colsample_bytree": 0.5795734175972833, "gamma": 1.1552013883510315, "lambda": 1.389624189722462e-05, "alpha": 6.697030671144159e-07}