{"max_depth": 3, "learning_rate": 0.248359778156072, "subsample": 0.9511069905048064, "colsample_bytree": 0.7760146536614736, "gamma": 2.891033943252759, "lambda": 0.11756201088580402, "alpha": 7.217702643424559e-08}