{"max_depth": 8, "learning_rate": 0.05842299053386727, "subsample": 0.8721114405969108, "colsample_bytree": 0.8582311879325184, "gamma": 4.50925095766214, "lambda": 4.8936590012880345e-06, "alpha": 0.00012252338735503502}