{"max_depth": 4, "learning_rate": 0.1264823998487524, "subsample": 0.8992374527429234, "colsample_bytree": 0.5394018707105191, "gamma": 1.3475677570237572, "lambda": 0.002109933353172655, "alpha": 0.916353903784223}