{"max_depth": 10, "learning_rate": 0.045434742437975684, "subsample": 0.8480235374660383, "colsample_bytree": 0.9208998871511933, "gamma": 2.078732468020872, "lambda": 1.754882708333643e-07, "alpha": 0.055719296702705624}