{"max_depth": 9, "learning_rate": 0.22646008530084571, "subsample": 0.9455652342716437, "colsample_bytree": 0.7817986374262003, "gamma": 1.7582976992481036, "lambda": 5.690281659952887e-08, "alpha": 1.0871482713981406e-08}