{"max_depth": 7, "learning_rate": 0.25811912323184655, "subsample": 0.7678739579695653, "colsample_bytree": 0.7712613224598417, "gamma": 4.8665388252344055, "lambda": 5.629252479240176e-08, "alpha": 0.0033105286264709754}