{"max_depth": 3, "learning_rate": 0.15160090453416086, "subsample": 0.7279010727795449, "colsample_bytree": 0.8254217390504979, "gamma": 2.090581392088044, "lambda": 2.445987020886306e-08, "alpha": 8.547365427270671e-08}