{"max_depth": 8, "learning_rate": 0.23522901497830917, "subsample": 0.9989111553629778, "colsample_bytree": 0.8047004291674429, "gamma": 1.2542651058111853, "lambda": 0.06687423253153646, "alpha": 0.0019836081079773133}