{"max_depth": 3, "learning_rate": 0.11334206637325372, "subsample": 0.9545620504254545, "colsample_bytree": 0.8729114900115835, "gamma": 0.7655352543644195, "lambda": 3.2129690262755346e-07, "alpha": 0.548697096815433}