{"max_depth": 6, "learning_rate": 0.03483870053194611, "subsample": 0.5045719833454576, "colsample_bytree": 0.8835908126548638, "gamma": 2.8521516774567415, "lambda": 0.1490858633765764, "alpha": 2.8525555714444227e-08}