{"max_depth": 4, "learning_rate": 0.05654350586932209, "subsample": 0.7616913124569011, "colsample_bytree": 0.6464129704188353, "gamma": 4.818990327907134, "lambda": 2.536043927532108e-07, "alpha": 0.005318593499415578}