{"max_depth": 6, "learning_rate": 0.11172908786562867, "subsample": 0.7426704691445771, "colsample_bytree": 0.7777594244913553, "gamma": 0.646681249244615, "lambda": 0.0002828617600514647, "alpha": 0.11941528567002943}