{"max_depth": 8, "learning_rate": 0.20164925154259672, "subsample": 0.6844219062207235, "colsample_bytree": 0.9036312145848857, "gamma": 3.3022415161112018, "lambda": 0.37686064320442947, "alpha": 0.3468867406421207}