{"max_depth": 3, "learning_rate": 0.24086571962234832, "subsample": 0.7250517051669623, "colsample_bytree": 0.6360506675869038, "gamma": 4.189140799337273, "lambda": 2.040829586209409e-07, "alpha": 0.0014095339405007165}