{"max_depth": 8, "learning_rate": 0.1590157017046369, "subsample": 0.9182112585613229, "colsample_bytree": 0.9240655241799047, "gamma": 4.964445314990222, "lambda": 0.00033849625018451127, "alpha": 4.182974256854548e-07}