{"max_depth": 5, "learning_rate": 0.14468124659170178, "subsample": 0.993323048528424, "colsample_bytree": 0.8455862622819648, "gamma": 2.1840963247268737, "lambda": 0.008551073232283645, "alpha": 2.576173010040098e-07}