{"max_depth": 3, "learning_rate": 0.26429364658212584, "subsample": 0.7517675002103609, "colsample_bytree": 0.9369509076178995, "gamma": 4.825596425849141, "lambda": 0.0014817626532469717, "alpha": 8.909825024724044e-08}