{"max_depth": 4, "learning_rate": 0.2697958436375528, "subsample": 0.9656533099071254, "colsample_bytree": 0.817546681363514, "gamma": 1.6003771967749385, "lambda": 0.0033776899061283804, "alpha": 1.3921338295915157e-05}