{"max_depth": 10, "learning_rate": 0.21383088848498735, "subsample": 0.980522011857176, "colsample_bytree": 0.563151946337052, "gamma": 1.2529579350465192, "lambda": 0.00011283037561912935, "alpha": 1.43164557060328e-08}