{"max_depth": 4, "learning_rate": 0.07691881696140887, "subsample": 0.9363277994981484, "colsample_bytree": 0.6232262193570316, "gamma": 3.411350793441366, "lambda": 0.09598533610888374, "alpha": 0.0003900335559248703}