{"max_depth": 6, "learning_rate": 0.25305075995891096, "subsample": 0.8471227763812975, "colsample_bytree": 0.8544594673842698, "gamma": 4.014601834181656, "lambda": 4.945619420215423e-08, "alpha": 2.1589757078975987e-05}