{"max_depth": 4, "learning_rate": 0.11583291016639788, "subsample": 0.8089300936955093, "colsample_bytree": 0.7466780056426618, "gamma": 2.3762697903072465, "lambda": 0.004603147243954846, "alpha": 0.0017232199346231118}