{"max_depth": 10, "learning_rate": 0.07579599426553303, "subsample": 0.5274925586213648, "colsample_bytree": 0.9801928076655362, "gamma": 2.0810573010395728, "lambda": 1.4657272641528748e-07, "alpha": 6.384521179215641e-06}