{"max_depth": 7, "learning_rate": 0.18896655130321452, "subsample": 0.9901218476276166, "colsample_bytree": 0.6533398450958028, "gamma": 0.8071977058758789, "lambda": 2.1866527756951346e-07, "alpha": 1.106571157006949e-06}