{"max_depth": 8, "learning_rate": 0.043683305338866114, "subsample": 0.6240459351964032, "colsample_bytree": 0.5026922147911507, "gamma": 3.706440676053466, "lambda": 0.0033137461800763035, "alpha": 0.018972194850184376}