{"max_depth": 3, "learning_rate": 0.07506222931934936, "subsample": 0.7085184166872553, "colsample_bytree": 0.8155481291417637, "gamma": 1.6012545939835854, "lambda": 0.0004105414059100764, "alpha": 9.175608778475169e-06}