{"max_depth": 5, "learning_rate": 0.12552074518631798, "subsample": 0.946009619644006, "colsample_bytree": 0.7871400623988036, "gamma": 3.6018724725320714, "lambda": 0.2745976146879104, "alpha": 0.00033844130160717037}