{"max_depth": 7, "learning_rate": 0.039017329286972116, "subsample": 0.9844449731021694, "colsample_bytree": 0.6623707085579873, "gamma": 4.901067946996006, "lambda": 5.660901398060759e-08, "alpha": 3.790346927524895e-06}