{"max_depth": 8, "learning_rate": 0.09743686200464464, "subsample": 0.737985281718367, "colsample_bytree": 0.9948536262861473, "gamma": 4.206655871248215, "lambda": 0.0019886900795138035, "alpha": 0.0018945742651292898}