{"max_depth": 10, "learning_rate": 0.26113891514835014, "subsample": 0.9013690487685765, "colsample_bytree": 0.6904343542027744, "gamma": 3.4462842667450797, "lambda": 0.07990495874112467, "alpha": 3.291159916744245e-05}