{"max_depth": 4, "learning_rate": 0.2501405280349808, "subsample": 0.5567087827100592, "colsample_bytree": 0.811849540873019, "gamma": 2.750990040091257, "lambda": 1.7826434775952182e-07, "alpha": 1.3538333557103248e-06}