{"max_depth": 5, "learning_rate": 0.25605433755861867, "subsample": 0.8950672279476874, "colsample_bytree": 0.6480876398452053, "gamma": 3.5249903797939606, "lambda": 0.4144374401966841, "alpha": 0.6521855647302931}