{"max_depth": 9, "learning_rate": 0.16903715449781334, "subsample": 0.7556094698569066, "colsample_bytree": 0.858470683545292, "gamma": 1.6783680916101944, "lambda": 0.11417374006292953, "alpha": 7.259764153048718e-07}