{"max_depth": 6, "learning_rate": 0.04469998716197489, "subsample": 0.6706042048064025, "colsample_bytree": 0.7603785599376764, "gamma": 3.263646910803236, "lambda": 0.000464659474572948, "alpha": 2.6321782653761554e-05}