{"max_depth": 6, "learning_rate": 0.24314017322380582, "subsample": 0.956594335054795, "colsample_bytree": 0.6928993636619435, "gamma": 1.9015555927224603, "lambda": 2.4533360909134267e-05, "alpha": 1.4279742264784478e-05}