{"max_depth": 3, "learning_rate": 0.22578078317284497, "subsample": 0.7550355975046608, "colsample_bytree": 0.633063269233323, "gamma": 4.360099443899557, "lambda": 4.262591609289585e-05, "alpha": 0.016461322834759498}