{"max_depth": 10, "learning_rate": 0.02731557601957659, "subsample": 0.5417864763537706, "colsample_bytree": 0.9503544412381041, "gamma": 0.9858276429482554, "lambda": 1.0381916892988789e-08, "alpha": 0.0002521857377720125}