{"max_depth": 5, "learning_rate": 0.05030984900239735, "subsample": 0.7795807497481294, "colsample_bytree": 0.7108408478680817, "gamma": 3.552667098214133, "lambda": 0.0017516879670967103, "alpha": 0.6666209105326149}