{"max_depth": 9, "learning_rate": 0.2175493372913338, "subsample": 0.6957886398671651, "colsample_bytree": 0.7429744446534694, "gamma": 0.4177967140501926, "lambda": 5.699388241654265e-07, "alpha": 0.005302044345762113}