{"max_depth": 7, "learning_rate": 0.27986880278099485, "subsample": 0.8033561879508408, "colsample_bytree": 0.5077138432332999, "gamma": 3.886046359712752, "lambda": 3.0302446941178137e-06, "alpha": 0.00021355849857759133}