{"max_depth": 3, "learning_rate": 0.1818285450285601, "subsample": 0.7688526681650292, "colsample_bytree": 0.5991343305025664, "gamma": 2.248782086171111, "lambda": 0.009575047479694468, "alpha": 9.926682653486741e-08}