{"max_depth": 7, "learning_rate": 0.14317757622098445, "subsample": 0.9990999178733712, "colsample_bytree": 0.7412295411034615, "gamma": 3.8984032628316845, "lambda": 0.6777308137195072, "alpha": 0.006310228555271111}