{"max_depth": 7, "learning_rate": 0.04234670578870919, "subsample": 0.5594440474966507, "colsample_bytree": 0.8691975358467603, "gamma": 3.9881817801273094, "lambda": 2.0173107484849976e-08, "alpha": 3.490226115858597e-07}