{"max_depth": 4, "learning_rate": 0.043560955945060896, "subsample": 0.6047467193280378, "colsample_bytree": 0.6502475911308616, "gamma": 2.224051679415067, "lambda": 0.09124137077039211, "alpha": 5.554972056473614e-06}