{"max_depth": 3, "learning_rate": 0.26607683810423105, "subsample": 0.9044358413445637, "colsample_bytree": 0.6406026445119566, "gamma": 1.2393857295367072, "lambda": 0.04627551153577313, "alpha": 0.031664724128072155}