{"max_depth": 7, "learning_rate": 0.24098636832105122, "subsample": 0.7788737062553045, "colsample_bytree": 0.5247648988842951, "gamma": 2.1090896532384633, "lambda": 2.2331956827373282e-07, "alpha": 1.1180389291291438e-07}