{"max_depth": 4, "learning_rate": 0.16139094235203771, "subsample": 0.8451334313338313, "colsample_bytree": 0.5187733910578334, "gamma": 1.6199476968716786, "lambda": 0.0016819485878414187, "alpha": 1.0214148787588603e-05}