{"max_depth": 9, "learning_rate": 0.08713079363124226, "subsample": 0.7638099533869565, "colsample_bytree": 0.5762340149743074, "gamma": 1.491864427993651, "lambda": 0.001669509065183215, "alpha": 0.1320675824492959}