{"max_depth": 3, "learning_rate": 0.21071342621795297, "subsample": 0.7517607212620515, "colsample_bytree": 0.728541304535929, "gamma": 0.1620057879765313, "lambda": 0.00020116729315429116, "alpha": 1.6139293563705262e-05}