{"max_depth": 6, "learning_rate": 0.011799800492461295, "subsample": 0.6776666731925793, "colsample_bytree": 0.9262710159290699, "gamma": 4.393646916791491, "lambda": 1.602176433145174e-06, "alpha": 0.5310524680732738}