{"max_depth": 10, "learning_rate": 0.20647481094368036, "subsample": 0.5619652503039134, "colsample_bytree": 0.9944160851723176, "gamma": 1.6611267625171566, "lambda": 1.3099246062461415e-06, "alpha": 8.363345758252392e-08}