{"max_depth": 10, "learning_rate": 0.19706895515025383, "subsample": 0.6575612088068599, "colsample_bytree": 0.9028595856608161, "gamma": 4.086162767507344, "lambda": 0.04573418510624773, "alpha": 7.943704878968013e-07}