{"max_depth": 8, "learning_rate": 0.13410892259621943, "subsample": 0.9731329636945265, "colsample_bytree": 0.7998105589871646, "gamma": 4.629688152046851, "lambda": 0.001957607387976266, "alpha": 2.4178316988364903e-06}