{"max_depth": 5, "learning_rate": 0.15359001872802508, "subsample": 0.6249450669781089, "colsample_bytree": 0.5388833468843538, "gamma": 1.6195576010264001, "lambda": 9.934195281205402e-08, "alpha": 1.0912794392188056e-05}