{"max_depth": 8, "learning_rate": 0.18161300087418042, "subsample": 0.9394275082803207, "colsample_bytree": 0.5216713007903633, "gamma": 1.0873806725592212, "lambda": 1.9142404431239496e-05, "alpha": 1.9119670031251613e-05}