{"max_depth": 7, "learning_rate": 0.24196957978013267, "subsample": 0.7380688917311535, "colsample_bytree": 0.63432376313982, "gamma": 3.8791358264824582, "lambda": 0.04125883493597642, "alpha": 0.9620981136807824}