{"max_depth": 6, "learning_rate": 0.07094424828569083, "subsample": 0.7867759510819747, "colsample_bytree": 0.5556495986186107, "gamma": 3.850376398998621, "lambda": 0.014574188597097186, "alpha": 0.00037106169268045553}