{"max_depth": 4, "learning_rate": 0.013854117869664586, "subsample": 0.543805581359366, "colsample_bytree": 0.550284834624402, "gamma": 4.3491496898577555, "lambda": 5.267154168469031e-06, "alpha": 0.01476383033709112}