{"max_depth": 9, "learning_rate": 0.1989906550815845, "subsample": 0.8425375450756039, "colsample_bytree": 0.7726300346623826, "gamma": 1.3250917427652635, "lambda": 2.9150189970272706e-07, "alpha": 0.004514408798313514}