{"max_depth": 4, "learning_rate": 0.1894183698108212, "subsample": 0.8770265297606725, "colsample_bytree": 0.8568254582236514, "gamma": 1.443128598433271, "lambda": 0.03893486291117366, "alpha": 0.00013190930711608402}