{"max_depth": 10, "learning_rate": 0.11016349024876747, "subsample": 0.9122186754631363, "colsample_bytree": 0.9971956398911428, "gamma": 2.4197279492175294, "lambda": 2.075148968867295e-05, "alpha": 3.202811733247921e-08}