{"max_depth": 4, "learning_rate": 0.08025620590401722, "subsample": 0.8940797741237125, "colsample_bytree": 0.9175001353232777, "gamma": 4.787394225338203, "lambda": 0.8760180241447478, "alpha": 0.03483673232409413}