{"max_depth": 5, "learning_rate": 0.17129842995535902, "subsample": 0.8610948869490994, "colsample_bytree": 0.8946833396542933, "gamma": 2.2842784032731895, "lambda": 3.0223049078114464e-07, "alpha": 0.18154781709741885}