{"max_depth": 7, "learning_rate": 0.07725129298832091, "subsample": 0.5091111236064767, "colsample_bytree": 0.6396620702159164, "gamma": 2.9545173603074315, "lambda": 0.5159879539402539, "alpha": 9.153330503005451e-05}