{"max_depth": 4, "learning_rate": 0.02779338888761218, "subsample": 0.9410906212291681, "colsample_bytree": 0.9561799147519796, "gamma": 3.073106008904029, "lambda": 6.689708621025493e-06, "alpha": 4.2810916777024755e-06}