{"max_depth": 3, "learning_rate": 0.12944799683125777, "subsample": 0.9177964844543691, "colsample_bytree": 0.9684280974334438, "gamma": 2.464633259819599, "lambda": 2.2589055035354026e-06, "alpha": 0.00042762550214790903}