{"max_depth": 8, "learning_rate": 0.05923150888095484, "subsample": 0.5248970920696296, "colsample_bytree": 0.8384876124084212, "gamma": 3.753050798373236, "lambda": 0.07404107648640912, "alpha": 7.918312671144049e-07}