{"max_depth": 5, "learning_rate": 0.14349882443565423, "subsample": 0.515783746460841, "colsample_bytree": 0.7721705383941165, "gamma": 4.403212193065988, "lambda": 2.507805319436913e-07, "alpha": 0.22628014872510566}