{"max_depth": 3, "learning_rate": 0.15726548084003542, "subsample": 0.6790277136171896, "colsample_bytree": 0.6043537613876169, "gamma": 3.269344405388405, "lambda": 1.3277187790060517e-05, "alpha": 2.6951415889783674e-07}