{"max_depth": 6, "learning_rate": 0.19679064981044003, "subsample": 0.7366808498342414, "colsample_bytree": 0.6773026792827395, "gamma": 1.9951448369419507, "lambda": 4.016129105165819e-07, "alpha": 0.031808716988649}