{"max_depth": 7, "learning_rate": 0.21745999580116812, "subsample": 0.8404410654992942, "colsample_bytree": 0.8946653443320303, "gamma": 2.670617589939135, "lambda": 6.979193333598755e-06, "alpha": 2.4369595466969054e-06}