{"max_depth": 4, "learning_rate": 0.2680466649910397, "subsample": 0.9197069170659646, "colsample_bytree": 0.9443660936423348, "gamma": 4.373606801968877, "lambda": 0.00010526914294584769, "alpha": 1.2979843317950912e-07}