{"max_depth": 9, "learning_rate": 0.19510151048354638, "subsample": 0.7268615443918759, "colsample_bytree": 0.86876841216292, "gamma": 4.368066924994919, "lambda": 0.8436198799865298, "alpha": 0.0005092123285301452}