{"max_depth": 7, "learning_rate": 0.10339164765892091, "subsample": 0.5958664409686882, "colsample_bytree": 0.5232355829465126, "gamma": 4.230588054119546, "lambda": 0.0002673839698501392, "alpha": 0.00015172103311021927}