{"max_depth": 6, "learning_rate": 0.06004887933841251, "subsample": 0.5883991884590254, "colsample_bytree": 0.8434376458156447, "gamma": 1.5948440028086424, "lambda": 1.8768266221168443e-07, "alpha": 0.7160020707618288}