{"max_depth": 8, "learning_rate": 0.23003061899400218, "subsample": 0.5097500220908873, "colsample_bytree": 0.7642726283167665, "gamma": 1.7150261456604365, "lambda": 1.992409011154865e-06, "alpha": 0.2184739231462319}