{"max_depth": 5, "learning_rate": 0.2469167261494698, "subsample": 0.7149750076634505, "colsample_bytree": 0.6270216170388365, "gamma": 4.6467477658646885, "lambda": 2.7266867531336673e-08, "alpha": 0.49236760112712125}