{"max_depth": 3, "learning_rate": 0.014920124072295968, "subsample": 0.7307772358986873, "colsample_bytree": 0.8910601699312168, "gamma": 1.4312390826440495, "lambda": 0.0004754404281388314, "alpha": 4.366142272336137e-08}