{"max_depth": 10, "learning_rate": 0.0562902795876588, "subsample": 0.6511664125220973, "colsample_bytree": 0.6657171138621523, "gamma": 0.8872845825720471, "lambda": 0.02171910170302469, "alpha": 0.03935920785175787}