{"max_depth": 4, "learning_rate": 0.03148987112450775, "subsample": 0.7546038420452621, "colsample_bytree": 0.725715611090662, "gamma": 2.6983158205295945, "lambda": 0.1486967725644537, "alpha": 0.0038888660554295793}