{"max_depth": 3, "learning_rate": 0.22177424549528013, "subsample": 0.636443451955077, "colsample_bytree": 0.85443405028039, "gamma": 4.60490526274093, "lambda": 4.4797117748707904e-05, "alpha": 0.0017823733901281016}