{"max_depth": 5, "learning_rate": 0.22073880963111706, "subsample": 0.8222265579997644, "colsample_bytree": 0.5679445573458619, "gamma": 1.3207467468739031, "lambda": 4.273366279781149e-05, "alpha": 0.001993746230544666}