{"max_depth": 3, "learning_rate": 0.1024127739384963, "subsample": 0.526725809722846, "colsample_bytree": 0.6803422206690716, "gamma": 2.1123881973378076, "lambda": 6.00593167266528e-07, "alpha": 0.051562732403868494}