{"max_depth": 8, "learning_rate": 0.0289229016435556, "subsample": 0.563020632410238, "colsample_bytree": 0.6812652840195956, "gamma": 4.499751795378674, "lambda": 0.00017146797034598392, "alpha": 0.0161135683981153}