{"max_depth": 9, "learning_rate": 0.10242095817134522, "subsample": 0.791204357730602, "colsample_bytree": 0.574680865844581, "gamma": 3.068021643958243, "lambda": 0.0001905896805487601, "alpha": 5.5170839611749106e-05}