{"max_depth": 7, "learning_rate": 0.20210729899988172, "subsample": 0.5339851130879363, "colsample_bytree": 0.780081324329764, "gamma": 4.880972615648261, "lambda": 2.124987365352991e-05, "alpha": 0.10613709789406928}