{"max_depth": 9, "learning_rate": 0.12208344604092701, "subsample": 0.5670408950272532, "colsample_bytree": 0.5893215864575936, "gamma": 3.496465869081823, "lambda": 2.681955702627007e-07, "alpha": 2.0261492079708e-05}