{"max_depth": 3, "learning_rate": 0.2811279514303745, "subsample": 0.9498957731350393, "colsample_bytree": 0.6946601026952308, "gamma": 2.0476288451060527, "lambda": 0.009906308462090325, "alpha": 0.07515381586612627}