{"max_depth": 9, "learning_rate": 0.08892742725312287, "subsample": 0.9269434378189394, "colsample_bytree": 0.5313621260492268, "gamma": 2.2859564103949648, "lambda": 0.14792041448390483, "alpha": 2.8087914163367523e-05}