{"max_depth": 6, "learning_rate": 0.14484867658819583, "subsample": 0.8432443327077792, "colsample_bytree": 0.8110258158147912, "gamma": 2.171827296576199, "lambda": 0.05264139493876261, "alpha": 0.6398648606460393}