{"max_depth": 3, "learning_rate": 0.13414244953554277, "subsample": 0.5101036224726869, "colsample_bytree": 0.8910155105144721, "gamma": 4.486174109447492, "lambda": 0.056265024212854856, "alpha": 3.571730648089359e-06}