{"max_depth": 7, "learning_rate": 0.0800095161947485, "subsample": 0.7049209129299483, "colsample_bytree": 0.9500364208846821, "gamma": 0.402718030534851, "lambda": 0.012579862998093685, "alpha": 5.8214030012405405e-05}