{"max_depth": 7, "learning_rate": 0.08319549413859648, "subsample": 0.5297341534953788, "colsample_bytree": 0.9689918889779044, "gamma": 3.2873899647717875, "lambda": 0.4746686587482828, "alpha": 7.262646337695538e-08}