{"max_depth": 5, "learning_rate": 0.16325853354366868, "subsample": 0.968723204705638, "colsample_bytree": 0.9592931805137792, "gamma": 0.587466517367356, "lambda": 1.6528844332804478e-06, "alpha": 4.2837741798324884e-07}