{"max_depth": 9, "learning_rate": 0.2225446285020745, "subsample": 0.6781253115590231, "colsample_bytree": 0.6038034636179078, "gamma": 0.9246914516317573, "lambda": 0.0003816201976662126, "alpha": 1.3707247897420196e-07}