{"max_depth": 4, "learning_rate": 0.2969142049307635, "subsample": 0.8030786532885285, "colsample_bytree": 0.5622081957053506, "gamma": 0.728791681946529, "lambda": 8.886768433129806e-08, "alpha": 0.6464675634557852}