{"max_depth": 3, "learning_rate": 0.04858248265281915, "subsample": 0.7309850468652022, "colsample_bytree": 0.7945166285725023, "gamma": 1.3982260630850258, "lambda": 2.0976300803059277e-05, "alpha": 0.0011884446297474628}