{"max_depth": 5, "learning_rate": 0.023311645656057364, "subsample": 0.6386175414874098, "colsample_bytree": 0.9179731066483774, "gamma": 2.267267042342051, "lambda": 3.079886613865046e-08, "alpha": 4.672375254704008e-07}