{"max_depth": 4, "learning_rate": 0.29368675755821444, "subsample": 0.7856709354921735, "colsample_bytree": 0.9393932919435846, "gamma": 1.4283855724459094, "lambda": 5.554174970733252e-08, "alpha": 0.00013185177315488703}