{"max_depth": 9, "learning_rate": 0.22533062883325145, "subsample": 0.6823935878245242, "colsample_bytree": 0.5077143976986564, "gamma": 0.11580802953547853, "lambda": 2.8012895250514024e-06, "alpha": 9.748518669729347e-05}