{"max_depth": 5, "learning_rate": 0.01587932286357311, "subsample": 0.8301026060236647, "colsample_bytree": 0.6089336893056223, "gamma": 4.395002061197531, "lambda": 1.7715570935491493e-05, "alpha": 2.831020951705898e-06}