{"max_depth": 4, "learning_rate": 0.08486628448907915, "subsample": 0.8664840384095405, "colsample_bytree": 0.8425063452108243, "gamma": 1.4280376986466958, "lambda": 0.10884924656189722, "alpha": 0.022375850352342904}