{"max_depth": 9, "learning_rate": 0.09185222187272901, "subsample": 0.7151634840036928, "colsample_bytree": 0.6370984345812103, "gamma": 3.4043662802299917, "lambda": 5.885797477367292e-07, "alpha": 0.8115773270019431}