{"max_depth": 3, "learning_rate": 0.016485642156999762, "subsample": 0.8221263605717908, "colsample_bytree": 0.7196064957494284, "gamma": 1.435594246299146, "lambda": 4.5123486316466985e-06, "alpha": 0.005991181614238772}