{"max_depth": 9, "learning_rate": 0.07558259754111574, "subsample": 0.6087307234220791, "colsample_bytree": 0.8413505221166473, "gamma": 1.65945214542225, "lambda": 0.0014147746727143173, "alpha": 2.7836049212622807e-06}