{"max_depth": 9, "learning_rate": 0.2669440898736589, "subsample": 0.947021548011763, "colsample_bytree": 0.8686878708967946, "gamma": 3.1022240874551823, "lambda": 1.2722662394785451e-06, "alpha": 0.00023869031410066755}