{"max_depth": 3, "learning_rate": 0.028986928431742477, "subsample": 0.9803099038347552, "colsample_bytree": 0.7861187193576155, "gamma": 0.2152127719357294, "lambda": 1.3205239222868703e-07, "alpha": 8.739595055784258e-07}