{"max_depth": 8, "learning_rate": 0.25634610172033595, "subsample": 0.7667115736583754, "colsample_bytree": 0.9612672554626092, "gamma": 4.918711605431327, "lambda": 7.922735140889324e-05, "alpha": 3.5144113447075006e-06}