{"max_depth": 4, "learning_rate": 0.14424486828244248, "subsample": 0.726859306047507, "colsample_bytree": 0.6280754152989663, "gamma": 1.9014429813199318, "lambda": 2.4543166543665104e-07, "alpha": 2.0612963430231167e-08}