{"max_depth": 4, "learning_rate": 0.1111129765576131, "subsample": 0.712179967188223, "colsample_bytree": 0.7264655114363547, "gamma": 2.324841526023753, "lambda": 2.722678520676509e-05, "alpha": 8.625178266922272e-05}