{"max_depth": 7, "learning_rate": 0.06853941413401372, "subsample": 0.572129596566491, "colsample_bytree": 0.750655219514337, "gamma": 4.391576156728608, "lambda": 0.4715899365020582, "alpha": 0.07274995374785699}