{"max_depth": 5, "learning_rate": 0.24719121011426554, "subsample": 0.7125632531292825, "colsample_bytree": 0.7463871156516667, "gamma": 4.276995819461487, "lambda": 6.850363724060081e-06, "alpha": 3.143450928115214e-08}