{"max_depth": 5, "learning_rate": 0.13283061716891165, "subsample": 0.767328407545417, "colsample_bytree": 0.8872957597855177, "gamma": 0.8597447711507933, "lambda": 0.0013843938810061491, "alpha": 0.6893061526363284}