{"max_depth": 4, "learning_rate": 0.021565654894980038, "subsample": 0.8152353465387285, "colsample_bytree": 0.6272871025688569, "gamma": 4.148791907482572, "lambda": 0.0029908412965910587, "alpha": 1.7108592440241348e-05}