{"max_depth": 5, "learning_rate": 0.012209807075335975, "subsample": 0.5336226645031358, "colsample_bytree": 0.5184371448655022, "gamma": 0.4136500396494619, "lambda": 2.6476293617717798e-08, "alpha": 3.5910999170584163e-06}