{"sequence_length": 5, "hidden_size": 102, "num_layers": 2, "num_blocks": 5, "dropout_rate": 0.24193691843144288, "epochs": 461, "lr": 0.0020714194007224753}