{"sequence_length": 12, "hidden_size": 128, "num_layers": 3, "num_blocks": 2, "dropout_rate": 0.4632377785362551, "lr": 0.008791642042732152}