{"sequence_length": 14, "hidden_size": 62, "num_layers": 1, "num_blocks": 1, "dropout_rate": 0.11395792227022726, "epochs": 712, "lr": 0.0005992692879546617}