{"sequence_length": 3, "hidden_size": 113, "num_layers": 1, "num_blocks": 4, "dropout_rate": 0.202309434447423, "lr": 0.007259284669051593}