{"sequence_length": 20, "hidden_size": 67, "num_layers": 3, "num_blocks": 1, "dropout_rate": 0.32883661152663995, "epochs": 357, "lr": 0.0019367757269006004}