{"sequence_length": 9, "hidden_size": 115, "num_layers": 3, "num_blocks": 1, "dropout_rate": 0.13224096960835274, "lr": 0.0011113956741934086}