{"sequence_length": 15, "hidden_size": 53, "num_layers": 1, "num_blocks": 4, "dropout_rate": 0.34102044450970886, "lr": 0.006863512271887355}