{"out_channels": 54, "kernel_size": 6, "num_blocks": 1, "l2_lambda": 0.002260593064582647, "dropout_rate": 0.16961342987829559, "lr": 0.05290510665184873, "batch_size": 37}