{"out_channels": 43, "kernel_size": 3, "num_blocks": 3, "l2_lambda": 0.009482233099902844, "dropout_rate": 0.49606476356858575, "lr": 0.03146338312043684, "batch_size": 131}