{"out_channels": 23, "kernel_size": 3, "num_blocks": 2, "l2_lambda": 0.005117251442323884, "dropout_rate": 0.4656833272251515, "lr": 0.02291150931544521, "batch_size": 238}