{"out_channels": 53, "kernel_size": 3, "num_blocks": 1, "l2_lambda": 0.0042329685650735645, "dropout_rate": 0.4801848619698418, "lr": 0.09129214515103364, "batch_size": 239}