{"out_channels": 93, "kernel_size": 7, "num_blocks": 2, "l2_lambda": 0.007342141525064917, "dropout_rate": 0.28583568078211236, "lr": 0.025014495234857496, "batch_size": 69}