{"out_channels": 112, "kernel_size": 7, "num_blocks": 1, "l2_lambda": 0.0009608454663390902, "dropout_rate": 0.40345690890131036, "lr": 0.011509903240485153, "batch_size": 198}