{"out_channels": 64, "kernel_size": 3, "num_blocks": 1, "l2_lambda": 9.763135371128859e-05, "dropout_rate": 0.26501349904152804, "lr": 0.06853055063701964, "batch_size": 187}