{"out_channels": 45, "kernel_size": 3, "num_blocks": 1, "l2_lambda": 0.0094760517884237, "dropout_rate": 0.29972851665421996, "lr": 0.07802020365485039, "batch_size": 40}