{"out_channels": 23, "kernel_size": 7, "num_blocks": 3, "l2_lambda": 0.00860898574525563, "dropout_rate": 0.49398251881232935, "lr": 0.06916925226619308, "batch_size": 188}