{"out_channels": 58, "kernel_size": 5, "num_blocks": 3, "l2_lambda": 0.005408127457227275, "dropout_rate": 0.24020017878225708, "lr": 0.05198780713389663, "batch_size": 69}