{"out_channels": 71, "kernel_size": 4, "num_blocks": 3, "l2_lambda": 0.0013833792767117964, "dropout_rate": 0.30432701368168336, "lr": 0.05867346678181236, "batch_size": 33}