{"out_channels": 99, "kernel_size": 7, "num_blocks": 1, "l2_lambda": 0.008717897167397782, "dropout_rate": 0.22731638119314745, "lr": 0.02850060300401789, "batch_size": 182}