{"out_channels": 116, "kernel_size": 7, "num_blocks": 2, "l2_lambda": 0.002373206262947757, "dropout_rate": 0.4174481121145387, "lr": 0.041074795534989474, "batch_size": 217}