{"out_channels": 32, "kernel_size": 3, "num_blocks": 2, "l2_lambda": 0.0030083674993011305, "dropout_rate": 0.43626740991371793, "lr": 0.004669614997507236, "batch_size": 59}