{"out_channels": 93, "kernel_size": 7, "num_blocks": 3, "l2_lambda": 0.0022904970369498606, "dropout_rate": 0.45565802305307823, "lr": 0.0495916161739823, "batch_size": 84}