{"out_channels": 51, "kernel_size": 7, "num_blocks": 1, "l2_lambda": 0.0032686128491403823, "dropout_rate": 0.24072480867327434, "lr": 0.045409269984291796, "batch_size": 178}