{"out_channels": 18, "kernel_size": 3, "num_blocks": 1, "l2_lambda": 0.005868982937452289, "dropout_rate": 0.30696531631470286, "lr": 0.05545646737500233, "batch_size": 31}