{"out_channels": 115, "kernel_size": 3, "num_blocks": 3, "l2_lambda": 0.003293112787269413, "dropout_rate": 0.3301909658276523, "lr": 0.0811494792412662, "batch_size": 98}