{"out_channels": 88, "kernel_size": 6, "num_blocks": 1, "l2_lambda": 0.0011113014705862905, "dropout_rate": 0.20215529749240502, "lr": 0.084279529512388, "batch_size": 25}