{"out_channels": 87, "kernel_size": 4, "num_blocks": 3, "l2_lambda": 0.003750128740047891, "dropout_rate": 0.20425491364531592, "lr": 0.011311971358816597, "batch_size": 109}