{"out_channels": 121, "kernel_size": 4, "num_blocks": 1, "l2_lambda": 0.0002445288547342555, "dropout_rate": 0.44589019149609355, "lr": 0.06397258867928503, "batch_size": 120}