{"out_channels": 44, "kernel_size": 5, "num_blocks": 3, "l2_lambda": 0.002443262849364781, "dropout_rate": 0.31855077612299576, "lr": 0.05292000270915221, "batch_size": 112}