{"out_channels": 54, "kernel_size": 6, "num_blocks": 1, "l2_lambda": 0.0034159458456400507, "dropout_rate": 0.20899079451879016, "lr": 0.07118273575751788, "batch_size": 66}