{"out_channels": 30, "kernel_size": 7, "num_blocks": 1, "l2_lambda": 0.0023310234050569704, "dropout_rate": 0.3696306377974915, "lr": 0.006403629654572982, "batch_size": 90}