{"out_channels": 123, "kernel_size": 6, "num_blocks": 3, "l2_lambda": 0.006765030868626283, "dropout_rate": 0.3069347256812609, "lr": 0.058818681127374914, "batch_size": 201}