{"out_channels": 52, "kernel_size": 4, "num_blocks": 1, "l2_lambda": 0.0016137042412428064, "dropout_rate": 0.28034783177987643, "lr": 0.08549684526528445, "batch_size": 39}