{"out_channels": 58, "kernel_size": 7, "num_blocks": 1, "l2_lambda": 0.001080706563462483, "dropout_rate": 0.20754432062533235, "lr": 0.04347491423361986, "batch_size": 23}