{"out_channels": 105, "kernel_size": 7, "num_blocks": 2, "l2_lambda": 0.00044461461669409707, "dropout_rate": 0.1387518322433776, "lr": 0.09299670134991776, "batch_size": 244}