{"out_channels": 58, "kernel_size": 6, "num_blocks": 1, "l2_lambda": 0.009700639733189447, "dropout_rate": 0.40399248133931465, "lr": 0.07374197496140446, "batch_size": 100}