{"out_channels": 57, "kernel_size": 6, "num_blocks": 2, "l2_lambda": 0.0008093385350694583, "dropout_rate": 0.1666378357875026, "lr": 0.04692620522354996, "batch_size": 183}