{"out_channels": 19, "kernel_size": 3, "num_blocks": 3, "l2_lambda": 0.0010491255658814866, "dropout_rate": 0.16193338790040668, "lr": 0.07703430132249277, "batch_size": 161}