{"out_channels": 85, "kernel_size": 6, "num_blocks": 3, "l2_lambda": 0.0027918787465120672, "dropout_rate": 0.17727522415779245, "lr": 0.07097438854593412, "batch_size": 247}