{"out_channels": 80, "kernel_size": 4, "num_blocks": 3, "l2_lambda": 0.0035090529642333858, "dropout_rate": 0.3599453558945632, "lr": 0.009989772075509268, "batch_size": 34}