{"out_channels": 43, "kernel_size": 5, "num_blocks": 2, "l2_lambda": 0.0060565459494593896, "dropout_rate": 0.17204413684372577, "lr": 0.0027622904365520997, "batch_size": 115}