{"out_channels": 49, "kernel_size": 3, "num_blocks": 2, "l2_lambda": 0.0039061472211444157, "dropout_rate": 0.4138336682196996, "lr": 0.0007048839543818591, "batch_size": 130}