{"out_channels": 53, "kernel_size": 3, "num_blocks": 3, "l2_lambda": 0.009809163772079035, "dropout_rate": 0.3066122528727935, "lr": 0.04937096533366025, "batch_size": 153}