{"out_channels": 52, "kernel_size": 4, "num_blocks": 1, "l2_lambda": 0.0015921973011793669, "dropout_rate": 0.177000911392724, "lr": 0.07938118683903146, "batch_size": 27}