{"out_channels": 80, "kernel_size": 7, "num_blocks": 3, "l2_lambda": 0.0050733162773571846, "dropout_rate": 0.4202154491045702, "lr": 0.05783106679429019, "batch_size": 51}