{"out_channels": 67, "kernel_size": 3, "num_blocks": 3, "l2_lambda": 0.00446263821964455, "dropout_rate": 0.4465622510688161, "lr": 0.0244314693740426, "batch_size": 90}