{"out_channels": 55, "kernel_size": 6, "num_blocks": 2, "l2_lambda": 0.00446516083523978, "dropout_rate": 0.33838063552147934, "lr": 0.03862939824499746, "batch_size": 129}