{"out_channels": 28, "kernel_size": 5, "num_blocks": 2, "l2_lambda": 0.00765634014468149, "dropout_rate": 0.36929027815903037, "lr": 0.095648431775975, "batch_size": 236}