{"out_channels": 28, "kernel_size": 4, "num_blocks": 1, "l2_lambda": 0.0025398090708707785, "dropout_rate": 0.13288294019899702, "lr": 0.013431996262079523, "batch_size": 90}