{"out_channels": 47, "kernel_size": 5, "num_blocks": 1, "l2_lambda": 0.007297669214219724, "dropout_rate": 0.45416990204762897, "lr": 0.08199636525342974, "batch_size": 212}