{"out_channels": 73, "kernel_size": 6, "num_blocks": 1, "l2_lambda": 0.0017060733873481891, "dropout_rate": 0.15092857634650514, "lr": 0.020261339059802413, "batch_size": 177}