{"out_channels": 90, "kernel_size": 6, "num_blocks": 2, "l2_lambda": 0.006969439496168402, "dropout_rate": 0.3964500104879073, "lr": 0.06672279806766984, "batch_size": 174}