{"out_channels": 68, "kernel_size": 5, "num_blocks": 3, "l2_lambda": 0.005244193866929196, "dropout_rate": 0.3162420465310515, "lr": 0.0672201971217245, "batch_size": 181}