{"out_channels": 38, "kernel_size": 5, "num_blocks": 2, "l2_lambda": 0.007209159773622809, "dropout_rate": 0.29021734778677055, "lr": 0.014490999829084496, "batch_size": 64}