{"out_channels": 90, "kernel_size": 4, "num_blocks": 3, "l2_lambda": 0.004431124306701193, "dropout_rate": 0.2986229135071694, "lr": 0.040659577298393666, "batch_size": 234}