{"out_channels": 40, "kernel_size": 5, "num_blocks": 3, "l2_lambda": 0.0024374875797321042, "dropout_rate": 0.3490725471952672, "lr": 0.05561419756435385, "batch_size": 66}