{"out_channels": 81, "kernel_size": 5, "num_blocks": 3, "l2_lambda": 0.0018693908964138876, "dropout_rate": 0.18209359370939696, "lr": 0.06236219378741778, "batch_size": 241}