{"out_channels": 52, "kernel_size": 4, "num_blocks": 2, "l2_lambda": 0.0097097144104151, "dropout_rate": 0.4354808736494915, "lr": 0.071122761795229, "batch_size": 245}