{"out_channels": 42, "kernel_size": 3, "num_blocks": 3, "l2_lambda": 0.005565934514556492, "dropout_rate": 0.40873653705472457, "lr": 0.09912613278993267, "batch_size": 22}