{"out_channels": 102, "kernel_size": 4, "num_blocks": 1, "l2_lambda": 0.00955938322137525, "dropout_rate": 0.3090040358043412, "lr": 0.09248220067330176, "batch_size": 251}