{"out_channels": 53, "kernel_size": 4, "num_blocks": 3, "l2_lambda": 0.002094034920823072, "dropout_rate": 0.2477847153120156, "lr": 0.018078823972264797, "batch_size": 59}