{"out_channels": 31, "kernel_size": 7, "num_blocks": 3, "l2_lambda": 0.0021013894691355676, "dropout_rate": 0.14464086525826236, "lr": 0.037783404275627916, "batch_size": 197}