{"out_channels": 93, "kernel_size": 5, "num_blocks": 1, "l2_lambda": 0.009913168679822252, "dropout_rate": 0.3555224057621864, "lr": 0.09719152954818665, "batch_size": 65}