{"out_channels": 43, "kernel_size": 5, "num_blocks": 3, "l2_lambda": 0.0024469687869362795, "dropout_rate": 0.46114278008778353, "lr": 0.010904015545698283, "batch_size": 75}