{"out_channels": 50, "kernel_size": 7, "num_blocks": 1, "l2_lambda": 0.007194456451467161, "dropout_rate": 0.23413488731471999, "lr": 0.08037923956906617, "batch_size": 184}