{"out_channels": 80, "kernel_size": 6, "num_blocks": 3, "l2_lambda": 0.0057260158189484526, "dropout_rate": 0.1002134877613937, "lr": 0.09997931486069886, "batch_size": 214}