{"out_channels": 68, "kernel_size": 5, "num_blocks": 2, "l2_lambda": 0.008247472062732374, "dropout_rate": 0.46973033557789934, "lr": 0.0431763542593938, "batch_size": 55}