{"out_channels": 26, "kernel_size": 7, "num_blocks": 3, "l2_lambda": 0.005164377897685147, "dropout_rate": 0.19128679818940655, "lr": 0.09160019725992755, "batch_size": 25}