{"out_channels": 109, "kernel_size": 3, "num_blocks": 2, "l2_lambda": 0.00524702771094015, "dropout_rate": 0.19545852479415535, "lr": 0.01436816677234511, "batch_size": 150}