{"out_channels": 44, "kernel_size": 4, "num_blocks": 1, "l2_lambda": 0.00836918529665796, "dropout_rate": 0.368328127186033, "lr": 0.03428044815340649, "batch_size": 53}