{"out_channels": 37, "kernel_size": 3, "num_blocks": 3, "l2_lambda": 0.008131891294677259, "dropout_rate": 0.38833972410302187, "lr": 0.0188731390494731, "batch_size": 111}