{"out_channels": 74, "kernel_size": 6, "num_blocks": 1, "l2_lambda": 0.0011599107138458623, "dropout_rate": 0.16434121987136324, "lr": 0.05062081365789913, "batch_size": 167}