{"out_channels": 27, "kernel_size": 3, "num_blocks": 1, "l2_lambda": 0.009326528837915059, "dropout_rate": 0.3354301389987362, "lr": 0.09759566765832159, "batch_size": 89}