{"out_channels": 44, "kernel_size": 3, "num_blocks": 3, "l2_lambda": 0.00035825912229644585, "dropout_rate": 0.38376268375241485, "lr": 0.08987765365714077, "batch_size": 231}