{"out_channels": 61, "kernel_size": 3, "num_blocks": 2, "l2_lambda": 0.006699286625825974, "dropout_rate": 0.13882415086881755, "lr": 0.05420902518985644, "batch_size": 245}