{"out_channels": 58, "kernel_size": 7, "num_blocks": 3, "l2_lambda": 0.009791469007324999, "dropout_rate": 0.3483873353658958, "lr": 0.004859605041212804, "batch_size": 222}