{"out_channels": 38, "kernel_size": 6, "num_blocks": 3, "l2_lambda": 0.004420437268140782, "dropout_rate": 0.4545021650846125, "lr": 0.043904238199852084, "batch_size": 155}