{"out_channels": 120, "kernel_size": 6, "num_blocks": 1, "l2_lambda": 0.008961945786242011, "dropout_rate": 0.39733986445037195, "lr": 0.008444399927798302, "batch_size": 98}