{"out_channels": 120, "kernel_size": 7, "num_blocks": 3, "l2_lambda": 0.005769638762379953, "dropout_rate": 0.4596028502172663, "lr": 0.039419674618895166, "batch_size": 185}