{"out_channels": 45, "kernel_size": 6, "num_blocks": 3, "l2_lambda": 0.004835682008982392, "dropout_rate": 0.1387317439713229, "lr": 0.06088698084139553, "batch_size": 225}