{"out_channels": 114, "kernel_size": 5, "num_blocks": 2, "l2_lambda": 0.0059673615571525325, "dropout_rate": 0.1531851306231074, "lr": 0.02669841088962304, "batch_size": 54}