{"out_channels": 17, "kernel_size": 4, "num_blocks": 1, "l2_lambda": 0.0065455776296209295, "dropout_rate": 0.2562700033786154, "lr": 0.05563691230727075, "batch_size": 130}