{"out_channels": 57, "kernel_size": 5, "num_blocks": 1, "l2_lambda": 0.002471257045670238, "dropout_rate": 0.4419033493757779, "lr": 0.02004017439060353, "batch_size": 102}