{"out_channels": 81, "kernel_size": 6, "num_blocks": 2, "l2_lambda": 0.0007064384208878607, "dropout_rate": 0.30946898602129935, "lr": 0.05728320620835411, "batch_size": 153}