{"out_channels": 54, "kernel_size": 5, "num_blocks": 3, "l2_lambda": 0.003454225687561322, "dropout_rate": 0.4265100130213887, "lr": 0.0494498875712502, "batch_size": 183}