{"out_channels": 91, "kernel_size": 3, "num_blocks": 3, "l2_lambda": 0.005736450427922624, "dropout_rate": 0.36383051792596943, "lr": 0.06901178544831639, "batch_size": 148}