{"out_channels": 71, "kernel_size": 4, "num_blocks": 3, "l2_lambda": 0.00921995296463739, "dropout_rate": 0.1879993730586898, "lr": 0.054157007341504616, "batch_size": 229}