{"out_channels": 59, "kernel_size": 5, "num_blocks": 3, "l2_lambda": 0.005692128523733227, "dropout_rate": 0.12180199646131787, "lr": 0.08484890449268741, "batch_size": 240}