{"out_channels": 19, "kernel_size": 4, "num_blocks": 1, "l2_lambda": 0.006976405590210614, "dropout_rate": 0.36551568160582426, "lr": 0.004284159602267414, "batch_size": 47}