{"out_channels": 49, "kernel_size": 7, "num_blocks": 3, "l2_lambda": 0.007820907696967791, "dropout_rate": 0.21172793283253544, "lr": 0.015910582545883612, "batch_size": 49}