{"out_channels": 31, "kernel_size": 4, "num_blocks": 3, "l2_lambda": 0.009445856477380254, "dropout_rate": 0.15999097562375347, "lr": 0.06393834482650468, "batch_size": 224}