{"out_channels": 37, "kernel_size": 4, "num_blocks": 1, "l2_lambda": 0.004036305776589746, "dropout_rate": 0.34772665347279164, "lr": 0.013031466429537843, "batch_size": 233}