{"out_channels": 104, "kernel_size": 4, "num_blocks": 1, "l2_lambda": 0.009585904271651437, "dropout_rate": 0.4816322334433957, "lr": 0.01347895230094338, "batch_size": 198}