{"out_channels": 17, "kernel_size": 7, "num_blocks": 2, "l2_lambda": 0.004521749501278979, "dropout_rate": 0.3929770817705236, "lr": 0.03574850528824936, "batch_size": 199}