{"out_channels": 82, "kernel_size": 6, "num_blocks": 2, "l2_lambda": 0.009981765987137278, "dropout_rate": 0.396036869917344, "lr": 0.027041359784698567, "batch_size": 160}