{"out_channels": 113, "kernel_size": 5, "num_blocks": 2, "l2_lambda": 0.004819768983579941, "dropout_rate": 0.23125582419487986, "lr": 0.07401977612199032, "batch_size": 177}