{"out_channels": 70, "kernel_size": 4, "num_blocks": 2, "l2_lambda": 0.009217715991686509, "dropout_rate": 0.26586022410503907, "lr": 0.06623994752320149, "batch_size": 165}