{"out_channels": 49, "kernel_size": 5, "num_blocks": 1, "l2_lambda": 0.009012772496250382, "dropout_rate": 0.36160700296335535, "lr": 0.08974863396665166, "batch_size": 241}