{"out_channels": 34, "kernel_size": 4, "num_blocks": 2, "l2_lambda": 0.003621107779836419, "dropout_rate": 0.12945115775411575, "lr": 0.08895496630839286, "batch_size": 68}