{"out_channels": 109, "kernel_size": 7, "num_blocks": 2, "l2_lambda": 0.007362388895369375, "dropout_rate": 0.48521753877453333, "lr": 0.04273979458253901, "batch_size": 161}