{"out_channels": 99, "kernel_size": 5, "num_blocks": 2, "l2_lambda": 0.004341610223546832, "dropout_rate": 0.31735488732132766, "lr": 0.029820260395507607, "batch_size": 35}