{"out_channels": 28, "kernel_size": 5, "num_blocks": 2, "l2_lambda": 0.0020776818926852734, "dropout_rate": 0.4741016908801603, "lr": 0.06259732226523557, "batch_size": 24}