{"out_channels": 39, "kernel_size": 5, "num_blocks": 1, "l2_lambda": 0.002647075122833155, "dropout_rate": 0.4724415124718848, "lr": 0.07610339505246516, "batch_size": 248}