{"out_channels": 54, "kernel_size": 6, "num_blocks": 1, "l2_lambda": 0.0032410366277351673, "dropout_rate": 0.34031247881072657, "lr": 0.026385066749841462, "batch_size": 130}