{"out_channels": 93, "kernel_size": 7, "num_blocks": 2, "l2_lambda": 0.006677557140863577, "dropout_rate": 0.39984075217986603, "lr": 0.07764466338892548, "batch_size": 32}