{"out_channels": 97, "kernel_size": 3, "num_blocks": 3, "l2_lambda": 0.004584351495753917, "dropout_rate": 0.2700680426236577, "lr": 0.0522543797608769, "batch_size": 253}