{"out_channels": 27, "kernel_size": 4, "num_blocks": 1, "l2_lambda": 0.0045071828218349475, "dropout_rate": 0.18326050954732828, "lr": 0.08513639119940963, "batch_size": 186}