{"out_channels": 35, "kernel_size": 7, "num_blocks": 2, "l2_lambda": 0.0080544008212639, "dropout_rate": 0.4993459569893681, "lr": 0.08828535364242063, "batch_size": 144}