{"out_channels": 66, "kernel_size": 3, "num_blocks": 3, "l2_lambda": 0.0026798436014629887, "dropout_rate": 0.4264528171141799, "lr": 0.025938048607422416, "batch_size": 57}