{"out_channels": 119, "kernel_size": 4, "num_blocks": 2, "l2_lambda": 0.005908798661919682, "dropout_rate": 0.3193716577122411, "lr": 0.098030284213084, "batch_size": 18}