{"out_channels": 102, "kernel_size": 5, "num_blocks": 1, "l2_lambda": 0.00393989378511335, "dropout_rate": 0.2161380054482196, "lr": 0.003966071877853495, "batch_size": 167}