{"out_channels": 122, "kernel_size": 4, "num_blocks": 3, "l2_lambda": 0.0051232594879926496, "dropout_rate": 0.48047928338505086, "lr": 0.06916077889248588, "batch_size": 155}