{"out_channels": 117, "kernel_size": 3, "num_blocks": 1, "l2_lambda": 0.0023023732923155636, "dropout_rate": 0.1649326163718916, "lr": 0.05865524310031027, "batch_size": 101}