{"out_channels": 41, "kernel_size": 3, "num_blocks": 2, "l2_lambda": 0.0005841527594451986, "dropout_rate": 0.4207821461809661, "lr": 0.08308407878106525, "batch_size": 87}