{"out_channels": 76, "kernel_size": 7, "num_blocks": 2, "l2_lambda": 0.009756021121372934, "dropout_rate": 0.2802475702533194, "lr": 0.025349661498012436, "batch_size": 51}