{"out_channels": 111, "kernel_size": 3, "num_blocks": 1, "l2_lambda": 0.0007375338510197054, "dropout_rate": 0.4649440216169862, "lr": 0.0062726750032957405, "batch_size": 61}