{"out_channels": 22, "kernel_size": 3, "num_blocks": 2, "l2_lambda": 0.008357143376146988, "dropout_rate": 0.3868931229307552, "lr": 0.015490080248662974, "batch_size": 197}