{"out_channels": 78, "kernel_size": 7, "num_blocks": 2, "l2_lambda": 0.0003709703286479679, "dropout_rate": 0.20397441318460485, "lr": 0.004385002313400282, "batch_size": 148}