{"out_channels": 76, "kernel_size": 4, "num_blocks": 1, "l2_lambda": 0.0001318081979701949, "dropout_rate": 0.18813157933959077, "lr": 0.0485722874369509, "batch_size": 244}