{"out_channels": 27, "kernel_size": 7, "num_blocks": 1, "l2_lambda": 0.0026605171294554536, "dropout_rate": 0.3686635784372586, "lr": 0.017919671064297975, "batch_size": 137}