{"out_channels": 17, "kernel_size": 4, "num_blocks": 1, "l2_lambda": 0.0072775038240030605, "dropout_rate": 0.48753277141191753, "lr": 0.026959699035897858, "batch_size": 136}