{"out_channels": 59, "kernel_size": 4, "num_blocks": 1, "l2_lambda": 0.005721481916235404, "dropout_rate": 0.2021388305819054, "lr": 0.08306590182247696, "batch_size": 77}