{"out_channels": 68, "kernel_size": 5, "num_blocks": 3, "l2_lambda": 0.0027122402549789653, "dropout_rate": 0.10989658814222358, "lr": 0.08225238700417535, "batch_size": 55}