{"out_channels": 59, "kernel_size": 7, "num_blocks": 2, "l2_lambda": 0.0056821425919638124, "dropout_rate": 0.25424405231097685, "lr": 0.039543873003028925, "batch_size": 122}