{"out_channels": 111, "kernel_size": 6, "num_blocks": 1, "l2_lambda": 0.0016532312788123192, "dropout_rate": 0.3285869702258058, "lr": 0.008948927435506255, "batch_size": 67}