{"out_channels": 115, "kernel_size": 3, "num_blocks": 1, "l2_lambda": 0.0062730820811326025, "dropout_rate": 0.3745116959869138, "lr": 0.04581631939864247, "batch_size": 200}