{"out_channels": 114, "kernel_size": 3, "num_blocks": 3, "l2_lambda": 0.0014732796493816093, "dropout_rate": 0.3796586904474949, "lr": 0.03532067152286586, "batch_size": 114}