{"out_channels": 27, "kernel_size": 4, "num_blocks": 3, "l2_lambda": 0.007893184259514912, "dropout_rate": 0.39864805524188274, "lr": 0.03540980792015933, "batch_size": 41}