{"out_channels": 128, "kernel_size": 7, "num_blocks": 2, "l2_lambda": 0.00925474892764978, "dropout_rate": 0.25286708507526934, "lr": 0.05819304204402368, "batch_size": 204}