{"out_channels": 73, "kernel_size": 4, "num_blocks": 2, "l2_lambda": 0.006482925560155172, "dropout_rate": 0.33333406419938305, "lr": 0.03869005348755324, "batch_size": 219}