{"out_channels": 124, "kernel_size": 3, "num_blocks": 1, "l2_lambda": 0.003414540830068163, "dropout_rate": 0.3125440730351674, "lr": 0.02103489888671483, "batch_size": 58}