{"out_channels": 34, "kernel_size": 7, "num_blocks": 2, "l2_lambda": 0.0044439743213596445, "dropout_rate": 0.2041481077241493, "lr": 0.0032815748021972806, "batch_size": 170}