{"out_channels": 89, "kernel_size": 3, "num_blocks": 1, "l2_lambda": 0.006641485008020697, "dropout_rate": 0.2002269778536596, "lr": 0.04580850047560873, "batch_size": 156}