{"out_channels": 115, "kernel_size": 3, "num_blocks": 3, "l2_lambda": 0.006908674867199519, "dropout_rate": 0.28601759712232944, "lr": 0.09507376318386151, "batch_size": 180}