{"out_channels": 61, "kernel_size": 3, "num_blocks": 3, "l2_lambda": 0.006543898436826775, "dropout_rate": 0.14699256457141102, "lr": 0.007734005789543555, "batch_size": 170}