{"out_channels": 125, "kernel_size": 6, "num_blocks": 2, "l2_lambda": 0.002042089307003734, "dropout_rate": 0.3486679385918382, "lr": 0.0991291563402358, "batch_size": 68}