{"out_channels": 127, "kernel_size": 7, "num_blocks": 3, "l2_lambda": 0.00018779278601852443, "dropout_rate": 0.20549999471248603, "lr": 0.07808498055646637, "batch_size": 137}