{"out_channels": 44, "kernel_size": 3, "num_blocks": 1, "l2_lambda": 0.003934129368399931, "dropout_rate": 0.492748938082596, "lr": 0.05112337823546012, "batch_size": 64}