{"out_channels": 79, "kernel_size": 5, "num_blocks": 2, "l2_lambda": 0.0006152706917467186, "dropout_rate": 0.4984584281465253, "lr": 0.06504489797147506, "batch_size": 62}