{"out_channels": 26, "kernel_size": 4, "num_blocks": 1, "l2_lambda": 0.005676059769887778, "dropout_rate": 0.3206848473366536, "lr": 0.02994420722156876, "batch_size": 119}