{"out_channels": 22, "kernel_size": 6, "num_blocks": 2, "l2_lambda": 0.003552483502547636, "dropout_rate": 0.22131324718984333, "lr": 0.002858542613708305, "batch_size": 60}