{"out_channels": 109, "kernel_size": 7, "num_blocks": 2, "l2_lambda": 0.0024339342708283532, "dropout_rate": 0.20558393944561423, "lr": 0.06800670849533058, "batch_size": 49}