{"out_channels": 101, "kernel_size": 6, "num_blocks": 3, "l2_lambda": 0.0037667429679707452, "dropout_rate": 0.3354056559161427, "lr": 0.03500293976885582, "batch_size": 37}