{"out_channels": 97, "kernel_size": 5, "num_blocks": 2, "l2_lambda": 0.005314619270852922, "dropout_rate": 0.48262273346848017, "lr": 0.05227251373156771, "batch_size": 226}