{"out_channels": 30, "kernel_size": 5, "num_blocks": 1, "l2_lambda": 0.008659469324991355, "dropout_rate": 0.4182826731629382, "lr": 0.018142156530359888, "batch_size": 177}