{"out_channels": 30, "kernel_size": 3, "num_blocks": 2, "l2_lambda": 0.00038568255270056726, "dropout_rate": 0.4002640545561289, "lr": 0.03945476066368578, "batch_size": 159}