{"out_channels": 56, "kernel_size": 7, "num_blocks": 2, "l2_lambda": 0.002491079120549256, "dropout_rate": 0.15557932799980048, "lr": 0.025460265487777543, "batch_size": 78}