{"out_channels": 93, "kernel_size": 6, "num_blocks": 3, "l2_lambda": 0.0041202370232125115, "dropout_rate": 0.4153804894924613, "lr": 0.013189107546925509, "batch_size": 223}