{"out_channels": 37, "kernel_size": 4, "num_blocks": 2, "l2_lambda": 0.0038251584888774745, "dropout_rate": 0.13527515954085403, "lr": 0.09251436778918135, "batch_size": 44}