{"out_channels": 77, "kernel_size": 7, "num_blocks": 1, "l2_lambda": 0.0058487045429856995, "dropout_rate": 0.1166997743785489, "lr": 0.061331573026203866, "batch_size": 130}