{"out_channels": 61, "kernel_size": 3, "num_blocks": 1, "l2_lambda": 0.005227748920589359, "dropout_rate": 0.37630725334477055, "lr": 0.07427497559326207, "batch_size": 37}