{"out_channels": 105, "kernel_size": 4, "num_blocks": 2, "l2_lambda": 0.0034569548623715383, "dropout_rate": 0.290329079762779, "lr": 0.07633797541215141, "batch_size": 44}