{"out_channels": 23, "kernel_size": 7, "num_blocks": 2, "l2_lambda": 0.009444471473610272, "dropout_rate": 0.37309523633310704, "lr": 0.08273659012984168, "batch_size": 141}