{"out_channels": 49, "kernel_size": 5, "num_blocks": 3, "l2_lambda": 0.005991201264402259, "dropout_rate": 0.18516590571243788, "lr": 0.06460032766856914, "batch_size": 147}