{"out_channels": 127, "kernel_size": 6, "num_blocks": 1, "l2_lambda": 0.0013383604409975837, "dropout_rate": 0.48310392573968974, "lr": 0.0506396374955007, "batch_size": 152}