{"out_channels": 25, "kernel_size": 6, "num_blocks": 3, "l2_lambda": 0.0023551166072959076, "dropout_rate": 0.3489594043749159, "lr": 0.03303441687276215, "batch_size": 245}