{"out_channels": 121, "kernel_size": 3, "num_blocks": 1, "l2_lambda": 0.0013670582834961825, "dropout_rate": 0.14784480468851358, "lr": 0.08707401333531894, "batch_size": 72}