{"out_channels": 42, "kernel_size": 7, "num_blocks": 1, "l2_lambda": 0.006463648820758335, "dropout_rate": 0.49190699771998136, "lr": 0.00968850176056122, "batch_size": 140}