{"out_channels": 21, "kernel_size": 4, "num_blocks": 3, "l2_lambda": 0.00387619451034838, "dropout_rate": 0.27174025951645886, "lr": 0.004038961595738796, "batch_size": 136}