{"sequence_length": 3, "hidden_size": 24, "num_layers": 1, "num_blocks": 3, "dropout_rate": 0.44889334874085596, "lr": 0.04389159254317984, "batch_size": 127, "l2_lambda": 0.0029791715748862537}