{"sequence_length": 18, "hidden_size": 128, "num_layers": 3, "num_blocks": 1, "dropout_rate": 0.42618807548367554, "lr": 0.09056533139054367, "batch_size": 239, "l2_lambda": 0.00990474610894029}