{"sequence_length": 19, "hidden_size": 59, "num_layers": 2, "num_blocks": 3, "dropout_rate": 0.2699730698943871, "lr": 0.09562888252644111, "batch_size": 181, "l2_lambda": 0.0010507366665026168}