{"sequence_length": 28, "hidden_size": 84, "num_layers": 2, "num_blocks": 3, "dropout_rate": 0.3821626943156161, "lr": 0.006656062272171003, "batch_size": 29, "l2_lambda": 0.0053634717846910394}