{"sequence_length": 4, "hidden_size": 54, "num_layers": 2, "num_blocks": 1, "dropout_rate": 0.14618902393117847, "lr": 0.0384827462038077, "batch_size": 186, "l2_lambda": 0.001204972981204178}