{"sequence_length": 24, "hidden_size": 79, "num_layers": 2, "num_blocks": 2, "dropout_rate": 0.2364001238406177, "lr": 0.030064871671391727, "batch_size": 69, "l2_lambda": 0.003522617174859784}