{"sequence_length": 18, "hidden_size": 73, "num_layers": 1, "num_blocks": 2, "dropout_rate": 0.10427300841929901, "lr": 0.008081306233091482, "batch_size": 186, "l2_lambda": 0.00810662984521356}