{"sequence_length": 21, "hidden_size": 101, "num_layers": 2, "num_blocks": 2, "dropout_rate": 0.16051549012904395, "lr": 0.0914710504241102, "batch_size": 136, "l2_lambda": 0.003805721242024141}