{"sequence_length": 14, "hidden_size": 116, "num_layers": 2, "num_blocks": 1, "dropout_rate": 0.16055348688109802, "lr": 0.03379448887785041, "batch_size": 144, "l2_lambda": 0.009345621960849492}