{"sequence_length": 16, "hidden_size": 112, "num_layers": 3, "num_blocks": 3, "dropout_rate": 0.38807110737431894, "lr": 0.05251257226819933, "batch_size": 20, "l2_lambda": 0.004425816583520522}