{"sequence_length": 17, "hidden_size": 16, "num_layers": 2, "num_blocks": 1, "dropout_rate": 0.31013721710852443, "lr": 0.03920653083339925, "batch_size": 186, "l2_lambda": 0.009005699967585226}