{"sequence_length": 21, "hidden_size": 126, "num_layers": 1, "num_blocks": 3, "dropout_rate": 0.18263367402443467, "lr": 0.08557329948466026, "batch_size": 55, "l2_lambda": 0.008834618394638232}