{"sequence_length": 12, "hidden_size": 56, "num_layers": 3, "num_blocks": 3, "dropout_rate": 0.19948592971200393, "lr": 0.052123404249722234, "batch_size": 66, "l2_lambda": 0.007709568220430473}