{"sequence_length": 11, "hidden_size": 39, "num_layers": 3, "num_blocks": 1, "dropout_rate": 0.456090886915013, "lr": 0.00706354423860825, "batch_size": 62, "l2_lambda": 0.007883016043238059}