{"sequence_length": 17, "hidden_size": 123, "num_layers": 3, "num_blocks": 1, "dropout_rate": 0.3473214470596735, "lr": 0.07059802584047448, "batch_size": 256, "l2_lambda": 0.004338406766343673}