{"sequence_length": 3, "hidden_size": 39, "num_layers": 3, "num_blocks": 3, "dropout_rate": 0.167895565715298, "lr": 0.049131535069081994, "batch_size": 108, "l2_lambda": 0.007758802718884831}