{"sequence_length": 8, "hidden_size": 48, "num_layers": 2, "num_blocks": 1, "dropout_rate": 0.35679793615606104, "lr": 0.06946887406051067, "batch_size": 234, "l2_lambda": 0.0023535888300630185}