{"sequence_length": 5, "hidden_size": 112, "num_layers": 2, "num_blocks": 3, "dropout_rate": 0.48518034527672493, "lr": 0.08014247429252787, "batch_size": 252, "l2_lambda": 0.008821515927085745}