{"sequence_length": 15, "hidden_size": 64, "num_layers": 1, "num_blocks": 3, "dropout_rate": 0.3335080539517501, "lr": 0.013790152442975604, "batch_size": 225, "l2_lambda": 0.008810625404289181}