{"sequence_length": 12, "hidden_size": 86, "num_layers": 2, "num_blocks": 1, "dropout_rate": 0.28326856380690857, "lr": 0.025420867648533144, "batch_size": 256, "l2_lambda": 0.0049618822639233085}