{"sequence_length": 21, "hidden_size": 32, "num_layers": 1, "num_blocks": 3, "dropout_rate": 0.13588538541442846, "lr": 0.09945239729757156, "batch_size": 207, "l2_lambda": 0.0038775168589651487}