{"sequence_length": 13, "hidden_size": 99, "num_layers": 2, "num_blocks": 2, "dropout_rate": 0.37667201000966843, "lr": 0.001045831493788883, "batch_size": 242, "l2_lambda": 0.004336753583224771}