{"sequence_length": 30, "hidden_size": 116, "num_layers": 1, "num_blocks": 3, "dropout_rate": 0.3064087963836155, "lr": 0.025041545661562577, "batch_size": 70, "l2_lambda": 0.0076600969431254605}