{"sequence_length": 27, "hidden_size": 94, "num_layers": 1, "num_blocks": 2, "dropout_rate": 0.4951377254182594, "lr": 0.041304519458965835, "batch_size": 83, "l2_lambda": 0.009328910919907804}