{"sequence_length": 2, "hidden_size": 107, "num_layers": 3, "num_blocks": 1, "dropout_rate": 0.33541214418191145, "lr": 0.03954357308420721, "batch_size": 50, "l2_lambda": 0.00040413842636293244}