{"sequence_length": 20, "hidden_size": 72, "num_layers": 3, "num_blocks": 2, "dropout_rate": 0.4245154374261241, "lr": 0.09804159905534746, "batch_size": 57, "l2_lambda": 0.0039200299840297026}