{"sequence_length": 11, "hidden_size": 24, "num_layers": 2, "num_blocks": 2, "dropout_rate": 0.29718287526829024, "lr": 0.049819630050946785, "batch_size": 28, "l2_lambda": 0.008505683995379825}