{"sequence_length": 7, "hidden_size": 52, "num_layers": 3, "num_blocks": 2, "dropout_rate": 0.2937769785983957, "lr": 0.06176025357065629, "batch_size": 202, "l2_lambda": 0.0035645399226849578}