{"sequence_length": 21, "hidden_size": 93, "num_layers": 1, "num_blocks": 3, "dropout_rate": 0.46729228868952455, "lr": 0.011350331295247353, "batch_size": 19, "l2_lambda": 0.004480393598462689}