{"sequence_length": 30, "hidden_size": 97, "num_layers": 1, "num_blocks": 3, "dropout_rate": 0.19394987032837463, "lr": 0.0017900442374171076, "batch_size": 24, "l2_lambda": 0.0004153201189046379}