{"sequence_length": 16, "hidden_size": 88, "num_layers": 3, "num_blocks": 2, "dropout_rate": 0.13348684516764622, "lr": 0.09021283796643381, "batch_size": 185, "l2_lambda": 0.0063573600376602545}