{"sequence_length": 13, "hidden_size": 64, "num_layers": 3, "num_blocks": 1, "dropout_rate": 0.13642729854033192, "lr": 0.005028506889314427, "batch_size": 105, "l2_lambda": 0.0010947605500439793}