{"sequence_length": 24, "hidden_size": 95, "num_layers": 3, "num_blocks": 2, "dropout_rate": 0.20165583598144377, "lr": 0.01683938969516587, "batch_size": 35, "l2_lambda": 0.0035124626094387096}