{"sequence_length": 26, "hidden_size": 121, "num_layers": 1, "num_blocks": 2, "dropout_rate": 0.26403323383813215, "lr": 0.013366493390581932, "batch_size": 177, "l2_lambda": 0.0027079862768330997}