{"sequence_length": 23, "hidden_size": 24, "num_layers": 3, "num_blocks": 2, "dropout_rate": 0.45554964185446534, "lr": 0.08932987133453257, "batch_size": 197, "l2_lambda": 0.00903730809244041}