{"sequence_length": 29, "hidden_size": 103, "num_layers": 3, "num_blocks": 1, "dropout_rate": 0.32795103872500975, "lr": 0.05577383552897631, "batch_size": 160, "l2_lambda": 0.0005445167993291789}