{"sequence_length": 29, "hidden_size": 76, "num_layers": 2, "num_blocks": 3, "dropout_rate": 0.4259423535293292, "lr": 0.008808688731618688, "batch_size": 41, "l2_lambda": 0.002725943278158283}