{"sequence_length": 2, "hidden_size": 93, "num_layers": 1, "num_blocks": 2, "dropout_rate": 0.3710323557683568, "lr": 0.0364786383857301, "batch_size": 59, "l2_lambda": 0.007994071007622611}