{"sequence_length": 20, "hidden_size": 89, "num_layers": 1, "num_blocks": 1, "dropout_rate": 0.22424937116872137, "lr": 0.026840595783915934, "batch_size": 142, "l2_lambda": 0.005621993765491139}