{"sequence_length": 14, "hidden_size": 102, "num_layers": 1, "num_blocks": 2, "dropout_rate": 0.12833736341196295, "lr": 0.008396782858692105, "batch_size": 88, "l2_lambda": 0.00808574049150991}