{"sequence_length": 5, "hidden_size": 79, "num_layers": 3, "num_blocks": 2, "dropout_rate": 0.3694430975147489, "lr": 0.015897703601993145, "batch_size": 231, "l2_lambda": 0.00971619609542254}