{"sequence_length": 17, "hidden_size": 67, "num_layers": 3, "num_blocks": 1, "dropout_rate": 0.27610843662264234, "lr": 0.031559147431073464, "batch_size": 123, "l2_lambda": 0.0037162545127009715}