{"sequence_length": 2, "hidden_size": 115, "num_layers": 2, "num_blocks": 3, "dropout_rate": 0.4760496082337148, "lr": 0.07228574941758821, "batch_size": 77, "l2_lambda": 0.008462623995061213}