{"max_depth": 5, "learning_rate": 0.09869772239536108, "subsample": 0.5598161075171446, "colsample_bytree": 0.8585806130845095, "gamma": 4.411993572811122, "lambda": 0.009046845874114416, "alpha": 0.0443205388379665}