{"max_depth": 4, "learning_rate": 0.21678386687123133, "subsample": 0.6946805330926431, "colsample_bytree": 0.8069630011058746, "gamma": 4.665021689329945, "lambda": 1.7185641653337143e-08, "alpha": 0.0056809812919521524}