{"max_depth": 8, "learning_rate": 0.28751042803652643, "subsample": 0.7699408909520655, "colsample_bytree": 0.7028509172665784, "gamma": 2.3598973902516143, "lambda": 1.4620395804593271e-08, "alpha": 0.006023193007853157}