{"max_depth": 8, "learning_rate": 0.0770248415851758, "subsample": 0.8546796610958951, "colsample_bytree": 0.8809664964549875, "gamma": 3.689406295497768, "lambda": 0.25862621919582546, "alpha": 4.752455547200877e-05}