{"max_depth": 8, "learning_rate": 0.0499647559114058, "subsample": 0.6082026433542487, "colsample_bytree": 0.6550551767687132, "gamma": 2.983450071954418, "lambda": 2.921500740946002e-07, "alpha": 0.09340782822022506}