{"max_depth": 3, "learning_rate": 0.16144924737519464, "subsample": 0.5665931525549116, "colsample_bytree": 0.7369465782659361, "gamma": 1.156837308261397, "lambda": 1.940902871098633e-06, "alpha": 1.1831384985751694e-08}