{"max_depth": 5, "learning_rate": 0.11353350189270545, "subsample": 0.5752570284672833, "colsample_bytree": 0.9514998149159827, "gamma": 1.1594091761040897, "lambda": 0.000679520915765476, "alpha": 0.0835613292881314}