{"max_depth": 3, "learning_rate": 0.20466587071641154, "subsample": 0.6825863208682201, "colsample_bytree": 0.9691638667079332, "gamma": 1.6754561777195858, "lambda": 0.005629541924714129, "alpha": 1.5192849102949047e-07}