{"max_depth": 9, "learning_rate": 0.1009133336236447, "subsample": 0.8408170465023574, "colsample_bytree": 0.7519362966930707, "gamma": 1.8441567555655225, "lambda": 1.1821290864927279e-06, "alpha": 0.0009704022754470834}