{"max_depth": 5, "learning_rate": 0.16653145946733183, "subsample": 0.5648822189270977, "colsample_bytree": 0.8300019885857541, "gamma": 0.8813626945908637, "lambda": 2.8414155308629322e-05, "alpha": 0.006748463816707276}