{"max_depth": 5, "learning_rate": 0.18849976707502292, "subsample": 0.7580290838817936, "colsample_bytree": 0.5451489526013023, "gamma": 2.12644174010069, "lambda": 2.4137943159652507e-06, "alpha": 0.23580209476695227}