{"max_depth": 4, "learning_rate": 0.0709960153139768, "subsample": 0.8686759950105383, "colsample_bytree": 0.7891764645997024, "gamma": 3.2415332834836796, "lambda": 2.3676179407946495e-05, "alpha": 0.0005358693445616649}