{"max_depth": 9, "learning_rate": 0.21184742974104945, "subsample": 0.5126005686742492, "colsample_bytree": 0.7821369723048932, "gamma": 3.0143543325365956, "lambda": 0.0010413218673798476, "alpha": 0.008753305583952084}