{"max_depth": 9, "learning_rate": 0.13031217774916598, "subsample": 0.9498691262507111, "colsample_bytree": 0.7994918106274802, "gamma": 1.8974345781971147, "lambda": 1.2972727836896038e-08, "alpha": 0.0012121309194132615}