{"max_depth": 8, "learning_rate": 0.19713745713450076, "subsample": 0.765295530441602, "colsample_bytree": 0.8507258630370162, "gamma": 4.772135113383552, "lambda": 8.644358037908267e-05, "alpha": 1.953083523428286e-08}