{"max_depth": 10, "learning_rate": 0.04181253451170887, "subsample": 0.7508301364438514, "colsample_bytree": 0.8801367589378499, "gamma": 2.908622540471542, "lambda": 3.139338658744203e-07, "alpha": 0.17997259869488566}