{"max_depth": 5, "learning_rate": 0.02352550930741598, "subsample": 0.9598446544604178, "colsample_bytree": 0.5558948380022866, "gamma": 3.41367190221221, "lambda": 1.5012184905038562e-08, "alpha": 0.017155065847666674}