{"max_depth": 3, "learning_rate": 0.01189017188324094, "subsample": 0.7905259688098065, "colsample_bytree": 0.5780212173294663, "gamma": 0.21705282401346782, "lambda": 2.467240300826651e-06, "alpha": 3.716961534953386e-05}