{"max_depth": 7, "learning_rate": 0.21958420384765587, "subsample": 0.6023329046162268, "colsample_bytree": 0.668628830998973, "gamma": 4.757864279324812, "lambda": 0.005733522552038808, "alpha": 1.5707756647655363e-05}