{"max_depth": 9, "learning_rate": 0.22400069443784337, "subsample": 0.5454890443681155, "colsample_bytree": 0.9584218765753898, "gamma": 1.7758931082172513, "lambda": 0.021209095986497232, "alpha": 5.740527870400039e-07}