{"max_depth": 7, "learning_rate": 0.26193586268718005, "subsample": 0.8928922957304453, "colsample_bytree": 0.7589357046401954, "gamma": 3.0084030949372864, "lambda": 6.30424818513266e-06, "alpha": 5.54313789967825e-08}