{"max_depth": 5, "learning_rate": 0.26868837898126463, "subsample": 0.7072794533459836, "colsample_bytree": 0.8675860239092557, "gamma": 4.684555880853859, "lambda": 1.8600644794079278e-07, "alpha": 5.129394941469097e-06}