{"max_depth": 5, "learning_rate": 0.14445882433029356, "subsample": 0.7816295076433462, "colsample_bytree": 0.8129398873769608, "gamma": 0.7341318570758987, "lambda": 0.04300651863237609, "alpha": 3.870037091610618e-08}