{"max_depth": 8, "learning_rate": 0.2843257194498598, "subsample": 0.9371464260402943, "colsample_bytree": 0.5110572148135647, "gamma": 1.2590942833734575, "lambda": 0.0021887307457049464, "alpha": 2.4072754456889774e-08}