{"max_depth": 4, "learning_rate": 0.23951030267547763, "subsample": 0.5401039764985687, "colsample_bytree": 0.696187963277531, "gamma": 4.2460458546391004, "lambda": 3.9275743781828237e-07, "alpha": 1.2605733060822394e-05}