{"max_depth": 6, "learning_rate": 0.03562730703869581, "subsample": 0.6037331815403384, "colsample_bytree": 0.5548523709571218, "gamma": 2.499167381691575, "lambda": 0.07702596847062468, "alpha": 1.7553896459720944e-08}