{"max_depth": 3, "learning_rate": 0.2252984803460889, "subsample": 0.7868457423525855, "colsample_bytree": 0.8760415536983308, "gamma": 0.8790077793239198, "lambda": 0.00017107087929059064, "alpha": 5.845535502290714e-06}