{"max_depth": 5, "learning_rate": 0.059480353014992104, "subsample": 0.6131572608501838, "colsample_bytree": 0.6787028806970352, "gamma": 0.35528857692938953, "lambda": 1.4068879710959296e-06, "alpha": 0.00021008480144288038}