{"max_depth": 6, "learning_rate": 0.06666805291158003, "subsample": 0.5356685099776325, "colsample_bytree": 0.9071547962562063, "gamma": 2.1612235312558017, "lambda": 7.121489548354685e-05, "alpha": 1.8301642869737014e-05}