{"max_depth": 8, "learning_rate": 0.2615137158781278, "subsample": 0.9408151611803721, "colsample_bytree": 0.56896404242404, "gamma": 3.0022188752065313, "lambda": 2.8424876656330492e-08, "alpha": 0.0002971086683435257}