{"max_depth": 8, "learning_rate": 0.25483191684963824, "subsample": 0.9970088596129418, "colsample_bytree": 0.6538408043415905, "gamma": 2.8218326545972423, "lambda": 1.5906578925909267e-08, "alpha": 0.19057245603833126}