{"max_depth": 6, "learning_rate": 0.13187622088910977, "subsample": 0.6149259823376789, "colsample_bytree": 0.5886669359276782, "gamma": 2.2648854412432846, "lambda": 0.035214242396354366, "alpha": 7.369388825860161e-05}