{"max_depth": 8, "learning_rate": 0.05263102073985231, "subsample": 0.5494402015299311, "colsample_bytree": 0.7822800193456605, "gamma": 2.8556152343172476, "lambda": 0.00024993694409296426, "alpha": 0.0010997609389936781}