{"max_depth": 3, "learning_rate": 0.19065973306721382, "subsample": 0.8377721444192596, "colsample_bytree": 0.906433866987846, "gamma": 4.447928059740463, "lambda": 1.7820546509283495e-06, "alpha": 0.16065914295048092}