{"max_depth": 5, "learning_rate": 0.1361050566053665, "subsample": 0.6478729101090077, "colsample_bytree": 0.7084216184861887, "gamma": 4.342692558182593, "lambda": 1.2801136441060156e-08, "alpha": 0.0038558702420622057}