{"max_depth": 5, "learning_rate": 0.14278091863560965, "subsample": 0.957121943032986, "colsample_bytree": 0.7569552322051076, "gamma": 3.1479415919739893, "lambda": 2.7072704822248167e-05, "alpha": 0.00018120028125968073}