{"max_depth": 10, "learning_rate": 0.12324537215797442, "subsample": 0.7103731958086734, "colsample_bytree": 0.9444630051258893, "gamma": 2.5003613491548493, "lambda": 1.2267774453862393e-06, "alpha": 3.5398996442374786e-06}