{"max_depth": 5, "learning_rate": 0.18657320808990152, "subsample": 0.9282879550107894, "colsample_bytree": 0.7218842427387958, "gamma": 1.1779872754230325, "lambda": 1.9140135235752907e-07, "alpha": 0.087441264249287}