{"max_depth": 8, "learning_rate": 0.13341006745335632, "subsample": 0.7861554351892637, "colsample_bytree": 0.8728429524271508, "gamma": 2.012630691650177, "lambda": 3.4478128742562697e-07, "alpha": 0.00017225419471326043}