{"max_depth": 6, "learning_rate": 0.2552261575963285, "subsample": 0.9742572776404367, "colsample_bytree": 0.8378455603043458, "gamma": 4.890259095966336, "lambda": 5.57301462899855e-07, "alpha": 0.002120794063099674}