{"max_depth": 8, "learning_rate": 0.18889207120972323, "subsample": 0.5035797065986964, "colsample_bytree": 0.6394423763344397, "gamma": 2.9337585384997364, "lambda": 1.8224758345356448e-05, "alpha": 0.12450306706210283}