{"max_depth": 8, "learning_rate": 0.2822997346399524, "subsample": 0.8211129324663736, "colsample_bytree": 0.568000410912797, "gamma": 2.772678835893509, "lambda": 1.3547428233385577e-06, "alpha": 2.842161996721891e-07}