{"max_depth": 7, "learning_rate": 0.0381857061189335, "subsample": 0.7233936035533938, "colsample_bytree": 0.9631459648113405, "gamma": 3.3196688939970995, "lambda": 0.0042610772431137724, "alpha": 0.10030859106084582}