{"max_depth": 10, "learning_rate": 0.02767355420689964, "subsample": 0.7277340960874248, "colsample_bytree": 0.7653831847090785, "gamma": 4.350345418053242, "lambda": 2.3687907974225668e-05, "alpha": 7.731326621997709e-05}