{"max_depth": 3, "learning_rate": 0.15603482390978549, "subsample": 0.8498470328455678, "colsample_bytree": 0.7697124737092683, "gamma": 2.387903895173033, "lambda": 1.189500414960148e-06, "alpha": 0.00010140739745448821}