{"max_depth": 3, "learning_rate": 0.10831552315643733, "subsample": 0.6509866873412381, "colsample_bytree": 0.5732037177520632, "gamma": 2.6379087276968876, "lambda": 2.5143303732356353e-05, "alpha": 6.8183848436171e-06}