{"max_depth": 7, "learning_rate": 0.21570460877938114, "subsample": 0.8463501859091664, "colsample_bytree": 0.9678659444499048, "gamma": 3.9620389960472875, "lambda": 0.000128617137509084, "alpha": 3.2859992679828174e-05}