{"max_depth": 3, "learning_rate": 0.14305456552272344, "subsample": 0.8656094280584803, "colsample_bytree": 0.6948981479761474, "gamma": 3.7802802733866288, "lambda": 0.5217931292961528, "alpha": 0.0018179294171379397}