{"max_depth": 5, "learning_rate": 0.07963197435768685, "subsample": 0.6651967591343045, "colsample_bytree": 0.9473359828319348, "gamma": 2.094084320721242, "lambda": 0.07886587629829563, "alpha": 4.6489736234667715e-06}