{"max_depth": 5, "learning_rate": 0.23469708051141194, "subsample": 0.6730500225937776, "colsample_bytree": 0.56190110214884, "gamma": 0.4085294705912712, "lambda": 9.138838815068062e-05, "alpha": 1.7331133456152387e-05}