{"max_depth": 4, "learning_rate": 0.20799469306259372, "subsample": 0.6589926684655807, "colsample_bytree": 0.5111490085879165, "gamma": 2.350687858601379, "lambda": 9.57956096319998e-07, "alpha": 0.5766848889716126}