{"max_depth": 10, "learning_rate": 0.05836480942997984, "subsample": 0.576820894730838, "colsample_bytree": 0.8773679208778642, "gamma": 1.1410056978132266, "lambda": 0.979151163918738, "alpha": 2.7186345941349017e-08}