{"max_depth": 3, "learning_rate": 0.07854168936181884, "subsample": 0.8634759029767997, "colsample_bytree": 0.7783860663687936, "gamma": 4.31873623028359, "lambda": 4.220743201925232e-06, "alpha": 2.2955004360239778e-08}