{"max_depth": 9, "learning_rate": 0.07808958970932689, "subsample": 0.9450049338809567, "colsample_bytree": 0.6003880581839045, "gamma": 2.997010095622497, "lambda": 6.365940153860917e-05, "alpha": 1.9485179166998275e-07}