{"max_depth": 6, "learning_rate": 0.23471662832944945, "subsample": 0.5578062436393288, "colsample_bytree": 0.9987285528099479, "gamma": 0.6817815927067611, "lambda": 1.8329430268723631e-06, "alpha": 0.00013537261116076274}