{"max_depth": 4, "learning_rate": 0.17685223618265256, "subsample": 0.969144971479373, "colsample_bytree": 0.513179350866328, "gamma": 4.365280167609771, "lambda": 0.0014868966513617596, "alpha": 0.0010513558676362833}