{"max_depth": 5, "learning_rate": 0.050031498885711255, "subsample": 0.707590864865735, "colsample_bytree": 0.6838397933188134, "gamma": 2.626647351512563, "lambda": 2.3020773442203618e-07, "alpha": 0.08917571286008762}