{"max_depth": 9, "learning_rate": 0.17018819429224757, "subsample": 0.665713634494534, "colsample_bytree": 0.9211484840251586, "gamma": 3.7955629202530887, "lambda": 0.0004940197772871867, "alpha": 1.0335596370420982e-08}