{"max_depth": 10, "learning_rate": 0.212508370550641, "subsample": 0.7695829254582838, "colsample_bytree": 0.617184754770037, "gamma": 3.9738660444227465, "lambda": 0.0027390079172276947, "alpha": 0.0016635201491205544}