{"max_depth": 5, "learning_rate": 0.12582936097166106, "subsample": 0.6175827856602338, "colsample_bytree": 0.6137363869226711, "gamma": 3.28078925308572, "lambda": 2.446959489391266e-07, "alpha": 4.357213147603229e-07}