{"max_depth": 10, "learning_rate": 0.25181117336064696, "subsample": 0.8346248914620937, "colsample_bytree": 0.7135812880476833, "gamma": 2.6569180397425693, "lambda": 4.478413148661935e-06, "alpha": 6.124069950479444e-06}