{"max_depth": 5, "learning_rate": 0.1887419664185724, "subsample": 0.6664856909422892, "colsample_bytree": 0.6919085027380245, "gamma": 3.435222642769861, "lambda": 2.2555940171360735e-08, "alpha": 8.377309731231067e-07}