{"max_depth": 3, "learning_rate": 0.04659472454979614, "subsample": 0.7893087594153476, "colsample_bytree": 0.5133027879718695, "gamma": 3.5140339993145293, "lambda": 7.761766538847729e-08, "alpha": 1.877638560932037e-05}