{"max_depth": 4, "learning_rate": 0.01829477858068077, "subsample": 0.7755780254014352, "colsample_bytree": 0.9966481150610793, "gamma": 3.3663066839010773, "lambda": 0.0005983323790464081, "alpha": 1.0031015850357166e-05}