{"max_depth": 10, "learning_rate": 0.29712802397620747, "subsample": 0.9766382718092131, "colsample_bytree": 0.5722836654046082, "gamma": 3.6750835411074463, "lambda": 2.0284719275031427e-06, "alpha": 0.0014977601156425412}