{"max_depth": 9, "learning_rate": 0.021989404442597477, "subsample": 0.5297238157325296, "colsample_bytree": 0.7991837620632327, "gamma": 0.6978701349923694, "lambda": 0.09576697884262757, "alpha": 0.12229203675331278}