{"max_depth": 7, "learning_rate": 0.07560612447830095, "subsample": 0.9190556672069161, "colsample_bytree": 0.5524063035151993, "gamma": 0.8322889566233788, "lambda": 1.368120890836881e-06, "alpha": 0.00019350111368956466}