{"max_depth": 3, "learning_rate": 0.07489917315588714, "subsample": 0.9939096819487401, "colsample_bytree": 0.8120185496023432, "gamma": 0.861347188219303, "lambda": 1.306623804629547e-08, "alpha": 2.740959697890852e-07}