{"max_depth": 9, "learning_rate": 0.2017254612393082, "subsample": 0.5179056447537225, "colsample_bytree": 0.6704598044702598, "gamma": 3.002523344117427, "lambda": 4.835408354268045e-08, "alpha": 0.0003594036095192262}