{"max_depth": 3, "learning_rate": 0.09829462971480724, "subsample": 0.7962579888495258, "colsample_bytree": 0.8161856741531308, "gamma": 0.901797852967966, "lambda": 6.165061964108029e-07, "alpha": 4.228670660109085e-08}