{"max_depth": 9, "learning_rate": 0.29338658272495094, "subsample": 0.5404125907994022, "colsample_bytree": 0.8681953171284778, "gamma": 1.895564827940246, "lambda": 5.6118559933297144e-05, "alpha": 2.8902844256895953e-05}