{"max_depth": 3, "learning_rate": 0.13603835820620847, "subsample": 0.8214035849281314, "colsample_bytree": 0.8654814609997881, "gamma": 1.3924840997318682, "lambda": 0.0015096804191337405, "alpha": 0.004991629435595432}