{"max_depth": 7, "learning_rate": 0.08890117349949987, "subsample": 0.6497149269779692, "colsample_bytree": 0.5020452176104611, "gamma": 4.251512814500503, "lambda": 2.653686746759603e-05, "alpha": 6.402478780213247e-05}