{"max_depth": 5, "learning_rate": 0.29929571885561196, "subsample": 0.7967331439343797, "colsample_bytree": 0.5161387956482082, "gamma": 1.9729176824963324, "lambda": 0.0029534689803072146, "alpha": 8.671168784436284e-06}