{"max_depth": 5, "learning_rate": 0.01426709975212561, "subsample": 0.5119718863265437, "colsample_bytree": 0.7543685065025907, "gamma": 4.467639516585178, "lambda": 3.420506882688408e-07, "alpha": 0.979420409526048}