{"max_depth": 4, "learning_rate": 0.12797038109954545, "subsample": 0.5203078196837532, "colsample_bytree": 0.7482432504872101, "gamma": 3.366968545377146, "lambda": 2.7998731772482112e-06, "alpha": 2.4396519587722684e-06}