{"max_depth": 7, "learning_rate": 0.18259188311586108, "subsample": 0.8254529688283174, "colsample_bytree": 0.5661317301246274, "gamma": 4.716600422835605, "lambda": 1.2320362014857613e-06, "alpha": 0.004309241207857988}