{"max_depth": 6, "learning_rate": 0.10705086843699746, "subsample": 0.8215831980783522, "colsample_bytree": 0.6540863422941068, "gamma": 1.8841607706445274, "lambda": 0.18363526566499433, "alpha": 0.035993432110563904}