{"max_depth": 8, "learning_rate": 0.13074369111070788, "subsample": 0.83938519344017, "colsample_bytree": 0.8991796488233509, "gamma": 4.513773025449401, "lambda": 7.01106618148189e-08, "alpha": 2.099503651950478e-07}