{"max_depth": 7, "learning_rate": 0.20143435621049435, "subsample": 0.7008138673486126, "colsample_bytree": 0.8756829131517307, "gamma": 2.7087261788690298, "lambda": 1.3469541568642021e-05, "alpha": 0.06900186838016888}