{"max_depth": 6, "learning_rate": 0.05506741781874766, "subsample": 0.5632531446098663, "colsample_bytree": 0.7794948625821065, "gamma": 3.143875329142402, "lambda": 0.004812807087588284, "alpha": 0.0001651842698879626}