{"max_depth": 4, "learning_rate": 0.08171552247516223, "subsample": 0.5887899964284132, "colsample_bytree": 0.8005243485866904, "gamma": 3.474970346088118, "lambda": 2.7364694738043596e-07, "alpha": 0.3418826000434265}