{"max_depth": 6, "learning_rate": 0.1062763562995092, "subsample": 0.6575276203312496, "colsample_bytree": 0.5955446481781383, "gamma": 2.2316988754255664, "lambda": 6.059212147999861e-08, "alpha": 0.7878344076251983}