{"max_depth": 6, "learning_rate": 0.29051506377606445, "subsample": 0.5265854044004197, "colsample_bytree": 0.9463877246125332, "gamma": 2.445202503198132, "lambda": 0.8252051427098257, "alpha": 0.008593914687544236}