{"max_depth": 10, "learning_rate": 0.11526630104168745, "subsample": 0.6356582458590541, "colsample_bytree": 0.896140428161529, "gamma": 4.31667004307286, "lambda": 5.456087134022357e-07, "alpha": 0.7350305242772401}