{"max_depth": 9, "learning_rate": 0.19740165989223638, "subsample": 0.818699278706325, "colsample_bytree": 0.8636688548015806, "gamma": 4.954618477416807, "lambda": 1.1613108128552433e-05, "alpha": 0.00016484078875554604}