{"max_depth": 8, "learning_rate": 0.03856043082853942, "subsample": 0.9417756005046556, "colsample_bytree": 0.975377099622446, "gamma": 3.308200617646491, "lambda": 1.3643622916504166e-08, "alpha": 0.00016173401012145415}