{"max_depth": 8, "learning_rate": 0.20077804768991636, "subsample": 0.5795613652248437, "colsample_bytree": 0.7460581675227278, "gamma": 1.6293523438088275, "lambda": 0.006489583850140379, "alpha": 3.932545826458536e-08}