{"max_depth": 8, "learning_rate": 0.2772941913163202, "subsample": 0.9936929876701204, "colsample_bytree": 0.6997421919764781, "gamma": 2.380168364960033, "lambda": 9.981519028116755e-06, "alpha": 0.018462900136206353}