{"max_depth": 7, "learning_rate": 0.12980512154268803, "subsample": 0.6236353136261898, "colsample_bytree": 0.5661668374607918, "gamma": 3.759172896411966, "lambda": 3.1492860739370357e-07, "alpha": 6.631273541760234e-05}