{"max_depth": 3, "learning_rate": 0.19759631548646092, "subsample": 0.7424688247874531, "colsample_bytree": 0.9880316264091764, "gamma": 4.867485269339165, "lambda": 0.00015805198659791224, "alpha": 0.009116064641433592}