{"max_depth": 10, "learning_rate": 0.13649765820276755, "subsample": 0.7767297071769893, "colsample_bytree": 0.6080888217124415, "gamma": 1.4173363865626705, "lambda": 1.8680572715968464e-07, "alpha": 2.6070002966351268e-08}