{"max_depth": 8, "learning_rate": 0.19452707922146, "subsample": 0.7273892210984598, "colsample_bytree": 0.9118147598200304, "gamma": 0.8992046618163907, "lambda": 5.911459569132114e-07, "alpha": 0.12460866896827154}