{"max_depth": 3, "learning_rate": 0.2162924832594978, "subsample": 0.5149802844559941, "colsample_bytree": 0.9104169886230922, "gamma": 3.787750226204534, "lambda": 1.7516701254270672e-05, "alpha": 2.1322897709232647e-05}