{"max_depth": 7, "learning_rate": 0.08535607230584788, "subsample": 0.8107728787574143, "colsample_bytree": 0.9126045347545947, "gamma": 4.567083785041815, "lambda": 8.279138082487255e-07, "alpha": 6.47056741274841e-05}