{"max_depth": 5, "learning_rate": 0.17836997921979453, "subsample": 0.6494154986201033, "colsample_bytree": 0.7044037354226499, "gamma": 1.5757390631689894, "lambda": 0.021340317171194077, "alpha": 7.599227651300359e-06}