{"max_depth": 8, "learning_rate": 0.13992817873787053, "subsample": 0.5327673581877874, "colsample_bytree": 0.5669366655799173, "gamma": 1.6969317066500478, "lambda": 0.2178323669125011, "alpha": 4.367553548451652e-08}