{"max_depth": 3, "learning_rate": 0.2936308803867077, "subsample": 0.7143892255262416, "colsample_bytree": 0.5731759822903612, "gamma": 1.3943862228276416, "lambda": 0.00016931901882816634, "alpha": 0.09639817680182522}