{"max_depth": 10, "learning_rate": 0.06266895148461414, "subsample": 0.9847034684826617, "colsample_bytree": 0.6008542475991537, "gamma": 1.738725918099529, "lambda": 0.30778424385166486, "alpha": 0.000740349445099431}