{"max_depth": 3, "learning_rate": 0.1826608357676613, "subsample": 0.6463489481371758, "colsample_bytree": 0.7181395940762653, "gamma": 4.34081903152774, "lambda": 6.61029046413045e-06, "alpha": 0.0016968189502102272}