{"max_depth": 10, "learning_rate": 0.07753830389812565, "subsample": 0.6455275025672917, "colsample_bytree": 0.5933733893853066, "gamma": 1.9434395006364735, "lambda": 0.2467017113642323, "alpha": 2.996389170857656e-08}