{"max_depth": 5, "learning_rate": 0.03430527471385656, "subsample": 0.566440591152185, "colsample_bytree": 0.6036711754887711, "gamma": 3.7868918842914963, "lambda": 3.823252139242249e-07, "alpha": 0.06614233735379706}