{"max_depth": 6, "learning_rate": 0.07183684887453383, "subsample": 0.5252814609290799, "colsample_bytree": 0.7736602182869943, "gamma": 0.07604235703073892, "lambda": 1.1896744419169891e-05, "alpha": 2.529582724428347e-07}