{"max_depth": 8, "learning_rate": 0.27772575972501135, "subsample": 0.7884379610520347, "colsample_bytree": 0.9959885590757926, "gamma": 2.365474692309013, "lambda": 0.00015696608416168018, "alpha": 1.8399654374366215e-05}