{"max_depth": 4, "learning_rate": 0.2748070662293611, "subsample": 0.5759779240986276, "colsample_bytree": 0.5218773859684545, "gamma": 4.094261889177756, "lambda": 0.024054651081550527, "alpha": 0.14469991329280152}