{"max_depth": 4, "learning_rate": 0.03858797003449678, "subsample": 0.7075108468499136, "colsample_bytree": 0.7418998232319869, "gamma": 3.4760343115668806, "lambda": 0.09142153894269019, "alpha": 2.8511396773746052e-08}