{"max_depth": 8, "learning_rate": 0.27142499577397766, "subsample": 0.8151757695859372, "colsample_bytree": 0.9768312934844812, "gamma": 1.6562708496991125, "lambda": 3.9953199138545805e-08, "alpha": 0.0010615774047940663}