{"max_depth": 6, "learning_rate": 0.09387284634848814, "subsample": 0.6916588368100403, "colsample_bytree": 0.9883879484622419, "gamma": 3.8045975171540474, "lambda": 0.0034724722517783225, "alpha": 1.0335630643368878e-05}