{"max_depth": 8, "learning_rate": 0.29753546187281826, "subsample": 0.6024325031195097, "colsample_bytree": 0.7135324368253, "gamma": 3.3947275053064923, "lambda": 7.328917501676764e-08, "alpha": 0.088690654723722}