{"max_depth": 6, "learning_rate": 0.20413980887382147, "subsample": 0.8314176866423935, "colsample_bytree": 0.5555852485583246, "gamma": 4.325236563056125, "lambda": 0.9025026127223378, "alpha": 1.1972220486888022e-06}