{"max_depth": 10, "learning_rate": 0.032477457051225254, "subsample": 0.5029243834267731, "colsample_bytree": 0.6830009091732852, "gamma": 2.323978456467603, "lambda": 2.481417669450242e-08, "alpha": 7.067476954649426e-06}