{"max_depth": 5, "learning_rate": 0.12967421925148934, "subsample": 0.8030834762700808, "colsample_bytree": 0.9932871824301348, "gamma": 4.774311221035228, "lambda": 0.0013140468862394299, "alpha": 4.3783342928928426e-06}