{"max_depth": 9, "learning_rate": 0.2506707404389043, "subsample": 0.5914396767269658, "colsample_bytree": 0.7339228695885831, "gamma": 3.570845251890855, "lambda": 0.06333456436358097, "alpha": 1.0676769313350001e-07}