{"max_depth": 6, "learning_rate": 0.07092724753311017, "subsample": 0.7337651599807311, "colsample_bytree": 0.9012275163923292, "gamma": 0.6975378406321192, "lambda": 2.0042202977446018e-08, "alpha": 0.00168338977403531}