{"max_depth": 3, "learning_rate": 0.2642487809263974, "subsample": 0.8713615019240459, "colsample_bytree": 0.7963813771551042, "gamma": 0.00496349764836812, "lambda": 0.03218725115201959, "alpha": 0.03642589718811548}