{"max_depth": 8, "learning_rate": 0.12540701292963138, "subsample": 0.5397471453685689, "colsample_bytree": 0.7961267029808432, "gamma": 4.517647168907831, "lambda": 3.6177560908817673e-06, "alpha": 0.9103321545110891}