{"max_depth": 9, "learning_rate": 0.24285859861130432, "subsample": 0.6835404167405921, "colsample_bytree": 0.7507878309292124, "gamma": 1.912128526819874, "lambda": 0.00018259561792487663, "alpha": 1.946790140529751e-06}