{"max_depth": 4, "learning_rate": 0.17390812883256362, "subsample": 0.982410462142931, "colsample_bytree": 0.5332826848217312, "gamma": 1.2804200375090824, "lambda": 0.15359369252249402, "alpha": 0.00026569640419047476}