{"max_depth": 6, "learning_rate": 0.21606229767790724, "subsample": 0.9435848458624007, "colsample_bytree": 0.9845267077327755, "gamma": 1.8288780728515937, "lambda": 7.908364516791624e-07, "alpha": 0.00035365361768368696}