{"max_depth": 8, "learning_rate": 0.229716594886986, "subsample": 0.6136479264755796, "colsample_bytree": 0.6467997868206528, "gamma": 3.192894013534149, "lambda": 0.0002364847931054005, "alpha": 9.885468064360563e-07}