{"max_depth": 5, "learning_rate": 0.07158945921588881, "subsample": 0.8383304265817764, "colsample_bytree": 0.9911530130512972, "gamma": 3.4367053497985327, "lambda": 0.03825652820628772, "alpha": 3.647125650922542e-08}