{"max_depth": 8, "learning_rate": 0.0898786085642049, "subsample": 0.537002814342124, "colsample_bytree": 0.7258079335350339, "gamma": 3.7717428511901447, "lambda": 1.622668535699136e-06, "alpha": 0.42935252260603063}