{"max_depth": 3, "learning_rate": 0.14142403168364642, "subsample": 0.6401833962873762, "colsample_bytree": 0.8836054482345608, "gamma": 0.8965373455108633, "lambda": 0.015567113274252765, "alpha": 2.6883329334112407e-05}