{"max_depth": 5, "learning_rate": 0.1747874095064409, "subsample": 0.7739173619978963, "colsample_bytree": 0.9026626682553545, "gamma": 4.719736431586893, "lambda": 6.04420850819908e-08, "alpha": 0.5834457533299335}