{"max_depth": 6, "learning_rate": 0.05138149520586134, "subsample": 0.8752245984940428, "colsample_bytree": 0.9676027506313785, "gamma": 0.24451398442135674, "lambda": 1.0137061179354069e-07, "alpha": 0.00020222034433838902}