{"max_depth": 5, "learning_rate": 0.11129609808764475, "subsample": 0.5555897165019338, "colsample_bytree": 0.7163724078822694, "gamma": 0.4292467975492209, "lambda": 1.5615237449679942e-08, "alpha": 1.409784035463867e-08}