{"max_depth": 6, "learning_rate": 0.07069361940142248, "subsample": 0.6401762923147312, "colsample_bytree": 0.6642512330800677, "gamma": 3.6809517859358083, "lambda": 0.00048041602338868926, "alpha": 0.028581030968771653}