{"max_depth": 10, "learning_rate": 0.01870263407121791, "subsample": 0.9193229667894172, "colsample_bytree": 0.8872505535048985, "gamma": 0.18153642853935392, "lambda": 1.3591265314461536e-05, "alpha": 0.0008195254160722771}