{"max_depth": 6, "learning_rate": 0.14563192706408323, "subsample": 0.8558360933391975, "colsample_bytree": 0.5693143489380522, "gamma": 3.2648245518346126, "lambda": 2.461221008941563e-07, "alpha": 0.748852476856958}