{"max_depth": 9, "learning_rate": 0.2142451722392487, "subsample": 0.8956820014712719, "colsample_bytree": 0.872588704115415, "gamma": 2.6816039140241097, "lambda": 1.96852317856816e-05, "alpha": 0.09416177492777454}