{"max_depth": 5, "learning_rate": 0.15616434757351635, "subsample": 0.959495003529003, "colsample_bytree": 0.8400621776525536, "gamma": 2.5866901324509732, "lambda": 1.8774881475718023e-07, "alpha": 2.9646376659847242e-08}