{"max_depth": 4, "learning_rate": 0.2537236407626968, "subsample": 0.6362194284424407, "colsample_bytree": 0.7976111227037106, "gamma": 2.765537458088749, "lambda": 4.403780892490587e-05, "alpha": 2.5885414612625235e-07}