{"max_depth": 8, "learning_rate": 0.2868747487760532, "subsample": 0.7919723580739045, "colsample_bytree": 0.5698378140633678, "gamma": 0.5898769353096883, "lambda": 3.6374684128634006e-07, "alpha": 0.0007434493272530875}