{"max_depth": 9, "learning_rate": 0.11477110927047555, "subsample": 0.6368947755935691, "colsample_bytree": 0.8581359136064106, "gamma": 3.854226111345156, "lambda": 0.3023323361209938, "alpha": 0.0001722503392465469}