{"max_depth": 7, "learning_rate": 0.040720261465452545, "subsample": 0.521028657467379, "colsample_bytree": 0.9343115650400138, "gamma": 3.301013181112919, "lambda": 1.7517530584492376e-07, "alpha": 0.006455037100457424}