{"max_depth": 3, "learning_rate": 0.01078316748653164, "subsample": 0.5147379542290418, "colsample_bytree": 0.5133824644340048, "gamma": 4.7199624378891265, "lambda": 0.43264132856049864, "alpha": 5.269112598509065e-07}