{"max_depth": 9, "learning_rate": 0.058476730817754605, "subsample": 0.8839023711970491, "colsample_bytree": 0.7046309650629843, "gamma": 4.464070639430767, "lambda": 0.00016354617917761386, "alpha": 3.718251540719802e-08}