{"max_depth": 3, "learning_rate": 0.26415673065828166, "subsample": 0.528495737532962, "colsample_bytree": 0.8162715042020418, "gamma": 0.19550360363779828, "lambda": 0.008612589734974271, "alpha": 2.2830509384163412e-08}