{"max_depth": 6, "learning_rate": 0.15679685614154795, "subsample": 0.5233480384006352, "colsample_bytree": 0.8820869135312456, "gamma": 4.1536065067063905, "lambda": 0.9472100679856845, "alpha": 1.8361156605967124e-08}