{"max_depth": 6, "learning_rate": 0.03791202937737765, "subsample": 0.8201911533452129, "colsample_bytree": 0.5978489177618218, "gamma": 4.720591168816846, "lambda": 0.003583189207131419, "alpha": 2.500203963695752e-07}