{"max_depth": 5, "learning_rate": 0.03413342455954315, "subsample": 0.9941645112638882, "colsample_bytree": 0.7496147554474147, "gamma": 1.5579533054973265, "lambda": 1.0306500744856068e-05, "alpha": 7.951793646419523e-08}