{"max_depth": 8, "learning_rate": 0.22598221100420274, "subsample": 0.9538499578677857, "colsample_bytree": 0.7001002002776746, "gamma": 0.07246306953062331, "lambda": 0.00014396638127863983, "alpha": 7.965493193646529e-05}