{"max_depth": 10, "learning_rate": 0.25988328567923846, "subsample": 0.5636987894248882, "colsample_bytree": 0.7008159597464849, "gamma": 2.029336084509708, "lambda": 0.010902675765798363, "alpha": 0.24201149109256134}