{"max_depth": 4, "learning_rate": 0.22763244370547892, "subsample": 0.7587174061417017, "colsample_bytree": 0.8644503272904474, "gamma": 2.272602545021722, "lambda": 0.0066382619891423925, "alpha": 2.8295763934837025e-07}