{"max_depth": 8, "learning_rate": 0.03650248112523217, "subsample": 0.6031892104667783, "colsample_bytree": 0.9045048367641692, "gamma": 1.5147569346188083, "lambda": 0.0008887179489983766, "alpha": 0.010089396379147075}