{"max_depth": 4, "learning_rate": 0.2915857500685996, "subsample": 0.9886497524195128, "colsample_bytree": 0.8407686031097465, "gamma": 2.475754548862547, "lambda": 1.3090432787766135e-07, "alpha": 0.00033464835832613574}