{"max_depth": 7, "learning_rate": 0.14218473068827056, "subsample": 0.621786162544996, "colsample_bytree": 0.8099235944330343, "gamma": 2.589894212329324, "lambda": 7.433245577533297e-07, "alpha": 0.13780268558509254}