{"max_depth": 8, "learning_rate": 0.0769698328694698, "subsample": 0.5524728520939599, "colsample_bytree": 0.9277403148467931, "gamma": 3.4047145719988525, "lambda": 2.2961545666624643e-05, "alpha": 0.022151900741958854}