{"max_depth": 9, "learning_rate": 0.1305019652076636, "subsample": 0.6346099042336646, "colsample_bytree": 0.7447421623258537, "gamma": 2.047269543846867, "lambda": 2.176650173066571e-08, "alpha": 0.0031821175963386837}