{"max_depth": 8, "learning_rate": 0.29926683362355483, "subsample": 0.9217813558458243, "colsample_bytree": 0.6422493564297747, "gamma": 2.3740004579955487, "lambda": 8.976046280901475e-07, "alpha": 1.3858638723012204e-08}