{"max_depth": 6, "learning_rate": 0.23750830306722953, "subsample": 0.8538361448398447, "colsample_bytree": 0.694008440546001, "gamma": 0.9789945494592206, "lambda": 0.21059904612693425, "alpha": 2.1241291693658526e-07}