{"max_depth": 3, "learning_rate": 0.28264328034478603, "subsample": 0.6270056887762887, "colsample_bytree": 0.9634871688759972, "gamma": 3.153595922294072, "lambda": 0.8182314162130945, "alpha": 1.008678016398881e-05}