{"max_depth": 10, "learning_rate": 0.24720421598712716, "subsample": 0.6585612141918793, "colsample_bytree": 0.5411465820899493, "gamma": 1.0522940439976698, "lambda": 0.23805959779082936, "alpha": 7.07344682829374e-07}