{"max_depth": 9, "learning_rate": 0.11426769663641566, "subsample": 0.814708233946855, "colsample_bytree": 0.5541031535878947, "gamma": 2.9318539162012396, "lambda": 1.7180940609038275e-06, "alpha": 7.021005547598918e-08}