{"max_depth": 6, "learning_rate": 0.2524981589673588, "subsample": 0.9014371416521736, "colsample_bytree": 0.6616319664545568, "gamma": 0.8015834724831233, "lambda": 4.352600600734991e-05, "alpha": 0.0009126970006693827}