{"max_depth": 7, "learning_rate": 0.02992827927492099, "subsample": 0.8447785921491597, "colsample_bytree": 0.5593985297312667, "gamma": 2.682534662366107, "lambda": 0.0007016566163027884, "alpha": 0.09886258061091517}