{"max_depth": 10, "learning_rate": 0.1956602676332573, "subsample": 0.8712382678999586, "colsample_bytree": 0.9356430817342891, "gamma": 2.8864082173329706, "lambda": 5.2744904568508214e-05, "alpha": 2.226130904293485e-06}