{"max_depth": 8, "learning_rate": 0.22936228719786228, "subsample": 0.8680186057437379, "colsample_bytree": 0.6590122343988005, "gamma": 1.8345253003970856, "lambda": 0.3217458224961464, "alpha": 9.575721634075933e-06}