{"max_depth": 7, "learning_rate": 0.21686006056709323, "subsample": 0.6558128737192306, "colsample_bytree": 0.512092587179053, "gamma": 4.423067241992584, "lambda": 0.033958866382614215, "alpha": 0.5143124679341027}