{"max_depth": 4, "learning_rate": 0.2051606257557315, "subsample": 0.8765900635821771, "colsample_bytree": 0.710375864858631, "gamma": 1.7826189631312928, "lambda": 2.157164343634424e-06, "alpha": 2.4427115510373486e-06}