{"max_depth": 3, "learning_rate": 0.16200554742696632, "subsample": 0.5404294143573793, "colsample_bytree": 0.9521424460744854, "gamma": 0.5663650181297164, "lambda": 9.105594736543049e-07, "alpha": 0.014372728758305666}