{"max_depth": 7, "learning_rate": 0.15474094554820017, "subsample": 0.998847603046045, "colsample_bytree": 0.7271090006161829, "gamma": 2.562802275709716, "lambda": 0.00045228660466282625, "alpha": 0.023066552671796792}