{"max_depth": 5, "learning_rate": 0.07205617971302164, "subsample": 0.9320816285271454, "colsample_bytree": 0.9459010698193342, "gamma": 4.974649925330061, "lambda": 0.49186382156945574, "alpha": 0.042297857659484656}