{"max_depth": 10, "learning_rate": 0.13451686853839545, "subsample": 0.7424935077647412, "colsample_bytree": 0.632165853858628, "gamma": 1.1096529810595483, "lambda": 0.17500776796813106, "alpha": 0.0022987072473263253}