{"max_depth": 7, "learning_rate": 0.07316322979553345, "subsample": 0.958477855834235, "colsample_bytree": 0.9941253109620534, "gamma": 1.4154357388956806, "lambda": 0.009372764522516475, "alpha": 0.00043516036729924167}