{"max_depth": 5, "learning_rate": 0.09244079498625028, "subsample": 0.7082787446805013, "colsample_bytree": 0.9471850469301211, "gamma": 1.7848660349728491, "lambda": 4.0758247331274554e-06, "alpha": 1.498171402326747e-08}