{"max_depth": 9, "learning_rate": 0.012528912995425204, "subsample": 0.5554749559717993, "colsample_bytree": 0.8157758002077429, "gamma": 1.1046485198100786, "lambda": 1.2926892892938253e-06, "alpha": 0.5690169662976212}