{"max_depth": 10, "learning_rate": 0.28095003478673247, "subsample": 0.7493721704854925, "colsample_bytree": 0.6446124166727847, "gamma": 0.8437131411189192, "lambda": 2.92878123777669e-07, "alpha": 0.8400479883189204}