{"max_depth": 5, "learning_rate": 0.20399146825894532, "subsample": 0.8201869923118918, "colsample_bytree": 0.5910132154177705, "gamma": 3.5582457933046623, "lambda": 0.0054157298237606675, "alpha": 1.228690463064966e-05}