{"max_depth": 4, "learning_rate": 0.12793322882476799, "subsample": 0.8251597868686528, "colsample_bytree": 0.7353550754969358, "gamma": 1.768152018149599, "lambda": 0.21950093709907145, "alpha": 6.09329484826171e-06}