{"max_depth": 6, "learning_rate": 0.06464150750356824, "subsample": 0.5246225567036402, "colsample_bytree": 0.7815342762014956, "gamma": 2.214216789473244, "lambda": 0.0029065302173174007, "alpha": 6.634372829319688e-08}