{"max_depth": 5, "learning_rate": 0.06608911375388678, "subsample": 0.5969386229678171, "colsample_bytree": 0.9228641750863795, "gamma": 4.538924272319173, "lambda": 7.717198247121262e-08, "alpha": 0.0011501530880873396}