{"max_depth": 8, "learning_rate": 0.19091502340163202, "subsample": 0.6531411383171641, "colsample_bytree": 0.8313275354632633, "gamma": 1.6853667660946385, "lambda": 2.4460704954339536e-07, "alpha": 0.006180984845074795}