{"max_depth": 5, "learning_rate": 0.2529203138111284, "subsample": 0.7247830122025516, "colsample_bytree": 0.8883989214633202, "gamma": 2.5397807656304816, "lambda": 6.320640433139573e-06, "alpha": 5.0941887689148865e-08}