{"max_depth": 5, "learning_rate": 0.21771427519076117, "subsample": 0.5052749881893035, "colsample_bytree": 0.6837715856174958, "gamma": 2.8371002801022898, "lambda": 0.0001753241534335197, "alpha": 0.00032482558365714957}