{"max_depth": 3, "learning_rate": 0.23598661993560777, "subsample": 0.512588153755851, "colsample_bytree": 0.9766835081766418, "gamma": 1.852708599458523, "lambda": 0.035767456563519685, "alpha": 0.044730034432607854}