{"max_depth": 8, "learning_rate": 0.1756568531018953, "subsample": 0.6599486646273904, "colsample_bytree": 0.7654683658341928, "gamma": 4.360912820896416, "lambda": 8.943346126373702e-08, "alpha": 0.0006246069585778214}