{"max_depth": 10, "learning_rate": 0.19955217784368318, "subsample": 0.5828547723363775, "colsample_bytree": 0.579995789341522, "gamma": 0.7217242953902064, "lambda": 0.0028363143732245896, "alpha": 2.1834246963135873e-05}