{"max_depth": 10, "learning_rate": 0.04781562871880974, "subsample": 0.8855514375770526, "colsample_bytree": 0.8168297815278605, "gamma": 3.6261170026472933, "lambda": 4.85468469993772e-05, "alpha": 0.08320513963359928}