{"max_depth": 4, "learning_rate": 0.18322880849198742, "subsample": 0.8830400019926983, "colsample_bytree": 0.8305563620350563, "gamma": 1.1985300512161878, "lambda": 0.0007089301771269243, "alpha": 3.2850583250589467e-06}