{"max_depth": 10, "learning_rate": 0.06204941669505275, "subsample": 0.7609690468845349, "colsample_bytree": 0.5209520801634464, "gamma": 2.506063243408623, "lambda": 0.03622390994919544, "alpha": 0.0009724669965614288}