{"max_depth": 8, "learning_rate": 0.21070049856609877, "subsample": 0.5535346218565643, "colsample_bytree": 0.8506112291490937, "gamma": 2.1452065759914674, "lambda": 9.689194682005244e-06, "alpha": 3.509991398547539e-07}