{"max_depth": 5, "learning_rate": 0.2230663942134249, "subsample": 0.6721311171093929, "colsample_bytree": 0.6189324515350607, "gamma": 2.53137101449144, "lambda": 0.0012991308498750817, "alpha": 1.596360844237035e-05}