{"max_depth": 3, "learning_rate": 0.14330409200901068, "subsample": 0.8023737803853209, "colsample_bytree": 0.5511455393530287, "gamma": 1.5857119668689512, "lambda": 0.4781236168155111, "alpha": 3.309309299188008e-08}