{"max_depth": 8, "learning_rate": 0.1839175677592384, "subsample": 0.5194184508990258, "colsample_bytree": 0.8031741195977736, "gamma": 0.6708881632624075, "lambda": 6.244208232511528e-07, "alpha": 2.371815595546599e-07}