{"max_depth": 3, "learning_rate": 0.05824028706468022, "subsample": 0.9030005122633197, "colsample_bytree": 0.8688555439695014, "gamma": 1.2721604248808642, "lambda": 0.00021214757198566767, "alpha": 0.0002330004086342804}