{"max_depth": 10, "learning_rate": 0.17184412139167174, "subsample": 0.6055890472880182, "colsample_bytree": 0.9275697327581716, "gamma": 2.5409221972397567, "lambda": 2.748668093711234e-08, "alpha": 0.0438221712622976}