{"max_depth": 3, "learning_rate": 0.15513868444091086, "subsample": 0.6870574522025763, "colsample_bytree": 0.8281308220023565, "gamma": 2.6209855396206496, "lambda": 0.0034081096547549867, "alpha": 0.00021786974413998358}