{"max_depth": 9, "learning_rate": 0.037078712469254926, "subsample": 0.5770693443426761, "colsample_bytree": 0.9013514969675107, "gamma": 3.4321798596648434, "lambda": 0.18138410858816492, "alpha": 2.0527082286524808e-05}