{"max_depth": 10, "learning_rate": 0.11308269470763002, "subsample": 0.9272916060907647, "colsample_bytree": 0.9275219497865088, "gamma": 2.96668990377769, "lambda": 0.10142467449304518, "alpha": 0.03249657206711371}