{"max_depth": 8, "learning_rate": 0.181931511717667, "subsample": 0.5278113354929659, "colsample_bytree": 0.8557873628012271, "gamma": 0.023910956738660838, "lambda": 0.00019659495024865358, "alpha": 0.18808954102998837}