{"max_depth": 8, "learning_rate": 0.11168537742653144, "subsample": 0.7802951065271588, "colsample_bytree": 0.9058659933522902, "gamma": 0.06051866067243672, "lambda": 0.6103573432014887, "alpha": 2.0971341805421695e-08}