{"max_depth": 5, "learning_rate": 0.1915557627750713, "subsample": 0.8688417642663164, "colsample_bytree": 0.9301293879866883, "gamma": 4.230708959489781, "lambda": 2.4750138133999917e-05, "alpha": 6.398437109803083e-05}