{"max_depth": 4, "learning_rate": 0.20369912983052144, "subsample": 0.5933021646753605, "colsample_bytree": 0.8012926508491157, "gamma": 4.957053725313228, "lambda": 0.0033132629323432404, "alpha": 0.0013612380669765336}