{"max_depth": 5, "learning_rate": 0.013397593350587303, "subsample": 0.5529043303620748, "colsample_bytree": 0.5888700292167521, "gamma": 3.5731526289463185, "lambda": 0.005919004406012747, "alpha": 0.0013444860250621062}