{"max_depth": 3, "learning_rate": 0.12437422768588426, "subsample": 0.9065564169376318, "colsample_bytree": 0.5928423713297969, "gamma": 2.3968969685838113, "lambda": 0.008225509942716648, "alpha": 5.015290663606268e-06}