{"max_depth": 10, "learning_rate": 0.23580541972597846, "subsample": 0.786211472784693, "colsample_bytree": 0.9317783316766182, "gamma": 1.8757468392907395, "lambda": 3.9069307221025755e-07, "alpha": 4.8568276635168663e-05}