{"max_depth": 9, "learning_rate": 0.2419022346698503, "subsample": 0.8227340406743546, "colsample_bytree": 0.9383737013867413, "gamma": 1.597191717410753, "lambda": 0.0023013597708782083, "alpha": 0.25380886833677635}