{"max_depth": 6, "learning_rate": 0.21366520613109075, "subsample": 0.7541142978041655, "colsample_bytree": 0.9669283451620405, "gamma": 4.988788204603086, "lambda": 2.4582634675564347e-08, "alpha": 1.1660900616965585e-07}