{"max_depth": 10, "learning_rate": 0.015100526717896192, "subsample": 0.6482100429982313, "colsample_bytree": 0.5925193732783087, "gamma": 1.437153362106565, "lambda": 5.460869300484291e-06, "alpha": 0.11545277851478966}