{"max_depth": 7, "learning_rate": 0.08618153098869184, "subsample": 0.7248828244982303, "colsample_bytree": 0.7328529804018897, "gamma": 4.085036853703351, "lambda": 0.0013160295455304197, "alpha": 1.0081395576941054e-07}