{"max_depth": 3, "learning_rate": 0.1651050291580671, "subsample": 0.5550451758665833, "colsample_bytree": 0.9711182553046891, "gamma": 0.2028807329315674, "lambda": 6.378155859906405e-07, "alpha": 1.052832132213974e-08}