{"max_depth": 9, "learning_rate": 0.10883432490898012, "subsample": 0.5525650831599556, "colsample_bytree": 0.5616724335128516, "gamma": 1.7199989455709486, "lambda": 0.0001295309076283047, "alpha": 5.412251191200823e-07}