{"max_depth": 8, "learning_rate": 0.12979001858182396, "subsample": 0.6554774223643699, "colsample_bytree": 0.848503727233387, "gamma": 1.4917303876190424, "lambda": 8.263019614603207e-08, "alpha": 0.000597913442782639}