{"max_depth": 10, "learning_rate": 0.029318491701036148, "subsample": 0.6139044748517468, "colsample_bytree": 0.8245257102948398, "gamma": 1.6521478997016392, "lambda": 1.9064791163858563e-06, "alpha": 7.268529597803718e-06}