{"max_depth": 10, "learning_rate": 0.16102995527856548, "subsample": 0.8950008258665945, "colsample_bytree": 0.5858513009086543, "gamma": 4.216798567244526, "lambda": 6.959749696267575e-08, "alpha": 3.0103103244392416e-08}