{"max_depth": 5, "learning_rate": 0.05155715542880382, "subsample": 0.7574647782704217, "colsample_bytree": 0.925753933901456, "gamma": 1.3459790662776516, "lambda": 0.00011816034059861418, "alpha": 0.0002385381659444742}