{"max_depth": 9, "learning_rate": 0.18194786029804366, "subsample": 0.8409903212296205, "colsample_bytree": 0.926889080545821, "gamma": 3.4457053311044863, "lambda": 1.1310826024380073e-05, "alpha": 0.00010391255345184385}