{"max_depth": 5, "learning_rate": 0.08384162667838989, "subsample": 0.8361620186355758, "colsample_bytree": 0.93794991413195, "gamma": 3.56381063804812, "lambda": 0.09500126664448354, "alpha": 0.8903413241157735}