{"max_depth": 10, "learning_rate": 0.13546361809820534, "subsample": 0.5539134340264158, "colsample_bytree": 0.9626168883006874, "gamma": 2.1591374511547867, "lambda": 0.3032315420437367, "alpha": 2.0137594777315694e-07}