{"max_depth": 8, "learning_rate": 0.057989971591218624, "subsample": 0.98293776189154, "colsample_bytree": 0.7031403463654764, "gamma": 4.6007417944830715, "lambda": 1.1795773571861134e-05, "alpha": 0.00014038375132846117}