{"max_depth": 6, "learning_rate": 0.058589042126067414, "subsample": 0.8344101000205995, "colsample_bytree": 0.956633643681754, "gamma": 3.3366453742901134, "lambda": 0.0038038329055978064, "alpha": 0.0014805326962387896}