{"max_depth": 5, "learning_rate": 0.18856629169774936, "subsample": 0.9542797344497395, "colsample_bytree": 0.8569199610876983, "gamma": 3.564608035839144, "lambda": 0.0042093947584742625, "alpha": 0.19110971733096602}