{"max_depth": 8, "learning_rate": 0.278008459772296, "subsample": 0.6972227147216461, "colsample_bytree": 0.7517947046674541, "gamma": 2.1392580607887197, "lambda": 5.080379518441494e-07, "alpha": 0.008426785945165877}