{"max_depth": 10, "learning_rate": 0.10736816750365011, "subsample": 0.810059144397666, "colsample_bytree": 0.6928255140755791, "gamma": 3.513158848657838, "lambda": 4.189318794906323e-08, "alpha": 0.7835942330247411}