{"max_depth": 10, "learning_rate": 0.2850537941350941, "subsample": 0.9500800103584557, "colsample_bytree": 0.7706428521662803, "gamma": 0.19462273086137238, "lambda": 0.001023039892501129, "alpha": 0.09903945628148876}