{"max_depth": 8, "learning_rate": 0.2914705449286502, "subsample": 0.85340342178327, "colsample_bytree": 0.9296057242620623, "gamma": 2.518274303794634, "lambda": 0.00013962158536566939, "alpha": 0.004491235469712704}