{"max_depth": 3, "learning_rate": 0.16517530377896755, "subsample": 0.7672051213276752, "colsample_bytree": 0.70533903354674, "gamma": 1.9217407870578462, "lambda": 2.3036517879687734e-07, "alpha": 0.0023452658691780364}