{"max_depth": 4, "learning_rate": 0.21462000491029404, "subsample": 0.690989348361456, "colsample_bytree": 0.7027688740783447, "gamma": 3.5516514906396237, "lambda": 0.0003008741093766069, "alpha": 0.001257801682080911}