{"max_depth": 7, "learning_rate": 0.29283140406975144, "subsample": 0.6938397365282316, "colsample_bytree": 0.7630046250603437, "gamma": 3.8909391329463725, "lambda": 2.2663244692705647e-06, "alpha": 0.02968540661640749}