{"max_depth": 7, "learning_rate": 0.28187085793439204, "subsample": 0.6866050679855118, "colsample_bytree": 0.9152168141874787, "gamma": 1.9618550923576916, "lambda": 1.3305727831655234e-08, "alpha": 1.1651330272944817e-08}