{"max_depth": 10, "learning_rate": 0.08687765173313022, "subsample": 0.8316757211891566, "colsample_bytree": 0.9315285273511844, "gamma": 4.10245953756106, "lambda": 0.045257738134688495, "alpha": 2.3814924324101477e-05}