{"max_depth": 6, "learning_rate": 0.162439100584078, "subsample": 0.5617513100351308, "colsample_bytree": 0.94073927092232, "gamma": 0.2938120353244733, "lambda": 3.184137689164123e-05, "alpha": 0.00021994749879855567}