{"max_depth": 6, "learning_rate": 0.11931864511247194, "subsample": 0.79459981813542, "colsample_bytree": 0.6908566313194102, "gamma": 4.60503706391359, "lambda": 1.336861944090193e-08, "alpha": 0.0011336816491818497}