{"max_depth": 4, "learning_rate": 0.11604176740136748, "subsample": 0.679159145190991, "colsample_bytree": 0.5522250327358722, "gamma": 2.5229921446730104, "lambda": 0.0001696195815637409, "alpha": 0.00016097661021570602}