{"max_depth": 9, "learning_rate": 0.10756055639929957, "subsample": 0.9002377934550514, "colsample_bytree": 0.7907405294938921, "gamma": 0.39445829502249563, "lambda": 3.508422294217582e-07, "alpha": 0.6736944701142565}