{"max_depth": 5, "learning_rate": 0.13197438419437002, "subsample": 0.788195749542908, "colsample_bytree": 0.8096030890139054, "gamma": 1.1818452752620972, "lambda": 0.0008630510208221827, "alpha": 0.12593314032975375}