{"max_depth": 6, "learning_rate": 0.06329577750919899, "subsample": 0.5646827460691932, "colsample_bytree": 0.5441953233465825, "gamma": 3.85176079995117, "lambda": 0.006361279327341004, "alpha": 0.08854700771357712}