{"max_depth": 3, "learning_rate": 0.044066736893962094, "subsample": 0.7581892630005427, "colsample_bytree": 0.8125097766127412, "gamma": 2.9998776618286187, "lambda": 0.0011313233157586372, "alpha": 4.752432135096689e-07}