{"max_depth": 4, "learning_rate": 0.2695728925919611, "subsample": 0.5466238529599283, "colsample_bytree": 0.8582826138121851, "gamma": 2.558975084904869, "lambda": 1.05769062521655e-07, "alpha": 5.9338175882787496e-08}