{"max_depth": 8, "learning_rate": 0.12060235204279655, "subsample": 0.9629411888052036, "colsample_bytree": 0.704288687772626, "gamma": 1.9982358616035807, "lambda": 2.454311650335122e-06, "alpha": 0.35438957955816947}