{"max_depth": 7, "learning_rate": 0.07060172526569437, "subsample": 0.5877040529134432, "colsample_bytree": 0.6894606074919274, "gamma": 1.9349955120588418, "lambda": 6.626402589301381e-05, "alpha": 0.00011888446199481726}