{"max_depth": 4, "learning_rate": 0.05460715706905247, "subsample": 0.8512464870504937, "colsample_bytree": 0.6564871235535241, "gamma": 2.1052496228140196, "lambda": 0.0047673861048471815, "alpha": 6.609206042814453e-07}