{"max_depth": 6, "learning_rate": 0.11973517145806552, "subsample": 0.5097507012331302, "colsample_bytree": 0.772112749421721, "gamma": 1.7340434516888696, "lambda": 1.2876205673283894e-08, "alpha": 4.864912691426522e-06}