{"max_depth": 9, "learning_rate": 0.14988371167930825, "subsample": 0.9117604175355793, "colsample_bytree": 0.8166750757628971, "gamma": 1.7660189157799389, "lambda": 0.0012661706801222019, "alpha": 0.0001353665198123629}