{"max_depth": 6, "learning_rate": 0.1416610274768807, "subsample": 0.6989902488846111, "colsample_bytree": 0.9585981406443365, "gamma": 0.15289242409866233, "lambda": 1.1884307690128284e-08, "alpha": 0.01767854002073958}