{"max_depth": 7, "learning_rate": 0.24054944883971413, "subsample": 0.5043107020112227, "colsample_bytree": 0.5873191686575934, "gamma": 0.19160434295786677, "lambda": 6.864739943558394e-05, "alpha": 3.6351911887210298e-06}