{"max_depth": 4, "learning_rate": 0.2462647065371127, "subsample": 0.8808311803776623, "colsample_bytree": 0.9908503644616768, "gamma": 0.34717046351757597, "lambda": 2.2256177730637866e-06, "alpha": 0.02034280811773151}