{"max_depth": 6, "learning_rate": 0.16773083251792759, "subsample": 0.6651101302421097, "colsample_bytree": 0.9950583097322894, "gamma": 1.3719405719805366, "lambda": 0.00024228041419395026, "alpha": 5.471846734779374e-05}