{"max_depth": 5, "learning_rate": 0.1094067877203918, "subsample": 0.641666870935945, "colsample_bytree": 0.7157406752536246, "gamma": 4.010384537017478, "lambda": 0.08099362326163213, "alpha": 1.7556548316185815e-07}