{"max_depth": 6, "learning_rate": 0.28752373705013656, "subsample": 0.7980616540867815, "colsample_bytree": 0.5239016970271064, "gamma": 3.649398303631814, "lambda": 0.00018442824625137795, "alpha": 0.868202582459914}