{"max_depth": 6, "learning_rate": 0.11833198253386838, "subsample": 0.7672519152073951, "colsample_bytree": 0.5759708074045694, "gamma": 0.4968399399215978, "lambda": 4.852234596977397e-05, "alpha": 0.0025467165533247247}