{"max_depth": 4, "learning_rate": 0.15840951320016322, "subsample": 0.7122403500380998, "colsample_bytree": 0.684826211958343, "gamma": 4.896328020821803, "lambda": 0.04730119219007522, "alpha": 0.02572080119750434}