{"max_depth": 6, "learning_rate": 0.16926222769545496, "subsample": 0.509692851496454, "colsample_bytree": 0.5254412833660422, "gamma": 2.3091475618405295, "lambda": 0.2812124370558586, "alpha": 0.001367595128790851}