{"max_depth": 9, "learning_rate": 0.13261886736620776, "subsample": 0.7253634444492372, "colsample_bytree": 0.7750840833016954, "gamma": 0.8496546644983949, "lambda": 0.06738818230317523, "alpha": 9.867062326959367e-08}