{"max_depth": 8, "learning_rate": 0.19036151624495365, "subsample": 0.9763300922493732, "colsample_bytree": 0.5807777951678199, "gamma": 3.608328636088449, "lambda": 0.0003948379607621523, "alpha": 3.141313437561798e-08}