{"max_depth": 3, "learning_rate": 0.21731565425919874, "subsample": 0.8906595914801623, "colsample_bytree": 0.9390447004298472, "gamma": 1.4720276955081828, "lambda": 0.0030769650934028133, "alpha": 2.1234665566383993e-06}