{"max_depth": 5, "learning_rate": 0.16279626362734895, "subsample": 0.9041137806404511, "colsample_bytree": 0.5656337516545047, "gamma": 1.2329289402250276, "lambda": 0.7933800176374683, "alpha": 2.4049924121637378e-08}