{"max_depth": 3, "learning_rate": 0.024405033464497437, "subsample": 0.6919730373885472, "colsample_bytree": 0.6357087977458227, "gamma": 4.7464539722495065, "lambda": 1.1671820436984045e-08, "alpha": 0.0011303034589908504}