{"max_depth": 10, "learning_rate": 0.13827733836505726, "subsample": 0.5161494062687793, "colsample_bytree": 0.5237652762586502, "gamma": 2.21401938605325, "lambda": 2.1223042795709032e-07, "alpha": 1.0077738437890345e-07}