{"max_depth": 5, "learning_rate": 0.05490540364319404, "subsample": 0.9481930133400813, "colsample_bytree": 0.5811533677505798, "gamma": 0.8983867826042857, "lambda": 0.32410803422635887, "alpha": 4.723311109509052e-06}