{"max_depth": 5, "learning_rate": 0.09548323038892044, "subsample": 0.5662540874879782, "colsample_bytree": 0.5835910528655441, "gamma": 1.6885458488090537, "lambda": 0.7157843909235633, "alpha": 0.003041187548675666}