{"max_depth": 10, "learning_rate": 0.11448250189648414, "subsample": 0.7494001767792304, "colsample_bytree": 0.9529204597600346, "gamma": 2.165815647962547, "lambda": 6.75628270712107e-07, "alpha": 0.0212212108238678}