{"max_depth": 10, "learning_rate": 0.0137159283480058, "subsample": 0.6616188616153944, "colsample_bytree": 0.5875834558689541, "gamma": 0.8767165337093868, "lambda": 0.00011497947742333105, "alpha": 1.0442384577269922e-08}