{"max_depth": 4, "learning_rate": 0.060196375654586534, "subsample": 0.9404258172522701, "colsample_bytree": 0.5010003846413081, "gamma": 0.06664655780461826, "lambda": 9.50524883382936e-06, "alpha": 0.022350956751983057}