{"max_depth": 4, "learning_rate": 0.08092326858991357, "subsample": 0.9424456846593025, "colsample_bytree": 0.8408336681467399, "gamma": 3.2508761192476006, "lambda": 1.6509945703458349e-07, "alpha": 0.8146821075480243}