{"max_depth": 10, "learning_rate": 0.13371488672871434, "subsample": 0.5798457232438983, "colsample_bytree": 0.6605985582657264, "gamma": 2.5108780004221423, "lambda": 0.0003095521533422913, "alpha": 1.0679701745343118e-06}