{"max_depth": 5, "learning_rate": 0.15367870163918038, "subsample": 0.8753491290360775, "colsample_bytree": 0.6537002040846074, "gamma": 1.5994716984004187, "lambda": 4.8842632756350115e-05, "alpha": 0.0001279588961771782}