{"max_depth": 10, "learning_rate": 0.19642333511733046, "subsample": 0.8749568522350389, "colsample_bytree": 0.8940157680707538, "gamma": 1.7509888361230996, "lambda": 0.0003991048062875677, "alpha": 0.06291585794349498}