{"max_depth": 3, "learning_rate": 0.1677618841575187, "subsample": 0.6791663959850012, "colsample_bytree": 0.8307092267499991, "gamma": 2.9600638360677505, "lambda": 1.1506874677501993e-05, "alpha": 0.9884113970832925}