{"max_depth": 7, "learning_rate": 0.1852766034059243, "subsample": 0.834159861605704, "colsample_bytree": 0.5544094805834698, "gamma": 1.767672869469269, "lambda": 0.0008163619482410608, "alpha": 0.026641883706732903}