{"max_depth": 8, "learning_rate": 0.25536191904760763, "subsample": 0.8337659509279018, "colsample_bytree": 0.582050221074399, "gamma": 0.03908350301154773, "lambda": 0.992307960262958, "alpha": 0.0007842121264992701}