{"max_depth": 9, "learning_rate": 0.09529884674871741, "subsample": 0.7605358440352967, "colsample_bytree": 0.6043367961090675, "gamma": 0.17794422450316483, "lambda": 0.018805798766084937, "alpha": 2.0989304882092835e-07}