{"max_depth": 5, "learning_rate": 0.12780943254652574, "subsample": 0.6205178977057886, "colsample_bytree": 0.621521821794158, "gamma": 2.091897505195417, "lambda": 7.117044803181878e-08, "alpha": 0.014124773439589055}