{"max_depth": 8, "learning_rate": 0.19222197278158448, "subsample": 0.8061141594449581, "colsample_bytree": 0.7029128822432597, "gamma": 2.464586665320545, "lambda": 3.1555778138154723e-08, "alpha": 7.687480374228941e-08}