{"max_depth": 10, "learning_rate": 0.05224171607149706, "subsample": 0.9717665656095196, "colsample_bytree": 0.8413574821350294, "gamma": 4.653996903212744, "lambda": 0.0031870990548368556, "alpha": 1.0795330333992565e-07}