{"max_depth": 10, "learning_rate": 0.11047248104720075, "subsample": 0.5708863783787037, "colsample_bytree": 0.7421625907993763, "gamma": 2.490425475482223, "lambda": 0.004887145037859966, "alpha": 0.3306785131431197}