{"max_depth": 9, "learning_rate": 0.17724696246784208, "subsample": 0.8832948607303175, "colsample_bytree": 0.7915924443610709, "gamma": 3.8553523584124063, "lambda": 1.014418317682883e-08, "alpha": 1.7583446626404982e-07}