{"max_depth": 9, "learning_rate": 0.06811016784095134, "subsample": 0.8551956072064917, "colsample_bytree": 0.8850191232750391, "gamma": 3.0978750381051645, "lambda": 0.0061230172613953495, "alpha": 3.1464512604948105e-06}