{"max_depth": 10, "learning_rate": 0.07266896727435862, "subsample": 0.8258277558748507, "colsample_bytree": 0.8169640319395526, "gamma": 2.8224127272017245, "lambda": 0.0049225262860680494, "alpha": 0.7573470641327896}