{"max_depth": 3, "learning_rate": 0.20126330829181946, "subsample": 0.5294291536519005, "colsample_bytree": 0.7151972655511902, "gamma": 2.3810960257335294, "lambda": 0.02938311457063692, "alpha": 0.00047885043313720493}