{"max_depth": 9, "learning_rate": 0.09657369933260262, "subsample": 0.9820230380711152, "colsample_bytree": 0.9286087371084867, "gamma": 0.34195960257569324, "lambda": 5.8810976757070395e-05, "alpha": 4.959840838097806e-06}