{"max_depth": 3, "learning_rate": 0.12602534939701668, "subsample": 0.9142106481906287, "colsample_bytree": 0.9932753642163308, "gamma": 4.242130613689529, "lambda": 1.0116462622834942e-08, "alpha": 1.7732097141087966e-06}