{"max_depth": 7, "learning_rate": 0.16347941921834294, "subsample": 0.6774151796943868, "colsample_bytree": 0.8561022209262206, "gamma": 2.514640200221065, "lambda": 0.2886633312335138, "alpha": 2.407332099133919e-07}