{"max_depth": 9, "learning_rate": 0.2685746354062552, "subsample": 0.7355776372522294, "colsample_bytree": 0.5144357304636591, "gamma": 1.0481169795010092, "lambda": 0.17683308220073882, "alpha": 5.487452668534496e-06}