{"max_depth": 5, "learning_rate": 0.2511618821923318, "subsample": 0.6970317914177981, "colsample_bytree": 0.8055896364860116, "gamma": 1.0346695118375604, "lambda": 9.22991851175674e-08, "alpha": 4.332859631261159e-05}