{"max_depth": 10, "learning_rate": 0.2477738908937106, "subsample": 0.8814642800041741, "colsample_bytree": 0.8769539741437029, "gamma": 0.37218908474216217, "lambda": 3.716776807123101e-05, "alpha": 1.3315443489591407e-08}