{"max_depth": 5, "learning_rate": 0.011003516782067084, "subsample": 0.6860139847606198, "colsample_bytree": 0.8401452735841852, "gamma": 0.056230153665891014, "lambda": 2.464503272864495e-07, "alpha": 5.1962148224354305e-08}