{"max_depth": 5, "learning_rate": 0.14379279408089538, "subsample": 0.816491141359893, "colsample_bytree": 0.9468492074217645, "gamma": 2.825861711485968, "lambda": 1.9077379240108227e-07, "alpha": 2.6071090323308196e-08}