{"max_depth": 10, "learning_rate": 0.06748847910924047, "subsample": 0.5614663669932198, "colsample_bytree": 0.8861156791242897, "gamma": 4.664009050050056, "lambda": 0.0053631835050565995, "alpha": 4.873519625780243e-07}