{"max_depth": 7, "learning_rate": 0.20284917573996689, "subsample": 0.8583464033609938, "colsample_bytree": 0.5821207545287838, "gamma": 0.4131846990216592, "lambda": 0.45412789017266186, "alpha": 0.00018283698467667426}