{"max_depth": 5, "learning_rate": 0.05823376386701517, "subsample": 0.5324202288593218, "colsample_bytree": 0.9924223302063638, "gamma": 1.6640649404205359, "lambda": 0.02328277167866639, "alpha": 0.0007763308029758666}