{"max_depth": 10, "learning_rate": 0.05332289104425157, "subsample": 0.8486986893482935, "colsample_bytree": 0.9856513088123191, "gamma": 1.0171346414147586, "lambda": 6.824589663585034e-07, "alpha": 0.08672202759737321}