{"max_depth": 9, "learning_rate": 0.24256283097183431, "subsample": 0.6809301251987305, "colsample_bytree": 0.6697454704132879, "gamma": 4.608993415665738, "lambda": 0.12087953453703933, "alpha": 0.5784129327533204}