{"max_depth": 10, "learning_rate": 0.2567845568870858, "subsample": 0.6627418335599342, "colsample_bytree": 0.5667887777322076, "gamma": 1.9275147673115534, "lambda": 1.4814356812240958e-06, "alpha": 5.325930808863108e-06}