{"max_depth": 10, "learning_rate": 0.07481395924511634, "subsample": 0.9745345968026393, "colsample_bytree": 0.5871799047343563, "gamma": 1.4191431867299404, "lambda": 1.045221073855765e-08, "alpha": 0.16917046093446708}