{"max_depth": 7, "learning_rate": 0.26114993104490886, "subsample": 0.7961779262445874, "colsample_bytree": 0.5271503251570292, "gamma": 3.064887459134125, "lambda": 0.012489301884398533, "alpha": 4.8775561838255636e-08}