{"max_depth": 8, "learning_rate": 0.08731755977906615, "subsample": 0.7175811977838951, "colsample_bytree": 0.8660230687996653, "gamma": 4.9193598528617235, "lambda": 1.2427841388402835e-08, "alpha": 8.741345117385648e-05}