{"max_depth": 9, "learning_rate": 0.20122718614777108, "subsample": 0.8645091164187089, "colsample_bytree": 0.7997454458945918, "gamma": 3.150537474462541, "lambda": 8.799778703413422e-08, "alpha": 2.6863336290588216e-07}