{"max_depth": 7, "learning_rate": 0.17458701199452192, "subsample": 0.9166525785311579, "colsample_bytree": 0.8016744251541552, "gamma": 1.7059828817081195, "lambda": 7.375678688824553e-08, "alpha": 0.041945586005400354}