{"max_depth": 9, "learning_rate": 0.05573097102667184, "subsample": 0.8742256443484411, "colsample_bytree": 0.5773543500446017, "gamma": 3.753920174378767, "lambda": 0.055226313967182625, "alpha": 0.0015042127532455696}