{"max_depth": 10, "learning_rate": 0.18502206577942884, "subsample": 0.5854632263462332, "colsample_bytree": 0.8628706203342079, "gamma": 1.7950499640617106, "lambda": 0.0013121998426368934, "alpha": 9.315643879805246e-07}