{"max_depth": 7, "learning_rate": 0.1858492662573475, "subsample": 0.5030332691500182, "colsample_bytree": 0.6525959431504689, "gamma": 1.4048421828582691, "lambda": 3.946196863222091e-06, "alpha": 0.012417248691369289}