{"max_depth": 9, "learning_rate": 0.26752465992228236, "subsample": 0.6693641142488111, "colsample_bytree": 0.6798871833911558, "gamma": 3.209639434623212, "lambda": 9.035938062752316e-05, "alpha": 0.020632964115301515}