{"max_depth": 8, "learning_rate": 0.1751879545705362, "subsample": 0.7144229878044895, "colsample_bytree": 0.508862555931869, "gamma": 2.3278054122013736, "lambda": 9.68442441456492e-08, "alpha": 1.2129875610341435e-07}