{"max_depth": 4, "learning_rate": 0.047532640419796726, "subsample": 0.8585939554005623, "colsample_bytree": 0.5350331743240956, "gamma": 1.5063332357106392, "lambda": 5.494716213130237e-08, "alpha": 3.743029646064368e-08}