{"max_depth": 9, "learning_rate": 0.08435264483246305, "subsample": 0.8370215476427788, "colsample_bytree": 0.5686775580830514, "gamma": 3.373283156763154, "lambda": 0.002853193681655976, "alpha": 0.0015972547093225003}