{"max_depth": 3, "learning_rate": 0.05017915595376407, "subsample": 0.5828523365163208, "colsample_bytree": 0.9741205412195468, "gamma": 1.9296599549570232, "lambda": 0.4421394999655273, "alpha": 0.0003047493251907776}