{"max_depth": 9, "learning_rate": 0.2625156036853377, "subsample": 0.6612984912395625, "colsample_bytree": 0.7776061148878171, "gamma": 0.6311982881164591, "lambda": 0.033914487295990746, "alpha": 0.08810408498252242}