{"max_depth": 3, "learning_rate": 0.10984329758472301, "subsample": 0.5404805614648591, "colsample_bytree": 0.8145763596185278, "gamma": 0.7556193136359174, "lambda": 0.00015902145811971612, "alpha": 1.963248128486208e-05}