{"max_depth": 7, "learning_rate": 0.17306953972036532, "subsample": 0.9415548193397223, "colsample_bytree": 0.5798767688760136, "gamma": 2.667285679503724, "lambda": 0.21273107407126074, "alpha": 0.02790099882977191}