{"max_depth": 10, "learning_rate": 0.010912267181169086, "subsample": 0.676281990848873, "colsample_bytree": 0.5040319822288588, "gamma": 0.046761044428349496, "lambda": 0.27229940244236905, "alpha": 1.1595025693050572e-05}