{"max_depth": 9, "learning_rate": 0.08510260766552913, "subsample": 0.8184841213309111, "colsample_bytree": 0.963177342639282, "gamma": 4.254302666243589, "lambda": 1.429983159804234e-07, "alpha": 0.0013507417769835681}