{"max_depth": 4, "learning_rate": 0.24822383154337063, "subsample": 0.6381437574008249, "colsample_bytree": 0.8173383041860317, "gamma": 4.901175421481302, "lambda": 3.7826440694106885e-08, "alpha": 6.506179668324135e-06}