{"max_depth": 5, "learning_rate": 0.08070027555089865, "subsample": 0.6413553655641728, "colsample_bytree": 0.6686553799828526, "gamma": 0.5186063126412127, "lambda": 8.589966838373058e-08, "alpha": 1.5056879505524693e-07}