{"max_depth": 8, "learning_rate": 0.012241214597328824, "subsample": 0.9206265579672877, "colsample_bytree": 0.5242245981994389, "gamma": 3.997877783799753, "lambda": 0.0006516724356836496, "alpha": 0.23745818971216084}