{"max_depth": 7, "learning_rate": 0.01588459655195354, "subsample": 0.7686871497365394, "colsample_bytree": 0.7561658109701488, "gamma": 3.0279232618139647, "lambda": 0.0008273605926801303, "alpha": 0.16231684871452984}