{"max_depth": 8, "learning_rate": 0.09503990811845082, "subsample": 0.7635977808009868, "colsample_bytree": 0.8108499606205588, "gamma": 2.1980712736408465, "lambda": 0.9231315459754542, "alpha": 0.03153082188083147}