{"max_depth": 6, "learning_rate": 0.15044861271998058, "subsample": 0.7196210446941337, "colsample_bytree": 0.97687513856894, "gamma": 4.698172824830533, "lambda": 1.4344092168204148e-05, "alpha": 6.625290522826737e-07}