{"max_depth": 10, "learning_rate": 0.20040160016956934, "subsample": 0.716121823382228, "colsample_bytree": 0.6055189397088709, "gamma": 2.3686821316153455, "lambda": 0.0009006661003679166, "alpha": 0.1562791738802972}