{"max_depth": 6, "learning_rate": 0.042446661461493146, "subsample": 0.733095993922315, "colsample_bytree": 0.9021575552210717, "gamma": 3.7030434317158063, "lambda": 0.11995689956484294, "alpha": 0.29694345428277596}