{"max_depth": 10, "learning_rate": 0.2246597502397613, "subsample": 0.66128512232854, "colsample_bytree": 0.998393311982481, "gamma": 2.2221050320900595, "lambda": 4.69052061153591e-05, "alpha": 6.760716078393672e-08}