{"max_depth": 4, "learning_rate": 0.26392727652592946, "subsample": 0.8605988526840366, "colsample_bytree": 0.6471263747181285, "gamma": 0.1669016926639333, "lambda": 0.0012339491119566285, "alpha": 0.0522998380298227}