{"max_depth": 7, "learning_rate": 0.08992365116490628, "subsample": 0.8307610315660396, "colsample_bytree": 0.5546101077561757, "gamma": 1.5481734638910112, "lambda": 3.343147489134722e-05, "alpha": 1.1498915427522408e-05}