{"max_depth": 3, "learning_rate": 0.08821709654742178, "subsample": 0.8425980510163665, "colsample_bytree": 0.8817689586402604, "gamma": 0.4043783444694671, "lambda": 4.076774285978579e-05, "alpha": 0.00959800683807984}