{"max_depth": 7, "learning_rate": 0.29682378597548736, "subsample": 0.6963991848304116, "colsample_bytree": 0.6678155508402046, "gamma": 4.6145697328871895, "lambda": 0.01917760015166525, "alpha": 2.1016156427502724e-08}