{"max_depth": 4, "learning_rate": 0.2674199134127591, "subsample": 0.9782701349630274, "colsample_bytree": 0.6869875682555648, "gamma": 3.6408454838727584, "lambda": 1.475644993135353e-05, "alpha": 1.3700425341990876e-08}