{"max_depth": 8, "learning_rate": 0.180266508604385, "subsample": 0.9849176331389203, "colsample_bytree": 0.9548845260728449, "gamma": 3.3428368197910507, "lambda": 3.0536792595879217e-06, "alpha": 0.0005721309721114025}