{"max_depth": 7, "learning_rate": 0.17433413595414313, "subsample": 0.5834040365168556, "colsample_bytree": 0.7166399760586419, "gamma": 3.6380590770680317, "lambda": 0.00022413645071132107, "alpha": 3.6294845752716506e-08}