{"max_depth": 6, "learning_rate": 0.27050518830304465, "subsample": 0.6640408073072817, "colsample_bytree": 0.8586269575447706, "gamma": 4.138065421313701, "lambda": 5.354772758558173e-06, "alpha": 1.1139061998154234e-08}