{"max_depth": 10, "learning_rate": 0.1467660305829627, "subsample": 0.818146173300144, "colsample_bytree": 0.5972948359514266, "gamma": 1.370634493290992, "lambda": 0.002379551487160819, "alpha": 1.3943189283456054e-05}