{"max_depth": 7, "learning_rate": 0.1961512574960898, "subsample": 0.6993099493519476, "colsample_bytree": 0.503831416055169, "gamma": 0.7432635976095675, "lambda": 7.412107693634503e-06, "alpha": 0.0005820837463441708}