{"max_depth": 5, "learning_rate": 0.21992624672869737, "subsample": 0.5891435279958688, "colsample_bytree": 0.8468965747888848, "gamma": 3.6718475664053734, "lambda": 0.00010245683696004831, "alpha": 5.604220380062875e-05}