{"max_depth": 4, "learning_rate": 0.2537530145631634, "subsample": 0.8975020312849743, "colsample_bytree": 0.8719207139336183, "gamma": 1.3803448164271122, "lambda": 1.8907957069652292e-07, "alpha": 0.0005140872498429139}