{"max_depth": 4, "learning_rate": 0.21470676679782438, "subsample": 0.997755598986007, "colsample_bytree": 0.6717621171145296, "gamma": 4.335421060935858, "lambda": 2.6603093175572933e-08, "alpha": 0.0010640643079577522}