{"max_depth": 6, "learning_rate": 0.09160713815384501, "subsample": 0.5945662168065033, "colsample_bytree": 0.5219344718323073, "gamma": 4.218850816465346, "lambda": 7.69054986929027e-07, "alpha": 0.07131929888072251}