{"max_depth": 6, "learning_rate": 0.20378323701061685, "subsample": 0.5099108759125335, "colsample_bytree": 0.7046881188168204, "gamma": 2.1238915043318873, "lambda": 0.01156969724703263, "alpha": 2.2969238448995073e-05}