{"max_depth": 9, "learning_rate": 0.054531445542245774, "subsample": 0.8292210359198884, "colsample_bytree": 0.512451189280738, "gamma": 3.6582420621156313, "lambda": 2.5555868008523253e-06, "alpha": 1.744387356050691e-08}