{"max_depth": 7, "learning_rate": 0.10574674983224464, "subsample": 0.9554517192155372, "colsample_bytree": 0.9207549712078241, "gamma": 0.2548016106111639, "lambda": 2.73772102127913e-08, "alpha": 5.7716537845929856e-05}