{"max_depth": 6, "learning_rate": 0.1789642807688409, "subsample": 0.9921892748020812, "colsample_bytree": 0.5862771114965503, "gamma": 3.526681995933994, "lambda": 0.9673312165551374, "alpha": 2.54475552745761e-05}