{"max_depth": 10, "learning_rate": 0.08500842884116935, "subsample": 0.685247882879949, "colsample_bytree": 0.8360241068835343, "gamma": 4.6095212253074855, "lambda": 0.0801353961088635, "alpha": 4.812019598571882e-06}