{"max_depth": 10, "learning_rate": 0.04428218687821412, "subsample": 0.5334657152922302, "colsample_bytree": 0.9974516788963809, "gamma": 2.729229521578577, "lambda": 2.6397159648170706e-06, "alpha": 0.03561648289504255}