{"max_depth": 5, "learning_rate": 0.05972011881880202, "subsample": 0.7841365265124236, "colsample_bytree": 0.6164617697497906, "gamma": 1.0463404889071244, "lambda": 0.00043011840990894837, "alpha": 2.266570978457106e-06}