{"max_depth": 8, "learning_rate": 0.15134280012804224, "subsample": 0.9578267706567759, "colsample_bytree": 0.5892878771058151, "gamma": 4.387363280515014, "lambda": 2.1532169582362542e-08, "alpha": 1.5126634150350823e-08}