{"max_depth": 4, "learning_rate": 0.21020806369215658, "subsample": 0.5907955601924907, "colsample_bytree": 0.8992900873014287, "gamma": 3.520865094985984, "lambda": 9.66103722172156e-05, "alpha": 0.005281349193224088}