{"max_depth": 4, "learning_rate": 0.270115918484517, "subsample": 0.7108674123813492, "colsample_bytree": 0.822435257607171, "gamma": 3.562650916908386, "lambda": 2.764064540824378e-06, "alpha": 0.14239606548652187}