{"max_depth": 3, "learning_rate": 0.09773975498488685, "subsample": 0.7600528000087252, "colsample_bytree": 0.893523213435442, "gamma": 0.3714672923749246, "lambda": 0.00012960136223457127, "alpha": 4.227710930136169e-06}