{"max_depth": 6, "learning_rate": 0.09971572571873911, "subsample": 0.6737898530518438, "colsample_bytree": 0.5062452633007026, "gamma": 0.9484339425485255, "lambda": 0.000771052358500856, "alpha": 2.883097147794192e-05}