{"max_depth": 5, "learning_rate": 0.06780812298944189, "subsample": 0.6279731915484887, "colsample_bytree": 0.9552168627807621, "gamma": 2.5521305291056025, "lambda": 0.0023633427776447655, "alpha": 8.087253046395576e-07}