{"max_depth": 5, "learning_rate": 0.20609307346000008, "subsample": 0.9408519973919861, "colsample_bytree": 0.5873748958477398, "gamma": 1.6675056158790524, "lambda": 2.6215830920117885e-08, "alpha": 3.0461568065002215e-08}