{"max_depth": 5, "learning_rate": 0.11327324775524104, "subsample": 0.7959887733045583, "colsample_bytree": 0.6527961810274727, "gamma": 4.6807879510965105, "lambda": 3.0948600329388435e-08, "alpha": 0.014521387835644045}