{"max_depth": 5, "learning_rate": 0.018356500021411683, "subsample": 0.9198302264830973, "colsample_bytree": 0.6307573501623414, "gamma": 4.030935952084146, "lambda": 0.03251798391350103, "alpha": 7.65454744107648e-05}