{"max_depth": 9, "learning_rate": 0.01986932138249535, "subsample": 0.992448926851853, "colsample_bytree": 0.8757411834907582, "gamma": 0.8126473753578933, "lambda": 3.209944193584865e-08, "alpha": 1.8674408858842193e-05}