{"max_depth": 7, "learning_rate": 0.1514585280200871, "subsample": 0.6419085960541642, "colsample_bytree": 0.6718461035628134, "gamma": 4.580680652372663, "lambda": 0.25338546645437793, "alpha": 5.603228608169062e-07}