{"max_depth": 7, "learning_rate": 0.15337419884040468, "subsample": 0.9406913272894605, "colsample_bytree": 0.9144518359507015, "gamma": 1.0942895043341032, "lambda": 1.1626016315857047e-05, "alpha": 6.13012207935648e-05}