{"max_depth": 9, "learning_rate": 0.1058245296119415, "subsample": 0.6811518224193738, "colsample_bytree": 0.9443916802773231, "gamma": 0.9902708178955799, "lambda": 0.018109933886888318, "alpha": 2.3560266851325736e-05}