{"max_depth": 8, "learning_rate": 0.26382058465848357, "subsample": 0.9479069292027132, "colsample_bytree": 0.7908071292883545, "gamma": 2.932283275502614, "lambda": 0.1698126471389532, "alpha": 0.9808413190192882}