{"max_depth": 7, "learning_rate": 0.25878943781737584, "subsample": 0.7787791766303749, "colsample_bytree": 0.733373391352537, "gamma": 4.848071131376049, "lambda": 2.852136897218672e-06, "alpha": 0.0033946150357669325}