{"max_depth": 4, "learning_rate": 0.07440962303969662, "subsample": 0.7192023891908842, "colsample_bytree": 0.7935490924995549, "gamma": 4.430381530407726, "lambda": 2.0255578430789258e-08, "alpha": 2.07020051515527e-08}