{"max_depth": 8, "learning_rate": 0.22849917931532035, "subsample": 0.7799414226738695, "colsample_bytree": 0.9106026890536818, "gamma": 0.5561393735045717, "lambda": 0.002372144632660598, "alpha": 8.090769264151656e-07}