{"max_depth": 10, "learning_rate": 0.2628300527737927, "subsample": 0.5444729520104231, "colsample_bytree": 0.5654708287724733, "gamma": 2.847417230563714, "lambda": 0.03858571316139744, "alpha": 0.0007313828339350486}