{"max_depth": 6, "learning_rate": 0.2540295572140885, "subsample": 0.6603389406597133, "colsample_bytree": 0.9490956334643936, "gamma": 3.7543854256640383, "lambda": 7.355951416214275e-08, "alpha": 2.9227915380969554e-07}