{"max_depth": 8, "learning_rate": 0.1043799943518695, "subsample": 0.7742724101198488, "colsample_bytree": 0.500620341027928, "gamma": 3.795457065554473, "lambda": 3.809151265941111e-06, "alpha": 0.8709817371521016}