{"max_depth": 4, "learning_rate": 0.08015682311654156, "subsample": 0.7472403744566198, "colsample_bytree": 0.596119932912303, "gamma": 1.4611631934015301, "lambda": 0.17118703746928707, "alpha": 0.00035490866627264044}