{"max_depth": 9, "learning_rate": 0.19481080995556613, "subsample": 0.571434751049589, "colsample_bytree": 0.8707703069964253, "gamma": 0.09066518347806252, "lambda": 0.05411760006997016, "alpha": 9.961154607971963e-07}