{"max_depth": 10, "learning_rate": 0.015489668556044164, "subsample": 0.6914283258121707, "colsample_bytree": 0.8777115450544344, "gamma": 4.40458257568406, "lambda": 3.4763147335667056e-08, "alpha": 0.058429074616474765}