{"max_depth": 7, "learning_rate": 0.21683205402472105, "subsample": 0.7457066099153806, "colsample_bytree": 0.9823787972625355, "gamma": 1.528291636561171, "lambda": 0.00012859620594433773, "alpha": 6.11123470363163e-05}