{"max_depth": 10, "learning_rate": 0.14151248866837216, "subsample": 0.9188754890223128, "colsample_bytree": 0.504705080038336, "gamma": 4.1215632588214905, "lambda": 0.00024189936562894925, "alpha": 1.9293329079872713e-05}