{"max_depth": 4, "learning_rate": 0.13206976400227838, "subsample": 0.9606558281302886, "colsample_bytree": 0.5769099745039556, "gamma": 1.3606665756955123, "lambda": 2.104483490308731e-06, "alpha": 0.009571024440239481}