{"max_depth": 5, "learning_rate": 0.20235277455057443, "subsample": 0.9604928573831637, "colsample_bytree": 0.7591500309937949, "gamma": 2.2592353370053515, "lambda": 0.00048142286620426165, "alpha": 2.2753264260940482e-07}