{"max_depth": 8, "learning_rate": 0.025459804989903294, "subsample": 0.9859899550376025, "colsample_bytree": 0.535262119098727, "gamma": 1.4455865411593105, "lambda": 5.404832670174257e-06, "alpha": 1.0571892536419688e-05}