{"max_depth": 9, "learning_rate": 0.04186904752021061, "subsample": 0.7950663980586057, "colsample_bytree": 0.8152803597795295, "gamma": 4.728193606649013, "lambda": 1.693944534858555e-06, "alpha": 7.495555345230203e-08}