{"max_depth": 6, "learning_rate": 0.13197399447582756, "subsample": 0.9479777512206404, "colsample_bytree": 0.5236462869133087, "gamma": 4.0110585528458405, "lambda": 0.004727441206880421, "alpha": 0.017211782558158237}