{"max_depth": 8, "learning_rate": 0.24376451724014264, "subsample": 0.7191258023234668, "colsample_bytree": 0.9387528092202034, "gamma": 2.782452281205918, "lambda": 1.02820097624532e-06, "alpha": 1.418750180054181e-07}