{"max_depth": 8, "learning_rate": 0.2913626948973891, "subsample": 0.703811334060964, "colsample_bytree": 0.5081377208747516, "gamma": 2.9165113785965358, "lambda": 1.3451046668318963e-06, "alpha": 0.0017001326154571918}