{"max_depth": 6, "learning_rate": 0.2713934929407553, "subsample": 0.9114859945290159, "colsample_bytree": 0.7333240993063339, "gamma": 4.479781410211242, "lambda": 0.005646437674705847, "alpha": 2.2549449683203035e-07}