{"max_depth": 9, "learning_rate": 0.24930336370379919, "subsample": 0.726356362415596, "colsample_bytree": 0.7787067785775982, "gamma": 0.6448061946160127, "lambda": 6.730334382879492e-07, "alpha": 0.6745138829629614}