{"max_depth": 10, "learning_rate": 0.22260760425034798, "subsample": 0.9673167891481951, "colsample_bytree": 0.5180685083858014, "gamma": 0.7772021174095517, "lambda": 1.8111140769200557e-07, "alpha": 1.0922222396011274e-07}