{"max_depth": 8, "learning_rate": 0.028572411569696934, "subsample": 0.9884672414089994, "colsample_bytree": 0.955675725672783, "gamma": 2.015236272653715, "lambda": 0.0001468121627660842, "alpha": 6.920294351138347e-07}