{"max_depth": 4, "learning_rate": 0.2480665626158253, "subsample": 0.9703773965806131, "colsample_bytree": 0.8914130147595462, "gamma": 0.10932755076164868, "lambda": 3.115064277939248e-05, "alpha": 0.5041511809747357}