{"max_depth": 3, "learning_rate": 0.26509237995368357, "subsample": 0.6494757167160379, "colsample_bytree": 0.9363597923598947, "gamma": 3.4119457553729218, "lambda": 2.0649762862443478e-07, "alpha": 2.6394195763245415e-06}