{"max_depth": 6, "learning_rate": 0.17019045552046178, "subsample": 0.5583614098366187, "colsample_bytree": 0.7592370638792862, "gamma": 0.9063202810315268, "lambda": 9.314376113214752e-06, "alpha": 5.663045879704198e-06}