{"max_depth": 3, "learning_rate": 0.19351819709299758, "subsample": 0.518515785476547, "colsample_bytree": 0.9795089943191795, "gamma": 0.9063867827223465, "lambda": 4.920191229395481e-06, "alpha": 8.871633530141351e-08}