{"max_depth": 8, "learning_rate": 0.29606250131894946, "subsample": 0.8661491044115721, "colsample_bytree": 0.6169401387334282, "gamma": 1.6439771365734168, "lambda": 0.006422118680973105, "alpha": 2.1212283041467043e-06}