{"max_depth": 3, "learning_rate": 0.035886879009446954, "subsample": 0.6728193202447326, "colsample_bytree": 0.9420423643557159, "gamma": 3.3382984461412257, "lambda": 5.409470226822522e-08, "alpha": 0.24205008631687255}