{"max_depth": 7, "learning_rate": 0.06433848110912677, "subsample": 0.5333969340198416, "colsample_bytree": 0.7653577662775035, "gamma": 1.2331558532116171, "lambda": 0.00027107780970056196, "alpha": 0.010518650455109925}