{"max_depth": 4, "learning_rate": 0.049921890709053514, "subsample": 0.9100095476852821, "colsample_bytree": 0.9193703543984715, "gamma": 2.5002238265326486, "lambda": 1.1502365858469477e-05, "alpha": 0.00044275530241858326}