{"max_depth": 3, "learning_rate": 0.03584437361094152, "subsample": 0.9439516179684937, "colsample_bytree": 0.8679944925174095, "gamma": 3.3291127168546266, "lambda": 0.20313512270220038, "alpha": 0.18663475149689954}