{"max_depth": 8, "learning_rate": 0.19787419837431594, "subsample": 0.8571487826730144, "colsample_bytree": 0.9877676899500443, "gamma": 0.1880762103079442, "lambda": 1.887780258611754e-08, "alpha": 1.1512655645543261e-05}