{"max_depth": 4, "learning_rate": 0.21879683519285056, "subsample": 0.5582124184151745, "colsample_bytree": 0.72884192672096, "gamma": 0.8247421875203581, "lambda": 1.21998563481117e-06, "alpha": 6.005321843450451e-07}