{"max_depth": 7, "learning_rate": 0.024732155297959038, "subsample": 0.7166480089054685, "colsample_bytree": 0.6551833489014985, "gamma": 1.2327573295733396, "lambda": 2.0498120246942327e-06, "alpha": 4.438916202151745e-06}