{"max_depth": 4, "learning_rate": 0.29797774439528424, "subsample": 0.9131176925995372, "colsample_bytree": 0.7306376751973543, "gamma": 0.029206422577292557, "lambda": 0.005010852696851957, "alpha": 0.0010906267628928135}