{"max_depth": 8, "learning_rate": 0.19668378014362062, "subsample": 0.6735225703919463, "colsample_bytree": 0.547343575550003, "gamma": 2.442176913253344, "lambda": 8.786351810163906e-06, "alpha": 1.9002564557877398e-07}