{"max_depth": 5, "learning_rate": 0.041878148108343255, "subsample": 0.8740389435415207, "colsample_bytree": 0.503373107412165, "gamma": 2.530451339129976, "lambda": 2.265553172022043e-05, "alpha": 1.3492234701416056e-06}