{"max_depth": 3, "learning_rate": 0.26976738409634865, "subsample": 0.8047773826246598, "colsample_bytree": 0.7649186167531827, "gamma": 2.6748018638235522, "lambda": 0.00029809482576862893, "alpha": 1.6597248302508518e-06}