{"max_depth": 10, "learning_rate": 0.254480220544636, "subsample": 0.51647171030152, "colsample_bytree": 0.7440638176994363, "gamma": 1.2158401773175336, "lambda": 0.04613640024019164, "alpha": 0.01048706139377997}