{"max_depth": 5, "learning_rate": 0.10023735418415211, "subsample": 0.5594768034059938, "colsample_bytree": 0.9036592801429, "gamma": 2.4485939709968214, "lambda": 0.003509291733740083, "alpha": 1.1680123380900616e-07}