{"max_depth": 10, "learning_rate": 0.07862232921338506, "subsample": 0.630817744036916, "colsample_bytree": 0.6345092373439137, "gamma": 3.067997551693384, "lambda": 2.285570717111958e-05, "alpha": 0.00016228323775357268}