{"max_depth": 9, "learning_rate": 0.06834210566547197, "subsample": 0.6043889617650644, "colsample_bytree": 0.8748836996633806, "gamma": 1.3283119427883765, "lambda": 2.622877116358856e-06, "alpha": 7.936792032952663e-06}