{"max_depth": 8, "learning_rate": 0.07924591333826443, "subsample": 0.9482386683218165, "colsample_bytree": 0.8379359697654634, "gamma": 3.127304859233391, "lambda": 1.4341363411348505e-05, "alpha": 0.0016543618492684301}