{"max_depth": 3, "learning_rate": 0.2293271901861183, "subsample": 0.7699100544856547, "colsample_bytree": 0.6584735118956704, "gamma": 0.5097201224715092, "lambda": 0.138762758513829, "alpha": 1.28063470877596e-05}