{"max_depth": 3, "learning_rate": 0.14119350067782221, "subsample": 0.9163528478517489, "colsample_bytree": 0.8800273237987504, "gamma": 1.933903462780867, "lambda": 1.991420067878348e-07, "alpha": 2.2604627024858076e-07}