{"max_depth": 8, "learning_rate": 0.20998907454545665, "subsample": 0.5401502468826815, "colsample_bytree": 0.991780816542565, "gamma": 2.793372097018525, "lambda": 2.705137604900469e-06, "alpha": 1.3181960433716036e-06}