{"max_depth": 7, "learning_rate": 0.28332785016307915, "subsample": 0.5673265414725835, "colsample_bytree": 0.7975002734031598, "gamma": 3.6949556968421238, "lambda": 5.134290462772223e-08, "alpha": 0.007231244833729467}