{"max_depth": 5, "learning_rate": 0.21203499205247206, "subsample": 0.6051515285625453, "colsample_bytree": 0.5187006564944016, "gamma": 1.342792157823078, "lambda": 0.005629899039120356, "alpha": 8.584722645093888e-07}