{"max_depth": 5, "learning_rate": 0.27188856700671754, "subsample": 0.5417173344705538, "colsample_bytree": 0.6648267901999698, "gamma": 0.9690564088972736, "lambda": 0.061168188940952516, "alpha": 1.051684712009069e-05}