{"max_depth": 6, "learning_rate": 0.20590678264301768, "subsample": 0.9889838755031197, "colsample_bytree": 0.9632505990723895, "gamma": 3.8985073307983056, "lambda": 0.028359525182851238, "alpha": 6.918764897686957e-07}