{"max_depth": 7, "learning_rate": 0.10599628437210286, "subsample": 0.7682384697356628, "colsample_bytree": 0.6895286530906255, "gamma": 2.9683046223041067, "lambda": 4.053017725120498e-08, "alpha": 5.489760402629635e-06}