{"max_depth": 6, "learning_rate": 0.25080982630653603, "subsample": 0.7133697997746078, "colsample_bytree": 0.841311727985179, "gamma": 0.4522434538103193, "lambda": 0.03654097906156756, "alpha": 2.3634648667140358e-08}