{"max_depth": 4, "learning_rate": 0.11072098881624663, "subsample": 0.5948164323482121, "colsample_bytree": 0.8042787696422119, "gamma": 1.1318632888288804, "lambda": 0.4381030511258388, "alpha": 0.0002659980027664496}