{"max_depth": 10, "learning_rate": 0.05984576347335018, "subsample": 0.6299419100349759, "colsample_bytree": 0.7207622427430764, "gamma": 3.2955385288726626, "lambda": 2.8105254662252615e-06, "alpha": 1.4547954823727585e-07}