{"max_depth": 8, "learning_rate": 0.04823057164231528, "subsample": 0.602406503152372, "colsample_bytree": 0.701479381805838, "gamma": 3.433939778767937, "lambda": 0.06712375552090763, "alpha": 0.29154071327260234}