{"max_depth": 4, "learning_rate": 0.16557692396815976, "subsample": 0.89122716009334, "colsample_bytree": 0.8412273339215013, "gamma": 1.4520754133696634, "lambda": 0.008141721737311996, "alpha": 1.983110414977893e-07}