{"max_depth": 9, "learning_rate": 0.25634153221841477, "subsample": 0.8970780889241192, "colsample_bytree": 0.6069404749896281, "gamma": 4.553838807703103, "lambda": 0.13953577713331958, "alpha": 7.359121105793016e-05}