{"max_depth": 5, "learning_rate": 0.20075421441490704, "subsample": 0.5221614226616744, "colsample_bytree": 0.6105060314031026, "gamma": 1.1514292903992573, "lambda": 0.00010837384907071074, "alpha": 0.0005834491603666982}