{"max_depth": 4, "learning_rate": 0.028969042501329124, "subsample": 0.8435130529624049, "colsample_bytree": 0.5276875020393346, "gamma": 3.048675152614981, "lambda": 0.00014190334279072053, "alpha": 0.003926800806347506}