{"max_depth": 7, "learning_rate": 0.1108971088876353, "subsample": 0.5783339710965762, "colsample_bytree": 0.6911634530828169, "gamma": 4.206490505553743, "lambda": 0.008993962653273842, "alpha": 0.0018329497085660495}