{"max_depth": 3, "learning_rate": 0.20980184064221438, "subsample": 0.5035596504279143, "colsample_bytree": 0.8906221670413605, "gamma": 4.583883703254731, "lambda": 2.5544872795572523e-08, "alpha": 0.001193747421080196}