{"max_depth": 4, "learning_rate": 0.070768443888807, "subsample": 0.9018812290867912, "colsample_bytree": 0.6908044650282106, "gamma": 3.4838591134558747, "lambda": 0.03336927758537545, "alpha": 0.008255491052874488}