{"max_depth": 10, "learning_rate": 0.19278146974215715, "subsample": 0.8197092695698447, "colsample_bytree": 0.9267080068941222, "gamma": 2.090125247122197, "lambda": 3.772466683461629e-05, "alpha": 2.2260691517400304e-06}