{"max_depth": 6, "learning_rate": 0.2990323512397608, "subsample": 0.8329019065510148, "colsample_bytree": 0.5346178106816689, "gamma": 3.2332216824156275, "lambda": 0.000757811671041118, "alpha": 0.7653092457897449}