{"max_depth": 7, "learning_rate": 0.08752749637929678, "subsample": 0.7446979500179365, "colsample_bytree": 0.958289812664542, "gamma": 1.2413874922646517, "lambda": 0.013839397207810697, "alpha": 9.454106453109894e-07}