{"max_depth": 5, "learning_rate": 0.034701125068464095, "subsample": 0.9911954871091893, "colsample_bytree": 0.7358049660897106, "gamma": 1.9189174581171002, "lambda": 1.864902866276363e-07, "alpha": 1.0385594004624354e-05}