{"max_depth": 3, "learning_rate": 0.045489644372701844, "subsample": 0.9715719989864956, "colsample_bytree": 0.6952212884231772, "gamma": 4.363087535879916, "lambda": 0.2332369114411628, "alpha": 2.3316996439413265e-06}