{"max_depth": 8, "learning_rate": 0.09289060724541111, "subsample": 0.9715518202998898, "colsample_bytree": 0.9742527274389323, "gamma": 4.826453364884326, "lambda": 6.586159885640977e-05, "alpha": 4.746992395020101e-08}