{"max_depth": 6, "learning_rate": 0.18288180033140644, "subsample": 0.8290727595774314, "colsample_bytree": 0.7401565988143742, "gamma": 2.159261811445467, "lambda": 0.05546028769749175, "alpha": 0.00933048961532704}