{"max_depth": 10, "learning_rate": 0.20106514043914456, "subsample": 0.776970489241933, "colsample_bytree": 0.5220091527946702, "gamma": 1.7979792037315345, "lambda": 0.001901428503943069, "alpha": 6.260042334549994e-05}