{"max_depth": 9, "learning_rate": 0.2270747592192802, "subsample": 0.5259679719194301, "colsample_bytree": 0.9380898620300635, "gamma": 2.6542151197356825, "lambda": 2.6021197003411365e-06, "alpha": 3.2720725004301005e-05}