{"max_depth": 9, "learning_rate": 0.18190323969191047, "subsample": 0.883603052665693, "colsample_bytree": 0.9144220812898424, "gamma": 1.355797761257464, "lambda": 9.936487772645423e-07, "alpha": 0.46301739025035893}