{"max_depth": 6, "learning_rate": 0.20076340969287876, "subsample": 0.7734306460264795, "colsample_bytree": 0.8023046991739855, "gamma": 3.3051181493826656, "lambda": 0.0001561444525106955, "alpha": 0.0006949349499921998}