{"max_depth": 9, "learning_rate": 0.19883760804231013, "subsample": 0.8681539487046609, "colsample_bytree": 0.8201820080422819, "gamma": 3.043504934679368, "lambda": 6.274822267997931e-07, "alpha": 6.995616575560528e-06}