{"max_depth": 3, "learning_rate": 0.017804633292920754, "subsample": 0.7070348869119512, "colsample_bytree": 0.7728622446673523, "gamma": 4.859793497220847, "lambda": 2.212451085584599e-05, "alpha": 2.5964589869626865e-06}