{"max_depth": 4, "learning_rate": 0.09664077176026206, "subsample": 0.9638790082229317, "colsample_bytree": 0.9756185629086411, "gamma": 3.145500229308031, "lambda": 0.6556903172493468, "alpha": 0.4143656562873293}