{"max_depth": 10, "learning_rate": 0.2760746097101935, "subsample": 0.6687890016191733, "colsample_bytree": 0.7571218180216269, "gamma": 2.3491359063000035, "lambda": 0.41725534876910597, "alpha": 0.023043125156578588}