{"max_depth": 10, "learning_rate": 0.2792422706094514, "subsample": 0.5594563240541499, "colsample_bytree": 0.974491044296392, "gamma": 4.10614154707649, "lambda": 2.2757002876346792e-07, "alpha": 0.0028561160069893042}