{"max_depth": 3, "learning_rate": 0.29110934715883674, "subsample": 0.9603558393825635, "colsample_bytree": 0.6908491233744137, "gamma": 3.3092036912979688, "lambda": 0.49019493839055733, "alpha": 1.3446955464702685e-08}