{"max_depth": 6, "learning_rate": 0.13528190162495393, "subsample": 0.6505361053002277, "colsample_bytree": 0.7437000116146073, "gamma": 3.585051256406814, "lambda": 1.3180363829205502e-08, "alpha": 0.015786567792314153}