{"max_depth": 6, "learning_rate": 0.24738116899366377, "subsample": 0.7042238324439647, "colsample_bytree": 0.6532595449552615, "gamma": 0.778666888440806, "lambda": 2.470987272338351e-07, "alpha": 0.021473647936118983}