{"max_depth": 8, "learning_rate": 0.25236122792559895, "subsample": 0.6495674764401487, "colsample_bytree": 0.5666890505995594, "gamma": 1.7397470054727888, "lambda": 4.0142981447191536e-08, "alpha": 9.786925200904938e-07}