{"max_depth": 3, "learning_rate": 0.15285312151165312, "subsample": 0.5704424060019104, "colsample_bytree": 0.8730319971262279, "gamma": 2.622601758996526, "lambda": 0.4153055095238296, "alpha": 0.0007754826757948298}