{"max_depth": 10, "learning_rate": 0.1236975256340964, "subsample": 0.5441347565629322, "colsample_bytree": 0.5138397076818697, "gamma": 0.03775970566485376, "lambda": 9.383055032291306e-07, "alpha": 0.0022284616659483465}