{"max_depth": 5, "learning_rate": 0.24171393373928915, "subsample": 0.8513173717597712, "colsample_bytree": 0.867329251521687, "gamma": 0.12095379839247411, "lambda": 0.10928474179256158, "alpha": 1.4670839654094774e-07}