{"max_depth": 4, "learning_rate": 0.029334479871740878, "subsample": 0.9562371701130901, "colsample_bytree": 0.8464923268938471, "gamma": 0.016980331382903113, "lambda": 0.3531303953286169, "alpha": 0.0018846849605610315}