{"max_depth": 9, "learning_rate": 0.10892663604287332, "subsample": 0.8766316338482065, "colsample_bytree": 0.8638296440037907, "gamma": 4.0936287449545645, "lambda": 1.8389612907873824e-06, "alpha": 0.031680138493032035}