{"max_depth": 8, "learning_rate": 0.035641169613856674, "subsample": 0.6886857597191594, "colsample_bytree": 0.8774158488966344, "gamma": 3.265308126682665, "lambda": 2.4021723942668575e-08, "alpha": 0.002397009190953983}