{"max_depth": 3, "learning_rate": 0.23403647016429, "subsample": 0.5669938684137841, "colsample_bytree": 0.8834661222732422, "gamma": 2.8985683317224007, "lambda": 5.895308406916e-06, "alpha": 0.2678407714792141}