{"max_depth": 9, "learning_rate": 0.2946671764520048, "subsample": 0.8161639052667915, "colsample_bytree": 0.6138347274830549, "gamma": 1.6277989839942264, "lambda": 1.976135071508798e-08, "alpha": 8.932518155785804e-08}