{"max_depth": 5, "learning_rate": 0.2911931836531569, "subsample": 0.7215343626502669, "colsample_bytree": 0.9801059735433699, "gamma": 0.3924046846422635, "lambda": 0.00011371275220108538, "alpha": 0.01368967948543771}