{"max_depth": 8, "learning_rate": 0.1617957658011093, "subsample": 0.8563409959363952, "colsample_bytree": 0.8806066430987802, "gamma": 3.9602577666899967, "lambda": 0.00028562999761688756, "alpha": 3.437951884343168e-08}