{"max_depth": 3, "learning_rate": 0.02395790904452276, "subsample": 0.7666822027294251, "colsample_bytree": 0.9321174113530803, "gamma": 4.5103874851181605, "lambda": 9.373345438682814e-06, "alpha": 0.0017343513914929124}