{"max_depth": 3, "learning_rate": 0.05581832158929963, "subsample": 0.7534076490682409, "colsample_bytree": 0.6792966302839221, "gamma": 3.89938949390062, "lambda": 0.002536146378737754, "alpha": 9.397978907822884e-06}