{"max_depth": 9, "learning_rate": 0.04347296748189649, "subsample": 0.9735852831810656, "colsample_bytree": 0.946235000596146, "gamma": 2.473031869818703, "lambda": 0.15480068878596895, "alpha": 1.9336537493986235e-07}