{"max_depth": 3, "learning_rate": 0.032613424897987485, "subsample": 0.9441583868156307, "colsample_bytree": 0.6206652258421566, "gamma": 1.1228650770678446, "lambda": 1.3297099422547252e-05, "alpha": 1.2393856478502804e-08}