{"max_depth": 9, "learning_rate": 0.21922587659978085, "subsample": 0.7869594699525266, "colsample_bytree": 0.9924278097001543, "gamma": 1.1341380053712091, "lambda": 0.00021441832557643917, "alpha": 4.070111167565206e-05}