{"max_depth": 4, "learning_rate": 0.013584172408061446, "subsample": 0.7204413597496302, "colsample_bytree": 0.517709656569166, "gamma": 0.4519834620041724, "lambda": 4.4223772875814624e-05, "alpha": 0.05667607927994077}