{"max_depth": 4, "learning_rate": 0.26662371525056217, "subsample": 0.6026456604199126, "colsample_bytree": 0.6936955045875038, "gamma": 4.059938079438509, "lambda": 0.00010685389642725632, "alpha": 0.000502359794874972}