{"max_depth": 3, "learning_rate": 0.23891653273642222, "subsample": 0.6277826868234061, "colsample_bytree": 0.6052183137271809, "gamma": 4.094982468129309, "lambda": 2.363388700888748e-06, "alpha": 1.9488833350985488e-06}