{"max_depth": 10, "learning_rate": 0.13122969060826511, "subsample": 0.8751067764963627, "colsample_bytree": 0.6009531589563449, "gamma": 0.7147763805861579, "lambda": 3.7997964289983565e-05, "alpha": 5.34493633122299e-06}