{"max_depth": 6, "learning_rate": 0.2080183348367949, "subsample": 0.9400668494691065, "colsample_bytree": 0.9421038035880522, "gamma": 4.77275766084793, "lambda": 0.0008395227268902814, "alpha": 0.011417600447586782}