{"max_depth": 7, "learning_rate": 0.14306665331177262, "subsample": 0.5889880725274457, "colsample_bytree": 0.6148113749338824, "gamma": 4.89298562140227, "lambda": 0.0711219840779957, "alpha": 0.0014057019340507034}