{"max_depth": 6, "learning_rate": 0.23402003263099208, "subsample": 0.614495710963142, "colsample_bytree": 0.5957334042093998, "gamma": 3.50344789291287, "lambda": 0.09013098343106839, "alpha": 3.4709461828917515e-08}