{"max_depth": 9, "learning_rate": 0.04144726543849234, "subsample": 0.5096413308661945, "colsample_bytree": 0.7549333572647118, "gamma": 1.6458950782880155, "lambda": 0.03265186836964106, "alpha": 0.001849075307582968}