{"max_depth": 5, "learning_rate": 0.0994149299325999, "subsample": 0.6716388328865515, "colsample_bytree": 0.5230534173590231, "gamma": 0.39255287647912473, "lambda": 0.6163784629161125, "alpha": 0.0020485806031196882}