{"max_depth": 4, "learning_rate": 0.29491075153154545, "subsample": 0.5370324558188733, "colsample_bytree": 0.8535844401406436, "gamma": 3.185100975880084, "lambda": 0.003782794510850296, "alpha": 2.6528489599321694e-07}