{"max_depth": 6, "learning_rate": 0.17819231511958344, "subsample": 0.7609896966183263, "colsample_bytree": 0.8339740993857265, "gamma": 1.0614454318345756, "lambda": 0.812669321010112, "alpha": 4.778777589654588e-08}