{"max_depth": 8, "learning_rate": 0.22668715860746397, "subsample": 0.7509054871054818, "colsample_bytree": 0.9510034635499574, "gamma": 1.9429609054556312, "lambda": 7.350026007892994e-07, "alpha": 5.461768143185713e-08}