{"max_depth": 6, "learning_rate": 0.1676626806733413, "subsample": 0.9109629111252366, "colsample_bytree": 0.5389317220992769, "gamma": 0.23203056472037686, "lambda": 1.485123005042314e-05, "alpha": 0.0005353203769790802}