{"max_depth": 10, "learning_rate": 0.05871173159967816, "subsample": 0.6079201241189799, "colsample_bytree": 0.8324017838752733, "gamma": 3.7930219634844353, "lambda": 0.5333787448140254, "alpha": 0.0001323963389026202}