{"max_depth": 10, "learning_rate": 0.1721211451424525, "subsample": 0.9908873396382067, "colsample_bytree": 0.8609730454814696, "gamma": 4.1772660080813795, "lambda": 0.7173368538986763, "alpha": 4.654167815997925e-07}