{"max_depth": 10, "learning_rate": 0.28573509911032696, "subsample": 0.8580464830152659, "colsample_bytree": 0.7591999205657942, "gamma": 0.5122780852191494, "lambda": 4.8152707231724473e-05, "alpha": 0.003412275505513213}