{"max_depth": 5, "learning_rate": 0.1397419997085205, "subsample": 0.8794420732008801, "colsample_bytree": 0.9727573786115538, "gamma": 3.52107544060883, "lambda": 5.924520822817543e-06, "alpha": 0.0005852442913413401}