{"max_depth": 7, "learning_rate": 0.08030372372143167, "subsample": 0.9722857222110917, "colsample_bytree": 0.5698146222078933, "gamma": 1.821703143715347, "lambda": 0.010643412923095735, "alpha": 6.547004162752254e-06}