{"max_depth": 3, "learning_rate": 0.2548068457629229, "subsample": 0.8525079179389672, "colsample_bytree": 0.5442927832945355, "gamma": 4.851413738935507, "lambda": 0.10546492908212253, "alpha": 0.0026095198683372543}