{"max_depth": 10, "learning_rate": 0.29448458820159856, "subsample": 0.523544632378152, "colsample_bytree": 0.9156562225751729, "gamma": 3.4008418204534205, "lambda": 3.560091148773879e-08, "alpha": 0.0069954084034790105}