{"max_depth": 5, "learning_rate": 0.26724496377305096, "subsample": 0.5680626920617114, "colsample_bytree": 0.6218982088646232, "gamma": 1.4308322475750679, "lambda": 9.610003610432177e-06, "alpha": 4.778782292478982e-06}