{"max_depth": 5, "learning_rate": 0.09696288998168633, "subsample": 0.7496451530881771, "colsample_bytree": 0.5268322659473146, "gamma": 2.067662566728642, "lambda": 2.949949765113754e-05, "alpha": 1.2739365441471006e-07}