{"max_depth": 3, "learning_rate": 0.1134457605298383, "subsample": 0.8160696172974868, "colsample_bytree": 0.7183163781507762, "gamma": 2.279382232910339, "lambda": 0.0020249779255594805, "alpha": 0.02272133418040587}