{"max_depth": 4, "learning_rate": 0.2762893900385449, "subsample": 0.6280674375366155, "colsample_bytree": 0.8350854867988504, "gamma": 4.7947045151353525, "lambda": 1.7184590736817736e-05, "alpha": 8.282739628051412e-08}