{"max_depth": 9, "learning_rate": 0.28685632932337535, "subsample": 0.8937548816642782, "colsample_bytree": 0.6810320821344515, "gamma": 0.3888424490995601, "lambda": 9.087865767510028e-08, "alpha": 0.2880721401868225}