{"max_depth": 10, "learning_rate": 0.14308143869852194, "subsample": 0.5649306659251387, "colsample_bytree": 0.5597874884118026, "gamma": 0.1383753516916003, "lambda": 5.911260922136243e-07, "alpha": 3.98008155619832e-06}