{"max_depth": 5, "learning_rate": 0.16387545737838127, "subsample": 0.5678274632903011, "colsample_bytree": 0.5341130404912467, "gamma": 2.926470522661287, "lambda": 2.63304295416219e-05, "alpha": 7.406141602776658e-08}