{"max_depth": 10, "learning_rate": 0.12016608355895059, "subsample": 0.774542654072155, "colsample_bytree": 0.6336266252971504, "gamma": 1.6360669218088493, "lambda": 7.372067467114268e-07, "alpha": 4.4311274889031686e-08}