{"max_depth": 8, "learning_rate": 0.19639345371665104, "subsample": 0.8075385972672555, "colsample_bytree": 0.940804434725933, "gamma": 0.05117105721930082, "lambda": 0.270799717560683, "alpha": 1.0403639550788415e-05}