{"max_depth": 10, "learning_rate": 0.1322366781284306, "subsample": 0.7168976519862589, "colsample_bytree": 0.9943247119676757, "gamma": 1.6190670175284394, "lambda": 0.034787752762966626, "alpha": 1.7790812275519135e-08}