{"max_depth": 8, "learning_rate": 0.18474130505584585, "subsample": 0.9674436029759874, "colsample_bytree": 0.7322081924827626, "gamma": 3.675998171963264, "lambda": 0.15115877335400923, "alpha": 1.0401320340459556e-07}