{"max_depth": 5, "learning_rate": 0.19742565939304443, "subsample": 0.9617862518611935, "colsample_bytree": 0.5896600882238625, "gamma": 4.331378931724629, "lambda": 0.0007553854173282794, "alpha": 0.024622610746692832}