{"max_depth": 3, "learning_rate": 0.041159594616468356, "subsample": 0.9130398817371135, "colsample_bytree": 0.6891035490653636, "gamma": 2.47132337637481, "lambda": 5.8052880203317274e-08, "alpha": 1.8954834159018347e-06}