{"max_depth": 3, "learning_rate": 0.12850683665637477, "subsample": 0.529814822519068, "colsample_bytree": 0.5026646901399714, "gamma": 1.4101969911873635, "lambda": 0.07776406532249758, "alpha": 5.473109804673757e-07}