{"max_depth": 8, "learning_rate": 0.2738277405313423, "subsample": 0.7553586858971154, "colsample_bytree": 0.9238637115834245, "gamma": 1.2071723860221328, "lambda": 9.87454131623281e-07, "alpha": 0.006455988619553412}