{"max_depth": 5, "learning_rate": 0.1643420527031237, "subsample": 0.81179396441126, "colsample_bytree": 0.5233573076664392, "gamma": 4.332747149546732, "lambda": 0.007905241886010364, "alpha": 3.040021602805002e-05}