{"max_depth": 9, "learning_rate": 0.2829039213742563, "subsample": 0.6816050155030728, "colsample_bytree": 0.6837129198245367, "gamma": 3.515210203229664, "lambda": 2.4407512094974017e-07, "alpha": 3.2593342048930835e-07}