{"max_depth": 5, "learning_rate": 0.06776640311422095, "subsample": 0.8358911637321772, "colsample_bytree": 0.6827013701567533, "gamma": 2.8777955081344904, "lambda": 0.8481403949668839, "alpha": 0.017641386017447382}