{"max_depth": 10, "learning_rate": 0.25782843662331245, "subsample": 0.5689413161168781, "colsample_bytree": 0.875269027506369, "gamma": 4.761464199456073, "lambda": 0.006820547758735595, "alpha": 1.428492450668753e-07}