{"max_depth": 5, "learning_rate": 0.17604483597905826, "subsample": 0.687367000428478, "colsample_bytree": 0.5269002093666483, "gamma": 4.802890761993943, "lambda": 4.047854786323966e-07, "alpha": 5.653650658614895e-08}