{"max_depth": 6, "learning_rate": 0.2831919725573113, "subsample": 0.5580844859171261, "colsample_bytree": 0.7472576726906844, "gamma": 3.4905849596212493, "lambda": 0.05382122667169144, "alpha": 2.3257123269252637e-08}