{"max_depth": 7, "learning_rate": 0.2611200792935165, "subsample": 0.5518689841939892, "colsample_bytree": 0.6112495133911733, "gamma": 4.053249231720228, "lambda": 1.1956820829516976e-08, "alpha": 2.0610149976672738e-07}