{"max_depth": 7, "learning_rate": 0.20879471237497435, "subsample": 0.5093814971234059, "colsample_bytree": 0.911608344415142, "gamma": 1.713581277653387, "lambda": 3.141621261023906e-07, "alpha": 9.511510841308141e-05}