{"max_depth": 7, "learning_rate": 0.13906534292937803, "subsample": 0.8369099795946131, "colsample_bytree": 0.6399448019945921, "gamma": 4.1577636108439116, "lambda": 1.3594370695903777e-06, "alpha": 0.0005529096312149933}