{"max_depth": 8, "learning_rate": 0.16331885065140625, "subsample": 0.5294005316932118, "colsample_bytree": 0.7686010075472469, "gamma": 0.5116469130898615, "lambda": 0.06868007370439398, "alpha": 4.170556558962139e-05}