{"max_depth": 10, "learning_rate": 0.12638394157350083, "subsample": 0.6373954144408819, "colsample_bytree": 0.689640459153511, "gamma": 0.508179731230356, "lambda": 0.03702614525519464, "alpha": 6.239618664185738e-05}