{"max_depth": 3, "learning_rate": 0.023674787035521262, "subsample": 0.9123253060407115, "colsample_bytree": 0.8572192220865809, "gamma": 2.1355170657892115, "lambda": 9.747545476965924e-05, "alpha": 0.0009864479153351533}