{"max_depth": 6, "learning_rate": 0.042918369234813715, "subsample": 0.7807268655270319, "colsample_bytree": 0.6800772678614255, "gamma": 3.81591231898721, "lambda": 7.298641117133445e-08, "alpha": 9.595612427580635e-07}