{"max_depth": 9, "learning_rate": 0.11104190921013803, "subsample": 0.9575914009621043, "colsample_bytree": 0.965892113707818, "gamma": 0.9388565156855078, "lambda": 0.002760749236972653, "alpha": 0.0013542741968570302}