{"max_depth": 10, "learning_rate": 0.23606460873937254, "subsample": 0.5351700919525015, "colsample_bytree": 0.8907653326796143, "gamma": 4.25202211911854, "lambda": 0.000840113904830009, "alpha": 0.00021378236724152694}