{"max_depth": 4, "learning_rate": 0.03649844863301291, "subsample": 0.619263220613474, "colsample_bytree": 0.924740534130293, "gamma": 4.7452275825541, "lambda": 0.006694450208221185, "alpha": 0.0002274086502839448}