{"max_depth": 3, "learning_rate": 0.0545963969062771, "subsample": 0.6480986892728231, "colsample_bytree": 0.7512107070081557, "gamma": 4.213533944634856, "lambda": 2.82242677989492e-07, "alpha": 0.00040622916658699477}