{"max_depth": 10, "learning_rate": 0.08446109475042972, "subsample": 0.9226525649300414, "colsample_bytree": 0.5365537348611475, "gamma": 2.410708135577177, "lambda": 1.8453894232953592e-08, "alpha": 0.0008564234717911228}