{"max_depth": 8, "learning_rate": 0.22919725343428263, "subsample": 0.7296687520953972, "colsample_bytree": 0.7993321405938685, "gamma": 1.0109739895657777, "lambda": 3.242727750697346e-07, "alpha": 1.3079611790317416e-07}