{"max_depth": 10, "learning_rate": 0.21563763482522333, "subsample": 0.9522810767020022, "colsample_bytree": 0.9167941383987077, "gamma": 3.7150225857578727, "lambda": 0.07860267787565638, "alpha": 0.00020147982176497067}