{"max_depth": 6, "learning_rate": 0.17809200245385845, "subsample": 0.8113470851437958, "colsample_bytree": 0.9743780987360089, "gamma": 4.997149364889626, "lambda": 0.010068970993530267, "alpha": 0.37305904248659294}