{"max_depth": 8, "learning_rate": 0.07304088386518157, "subsample": 0.858329211185741, "colsample_bytree": 0.6948747907387475, "gamma": 3.9575322297126774, "lambda": 0.014638170254465321, "alpha": 4.3950388687264165e-06}