{"max_depth": 4, "learning_rate": 0.12531613277190837, "subsample": 0.8751162894594664, "colsample_bytree": 0.562418391682806, "gamma": 0.6659043210769366, "lambda": 1.8212322195596957e-07, "alpha": 0.0010687522830042943}