{"max_depth": 4, "learning_rate": 0.10551892874930548, "subsample": 0.6552434019689042, "colsample_bytree": 0.971300206170689, "gamma": 2.7819283638004326, "lambda": 1.935537606202703e-08, "alpha": 3.952450227045912e-06}