{"max_depth": 4, "learning_rate": 0.15244123734854725, "subsample": 0.7601556017422226, "colsample_bytree": 0.6876383323128585, "gamma": 4.698907201463368, "lambda": 1.9987140479046813e-07, "alpha": 7.942066478155876e-07}