{"max_depth": 10, "learning_rate": 0.22676928304582625, "subsample": 0.7197505941025018, "colsample_bytree": 0.8550071895840635, "gamma": 1.1571680135355762, "lambda": 2.8802774795087878e-08, "alpha": 2.669956822539078e-07}