{"max_depth": 8, "learning_rate": 0.20550061975464187, "subsample": 0.8162642869606327, "colsample_bytree": 0.9955387633148652, "gamma": 4.592105075162019, "lambda": 1.6266409865774947e-08, "alpha": 0.0001464893520881824}