{"max_depth": 6, "learning_rate": 0.22532168714303222, "subsample": 0.9780910987638196, "colsample_bytree": 0.9730405060398915, "gamma": 4.518399111718391, "lambda": 0.0007659739935579452, "alpha": 3.8535257277731734e-08}