{"max_depth": 5, "learning_rate": 0.29997736585308254, "subsample": 0.7248208622784398, "colsample_bytree": 0.8152501867005961, "gamma": 0.2854068755690975, "lambda": 0.00044935738708935357, "alpha": 0.49330910297788144}