{"max_depth": 8, "learning_rate": 0.17574976859848646, "subsample": 0.5282812110496572, "colsample_bytree": 0.9813184615332851, "gamma": 1.3975432894627005, "lambda": 0.19383474439283532, "alpha": 1.612984871470672e-08}