{"max_depth": 4, "learning_rate": 0.08113075718967218, "subsample": 0.6924243429658288, "colsample_bytree": 0.5480874650271736, "gamma": 4.587840955739837, "lambda": 0.047000230242787364, "alpha": 2.75110935542865e-07}