{"max_depth": 5, "learning_rate": 0.20670856557748402, "subsample": 0.5125589690266663, "colsample_bytree": 0.517162573316662, "gamma": 1.7672069018794652, "lambda": 4.35163522897543e-08, "alpha": 7.334498653078237e-07}