{"max_depth": 4, "learning_rate": 0.03633160891590227, "subsample": 0.7104350760638063, "colsample_bytree": 0.8494741902054157, "gamma": 0.8768450175762971, "lambda": 2.1547613952564184e-08, "alpha": 5.442937910627906e-07}