{"max_depth": 5, "learning_rate": 0.2249372654974615, "subsample": 0.7580388990007019, "colsample_bytree": 0.8035160007144093, "gamma": 3.0270472441792813, "lambda": 0.0010263809643447793, "alpha": 0.004365484868629717}