{"max_depth": 4, "learning_rate": 0.16673941157701178, "subsample": 0.9446298382683455, "colsample_bytree": 0.8826629606667866, "gamma": 4.377204040095443, "lambda": 1.9499051419138588e-08, "alpha": 3.9688038123830213e-07}