{"max_depth": 8, "learning_rate": 0.15387511903980455, "subsample": 0.8456576845619328, "colsample_bytree": 0.7068873124982527, "gamma": 1.654315760257719, "lambda": 2.1318540371899063e-08, "alpha": 0.001729919135830895}