{"max_depth": 4, "learning_rate": 0.18500309469205145, "subsample": 0.8172623271495565, "colsample_bytree": 0.8405661083169571, "gamma": 1.4032543168079288, "lambda": 2.8289419262401454e-08, "alpha": 7.194674040711628e-07}