{"max_depth": 7, "learning_rate": 0.1414612633013948, "subsample": 0.7325798556153973, "colsample_bytree": 0.5967187883258949, "gamma": 1.7393764210987317, "lambda": 0.00024094016018373556, "alpha": 7.906486694089161e-06}