{"max_depth": 10, "learning_rate": 0.25189686878277173, "subsample": 0.5329370941740428, "colsample_bytree": 0.6512537233219436, "gamma": 0.852849369741871, "lambda": 0.05122634426728507, "alpha": 0.00025236739296794977}