{"max_depth": 6, "learning_rate": 0.05788009296977715, "subsample": 0.575141326309943, "colsample_bytree": 0.6583411692987875, "gamma": 0.17840261452071904, "lambda": 0.004246939893060917, "alpha": 0.35182225623142327}