{"max_depth": 8, "learning_rate": 0.04276426374131742, "subsample": 0.9504896947410694, "colsample_bytree": 0.910888437106375, "gamma": 0.7780214077956876, "lambda": 0.05457747115488678, "alpha": 8.670970364543986e-08}