{"out_channels": 98, "kernel_size": 3, "num_blocks": 2, "l2_lambda": 0.006327915226947792, "dropout_rate": 0.41592065302536174, "lr": 0.0575215818265958, "batch_size": 158}