{"out_channels": 37, "kernel_size": 4, "num_blocks": 3, "l2_lambda": 0.0031057423127090343, "dropout_rate": 0.3816565257346024, "lr": 0.02496917903851596, "batch_size": 156}