{"out_channels": 41, "kernel_size": 6, "num_blocks": 3, "l2_lambda": 0.0031252511443070527, "dropout_rate": 0.15116892019183537, "lr": 0.049216998027691486, "batch_size": 161}