{"out_channels": 94, "kernel_size": 4, "num_blocks": 2, "l2_lambda": 0.009315654401653377, "dropout_rate": 0.37601970238289706, "lr": 0.08630818890293926, "batch_size": 193}