{"out_channels": 97, "kernel_size": 5, "num_blocks": 3, "l2_lambda": 0.00782062159080461, "dropout_rate": 0.27876159381817056, "lr": 0.02543889385154162, "batch_size": 234}