{"out_channels": 68, "kernel_size": 5, "num_blocks": 1, "l2_lambda": 0.0035140754890003877, "dropout_rate": 0.37271904387993027, "lr": 0.029176325129357528, "batch_size": 16}