{"out_channels": 123, "kernel_size": 7, "num_blocks": 1, "l2_lambda": 0.009484463331991036, "dropout_rate": 0.2339167006914237, "lr": 0.0444591723206403, "batch_size": 127}