{"out_channels": 70, "kernel_size": 3, "num_blocks": 3, "l2_lambda": 0.00483802849772631, "dropout_rate": 0.2869802799861117, "lr": 0.049707802752682564, "batch_size": 64}