{"out_channels": 46, "kernel_size": 7, "num_blocks": 3, "l2_lambda": 0.0006030942092173145, "dropout_rate": 0.42542820211513066, "lr": 0.013097437108978531, "batch_size": 194}