{"out_channels": 108, "kernel_size": 4, "num_blocks": 1, "l2_lambda": 0.004146139481711785, "dropout_rate": 0.27999894762071054, "lr": 0.018372236752521497, "batch_size": 85}