{"out_channels": 118, "kernel_size": 6, "num_blocks": 1, "l2_lambda": 0.007267653425010569, "dropout_rate": 0.1321559737482399, "lr": 0.01494673431109033, "batch_size": 208}