{"out_channels": 20, "kernel_size": 6, "num_blocks": 2, "l2_lambda": 0.0008661048849831723, "dropout_rate": 0.23661735911277748, "lr": 0.027180994473388047, "batch_size": 83}