{"out_channels": 19, "kernel_size": 3, "num_blocks": 3, "l2_lambda": 0.0011147980370022727, "dropout_rate": 0.4191672787478006, "lr": 0.014786412277998661, "batch_size": 256}