{"out_channels": 23, "kernel_size": 6, "num_blocks": 2, "l2_lambda": 0.0007341877617621121, "dropout_rate": 0.12674355393558306, "lr": 0.06606277174679753, "batch_size": 84}