{"out_channels": 109, "kernel_size": 4, "num_blocks": 1, "l2_lambda": 0.009396712408281317, "dropout_rate": 0.4208752071299565, "lr": 0.0010644160949705632, "batch_size": 87}