{"out_channels": 46, "kernel_size": 3, "num_blocks": 3, "l2_lambda": 0.003136715201799038, "dropout_rate": 0.436949615250913, "lr": 0.004019966892690679, "batch_size": 71}