{"out_channels": 60, "kernel_size": 5, "num_blocks": 3, "l2_lambda": 0.0028756526431587483, "dropout_rate": 0.38075706632540696, "lr": 0.055275822117099666, "batch_size": 148}