{"out_channels": 52, "kernel_size": 4, "num_blocks": 2, "l2_lambda": 0.002351810540834075, "dropout_rate": 0.45164770515321706, "lr": 0.05033661555205114, "batch_size": 237}