{"out_channels": 127, "kernel_size": 7, "num_blocks": 3, "l2_lambda": 0.001905810441022273, "dropout_rate": 0.4205164364309435, "lr": 0.020553145244086832, "batch_size": 162}