{"out_channels": 119, "kernel_size": 5, "num_blocks": 2, "l2_lambda": 0.007125484203109947, "dropout_rate": 0.27797621771510284, "lr": 0.06757061264546975, "batch_size": 198}