{"out_channels": 84, "kernel_size": 7, "num_blocks": 2, "l2_lambda": 0.008804027132536873, "dropout_rate": 0.26681562119135116, "lr": 0.09450860793239044, "batch_size": 96}