{"out_channels": 95, "kernel_size": 3, "num_blocks": 1, "l2_lambda": 0.00603022878320619, "dropout_rate": 0.28328811057764947, "lr": 0.03897986063373856, "batch_size": 17}