{"out_channels": 46, "kernel_size": 3, "num_blocks": 1, "l2_lambda": 0.0012176562987993077, "dropout_rate": 0.4042410081361897, "lr": 0.036080148994455274, "batch_size": 233}