{"out_channels": 32, "kernel_size": 5, "num_blocks": 1, "l2_lambda": 0.00320289495854656, "dropout_rate": 0.41629102333205414, "lr": 0.04306808414488155, "batch_size": 223}