{"out_channels": 114, "kernel_size": 4, "num_blocks": 1, "l2_lambda": 0.0035160386671250054, "dropout_rate": 0.1870656407895809, "lr": 0.09959477486161784, "batch_size": 171}