{"out_channels": 74, "kernel_size": 4, "num_blocks": 2, "l2_lambda": 0.008951530472390994, "dropout_rate": 0.27198798026691906, "lr": 0.00498998726726057, "batch_size": 195}