{"out_channels": 119, "kernel_size": 4, "num_blocks": 2, "l2_lambda": 0.008898970562606846, "dropout_rate": 0.45469115887859046, "lr": 0.07027433269753934, "batch_size": 145}