{"out_channels": 60, "kernel_size": 5, "num_blocks": 1, "l2_lambda": 0.002134831917912647, "dropout_rate": 0.2988341220234892, "lr": 0.028031859431260155, "batch_size": 39}