{"out_channels": 70, "kernel_size": 6, "num_blocks": 3, "l2_lambda": 0.005333429762803925, "dropout_rate": 0.26211780362060955, "lr": 0.08520537379369983, "batch_size": 113}