{"out_channels": 79, "kernel_size": 4, "num_blocks": 2, "l2_lambda": 0.00861140742304115, "dropout_rate": 0.127411518012312, "lr": 0.019003655482562432, "batch_size": 121}