{"out_channels": 123, "kernel_size": 6, "num_blocks": 3, "l2_lambda": 0.0008020986803791144, "dropout_rate": 0.1650625981312439, "lr": 0.03255890650078111, "batch_size": 181}