{"out_channels": 50, "kernel_size": 3, "num_blocks": 2, "l2_lambda": 0.006263677414979556, "dropout_rate": 0.27865632144941865, "lr": 0.06904743131799955, "batch_size": 52}