{"out_channels": 52, "kernel_size": 7, "num_blocks": 1, "l2_lambda": 0.009147428241416527, "dropout_rate": 0.10911213220625156, "lr": 0.03537857836430485, "batch_size": 94}