{"out_channels": 100, "kernel_size": 7, "num_blocks": 2, "l2_lambda": 0.004187855602694824, "dropout_rate": 0.35254079712049824, "lr": 0.09898170830527625, "batch_size": 79}