{"out_channels": 78, "kernel_size": 7, "num_blocks": 3, "l2_lambda": 0.004479484761808992, "dropout_rate": 0.36940414564155943, "lr": 0.07229600476154935, "batch_size": 199}