{"out_channels": 74, "kernel_size": 5, "num_blocks": 3, "l2_lambda": 0.0017505925047873443, "dropout_rate": 0.3260944729571811, "lr": 0.04885685368771566, "batch_size": 120}