{"out_channels": 21, "kernel_size": 7, "num_blocks": 1, "l2_lambda": 0.005282405940334682, "dropout_rate": 0.10192369918590441, "lr": 0.04554244327607379, "batch_size": 214}