{"out_channels": 97, "kernel_size": 4, "num_blocks": 2, "l2_lambda": 0.0009355489610904976, "dropout_rate": 0.4828549844077086, "lr": 0.03805291301980115, "batch_size": 183}