{"out_channels": 68, "kernel_size": 3, "num_blocks": 3, "l2_lambda": 0.004004766025185535, "dropout_rate": 0.3512633001341082, "lr": 0.08439719105512981, "batch_size": 160}