{"out_channels": 91, "kernel_size": 4, "num_blocks": 3, "l2_lambda": 0.007469437112597888, "dropout_rate": 0.2529566956625704, "lr": 0.04488839216566493, "batch_size": 203}