{"out_channels": 125, "kernel_size": 4, "num_blocks": 1, "l2_lambda": 0.001778397249556811, "dropout_rate": 0.28817782802991215, "lr": 0.003798017829677917, "batch_size": 236}