{"out_channels": 64, "kernel_size": 7, "num_blocks": 2, "l2_lambda": 0.005670951332714221, "dropout_rate": 0.24433469686086992, "lr": 0.07332872547745524, "batch_size": 236}