{"out_channels": 64, "kernel_size": 7, "num_blocks": 1, "l2_lambda": 0.0005737760156369232, "dropout_rate": 0.4145253253740443, "lr": 0.07817818302614417, "batch_size": 190}