{"out_channels": 28, "kernel_size": 5, "num_blocks": 1, "l2_lambda": 0.007853057160011619, "dropout_rate": 0.35480385701024786, "lr": 0.03061633877158098, "batch_size": 18}