{"out_channels": 60, "kernel_size": 4, "num_blocks": 1, "l2_lambda": 0.003334847093178399, "dropout_rate": 0.19645952048273624, "lr": 0.09193693791150415, "batch_size": 181}