{"out_channels": 102, "kernel_size": 6, "num_blocks": 1, "l2_lambda": 0.002885052962767545, "dropout_rate": 0.44090433126983763, "lr": 0.04731378048430686, "batch_size": 165}