{"out_channels": 100, "kernel_size": 3, "num_blocks": 2, "l2_lambda": 0.002692147198018308, "dropout_rate": 0.14766729740142093, "lr": 0.04239059442718592, "batch_size": 64}