{"out_channels": 34, "kernel_size": 4, "num_blocks": 1, "l2_lambda": 0.0005529001026708103, "dropout_rate": 0.2737727520364791, "lr": 0.0049336564052730346, "batch_size": 155}