{"out_channels": 82, "kernel_size": 6, "num_blocks": 1, "l2_lambda": 0.0014606410870007115, "dropout_rate": 0.3011481553621771, "lr": 0.06502121305701847, "batch_size": 248}