{"out_channels": 41, "kernel_size": 4, "num_blocks": 3, "l2_lambda": 0.008040106193104727, "dropout_rate": 0.152853600548845, "lr": 0.04021081326466947, "batch_size": 204}