{"out_channels": 119, "kernel_size": 3, "num_blocks": 3, "l2_lambda": 0.003973531749100324, "dropout_rate": 0.3294538648687807, "lr": 0.0983332224902295, "batch_size": 43}