{"out_channels": 33, "kernel_size": 3, "num_blocks": 3, "l2_lambda": 0.009980399964115526, "dropout_rate": 0.1566820992013244, "lr": 0.03909832496126447, "batch_size": 119}