{"out_channels": 32, "kernel_size": 6, "num_blocks": 2, "l2_lambda": 0.008174283667199078, "dropout_rate": 0.2627535639608555, "lr": 0.0618559358315706, "batch_size": 124}