{"out_channels": 111, "kernel_size": 3, "num_blocks": 3, "l2_lambda": 0.0065353856454801245, "dropout_rate": 0.1753362024128028, "lr": 0.0905746640237306, "batch_size": 169}