{"out_channels": 38, "kernel_size": 6, "num_blocks": 3, "l2_lambda": 0.001973055008637414, "dropout_rate": 0.47654947442203754, "lr": 0.07718529391614533, "batch_size": 135}