{"out_channels": 102, "kernel_size": 3, "num_blocks": 3, "l2_lambda": 0.003774622937857883, "dropout_rate": 0.1317861083157082, "lr": 0.023167200184753253, "batch_size": 98}