{"out_channels": 126, "kernel_size": 5, "num_blocks": 3, "l2_lambda": 0.00234164863226973, "dropout_rate": 0.18516123216010205, "lr": 0.04054114171086882, "batch_size": 122}