{"out_channels": 61, "kernel_size": 4, "num_blocks": 2, "l2_lambda": 0.0058642554512021074, "dropout_rate": 0.24166805312079168, "lr": 0.01236548332331186, "batch_size": 236}