{"out_channels": 73, "kernel_size": 5, "num_blocks": 3, "l2_lambda": 0.0001773117593477891, "dropout_rate": 0.4315568590104596, "lr": 0.005212976629932244, "batch_size": 248}