{"out_channels": 16, "kernel_size": 5, "num_blocks": 2, "l2_lambda": 0.0012623142395836418, "dropout_rate": 0.30464561787437183, "lr": 0.08307992746742084, "batch_size": 233}