{"out_channels": 44, "kernel_size": 4, "num_blocks": 1, "l2_lambda": 0.007544169574258791, "dropout_rate": 0.2796917188049203, "lr": 0.01151294261589484, "batch_size": 166}