{"out_channels": 90, "kernel_size": 6, "num_blocks": 2, "l2_lambda": 0.0026521829604363076, "dropout_rate": 0.25535457902119535, "lr": 0.07369067152110603, "batch_size": 63}