{"out_channels": 81, "kernel_size": 3, "num_blocks": 1, "l2_lambda": 0.00819348469969701, "dropout_rate": 0.4184782346107986, "lr": 0.06018763255873977, "batch_size": 52}