{"out_channels": 44, "kernel_size": 7, "num_blocks": 2, "l2_lambda": 0.00882110518733752, "dropout_rate": 0.1165288513011412, "lr": 0.04822113433042673, "batch_size": 52}