{"out_channels": 119, "kernel_size": 3, "num_blocks": 2, "l2_lambda": 0.006630622669879514, "dropout_rate": 0.38003990274526467, "lr": 0.06467191135689983, "batch_size": 90}