{"out_channels": 28, "kernel_size": 4, "num_blocks": 2, "l2_lambda": 0.008591794083111204, "dropout_rate": 0.41503847042088726, "lr": 0.06311249200366878, "batch_size": 167}