{"out_channels": 123, "kernel_size": 5, "num_blocks": 1, "l2_lambda": 0.003606421173077203, "dropout_rate": 0.28854648593486576, "lr": 0.08502222323360295, "batch_size": 196}