{"out_channels": 89, "kernel_size": 7, "num_blocks": 2, "l2_lambda": 0.0033065358582687393, "dropout_rate": 0.48868448142454024, "lr": 0.09319590413726182, "batch_size": 128}