{"out_channels": 78, "kernel_size": 7, "num_blocks": 1, "l2_lambda": 0.007224534762782153, "dropout_rate": 0.13741656714906353, "lr": 0.08380195952238305, "batch_size": 115}