{"out_channels": 103, "kernel_size": 5, "num_blocks": 2, "l2_lambda": 0.006985796518422627, "dropout_rate": 0.14452020635593674, "lr": 0.05042806419276257, "batch_size": 95}