{"out_channels": 99, "kernel_size": 5, "num_blocks": 3, "l2_lambda": 0.0001263659293705315, "dropout_rate": 0.4585438870625851, "lr": 0.09672878374296144, "batch_size": 145}