{"out_channels": 26, "kernel_size": 7, "num_blocks": 3, "l2_lambda": 0.005615008801551759, "dropout_rate": 0.3794898519841623, "lr": 0.013713849022141284, "batch_size": 228}