{"out_channels": 26, "kernel_size": 3, "num_blocks": 1, "l2_lambda": 0.0009209927876985228, "dropout_rate": 0.10723099955039289, "lr": 0.0652909106779418, "batch_size": 184}