{"out_channels": 76, "kernel_size": 7, "num_blocks": 2, "l2_lambda": 0.003512083359293906, "dropout_rate": 0.26051238592076975, "lr": 0.08464237300372912, "batch_size": 56}