{"out_channels": 47, "kernel_size": 5, "num_blocks": 1, "l2_lambda": 0.0027292296081207097, "dropout_rate": 0.2702739768180392, "lr": 0.02705442226058102, "batch_size": 242}