{"out_channels": 17, "kernel_size": 6, "num_blocks": 2, "l2_lambda": 0.007068128577864665, "dropout_rate": 0.10766852206411222, "lr": 0.07192689786925635, "batch_size": 91}