{"out_channels": 122, "kernel_size": 7, "num_blocks": 2, "l2_lambda": 0.000625636563190136, "dropout_rate": 0.3311047377007421, "lr": 0.005836943112680309, "batch_size": 150}