{"out_channels": 99, "kernel_size": 7, "num_blocks": 1, "l2_lambda": 0.00262314798835227, "dropout_rate": 0.29221070053305775, "lr": 0.049535717175739874, "batch_size": 127}