{"out_channels": 101, "kernel_size": 5, "num_blocks": 1, "l2_lambda": 0.006120169387335658, "dropout_rate": 0.16355336096294998, "lr": 0.0906072991294229, "batch_size": 95}