{"out_channels": 105, "kernel_size": 7, "num_blocks": 1, "l2_lambda": 0.004559833603913422, "dropout_rate": 0.2699047811558576, "lr": 0.04602362107187326, "batch_size": 151}