{"out_channels": 80, "kernel_size": 7, "num_blocks": 2, "l2_lambda": 0.00840796473344613, "dropout_rate": 0.11946488383544432, "lr": 0.0027413141245971663, "batch_size": 206}