{"out_channels": 118, "kernel_size": 4, "num_blocks": 1, "l2_lambda": 0.0025939754201172944, "dropout_rate": 0.19061694657804146, "lr": 0.03236290957894056, "batch_size": 73}