{"out_channels": 70, "kernel_size": 5, "num_blocks": 2, "l2_lambda": 0.0065038690483453804, "dropout_rate": 0.4921356921835476, "lr": 0.09215483689348629, "batch_size": 216}