{"out_channels": 21, "kernel_size": 5, "num_blocks": 1, "l2_lambda": 0.0027321350593519796, "dropout_rate": 0.18678654972232756, "lr": 0.07279231389939948, "batch_size": 27}