{"out_channels": 31, "kernel_size": 5, "num_blocks": 2, "l2_lambda": 0.003283932008285629, "dropout_rate": 0.4503495638670668, "lr": 0.066851483077424, "batch_size": 19}