{"out_channels": 73, "kernel_size": 4, "num_blocks": 2, "l2_lambda": 0.0030643000178230163, "dropout_rate": 0.12035202089257786, "lr": 0.08741578496381835, "batch_size": 72}