{"out_channels": 125, "kernel_size": 6, "num_blocks": 2, "l2_lambda": 0.004777809960286913, "dropout_rate": 0.33479458155452, "lr": 0.07290387480533632, "batch_size": 82}