{"out_channels": 97, "kernel_size": 3, "num_blocks": 3, "l2_lambda": 0.008909766797248144, "dropout_rate": 0.4577665694483922, "lr": 0.07479263857404178, "batch_size": 166}