{"out_channels": 95, "kernel_size": 5, "num_blocks": 1, "l2_lambda": 0.006670165338200687, "dropout_rate": 0.31629110498899393, "lr": 0.024651430421482146, "batch_size": 174}