{"out_channels": 117, "kernel_size": 7, "num_blocks": 3, "l2_lambda": 1.399430455540859e-05, "dropout_rate": 0.4499907115652335, "lr": 0.0817201444223445, "batch_size": 78}