{"out_channels": 28, "kernel_size": 7, "num_blocks": 2, "l2_lambda": 0.005033702358460885, "dropout_rate": 0.45865221022197533, "lr": 0.003001070987732755, "batch_size": 184}