{"out_channels": 21, "kernel_size": 3, "num_blocks": 2, "l2_lambda": 0.004645351155833165, "dropout_rate": 0.2894126015854844, "lr": 0.016947304627861086, "batch_size": 209}