{"out_channels": 46, "kernel_size": 7, "num_blocks": 2, "l2_lambda": 0.009409065562792076, "dropout_rate": 0.16876830081760233, "lr": 0.08941729756473374, "batch_size": 45}