{"out_channels": 42, "kernel_size": 5, "num_blocks": 2, "l2_lambda": 0.009762417666301882, "dropout_rate": 0.3696716109443928, "lr": 0.0803789394639285, "batch_size": 92}