{"out_channels": 88, "kernel_size": 7, "num_blocks": 1, "l2_lambda": 0.0035101637641670566, "dropout_rate": 0.20244962589644727, "lr": 0.091384108792052, "batch_size": 52}