{"out_channels": 49, "kernel_size": 7, "num_blocks": 3, "l2_lambda": 0.008541934597370095, "dropout_rate": 0.43347678931724765, "lr": 0.05032048267194117, "batch_size": 245}