{"out_channels": 20, "kernel_size": 3, "num_blocks": 3, "l2_lambda": 0.0027134290423230048, "dropout_rate": 0.40167612748837556, "lr": 0.023492576616884756, "batch_size": 220}