{"out_channels": 72, "kernel_size": 7, "num_blocks": 2, "l2_lambda": 0.004600611468129482, "dropout_rate": 0.4313789357045731, "lr": 0.019500757303170562, "batch_size": 70}