{"out_channels": 128, "kernel_size": 6, "num_blocks": 3, "l2_lambda": 0.0042891877609852105, "dropout_rate": 0.20154374553803087, "lr": 0.02974507185384993, "batch_size": 78}