{"out_channels": 44, "kernel_size": 4, "num_blocks": 2, "l2_lambda": 0.0034632393882167056, "dropout_rate": 0.28317899581894196, "lr": 0.09512695645768965, "batch_size": 246}