{"out_channels": 84, "kernel_size": 3, "num_blocks": 2, "l2_lambda": 0.005737103430266733, "dropout_rate": 0.15030304889832247, "lr": 0.08915789435822222, "batch_size": 163}