{"out_channels": 30, "kernel_size": 5, "num_blocks": 3, "l2_lambda": 0.001972252142800857, "dropout_rate": 0.42730389657618517, "lr": 0.0430648838303997, "batch_size": 199}