{"out_channels": 79, "kernel_size": 4, "num_blocks": 3, "l2_lambda": 0.007288844362124583, "dropout_rate": 0.3018419409727131, "lr": 0.0823454971486985, "batch_size": 145}