{"out_channels": 87, "kernel_size": 5, "num_blocks": 3, "l2_lambda": 0.009292926317617866, "dropout_rate": 0.3292232476305755, "lr": 0.06005241826972832, "batch_size": 73}