{"out_channels": 58, "kernel_size": 7, "num_blocks": 3, "l2_lambda": 0.002444078989655095, "dropout_rate": 0.224341280062726, "lr": 0.04537858418086935, "batch_size": 234}