{"out_channels": 111, "kernel_size": 7, "num_blocks": 3, "l2_lambda": 0.007826711826635033, "dropout_rate": 0.4859691795871409, "lr": 0.07098974207971676, "batch_size": 168}