{"out_channels": 29, "kernel_size": 4, "num_blocks": 2, "l2_lambda": 0.0017753816880098515, "dropout_rate": 0.15123008730432091, "lr": 0.034257465739828824, "batch_size": 74}