{"out_channels": 116, "kernel_size": 3, "num_blocks": 2, "l2_lambda": 0.003547185792527476, "dropout_rate": 0.1439510119808444, "lr": 0.0744849383696824, "batch_size": 59}