{"out_channels": 55, "kernel_size": 7, "num_blocks": 3, "l2_lambda": 0.0013007561259956945, "dropout_rate": 0.35586943005867566, "lr": 0.07145274831793215, "batch_size": 248}