{"out_channels": 64, "kernel_size": 3, "num_blocks": 2, "l2_lambda": 0.00893544651723186, "dropout_rate": 0.18209149214831882, "lr": 0.030458287533827857, "batch_size": 187}