{"out_channels": 51, "kernel_size": 7, "num_blocks": 2, "l2_lambda": 0.009653603859024787, "dropout_rate": 0.17331744649912634, "lr": 0.044856279880751804, "batch_size": 135}