{"out_channels": 66, "kernel_size": 6, "num_blocks": 3, "l2_lambda": 0.005847796861351425, "dropout_rate": 0.13210859990646018, "lr": 0.0008756915676059729, "batch_size": 153}