{"out_channels": 23, "kernel_size": 3, "num_blocks": 1, "l2_lambda": 0.001867992757269137, "dropout_rate": 0.4559177347362563, "lr": 0.09202597425853937, "batch_size": 38}