{"out_channels": 95, "kernel_size": 4, "num_blocks": 2, "l2_lambda": 0.00351472906298021, "dropout_rate": 0.11910006158611425, "lr": 0.08529877638368383, "batch_size": 77}