{"out_channels": 116, "kernel_size": 4, "num_blocks": 1, "l2_lambda": 0.003686509514947026, "dropout_rate": 0.4942304737144728, "lr": 0.012048468518916338, "batch_size": 91}