{"out_channels": 84, "kernel_size": 4, "num_blocks": 1, "l2_lambda": 0.003138829820431699, "dropout_rate": 0.4485763883697137, "lr": 0.07439159494877458, "batch_size": 70}