{"out_channels": 91, "kernel_size": 5, "num_blocks": 2, "l2_lambda": 0.00214612309629409, "dropout_rate": 0.18969740084036332, "lr": 0.06570985577564693, "batch_size": 189}