{"out_channels": 57, "kernel_size": 5, "num_blocks": 2, "l2_lambda": 0.004966625847362396, "dropout_rate": 0.3756846325433417, "lr": 0.08552628752230948, "batch_size": 158}