{"out_channels": 76, "kernel_size": 4, "num_blocks": 3, "l2_lambda": 0.007640665592207958, "dropout_rate": 0.33907946195754923, "lr": 0.0616531660550757, "batch_size": 123}