{"out_channels": 49, "kernel_size": 4, "num_blocks": 3, "l2_lambda": 0.000425158916464292, "dropout_rate": 0.25304147679710726, "lr": 0.05474191076485796, "batch_size": 109}