{"out_channels": 79, "kernel_size": 3, "num_blocks": 2, "l2_lambda": 0.004701139791837082, "dropout_rate": 0.24933240944857327, "lr": 0.08839769039538467, "batch_size": 67}