{"out_channels": 99, "kernel_size": 5, "num_blocks": 1, "l2_lambda": 0.008236153696332389, "dropout_rate": 0.43967734058943087, "lr": 0.05193113755798458, "batch_size": 26}