{"out_channels": 35, "kernel_size": 5, "num_blocks": 3, "l2_lambda": 0.003752823147732068, "dropout_rate": 0.3719859849456171, "lr": 0.09017370438930374, "batch_size": 74}