{"out_channels": 29, "kernel_size": 7, "num_blocks": 2, "l2_lambda": 0.00555808091106144, "dropout_rate": 0.2035200673333029, "lr": 0.0497140053183371, "batch_size": 243}