{"out_channels": 30, "kernel_size": 6, "num_blocks": 1, "l2_lambda": 0.008497219359953281, "dropout_rate": 0.42591853973692395, "lr": 0.036459867945094954, "batch_size": 228}