{"out_channels": 57, "kernel_size": 6, "num_blocks": 3, "l2_lambda": 0.009336063368418503, "dropout_rate": 0.4214800271904606, "lr": 0.005221958488887068, "batch_size": 124}