{"out_channels": 22, "kernel_size": 7, "num_blocks": 1, "l2_lambda": 0.0021093442430422608, "dropout_rate": 0.18991600090094587, "lr": 0.08472892989457645, "batch_size": 86}