{"out_channels": 110, "kernel_size": 4, "num_blocks": 3, "l2_lambda": 0.0027391123409148135, "dropout_rate": 0.33774407034650267, "lr": 0.03358688074498155, "batch_size": 153}