{"out_channels": 50, "kernel_size": 5, "num_blocks": 3, "l2_lambda": 0.006448429421681946, "dropout_rate": 0.4601792480270781, "lr": 0.0031293552602293107, "batch_size": 136}