{"out_channels": 24, "kernel_size": 4, "num_blocks": 3, "l2_lambda": 0.007851748392084433, "dropout_rate": 0.4946630614761688, "lr": 0.09734344906846139, "batch_size": 111}