{"out_channels": 124, "kernel_size": 5, "num_blocks": 2, "l2_lambda": 0.008711330196865983, "dropout_rate": 0.39837997991512697, "lr": 0.09168726064527154, "batch_size": 208}