{"out_channels": 103, "kernel_size": 5, "num_blocks": 1, "l2_lambda": 0.00728146087318481, "dropout_rate": 0.4741351706150071, "lr": 0.07104309174807161, "batch_size": 120}