{"out_channels": 29, "kernel_size": 7, "num_blocks": 1, "l2_lambda": 0.0069062431432263495, "dropout_rate": 0.18592474584134894, "lr": 0.017745373972271997, "batch_size": 52}