{"out_channels": 86, "kernel_size": 7, "num_blocks": 2, "l2_lambda": 0.006734480615734503, "dropout_rate": 0.2831267581459138, "lr": 0.08479581472570076, "batch_size": 24}