{"out_channels": 124, "kernel_size": 7, "num_blocks": 1, "l2_lambda": 0.0037989313225936967, "dropout_rate": 0.4997542601807251, "lr": 0.09388832379350415, "batch_size": 190}