{"out_channels": 78, "kernel_size": 3, "num_blocks": 1, "l2_lambda": 0.0011147731680071127, "dropout_rate": 0.12798320287897794, "lr": 0.04912602030732212, "batch_size": 254}