{"out_channels": 91, "kernel_size": 7, "num_blocks": 1, "l2_lambda": 0.0013657945110929189, "dropout_rate": 0.4737052150401141, "lr": 0.04323289504263691, "batch_size": 170}