{"out_channels": 112, "kernel_size": 5, "num_blocks": 2, "l2_lambda": 0.00342290496450275, "dropout_rate": 0.10143825086336587, "lr": 0.07930971193421255, "batch_size": 127}