{"out_channels": 118, "kernel_size": 3, "num_blocks": 3, "l2_lambda": 0.003251182394284068, "dropout_rate": 0.19735304812833046, "lr": 0.025728499314712196, "batch_size": 105}