{"out_channels": 38, "kernel_size": 7, "num_blocks": 2, "l2_lambda": 0.00177897248740924, "dropout_rate": 0.21700986117606097, "lr": 0.06943689949696184, "batch_size": 206}