{"out_channels": 50, "kernel_size": 7, "num_blocks": 3, "l2_lambda": 0.009063919698627016, "dropout_rate": 0.3040731672647291, "lr": 0.088978262392483, "batch_size": 249}