{"out_channels": 54, "kernel_size": 6, "num_blocks": 3, "l2_lambda": 0.00594355327160567, "dropout_rate": 0.4123799721574889, "lr": 0.04407061803482392, "batch_size": 250}