{"out_channels": 69, "kernel_size": 6, "num_blocks": 1, "l2_lambda": 0.0028387353864179517, "dropout_rate": 0.3415448330597588, "lr": 0.06604497007730561, "batch_size": 191}