{"out_channels": 50, "kernel_size": 4, "num_blocks": 2, "l2_lambda": 0.008294061596790674, "dropout_rate": 0.30274727377797395, "lr": 0.09426094306209205, "batch_size": 230}