{"out_channels": 86, "kernel_size": 6, "num_blocks": 3, "l2_lambda": 0.00048298718986613615, "dropout_rate": 0.2641908406888318, "lr": 0.014131952262236317, "batch_size": 213}