{"out_channels": 78, "kernel_size": 5, "num_blocks": 3, "l2_lambda": 0.009081721441959248, "dropout_rate": 0.20504323363534352, "lr": 0.001700078079943243, "batch_size": 136}