{"out_channels": 66, "kernel_size": 6, "num_blocks": 3, "l2_lambda": 0.004504488864311895, "dropout_rate": 0.31398046901599796, "lr": 0.07497659880735145, "batch_size": 221}