{"out_channels": 78, "kernel_size": 4, "num_blocks": 1, "l2_lambda": 0.004165606267562226, "dropout_rate": 0.13252860027309932, "lr": 0.01702715156368802, "batch_size": 134}