{"out_channels": 24, "kernel_size": 6, "num_blocks": 1, "l2_lambda": 0.006559049597789947, "dropout_rate": 0.49638234066273024, "lr": 0.0860039331207435, "batch_size": 132}