{"out_channels": 30, "kernel_size": 4, "num_blocks": 1, "l2_lambda": 0.002067104045530982, "dropout_rate": 0.4395183085605382, "lr": 0.03860631062795672, "batch_size": 204}