{"out_channels": 107, "kernel_size": 7, "num_blocks": 1, "l2_lambda": 0.0005177850609063255, "dropout_rate": 0.27072226009461275, "lr": 0.054913624645815895, "batch_size": 140}