{"out_channels": 96, "kernel_size": 6, "num_blocks": 3, "l2_lambda": 0.00851209139835944, "dropout_rate": 0.4945644655303494, "lr": 0.014543588639853893, "batch_size": 122}