{"out_channels": 104, "kernel_size": 6, "num_blocks": 1, "l2_lambda": 0.00016312990480231486, "dropout_rate": 0.39276993631455104, "lr": 0.0416096214309711, "batch_size": 154}