{"out_channels": 62, "kernel_size": 4, "num_blocks": 3, "lstm_hidden_size": 37, "l2_lambda": 0.008642237757160684, "dropout_rate": 0.45172358454067085, "lr": 0.03769201736191261, "batch_size": 55}