{"out_channels": 51, "kernel_size": 4, "num_blocks": 3, "lstm_hidden_size": 57, "l2_lambda": 0.005389758409734808, "dropout_rate": 0.12506595820427818, "lr": 0.003881381739689118, "batch_size": 205}