{"out_channels": 127, "kernel_size": 7, "num_blocks": 1, "lstm_hidden_size": 123, "l2_lambda": 0.0031408212875397167, "dropout_rate": 0.1983318580360224, "lr": 0.03397745137220533, "batch_size": 57}