{"out_channels": 72, "kernel_size": 7, "num_blocks": 2, "lstm_hidden_size": 36, "l2_lambda": 0.008353386968160686, "dropout_rate": 0.3369007833615252, "lr": 0.09754338362675562, "batch_size": 134}