{"out_channels": 63, "kernel_size": 3, "num_blocks": 3, "lstm_hidden_size": 127, "l2_lambda": 0.0046072829784826715, "dropout_rate": 0.19476519106023918, "lr": 0.08763814086595315, "batch_size": 95}