{"out_channels": 65, "kernel_size": 3, "num_blocks": 2, "lstm_hidden_size": 93, "l2_lambda": 0.005149375776586519, "dropout_rate": 0.48348510246114074, "lr": 0.09852853822635414, "batch_size": 61}