{"out_channels": 116, "kernel_size": 4, "num_blocks": 2, "lstm_hidden_size": 69, "l2_lambda": 0.002661208032539797, "dropout_rate": 0.46017305936390007, "lr": 0.0823267480935259, "batch_size": 67}