{"out_channels": 125, "kernel_size": 3, "num_blocks": 2, "lstm_hidden_size": 43, "l2_lambda": 0.0049374759349992475, "dropout_rate": 0.2958758542353199, "lr": 0.07033123107973648, "batch_size": 103}