{"out_channels": 33, "kernel_size": 6, "num_blocks": 1, "lstm_hidden_size": 95, "l2_lambda": 0.008767089287998521, "dropout_rate": 0.15998852002572317, "lr": 0.07937390269690188, "batch_size": 92}