{"out_channels": 126, "kernel_size": 3, "num_blocks": 3, "lstm_hidden_size": 59, "l2_lambda": 0.0007024358757645891, "dropout_rate": 0.4474044373475794, "lr": 0.08796684929650657, "batch_size": 89}