{"out_channels": 66, "kernel_size": 3, "num_blocks": 3, "lstm_hidden_size": 45, "l2_lambda": 0.003729432166948754, "dropout_rate": 0.35200113213603146, "lr": 0.039534699301332035, "batch_size": 254}