{"out_channels": 78, "kernel_size": 5, "num_blocks": 2, "lstm_hidden_size": 95, "l2_lambda": 0.0007201281007721091, "dropout_rate": 0.10283705481065915, "lr": 0.030284906250018975, "batch_size": 98}