{"out_channels": 63, "kernel_size": 3, "num_blocks": 1, "lstm_hidden_size": 57, "l2_lambda": 0.005970696072562731, "dropout_rate": 0.477178117852611, "lr": 0.040189279085465, "batch_size": 60}