{"out_channels": 86, "kernel_size": 6, "num_blocks": 3, "lstm_hidden_size": 49, "l2_lambda": 0.002463471173216647, "dropout_rate": 0.4292852976182434, "lr": 0.009864189735813832, "batch_size": 28}