{"out_channels": 49, "kernel_size": 7, "num_blocks": 3, "lstm_hidden_size": 34, "l2_lambda": 0.00912871710308775, "dropout_rate": 0.1847250391415877, "lr": 0.033885237795389905, "batch_size": 161}