{"out_channels": 40, "kernel_size": 4, "num_blocks": 1, "lstm_hidden_size": 71, "l2_lambda": 0.006293509220724331, "dropout_rate": 0.10841525145881517, "lr": 0.05626762993998328, "batch_size": 156}