{"out_channels": 103, "kernel_size": 7, "num_blocks": 2, "lstm_hidden_size": 44, "l2_lambda": 0.0009417475945778382, "dropout_rate": 0.41196584853522966, "lr": 0.08131206899117849, "batch_size": 18}