{"out_channels": 81, "kernel_size": 5, "num_blocks": 3, "lstm_hidden_size": 39, "l2_lambda": 0.008842942665656564, "dropout_rate": 0.2831053177172058, "lr": 0.014318837715490782, "batch_size": 101}