{"out_channels": 127, "kernel_size": 7, "num_blocks": 1, "lstm_hidden_size": 44, "l2_lambda": 0.006049495384730476, "dropout_rate": 0.31275018587001485, "lr": 0.061420830340691866, "batch_size": 140}