{"out_channels": 79, "kernel_size": 7, "num_blocks": 1, "lstm_hidden_size": 76, "l2_lambda": 0.00018370415680206157, "dropout_rate": 0.3720531689508335, "lr": 0.042336503705262936, "batch_size": 74}