{"out_channels": 121, "kernel_size": 4, "num_blocks": 2, "lstm_hidden_size": 112, "l2_lambda": 0.0064503603694701685, "dropout_rate": 0.35394405491337455, "lr": 0.059226863800387525, "batch_size": 80}