{"out_channels": 61, "kernel_size": 3, "num_blocks": 3, "lstm_hidden_size": 36, "l2_lambda": 0.003074405910634761, "dropout_rate": 0.4830594348564625, "lr": 0.03455751404356892, "batch_size": 148}