{"out_channels": 119, "kernel_size": 3, "num_blocks": 3, "lstm_hidden_size": 36, "l2_lambda": 0.0018215007127286573, "dropout_rate": 0.4039259331352385, "lr": 0.01050013675572717, "batch_size": 224}