{"out_channels": 35, "kernel_size": 7, "num_blocks": 3, "lstm_hidden_size": 35, "l2_lambda": 0.005628639539756966, "dropout_rate": 0.26365211309512726, "lr": 0.030616334398542857, "batch_size": 54}