{"out_channels": 93, "kernel_size": 5, "num_blocks": 1, "lstm_hidden_size": 96, "l2_lambda": 0.0019781974736173117, "dropout_rate": 0.13737919431352186, "lr": 0.022034883288512695, "batch_size": 185}