{"out_channels": 97, "kernel_size": 6, "num_blocks": 1, "lstm_hidden_size": 62, "l2_lambda": 0.0039048832050505213, "dropout_rate": 0.4015621163627149, "lr": 0.060147009187384304, "batch_size": 127}