{"out_channels": 95, "kernel_size": 5, "num_blocks": 1, "lstm_hidden_size": 102, "l2_lambda": 0.0007322354567448112, "dropout_rate": 0.2488911398696362, "lr": 0.08436941219252202, "batch_size": 173}