{"out_channels": 38, "kernel_size": 5, "num_blocks": 3, "lstm_hidden_size": 51, "l2_lambda": 0.00557915490550136, "dropout_rate": 0.2983280856417002, "lr": 0.0965711740541999, "batch_size": 200}