{"out_channels": 55, "kernel_size": 6, "num_blocks": 2, "lstm_hidden_size": 50, "l2_lambda": 0.009107432271364537, "dropout_rate": 0.11935128185271458, "lr": 0.05338342171229032, "batch_size": 38}