{"out_channels": 97, "kernel_size": 6, "num_blocks": 2, "lstm_hidden_size": 34, "l2_lambda": 0.00971944563396407, "dropout_rate": 0.2136692039605194, "lr": 0.09634098390459273, "batch_size": 171}