{"out_channels": 76, "kernel_size": 7, "num_blocks": 1, "lstm_hidden_size": 102, "l2_lambda": 0.0016350906400314639, "dropout_rate": 0.3051603795119982, "lr": 0.0841598627360502, "batch_size": 37}