{"out_channels": 114, "kernel_size": 7, "num_blocks": 2, "lstm_hidden_size": 86, "l2_lambda": 0.003908447855428258, "dropout_rate": 0.28398228028216643, "lr": 0.04212346690392793, "batch_size": 251}