{"out_channels": 23, "kernel_size": 7, "num_blocks": 3, "lstm_hidden_size": 109, "l2_lambda": 0.0032858822115541817, "dropout_rate": 0.31662746529229935, "lr": 0.043096140147496215, "batch_size": 173}