{"out_channels": 19, "kernel_size": 6, "num_blocks": 1, "lstm_hidden_size": 92, "l2_lambda": 0.0013145933111361509, "dropout_rate": 0.43010315014574085, "lr": 0.04643135307774927, "batch_size": 61}