{"out_channels": 94, "kernel_size": 3, "num_blocks": 2, "lstm_hidden_size": 77, "l2_lambda": 0.008751789398048191, "dropout_rate": 0.44857934730227245, "lr": 0.017679501092578778, "batch_size": 165}