{"out_channels": 75, "kernel_size": 3, "num_blocks": 2, "lstm_hidden_size": 36, "l2_lambda": 0.006887612161910608, "dropout_rate": 0.10936029564037515, "lr": 0.06763752202857701, "batch_size": 197}