{"out_channels": 70, "kernel_size": 4, "num_blocks": 1, "lstm_hidden_size": 41, "l2_lambda": 0.005709996851210509, "dropout_rate": 0.21594625716342197, "lr": 0.09820509872024381, "batch_size": 107}