{"out_channels": 69, "kernel_size": 3, "num_blocks": 3, "lstm_hidden_size": 42, "l2_lambda": 0.0017524937503885752, "dropout_rate": 0.3151460384045031, "lr": 0.03316257355393656, "batch_size": 236}