{"out_channels": 71, "kernel_size": 7, "num_blocks": 2, "lstm_hidden_size": 47, "l2_lambda": 0.00470444363452209, "dropout_rate": 0.24438121749834402, "lr": 0.08105580075748986, "batch_size": 256}