{"out_channels": 44, "kernel_size": 3, "num_blocks": 1, "lstm_hidden_size": 101, "l2_lambda": 0.008118662273366122, "dropout_rate": 0.1702615109256222, "lr": 0.04529162069948365, "batch_size": 224}