{"out_channels": 20, "kernel_size": 4, "num_blocks": 3, "lstm_hidden_size": 53, "l2_lambda": 0.0026708219595220463, "dropout_rate": 0.12694797685316847, "lr": 0.07435926684873197, "batch_size": 111}