{"out_channels": 44, "kernel_size": 5, "num_blocks": 1, "lstm_hidden_size": 80, "l2_lambda": 0.007654532999193664, "dropout_rate": 0.3788396871390378, "lr": 0.03714524525645693, "batch_size": 173}