{"out_channels": 99, "kernel_size": 4, "num_blocks": 2, "lstm_hidden_size": 77, "l2_lambda": 0.004248448370140842, "dropout_rate": 0.3803166328808094, "lr": 0.035384969281484345, "batch_size": 167}