{"out_channels": 40, "kernel_size": 7, "num_blocks": 3, "lstm_hidden_size": 39, "l2_lambda": 0.002415366180915367, "dropout_rate": 0.4729419230715285, "lr": 0.07172150242967934, "batch_size": 187}