{"out_channels": 67, "kernel_size": 3, "num_blocks": 1, "lstm_hidden_size": 40, "l2_lambda": 0.004525964114721572, "dropout_rate": 0.28585898883821154, "lr": 0.014289852648764282, "batch_size": 145}