{"out_channels": 57, "kernel_size": 7, "num_blocks": 2, "lstm_hidden_size": 37, "l2_lambda": 0.004526655163843651, "dropout_rate": 0.3235034320813555, "lr": 0.027955463863184694, "batch_size": 85}