{"out_channels": 27, "kernel_size": 4, "num_blocks": 2, "lstm_hidden_size": 117, "l2_lambda": 0.005539553452760013, "dropout_rate": 0.3842257494174085, "lr": 0.026712796746939185, "batch_size": 98}