{"out_channels": 86, "kernel_size": 5, "num_blocks": 1, "lstm_hidden_size": 57, "l2_lambda": 0.0016605285295575166, "dropout_rate": 0.398761336236093, "lr": 0.01203966461238865, "batch_size": 46}