{"out_channels": 122, "kernel_size": 4, "num_blocks": 2, "lstm_hidden_size": 118, "l2_lambda": 0.001427308116923641, "dropout_rate": 0.10063439247823416, "lr": 0.07490352843341565, "batch_size": 41}