{"out_channels": 115, "kernel_size": 4, "num_blocks": 1, "lstm_hidden_size": 68, "l2_lambda": 0.00181429204525682, "dropout_rate": 0.3218794150642801, "lr": 0.005153787443484219, "batch_size": 209}