{"out_channels": 102, "kernel_size": 4, "num_blocks": 3, "lstm_hidden_size": 75, "l2_lambda": 0.005272031402354174, "dropout_rate": 0.387009597191347, "lr": 0.006868194016084381, "batch_size": 199}