{"out_channels": 48, "kernel_size": 5, "num_blocks": 2, "lstm_hidden_size": 90, "l2_lambda": 0.008878530662987584, "dropout_rate": 0.21106241570916642, "lr": 0.03420829999172211, "batch_size": 218}