{"out_channels": 46, "kernel_size": 7, "num_blocks": 1, "lstm_hidden_size": 99, "l2_lambda": 0.0052653546265148555, "dropout_rate": 0.3541190681630272, "lr": 0.024195275719365746, "batch_size": 64}