{"out_channels": 94, "kernel_size": 6, "num_blocks": 2, "lstm_hidden_size": 32, "l2_lambda": 0.002096967382010953, "dropout_rate": 0.2700683691595585, "lr": 0.09210258004893868, "batch_size": 139}