{"out_channels": 94, "kernel_size": 4, "num_blocks": 3, "lstm_hidden_size": 102, "l2_lambda": 0.009579453087751308, "dropout_rate": 0.3824380071510687, "lr": 0.018247782645728752, "batch_size": 53}