{"out_channels": 46, "kernel_size": 4, "num_blocks": 2, "lstm_hidden_size": 125, "l2_lambda": 0.0015102239328957639, "dropout_rate": 0.3346346022765748, "lr": 0.07527908575679071, "batch_size": 156}