{"out_channels": 42, "kernel_size": 3, "num_blocks": 3, "lstm_hidden_size": 121, "l2_lambda": 0.007045253731361699, "dropout_rate": 0.1703801489512641, "lr": 0.09384155027805072, "batch_size": 256}