{"out_channels": 93, "kernel_size": 4, "num_blocks": 2, "lstm_hidden_size": 70, "l2_lambda": 0.00825285237921544, "dropout_rate": 0.2484649178614014, "lr": 0.04952570409317341, "batch_size": 87}