{"out_channels": 91, "kernel_size": 6, "num_blocks": 1, "lstm_hidden_size": 63, "l2_lambda": 0.0037741608608177694, "dropout_rate": 0.4027161621571287, "lr": 0.0010814223640036764, "batch_size": 129}