{"out_channels": 17, "kernel_size": 7, "num_blocks": 2, "lstm_hidden_size": 59, "l2_lambda": 0.003222492606059375, "dropout_rate": 0.18888261277673682, "lr": 0.09445087908555158, "batch_size": 22}