{"max_depth": 4, "learning_rate": 0.15829482371839057, "subsample": 0.8696949593510639, "colsample_bytree": 0.5632034662981895, "gamma": 3.7841015811925, "lambda": 0.21227961009572138, "alpha": 1.3681047932814385e-08}