{"max_depth": 10, "learning_rate": 0.27051780744993364, "subsample": 0.9198846737763818, "colsample_bytree": 0.553454468390846, "gamma": 2.2882094307105834, "lambda": 0.003552691403690883, "alpha": 0.007763115558658433}