{"max_depth": 8, "learning_rate": 0.2594221395891318, "subsample": 0.5425085960339017, "colsample_bytree": 0.6902006239534333, "gamma": 2.831650650422306, "lambda": 3.843864780018237e-08, "alpha": 1.7861708527290324e-06}