{"max_depth": 5, "learning_rate": 0.24461504629964603, "subsample": 0.7353758703545399, "colsample_bytree": 0.5858584917072964, "gamma": 1.7871373496539396, "lambda": 1.6519923519023774e-06, "alpha": 0.011377537742820461}