{"max_depth": 6, "learning_rate": 0.08624325142409639, "subsample": 0.5137129492774029, "colsample_bytree": 0.7024697802816887, "gamma": 0.2185388904257557, "lambda": 3.34409807375516e-05, "alpha": 3.173589524147764e-05}