{"max_depth": 9, "learning_rate": 0.07218684734245304, "subsample": 0.6567858363928194, "colsample_bytree": 0.9762070226299275, "gamma": 2.2663886148629757, "lambda": 0.002919168112178745, "alpha": 1.4243996947289364e-07}