{"max_depth": 8, "learning_rate": 0.21559687188459783, "subsample": 0.8142814827737563, "colsample_bytree": 0.7168574851815989, "gamma": 4.203480447964623, "lambda": 0.980250768943182, "alpha": 3.2095557888481644e-08}