{"max_depth": 7, "learning_rate": 0.2758177494520757, "subsample": 0.7276048614047486, "colsample_bytree": 0.5592210604607187, "gamma": 3.4183043537908633, "lambda": 0.0007869938625175481, "alpha": 0.13797010783761798}