{"max_depth": 6, "learning_rate": 0.17671070390165464, "subsample": 0.9720621305336066, "colsample_bytree": 0.9266808492116677, "gamma": 0.6320080100774178, "lambda": 4.47673273652962e-05, "alpha": 0.00026287983112394277}