{"max_depth": 10, "learning_rate": 0.18028163298769048, "subsample": 0.5567964185345127, "colsample_bytree": 0.8816298867552612, "gamma": 4.684157178128986, "lambda": 0.08722690723680179, "alpha": 8.740859771704658e-06}