{"max_depth": 6, "learning_rate": 0.048734926220654, "subsample": 0.7940201284086738, "colsample_bytree": 0.5425639387531191, "gamma": 1.1369087632538695, "lambda": 3.466590531196294e-06, "alpha": 1.4808036012122142e-05}