{"max_depth": 3, "learning_rate": 0.08494879993062121, "subsample": 0.8827041768071894, "colsample_bytree": 0.8571755409049058, "gamma": 2.134676572754419, "lambda": 8.605632527369772e-07, "alpha": 9.154073078983497e-08}