{"max_depth": 7, "learning_rate": 0.11191668314707623, "subsample": 0.910857079726955, "colsample_bytree": 0.6733402716920844, "gamma": 2.900457729733547, "lambda": 0.25567100951626043, "alpha": 0.0002127527969398091}