{"max_depth": 3, "learning_rate": 0.04205055859439261, "subsample": 0.6800870073471452, "colsample_bytree": 0.5482491383258707, "gamma": 3.534390731036958, "lambda": 7.100338931001991e-06, "alpha": 1.8887050714278243e-08}