{"max_depth": 4, "learning_rate": 0.2158071107382057, "subsample": 0.9449431148875634, "colsample_bytree": 0.731159177435128, "gamma": 0.4922633593766296, "lambda": 0.0045099183378058275, "alpha": 0.0008325054554113193}