{"max_depth": 8, "learning_rate": 0.17012085714865857, "subsample": 0.6148485594905637, "colsample_bytree": 0.6826460048379879, "gamma": 2.974722716944046, "lambda": 0.001783307094985243, "alpha": 0.925471149662191}