{"max_depth": 8, "learning_rate": 0.20275936466899178, "subsample": 0.8987337120470384, "colsample_bytree": 0.5030693380041896, "gamma": 3.668297910578508, "lambda": 0.020607187882145796, "alpha": 2.3605094325173088e-05}