{"max_depth": 10, "learning_rate": 0.08596915931270566, "subsample": 0.5721068741698345, "colsample_bytree": 0.5335918256843655, "gamma": 4.999888090491094, "lambda": 0.011897789968173906, "alpha": 0.005008517234421916}