{"max_depth": 4, "learning_rate": 0.2033385794590477, "subsample": 0.9170888039210089, "colsample_bytree": 0.7690662189399127, "gamma": 2.889277972216249, "lambda": 2.2300021573914034e-08, "alpha": 0.019324214085288616}