{"max_depth": 4, "learning_rate": 0.2215592104267802, "subsample": 0.9658347154608138, "colsample_bytree": 0.7064977428678345, "gamma": 1.404501906551462, "lambda": 0.004939611875643263, "alpha": 0.001392690429516647}