{"max_depth": 6, "learning_rate": 0.10716347059526889, "subsample": 0.5066750493098838, "colsample_bytree": 0.6791815922155243, "gamma": 1.580047306730894, "lambda": 0.30764351186772915, "alpha": 6.960648872592873e-08}