{"max_depth": 3, "learning_rate": 0.2627779495228512, "subsample": 0.947610589215353, "colsample_bytree": 0.833263343584344, "gamma": 1.442683889074745, "lambda": 6.595624306007772e-07, "alpha": 0.2159122118402848}