{"max_depth": 7, "learning_rate": 0.17067260305075446, "subsample": 0.5956100762586458, "colsample_bytree": 0.5756170923799193, "gamma": 1.5007695672492232, "lambda": 5.414510742681161e-07, "alpha": 1.5636986119554058e-06}