{"max_depth": 9, "learning_rate": 0.14391380502762072, "subsample": 0.7835658937456061, "colsample_bytree": 0.5530150063915799, "gamma": 4.2353623988829066, "lambda": 0.17208213698044256, "alpha": 0.00020270733896250137}