{"max_depth": 8, "learning_rate": 0.09864691402735923, "subsample": 0.8413994754795837, "colsample_bytree": 0.7291980221822658, "gamma": 2.994024450385553, "lambda": 0.0004383128879631945, "alpha": 1.7549168117263098e-07}