{"max_depth": 7, "learning_rate": 0.1953812387030543, "subsample": 0.8666992955783408, "colsample_bytree": 0.6104672059971972, "gamma": 1.775654030194826, "lambda": 0.017059388975691123, "alpha": 1.025516381746045e-07}