{"max_depth": 10, "learning_rate": 0.06338606275707573, "subsample": 0.683121312321085, "colsample_bytree": 0.871996164218733, "gamma": 0.6786832483601335, "lambda": 0.02642783883872241, "alpha": 1.0315687352247241e-05}