{"max_depth": 6, "learning_rate": 0.056402328207209, "subsample": 0.551793484006831, "colsample_bytree": 0.7731076800701258, "gamma": 1.6787978101611651, "lambda": 0.00022720565145399637, "alpha": 0.001479997630233122}