{"max_depth": 7, "learning_rate": 0.2097199344362405, "subsample": 0.5122627801935093, "colsample_bytree": 0.5624859334087822, "gamma": 3.4694529900237736, "lambda": 0.007108910144200754, "alpha": 0.13113518229710236}