{"max_depth": 5, "learning_rate": 0.12447643989202727, "subsample": 0.6532163805680986, "colsample_bytree": 0.7267961776153731, "gamma": 1.6417048628710722, "lambda": 0.000421975098364071, "alpha": 2.95748278160557e-07}