{"max_depth": 4, "learning_rate": 0.21025683346851157, "subsample": 0.6347641001777898, "colsample_bytree": 0.7000737956177301, "gamma": 3.132708902370437, "lambda": 0.15858201458233795, "alpha": 3.198897138724803e-08}