{"out_channels": 25, "kernel_size": 7, "num_blocks": 2, "l2_lambda": 0.009141511348997813, "dropout_rate": 0.43681684793905085, "lr": 0.06709696869993252}