{"out_channels": 114, "kernel_size": 5, "num_blocks": 2, "l2_lambda": 0.009182824894710662, "dropout_rate": 0.3969953093896026, "lr": 0.06155504317893542}