{"out_channels": 103, "kernel_size": 7, "num_blocks": 1, "l2_lambda": 0.0021860493929303348, "dropout_rate": 0.16021476214934027, "lr": 0.07789643023296099}