{"out_channels": 92, "kernel_size": 5, "num_blocks": 4, "l2_lambda": 0.0037957185244622826, "dropout_rate": 0.3496867084946317, "lr": 0.0032294320480414}