{"out_channels": 58, "kernel_size": 6, "num_blocks": 1, "l2_lambda": 0.006255615742934353, "dropout_rate": 0.16792608836312184, "lr": 0.03327659931919426}