{"out_channels": 98, "kernel_size": 5, "num_blocks": 4, "l2_lambda": 0.008027574323184903, "dropout_rate": 0.17423019235926535, "lr": 0.030534846075030823}