{"out_channels": 112, "kernel_size": 5, "num_blocks": 3, "l2_lambda": 0.0023891130762306854, "dropout_rate": 0.35927830035004626, "lr": 0.09933426319176951}