{"out_channels": 23, "kernel_size": 4, "num_blocks": 1, "l2_lambda": 0.004916739356192549, "dropout_rate": 0.2757484674005304, "lr": 0.0435030464321818}