{"out_channels": 110, "kernel_size": 7, "num_blocks": 4, "l2_lambda": 0.00954846108953781, "dropout_rate": 0.21887838012956326, "lr": 0.06423698151904991}