{"out_channels": 69, "kernel_size": 4, "num_blocks": 3, "l2_lambda": 0.0020965764494011796, "dropout_rate": 0.3830139232407419, "lr": 0.06476079655048689}