{"out_channels": 92, "kernel_size": 5, "num_blocks": 1, "l2_lambda": 0.0010188509247474604, "dropout_rate": 0.12203235141530455, "lr": 0.03210139277662743}