{"out_channels": 41, "kernel_size": 6, "num_blocks": 1, "l2_lambda": 0.006673796933849856, "dropout_rate": 0.3082190907272382, "lr": 0.00969038043325305}