{"out_channels": 32, "kernel_size": 7, "num_blocks": 2, "l2_lambda": 0.004339971711630288, "dropout_rate": 0.34584489213061503, "lr": 0.09920593225285321}