{"out_channels": 74, "kernel_size": 6, "num_blocks": 4, "l2_lambda": 0.007911442014581166, "dropout_rate": 0.2323911577727949, "lr": 0.0041967502179441315}