{"sigma": 0.3475154888299886, "lr": 0.00027648750612427, "l2_lambda": 0.00020723104236992622, "batch_size": 29}