{"sigma": 0.09603332738833824, "lr": 1.18760726782188e-05, "l2_lambda": 0.0015341367268923386, "batch_size": 21}