{"sigma": 0.14427377600195548, "lr": 0.0005192013953350051, "l2_lambda": 0.007071665037132333, "batch_size": 37}