{"sigma": 0.5530951372131144, "lr": 0.0003915827789961004, "l2_lambda": 0.007407021049250098, "batch_size": 35}