{"sigma": 0.19587184885146738, "lr": 0.044373921942759444, "l2_lambda": 0.00934197512342815, "batch_size": 31}