{"sigma": 0.9312116008749795, "lr": 0.0812974841224926, "l2_lambda": 0.008635455341082144, "batch_size": 26}