{"sigma": 0.8561246787009691, "lr": 0.0004404864583852795, "l2_lambda": 0.005968004516065275, "batch_size": 29}