{"sigma": 0.2866160919298585, "lr": 0.020428863937888453, "l2_lambda": 0.005072611809662928, "batch_size": 31}