{"sigma": 0.20226311110079534, "lr": 0.00028074139192306436, "l2_lambda": 0.00421162330783304, "batch_size": 30}