{"sigma": 0.677361300948339, "lr": 0.004052040337618616, "l2_lambda": 0.007497902904586439, "batch_size": 62}