{"sigma": 0.2908701399946889, "lr": 4.7259945366558584e-05, "l2_lambda": 0.005578638211268972, "batch_size": 80}