{"sigma": 0.9240611001636897, "lr": 0.0676576964751146, "l2_lambda": 0.005014854701859777, "batch_size": 16}