{"sigma": 0.6342024278522568, "lr": 0.00018488740446478486, "l2_lambda": 0.0018543127059368776, "batch_size": 108}