{"sigma": 0.3658587403662515, "lr": 0.0012430888942767911, "l2_lambda": 0.00024147308146896606, "batch_size": 70}