{"sigma": 0.6687420706301808, "lr": 7.461071693239802e-05, "l2_lambda": 0.0010807261721381576, "batch_size": 32}