{"sigma": 0.5865983349999802, "lr": 0.023726394190430725, "l2_lambda": 0.005989433458866083, "batch_size": 32}