{"sigma": 0.9784617744836747, "lr": 0.0003306749656776486, "l2_lambda": 0.004002446785662297, "batch_size": 105}