{"sigma": 0.6830066237828457, "lr": 2.647505547359735e-05, "l2_lambda": 0.006837004135835982, "batch_size": 47}