{"sigma": 0.36047473422687043, "lr": 0.01159301706397447, "l2_lambda": 0.0007882541539412956, "batch_size": 73}