{"sigma": 0.7040791167924516, "lr": 0.00020829459956248677, "l2_lambda": 0.0035310198632070248, "batch_size": 35}