{"sigma": 0.12143058022966115, "lr": 1.0440653573414315e-05, "l2_lambda": 0.008666709902404113, "batch_size": 121}