{"sigma": 0.5002057179170732, "lr": 0.0870993938908527, "l2_lambda": 0.002411447748745301, "batch_size": 124}