{"sigma": 0.09154560766291918, "lr": 2.749067625605128e-05, "l2_lambda": 0.008117783119368288, "batch_size": 49}