{"sigma": 0.7156389321697773, "lr": 0.003271579479066722, "l2_lambda": 0.001665156951808647, "batch_size": 17}