{"sigma": 0.33337195551967236, "lr": 0.004031186528368687, "l2_lambda": 0.005837912738585978, "batch_size": 64}