{"sigma": 0.7773197774568328, "lr": 0.00046045822672500803, "l2_lambda": 0.00958629251651902, "batch_size": 47}