{"sigma": 0.9091024469528789, "lr": 0.0021529030333381897, "l2_lambda": 0.0003465474732786705, "batch_size": 101}