{"sigma": 0.14194079427555722, "lr": 0.0014228791500384007, "l2_lambda": 0.009304188437556255, "batch_size": 70}