{"sigma": 0.15046973530688276, "lr": 0.0013632042767158872, "l2_lambda": 0.0015908353988912062, "batch_size": 16}