{"sigma": 0.08689708351311802, "lr": 0.00012276460162451044, "l2_lambda": 0.006514886454091689, "batch_size": 21}