{"sigma": 0.28874672428981235, "lr": 0.027922816323255512, "l2_lambda": 0.0063448816451560225, "batch_size": 19}