{"sigma": 0.6578401648285827, "lr": 0.033615679553598427, "l2_lambda": 0.003995709455821867, "batch_size": 27}