{"sigma": 0.7519912586245092, "lr": 4.338928799377411e-05, "l2_lambda": 0.004591924302703806, "batch_size": 62}