{"sigma": 0.07918036722840256, "lr": 4.516832454469845e-05, "l2_lambda": 0.002068062685582348, "batch_size": 16}