{"sigma": 0.3896928172320939, "lr": 0.0010246095098666445, "l2_lambda": 0.0031288330037293503, "batch_size": 17}