{"sigma": 0.22895020397011748, "lr": 0.005196032935250785, "l2_lambda": 0.008025260427814674, "batch_size": 102}