{"sigma": 0.7177013947385416, "lr": 0.0032286086731366003, "l2_lambda": 0.0073182807286928855, "batch_size": 18}