{"sigma": 0.4844788278056097, "lr": 0.007013603384447034, "l2_lambda": 0.0014562506403908266, "batch_size": 38}