{"sigma": 0.8716050413516955, "lr": 0.0007048303764359515, "l2_lambda": 0.00846151302833237, "batch_size": 48}