{"sigma": 0.46637339491145524, "lr": 0.005461786564848382, "l2_lambda": 0.008531293772594553, "batch_size": 22}