{"sigma": 0.32316709293438756, "lr": 0.00010242315239196009, "l2_lambda": 0.0030939477132881123, "batch_size": 70}