{"sigma": 0.2991517307849429, "lr": 0.006216002328031599, "l2_lambda": 0.005461479984941726, "batch_size": 46}