{"sigma": 0.05039261439220536, "lr": 0.02429455381657455, "l2_lambda": 0.004951535952403534, "batch_size": 40}