{"sigma": 0.9298005839340002, "lr": 0.01995143665259219, "l2_lambda": 0.005099986227303162, "batch_size": 89}