{"sigma": 0.6925033761712887, "lr": 0.011501064827942798, "l2_lambda": 0.0054154385097970065, "batch_size": 30}