{"sigma": 0.1393094309774639, "lr": 3.195906433998273e-05, "l2_lambda": 0.009640715511627058, "batch_size": 35}