{"sigma": 0.03699072318981951, "lr": 0.09561321803780953, "l2_lambda": 0.006345473261213172, "batch_size": 112}