{"sigma": 0.12455626051758852, "lr": 0.020081225386111692, "l2_lambda": 0.005247128030662035, "batch_size": 40}