{"sigma": 0.9377922906788579, "lr": 1.3736681357774372e-05, "l2_lambda": 0.004876418824532751, "batch_size": 54}