{"sigma": 0.8532076369668533, "lr": 0.0017697783657804505, "l2_lambda": 0.0013563176708568019, "batch_size": 17}