{"sigma": 0.7126130961185209, "lr": 0.02353728666373672, "l2_lambda": 0.003975407040993111, "batch_size": 30}