{"sigma": 0.7439277076250181, "lr": 0.009409743779005377, "l2_lambda": 0.00010865908628864134, "batch_size": 105}