{"sigma": 0.15267743254972382, "lr": 0.0003185154783103316, "l2_lambda": 0.0026109886038737486, "batch_size": 77}