{"sigma": 0.7788227065130237, "lr": 0.003383895904332003, "l2_lambda": 0.002880368550976958, "batch_size": 66}