{"sigma": 0.021906386658970135, "lr": 1.6585773576098437e-05, "l2_lambda": 0.008952622630640743, "batch_size": 16}