{"sigma": 0.9737927637259784, "lr": 0.005542534109502745, "l2_lambda": 0.002496322983623313, "batch_size": 21}