{"sigma": 0.7551816362371212, "lr": 0.0011368307479731779, "l2_lambda": 0.009112052498236572, "batch_size": 18}