{"sigma": 0.4453320297862546, "lr": 0.002595633174569384, "l2_lambda": 0.005905702742212473, "batch_size": 29}