{"sigma": 0.6453321622286764, "lr": 0.008557492972624006, "l2_lambda": 0.007143843462083187, "batch_size": 85}