{"sigma": 0.6219234031829444, "lr": 0.00018491103401748583, "l2_lambda": 0.00621445830129189, "batch_size": 21}