{"sigma": 0.7267672786987921, "lr": 0.00012193396152593751, "l2_lambda": 0.003352173168392482, "batch_size": 47}