{"sigma": 0.26557374529889655, "lr": 0.00015182471119347144, "l2_lambda": 0.004760511298905321, "batch_size": 18}