{"sigma": 0.8959507593651229, "lr": 0.0010560706166627845, "l2_lambda": 0.00816948940711885, "batch_size": 67}