{"sigma": 0.7915996872339409, "lr": 0.0005451219647570583, "l2_lambda": 0.008471092167505082, "batch_size": 24}