{"sigma": 0.33049918805312806, "lr": 0.0009531697785984505, "l2_lambda": 0.009186937834814675, "batch_size": 94}