{"sigma": 0.3625807426914651, "lr": 0.06429911114475383, "l2_lambda": 0.0038152750188132157, "batch_size": 22}