{"sigma": 0.5782663307078899, "lr": 0.0377180338580374, "l2_lambda": 0.0005508878502637907, "batch_size": 108}