{"sigma": 0.4176703291684967, "lr": 0.0008386883611973985, "l2_lambda": 0.0034265009545609167, "batch_size": 69}