{"sigma": 0.6667158076851983, "lr": 5.523138748457585e-05, "l2_lambda": 0.005380960350978235, "batch_size": 36}