{"sigma": 0.5856279388857195, "lr": 9.922299999511424e-05, "l2_lambda": 0.008734480449915497, "batch_size": 39}