{"sigma": 0.6259904677078145, "lr": 0.016323362983054104, "l2_lambda": 0.005274915597041374, "batch_size": 22}