{"sigma": 0.6929018628350225, "lr": 0.0002858993385086067, "l2_lambda": 0.005568182282134235, "batch_size": 62}