{"sigma": 0.12855917313502488, "lr": 0.09084492424729487, "l2_lambda": 0.007841153602891157, "batch_size": 91}