{"sigma": 0.8253610797817625, "lr": 0.0015413486491012492, "l2_lambda": 0.009404746533895069, "batch_size": 34}