{"sigma": 0.5792926752948642, "lr": 0.0010216794962696605, "l2_lambda": 0.005782783807698357, "batch_size": 23}