{"sigma": 0.8644366376680547, "lr": 0.022159999394922195, "l2_lambda": 0.003731100539891866, "batch_size": 55}