{"sigma": 0.021164429406803603, "lr": 0.000392854784781924, "l2_lambda": 0.005859684408117425, "batch_size": 16}