{"sigma": 0.05940364222096469, "lr": 0.0011759857593746771, "l2_lambda": 0.004439445221855702, "batch_size": 64}