{"sigma": 0.4937087301446362, "lr": 0.0008802587632367568, "l2_lambda": 0.0012959214969900958, "batch_size": 39}