{"sigma": 0.3645814166401526, "lr": 0.0019467695754217165, "l2_lambda": 0.002548895263259527, "batch_size": 41}