{"sigma": 0.31781807571353615, "lr": 1.0516156023411334e-05, "l2_lambda": 0.0062236169259331925, "batch_size": 34}