{"sigma": 0.37784952236092667, "lr": 0.00027894189609025647, "l2_lambda": 0.008969438555360133, "batch_size": 19}