{"sigma": 0.9568090592265807, "lr": 0.00751012470076516, "l2_lambda": 0.0011594842989122503, "batch_size": 77}