{"sigma": 0.017839934512853386, "lr": 2.059857910142755e-05, "l2_lambda": 0.00934623284941481, "batch_size": 43}