{"sigma": 0.579247830073609, "lr": 6.384145077698932e-05, "l2_lambda": 0.00023081068469782968, "batch_size": 45}