{"sigma": 0.8933065207521126, "lr": 0.08087313922184981, "l2_lambda": 0.008898282301371317, "batch_size": 54}