{"sigma": 0.3707758943371938, "lr": 1.662031968796418e-05, "l2_lambda": 0.003894885972827624, "batch_size": 43}