{"sigma": 0.3469820258701192, "lr": 0.000848168427496771, "l2_lambda": 0.006907217759317862, "batch_size": 26}