{"sigma": 0.37373393676057187, "lr": 0.08185538781413962, "l2_lambda": 0.0038917510564578993, "batch_size": 16}