{"sigma": 0.15562023196447275, "lr": 0.08424662311712049, "l2_lambda": 0.0011961962586399693, "batch_size": 72}