{"sigma": 0.4937877213592314, "lr": 1.542629417830364e-05, "l2_lambda": 0.004633722109308194, "batch_size": 35}