{"sigma": 0.8330889974551285, "lr": 3.051610556964169e-05, "l2_lambda": 0.0046342688632429845, "batch_size": 49}