{"sigma": 0.9782065955826283, "lr": 4.8967162809358884e-05, "l2_lambda": 0.005445842598316385, "batch_size": 29}