{"sigma": 0.47415136243903533, "lr": 0.00532788781953499, "l2_lambda": 0.0018339250565502115, "batch_size": 18}