{"sigma": 0.09913327671934243, "lr": 1.079612187990515e-05, "l2_lambda": 0.009878398956559863, "batch_size": 29}