{"sigma": 0.2982236381049202, "lr": 8.828747519372437e-05, "l2_lambda": 0.0029095430648137716, "batch_size": 20}