{"sigma": 0.765217699708756, "lr": 0.00019101738670870703, "l2_lambda": 0.005486776334293947, "batch_size": 16}