{"sigma": 0.5935375921759223, "lr": 0.00017244898189390195, "l2_lambda": 0.005224326347256088, "batch_size": 17}