{"sigma": 0.9807580568369626, "lr": 0.004864190819832848, "l2_lambda": 0.0065519280887882045, "batch_size": 55}