{"sigma": 0.13949620861674517, "lr": 0.07311084277649654, "l2_lambda": 0.003910011637168153, "batch_size": 116}