{"sigma": 0.1738029525761505, "lr": 0.014352120403862405, "l2_lambda": 0.0026968403029253804, "batch_size": 43}