{"sigma": 0.7759708437821942, "lr": 4.1403131781223856e-05, "l2_lambda": 0.007240805004319945, "batch_size": 85}