{"sigma": 0.205103523146022, "lr": 0.0001274413432945984, "l2_lambda": 0.000908368428746758, "batch_size": 53}