{"sigma": 0.8115089580058611, "lr": 0.0002640588496713238, "l2_lambda": 0.00982497760769676, "batch_size": 65}