{"sigma": 0.3607704903319975, "lr": 0.00032475610168425525, "l2_lambda": 0.006976245359834132, "batch_size": 23}