{"sigma": 0.4606131107228546, "lr": 0.0029626760253783687, "l2_lambda": 0.00272957995330119, "batch_size": 55}