{"sigma": 0.8263607936009323, "lr": 1.011567772905858e-05, "l2_lambda": 0.00800161395983191, "batch_size": 28}