{"sigma": 0.853654856260996, "lr": 2.18303073354005e-05, "l2_lambda": 0.006069107164755236, "batch_size": 54}