{"sigma": 0.8308666241754895, "lr": 0.0022900935487287647, "l2_lambda": 0.004883384906808739, "batch_size": 16}