{"sigma": 0.11378481690199678, "lr": 0.0006719324365638927, "l2_lambda": 0.002418886199755238, "batch_size": 17}