{"sigma": 0.7894647312147226, "lr": 0.00024758035876592773, "l2_lambda": 0.008995201178248556, "batch_size": 89}