{"sigma": 0.041929194828403855, "lr": 8.179268120726107e-05, "l2_lambda": 0.0025432467665514624, "batch_size": 50}