{"sigma": 0.2102529026388098, "lr": 0.003298365529367321, "l2_lambda": 0.000733123093026728, "batch_size": 18}