{"sigma": 0.647157840306222, "lr": 0.000609484812504808, "l2_lambda": 0.001959159298637079, "batch_size": 30}