{"sigma": 0.43764399567054724, "lr": 0.019885484855256083, "l2_lambda": 0.008003319114638535, "batch_size": 18}