{"sigma": 0.2852673229243289, "lr": 0.01711014653500722, "l2_lambda": 0.0013058156846066469, "batch_size": 102}