{"sigma": 0.585759959807871, "lr": 3.803516737932743e-05, "l2_lambda": 1.3915950288832543e-05, "batch_size": 54}