{"sigma": 0.04198145549791993, "lr": 0.05651291664198909, "l2_lambda": 0.002982892019332681, "batch_size": 112}