{"sigma": 0.7602231559721132, "lr": 3.340005654447402e-05, "l2_lambda": 0.003485219064329976, "batch_size": 26}