{"sigma": 0.21363295223926146, "lr": 0.014490214958036044, "l2_lambda": 0.000823691548877846, "batch_size": 80}