{"sigma": 0.6134632094977371, "lr": 0.00013733612364676581, "l2_lambda": 0.0070292586144574815, "batch_size": 87}