{"sigma": 0.1436910053999211, "lr": 0.005213938127904619, "l2_lambda": 0.007044554480034441, "batch_size": 27}