{"sigma": 0.6043965811085562, "lr": 0.0002040947609959909, "l2_lambda": 0.006716867434184146, "batch_size": 40}