{"sigma": 0.8370052362850834, "lr": 0.004795443474628075, "l2_lambda": 0.008286837098957407, "batch_size": 22}