{"sigma": 0.985364600047057, "lr": 0.03747622515534819, "l2_lambda": 0.004713281358992378, "batch_size": 60}