{"sigma": 0.8052616592561506, "lr": 0.020577312893037155, "l2_lambda": 0.0053837537378331616, "batch_size": 76}