{"sigma": 0.04682610228667282, "lr": 0.0024414976768009616, "l2_lambda": 0.0005874868258480378, "batch_size": 90}