{"sigma": 0.3564517822722393, "lr": 3.724561004023577e-05, "l2_lambda": 0.00918238848439231, "batch_size": 78}