{"sigma": 0.29601639823142534, "lr": 0.0006127927381878171, "l2_lambda": 0.00486710864848405, "batch_size": 83}