{"sigma": 0.5038324853415513, "lr": 0.01362601681962574, "l2_lambda": 0.005980123796907022, "batch_size": 66}