{"sigma": 0.7941539891475325, "lr": 0.0064576029630416315, "l2_lambda": 0.004304446317186365, "batch_size": 86}