{"sigma": 0.9316806106448812, "lr": 3.5347555490426686e-05, "l2_lambda": 0.008815311554743433, "batch_size": 92}