{"sigma": 0.9032799824254067, "lr": 0.0010439741704441562, "l2_lambda": 0.006177674526011912, "batch_size": 24}