{"sigma": 0.129613729772952, "lr": 0.012605678063340113, "l2_lambda": 0.006668439300925994, "batch_size": 44}