{"sigma": 0.2765748659366514, "lr": 0.0008327447727025169, "l2_lambda": 0.007241093979553558, "batch_size": 55}