{"sigma": 0.3942045878849145, "lr": 0.000728619837453435, "l2_lambda": 0.008397323186250335, "batch_size": 26}