{"sigma": 0.38352973992576633, "lr": 0.029195805012166915, "l2_lambda": 0.005269840792722207, "batch_size": 86}