{"sigma": 0.04480432591365067, "lr": 6.856584998611906e-05, "l2_lambda": 0.0014940793190384334, "batch_size": 24}