{"sigma": 0.7653291541257344, "lr": 4.7134531988900685e-05, "l2_lambda": 0.002510649452399096, "batch_size": 101}