{"sigma": 0.44372397597556107, "lr": 0.0006930921406544432, "l2_lambda": 0.0008060037911408257, "batch_size": 34}