{"sigma": 0.3902232028226072, "lr": 3.1246620263913736e-05, "l2_lambda": 0.001944829904273755, "batch_size": 39}