{"sigma": 0.45262279842581205, "lr": 0.018808401741305752, "l2_lambda": 0.00525768979262688, "batch_size": 56}