{"sigma": 0.5043969551244621, "lr": 3.400762333143545e-05, "l2_lambda": 0.0002281772600873868, "batch_size": 63}