{"sigma": 0.48647738623229975, "lr": 0.002300716305984582, "l2_lambda": 0.006164909441371437, "batch_size": 116}