{"sigma": 0.3951307557034703, "lr": 0.048405048538743105, "l2_lambda": 0.008875478830556359, "batch_size": 68}