{"sigma": 0.11457875604220584, "lr": 0.0008975937490479751, "l2_lambda": 0.0054754367823502395, "batch_size": 101}