{"sigma": 0.4012704022486288, "lr": 0.031431349270724926, "l2_lambda": 0.0017256381355492342, "batch_size": 28}