{"sigma": 0.18356100426003288, "lr": 0.02404307194460055, "l2_lambda": 0.0036149101925480984, "batch_size": 53}