{"sigma": 0.2114852544441251, "lr": 0.004122634483610519, "l2_lambda": 0.004319846909178738, "batch_size": 37}