{"sigma": 0.4250800070756053, "lr": 0.03446328358276386, "l2_lambda": 0.004523924829029173, "batch_size": 128}