{"sigma": 0.5594978695795237, "lr": 0.0025171467333315917, "l2_lambda": 0.006341594788745323, "batch_size": 26}