{"sigma": 0.990825855416738, "lr": 0.020214586023427374, "l2_lambda": 0.006775169952926467, "batch_size": 38}