{"sigma": 0.13706209005941364, "lr": 0.0001102145341030411, "l2_lambda": 0.006052719603833057, "batch_size": 107}