{"sigma": 0.6618032820605542, "lr": 0.002894139836274171, "l2_lambda": 0.00931236511154625, "batch_size": 24}