{"sigma": 0.0959189841535241, "lr": 9.421850435552944e-05, "l2_lambda": 0.007607617515015414, "batch_size": 85}