{"sigma": 0.5607535671855164, "lr": 0.0002450918672345305, "l2_lambda": 0.009620414780038377, "batch_size": 17}