{"sigma": 0.5889721569432494, "lr": 3.149010361905922e-05, "l2_lambda": 0.005253334273528452, "batch_size": 37}