{"sigma": 0.7236338563097862, "lr": 0.03245822797612731, "l2_lambda": 0.00792415069374198, "batch_size": 98}