{"sigma": 0.45375130721139517, "lr": 0.08248506706006689, "l2_lambda": 0.006188373136736959, "batch_size": 57}