{"sigma": 0.8382329254624006, "lr": 0.004273291669146056, "l2_lambda": 0.0076878596765979235, "batch_size": 92}