{"sigma": 0.06128741829933426, "lr": 7.77276999691278e-05, "l2_lambda": 0.009088217881753, "batch_size": 33}