{"sigma": 0.11181074234594206, "lr": 0.027549840110435073, "l2_lambda": 0.0068456017415922344, "batch_size": 36}