{"sigma": 0.8043185353812237, "lr": 0.0007143314851219262, "l2_lambda": 0.00017294632594035215, "batch_size": 41}