{"sigma": 0.8209889193220289, "lr": 0.0017935413026372651, "l2_lambda": 0.0016585978531981282, "batch_size": 34}