{"sigma": 0.40597779327478456, "lr": 0.005490304332937985, "l2_lambda": 0.0062418716137209816, "batch_size": 39}