{"sigma": 0.6809458393228726, "lr": 1.310226179643191e-05, "l2_lambda": 0.007708653269954652, "batch_size": 53}