{"sigma": 0.48802074451432736, "lr": 0.06551709683515673, "l2_lambda": 0.003938586931374925, "batch_size": 36}