{"sigma": 0.3056820956206357, "lr": 0.0007202821046439393, "l2_lambda": 0.004315867258385399, "batch_size": 42}