{"sigma": 0.6687534658211762, "lr": 0.00010820029625100256, "l2_lambda": 0.002976581483747888, "batch_size": 16}