{"sigma": 0.5546774431593048, "lr": 0.0069625313534478735, "l2_lambda": 0.006285732582999287, "batch_size": 64}