{"sigma": 0.5217810961169334, "lr": 0.00017065153670680044, "l2_lambda": 0.0027517407134206797, "batch_size": 24}