{"sigma": 0.4654019963995546, "lr": 4.9869500817627386e-05, "l2_lambda": 0.005898275596609754, "batch_size": 51}