{"sigma": 0.4834435007075041, "lr": 8.728415326728797e-05, "l2_lambda": 0.007235070523325185, "batch_size": 19}