{"sigma": 0.023347113514687528, "lr": 1.4092511500120385e-05, "l2_lambda": 0.0029610329110493533, "batch_size": 25}