{"sigma": 0.5102065948692183, "lr": 0.00010491520718485196, "l2_lambda": 0.00885641811352301, "batch_size": 17}