{"sigma": 0.4585427771477688, "lr": 5.5358434869225605e-05, "l2_lambda": 0.004388961933462543, "batch_size": 24}