{"sigma": 0.6808369006416752, "lr": 0.0725917708285596, "l2_lambda": 0.004551467883997668, "batch_size": 51}