{"sigma": 0.17321240920396386, "lr": 0.0028164018185243725, "l2_lambda": 0.0037303095129854877, "batch_size": 23}