{"sigma": 0.08225285160436761, "lr": 0.005358008491378959, "l2_lambda": 0.005497676742758897, "batch_size": 73}