{"sigma": 0.126629847006203, "lr": 0.02070478475251228, "l2_lambda": 0.009795761865107168, "batch_size": 31}