{"sigma": 0.6625432171288469, "lr": 0.0010918064151288543, "l2_lambda": 5.084520853870891e-05, "batch_size": 24}