{"sigma": 0.22678231481898417, "lr": 0.00013473954023468472, "l2_lambda": 0.0071456012041244505, "batch_size": 53}