{"sigma": 0.693632321370628, "lr": 0.00022803630951988255, "l2_lambda": 0.00853741632440936, "batch_size": 107}