{"sigma": 0.4854040338072125, "lr": 0.014786674214437669, "l2_lambda": 0.003882228172747933, "batch_size": 22}