{"sigma": 0.1953241026374616, "lr": 0.00010081848922355686, "l2_lambda": 0.009117951550079044, "batch_size": 84}