{"sigma": 0.29023391252122765, "lr": 0.004771783237523958, "l2_lambda": 0.004360282652427927, "batch_size": 81}