{"sigma": 0.3000351567353103, "lr": 7.032788958571728e-05, "l2_lambda": 0.0067716189412656645, "batch_size": 119}