{"sigma": 0.8344783800208837, "lr": 0.0009258596572469626, "l2_lambda": 0.0031533482774744165, "batch_size": 29}