{"sigma": 0.6773032032675731, "lr": 0.0003648312315549355, "l2_lambda": 0.009463200411007592, "batch_size": 81}