{"sigma": 0.3200866640538016, "lr": 0.0015355279567139848, "l2_lambda": 0.001479125000854387, "batch_size": 57}