{"sigma": 0.4161094191179779, "lr": 0.015061203458619618, "l2_lambda": 0.00675676968812227, "batch_size": 128}