{"sigma": 0.8117541269369161, "lr": 0.00014658249938138813, "l2_lambda": 0.0035431903533584786, "batch_size": 97}