{"sigma": 0.025182222760323565, "lr": 8.707792394295247e-05, "l2_lambda": 0.0025690685433044248, "batch_size": 25}