{"sigma": 0.41887354807045796, "lr": 0.004187926650907781, "l2_lambda": 0.0033506770780778556, "batch_size": 120}