{"sigma": 0.4594192584069199, "lr": 3.585142018604104e-05, "l2_lambda": 0.009964618834206514, "batch_size": 51}