{"sigma": 0.8810673147283875, "lr": 0.0001930866857366819, "l2_lambda": 0.00840648693526289, "batch_size": 27}