{"sigma": 0.12095263733372613, "lr": 0.0032229041264977333, "l2_lambda": 0.0032301099496139674, "batch_size": 27}