{"sigma": 0.09720631013666924, "lr": 0.0014265760930795917, "l2_lambda": 0.008319251526399911, "batch_size": 56}