{"sigma": 0.7585347848453428, "lr": 0.002093549626985204, "l2_lambda": 0.004943160965329988, "batch_size": 20}