{"sigma": 0.08541678857620072, "lr": 2.229610418179235e-05, "l2_lambda": 0.0003202992416979321, "batch_size": 89}