{"sigma": 0.9496336719393063, "lr": 7.150329926743891e-05, "l2_lambda": 0.00040596070023860047, "batch_size": 36}