{"sigma": 0.16268811806408573, "lr": 0.00045720509442323705, "l2_lambda": 0.009925793717250147, "batch_size": 35}