{"sigma": 0.5237291814527808, "lr": 2.4324301530676678e-05, "l2_lambda": 0.0029210084923475435, "batch_size": 26}