{"sigma": 0.6831791930124113, "lr": 3.320081905921761e-05, "l2_lambda": 0.005601678513956661, "batch_size": 65}