{"sigma": 0.8587543400184376, "lr": 0.0004974962233371602, "l2_lambda": 0.004637429253804242, "batch_size": 17}