{"sigma": 0.18393327616857147, "lr": 0.020970040242742457, "l2_lambda": 0.00655410030677214, "batch_size": 29}