{"sigma": 0.5582145305015545, "lr": 8.575864699972803e-05, "l2_lambda": 0.0007900278458511058, "batch_size": 53}