{"sigma": 0.417667205445075, "lr": 2.0018384859378338e-05, "l2_lambda": 0.006919594199267105, "batch_size": 33}