{"sigma": 0.14753357267290737, "lr": 0.00022143213943714085, "l2_lambda": 0.0047333426436598275, "batch_size": 50}