{"sigma": 0.12233438022854598, "lr": 0.000364949533565452, "l2_lambda": 0.0012215168830155701, "batch_size": 46}