{"sigma": 0.6057500129127873, "lr": 0.028212285184227363, "l2_lambda": 0.005150234448467861, "batch_size": 75}