{"sigma": 0.710761481730023, "lr": 0.0004943360909849358, "l2_lambda": 0.008122308124942279, "batch_size": 25}