{"sigma": 0.4692667405336211, "lr": 0.008935983371925534, "l2_lambda": 0.00190926465584725, "batch_size": 20}