{"sigma": 0.6886917697544405, "lr": 6.823731147405886e-05, "l2_lambda": 0.00985051138230201, "batch_size": 119}