{"sigma": 0.7160240532913926, "lr": 0.009865245122319583, "l2_lambda": 0.0011185048283934036, "batch_size": 103}