{"sigma": 0.6911077589983874, "lr": 0.00015599643809664204, "l2_lambda": 0.005477739424676734, "batch_size": 43}