{"sigma": 0.221777163598842, "lr": 0.0011099045138433321, "l2_lambda": 0.006192731352687115, "batch_size": 51}