{"sigma": 0.5283486520622441, "lr": 0.005974855614360882, "l2_lambda": 0.00018886736486810167, "batch_size": 40}