{"sigma": 0.3366780205457893, "lr": 0.0005102599605159332, "l2_lambda": 0.005429009111960284, "batch_size": 20}