{"sigma": 0.6432116817593663, "lr": 0.08109663097819884, "l2_lambda": 0.0019951438112482045, "batch_size": 18}