{"sigma": 0.16928724318306165, "lr": 0.01316564462618363, "l2_lambda": 0.006261685647160622, "batch_size": 40}