{"sigma": 0.3386865965368058, "lr": 0.011923229081197887, "l2_lambda": 0.004889139513244328, "batch_size": 17}