{"sigma": 0.08611933223339442, "lr": 0.02461919543761698, "l2_lambda": 0.008304762452159782, "batch_size": 27}