{"sigma": 0.9743469529165852, "lr": 0.0007761850555396189, "l2_lambda": 0.006415290514919293, "batch_size": 57}