{"sigma": 0.061090627115515224, "lr": 9.575773146358497e-05, "l2_lambda": 0.002120360266963277, "batch_size": 17}