{"sigma": 0.6651531683684236, "lr": 0.00010230655264571155, "l2_lambda": 0.006535135813869882, "batch_size": 121}