{"sigma": 0.747204255007041, "lr": 0.0029435369929435933, "l2_lambda": 0.007109976662379703, "batch_size": 18}