{"sigma": 0.4797649947689084, "lr": 0.0001075066932485829, "l2_lambda": 0.005159300210483963, "batch_size": 39}