{"sigma": 0.6018514233298371, "lr": 0.0034116018636269284, "l2_lambda": 0.0017923204723849738, "batch_size": 90}