{"sigma": 0.6901819276369009, "lr": 0.0020411955534781552, "l2_lambda": 0.0032359021300332434, "batch_size": 44}