{"sigma": 0.3609293209042892, "lr": 1.0611508941326005e-05, "l2_lambda": 0.007034148917192518, "batch_size": 110}