{"sigma": 0.45352283597664844, "lr": 0.00016165797905415188, "l2_lambda": 0.009887010459121794, "batch_size": 105}