{"sigma": 0.8723462753466732, "lr": 3.625817056178518e-05, "l2_lambda": 0.0022405133830971464, "batch_size": 114}