{"sigma": 0.33286808285213604, "lr": 1.8556157528181874e-05, "l2_lambda": 0.009592733779510436, "batch_size": 34}