{"sigma": 0.8108119098711002, "lr": 0.02443530138648877, "l2_lambda": 0.00848951831406974, "batch_size": 24}