{"sigma": 0.6647278903477335, "lr": 6.65686390100949e-05, "l2_lambda": 0.00590460908005147, "batch_size": 107}