{"sigma": 0.8168339223479654, "lr": 0.005004555719250961, "l2_lambda": 0.0009136778917945304, "batch_size": 51}