{"sigma": 0.9799186960329854, "lr": 2.2344670723934206e-05, "l2_lambda": 0.0031715989573618533, "batch_size": 93}