{"sigma": 0.3446397812486273, "lr": 7.918009842296566e-05, "l2_lambda": 0.005010218549338114, "batch_size": 16}