{"sigma": 0.6442402424754433, "lr": 0.04757329319575929, "l2_lambda": 0.006681903048829821, "batch_size": 127}