{"sigma": 0.6650454805107753, "lr": 0.0015403244767055097, "l2_lambda": 0.0026313050563950336, "batch_size": 31}