{"sigma": 0.04373197180621552, "lr": 0.02860225504003159, "l2_lambda": 0.005244400089810268, "batch_size": 57}