{"sigma": 0.6231694921640004, "lr": 7.549443702917193e-05, "l2_lambda": 0.008796725703798322, "batch_size": 24}