{"sigma": 0.9703299522946092, "lr": 0.0006051483382480883, "l2_lambda": 0.008932304454639895, "batch_size": 44}