{"sigma": 0.16773827512080985, "lr": 0.00020707090988638898, "l2_lambda": 0.0023501306582219745, "batch_size": 28}