{"sigma": 0.8588249560876595, "lr": 0.019700177040666053, "l2_lambda": 0.0020557076616191505, "batch_size": 20}