{"sigma": 0.3808333775814171, "lr": 0.036214840408789674, "l2_lambda": 0.0001368833668836701, "batch_size": 81}