{"sigma": 0.5383313384874698, "lr": 0.055853643350620215, "l2_lambda": 0.004365284250990272, "batch_size": 57}