{"sigma": 0.7886057298324693, "lr": 0.002008843839844961, "l2_lambda": 0.005705337228187009, "batch_size": 124}