{"sigma": 0.751486321816062, "lr": 0.08292138165588836, "l2_lambda": 0.006507492972212079, "batch_size": 100}