{"sigma": 0.44850037318923625, "lr": 0.004189483051189201, "l2_lambda": 0.007460441675347031, "batch_size": 32}