{"sigma": 0.9659688876466265, "lr": 0.030367573831233684, "l2_lambda": 0.009050684407952947, "batch_size": 30}