{"sigma": 0.6766984955772644, "lr": 0.009938045044595176, "l2_lambda": 0.0005982025379894875, "batch_size": 67}