{"sigma": 0.8641480894060926, "lr": 4.624733639203481e-05, "l2_lambda": 0.0011552110445455523, "batch_size": 124}