{"sigma": 0.7514315509400659, "lr": 0.020756258581741727, "l2_lambda": 0.00679728429412476, "batch_size": 45}