{"sigma": 0.5603714904068826, "lr": 0.04502441212442348, "l2_lambda": 0.0004444082702064575, "batch_size": 71}