{"sigma": 0.8480794273221501, "lr": 0.0003550301391720816, "l2_lambda": 0.006947755790749864, "batch_size": 29}