{"sigma": 0.29317669825187526, "lr": 1.3357510050633383e-05, "l2_lambda": 0.005527753995511711, "batch_size": 49}