{"sigma": 0.2611345202905196, "lr": 0.01786938991574235, "l2_lambda": 0.0035354200923952157, "batch_size": 30}