{"sigma": 0.7056465325187149, "lr": 0.00014151319965366135, "l2_lambda": 0.008816779484595723, "batch_size": 30}