{"sigma": 0.7677645033949609, "lr": 1.9397971088381265e-05, "l2_lambda": 0.003845285380077345, "batch_size": 84}