{"sigma": 0.4310047411862221, "lr": 0.0013900726768064674, "l2_lambda": 0.006930090613999137, "batch_size": 89}