{"sigma": 0.7677662396620587, "lr": 0.0030307563618888755, "l2_lambda": 0.006948366807681734, "batch_size": 68}