{"sigma": 0.15452623879178654, "lr": 0.006187149365903307, "l2_lambda": 0.0038256746496028804, "batch_size": 35}