{"sigma": 0.9257515897519948, "lr": 8.91222519944905e-05, "l2_lambda": 0.000495823425613744, "batch_size": 114}