{"sigma": 0.7740271092457067, "lr": 0.007286849456512909, "l2_lambda": 0.009178915758601837, "batch_size": 32}