{"sigma": 0.11062860757384944, "lr": 9.63281021787124e-05, "l2_lambda": 0.00439679099595678, "batch_size": 20}