{"sigma": 0.8630679837812393, "lr": 0.015484281537195924, "l2_lambda": 0.001446901520355252, "batch_size": 18}