{"sigma": 0.734569827577107, "lr": 0.00025853766646255196, "l2_lambda": 0.008676741028435074, "batch_size": 34}