{"sigma": 0.7242077484745405, "lr": 0.0020156069695942713, "l2_lambda": 0.004774612009735133, "batch_size": 32}