{"sigma": 0.256054039890678, "lr": 0.0023610590732192414, "l2_lambda": 0.004788730365930484, "batch_size": 26}