{"sigma": 0.5688113628709169, "lr": 4.1900440693547764e-05, "l2_lambda": 0.005623645618283456, "batch_size": 28}