{"sigma": 0.08807092110600005, "lr": 0.04810781079479556, "l2_lambda": 0.008286443277057501, "batch_size": 21}