{"sigma": 0.2917531096656306, "lr": 0.0017539761872504861, "l2_lambda": 0.006142955998436943, "batch_size": 67}