{"sigma": 0.711244302054503, "lr": 2.003131607019498e-05, "l2_lambda": 0.00015341235937617082, "batch_size": 31}