{"sigma": 0.9713048314055414, "lr": 0.000541998878256018, "l2_lambda": 0.008127436842548902, "batch_size": 51}