{"sigma": 0.6976273298143322, "lr": 0.00905844608834315, "l2_lambda": 0.007983456251728693, "batch_size": 21}