{"sigma": 0.4632616713824862, "lr": 0.01080157522385477, "l2_lambda": 0.009142689168623536, "batch_size": 19}