{"sigma": 0.7073264003140595, "lr": 0.01656014136055483, "l2_lambda": 0.00941253713594588, "batch_size": 33}