{"sigma": 0.17316415902340715, "lr": 0.04664439820117203, "l2_lambda": 0.00462678388671473, "batch_size": 27}