{"sigma": 0.2404091617959252, "lr": 0.00080535682307674, "l2_lambda": 0.0016340127672058956, "batch_size": 19}