{"sigma": 0.03973996619102309, "lr": 0.06962190276064212, "l2_lambda": 0.0021222615439379874, "batch_size": 64}