{"sigma": 0.12137299382833101, "lr": 0.040848285661530266, "l2_lambda": 0.0028258943203057552, "batch_size": 30}