{"sigma": 0.7058971840509475, "lr": 0.00024050806278833964, "l2_lambda": 0.004843156118793554, "batch_size": 31}