{"sigma": 0.6529233355322525, "lr": 6.225618902451399e-05, "l2_lambda": 0.0034713262461091294, "batch_size": 22}