{"sigma": 0.4781895757103319, "lr": 0.00024362557030058602, "l2_lambda": 0.001903695552559252, "batch_size": 27}