{"sigma": 0.24072794488411361, "lr": 0.00032679174864750407, "l2_lambda": 0.008565704635832663, "batch_size": 23}