{"sigma": 0.6063642431016649, "lr": 0.0010098174326762998, "l2_lambda": 0.000626146322734117, "batch_size": 71}