{"sigma": 0.05695051936760167, "lr": 0.00618906579268107, "l2_lambda": 0.0026266470661559876, "batch_size": 76}