{"sigma": 0.025124442845843906, "lr": 0.00012499559710069214, "l2_lambda": 0.007858423695131723, "batch_size": 80}