{"sigma": 0.36335689913995417, "lr": 0.04488745966280921, "l2_lambda": 0.0037095136040086346, "batch_size": 78}