{"sigma": 0.8039858262471871, "lr": 5.152208126329885e-05, "l2_lambda": 0.0012520843382959833, "batch_size": 111}