{"sigma": 0.5299608671455845, "lr": 0.0002539314291490145, "l2_lambda": 5.540935883706198e-05, "batch_size": 32}