{"sigma": 0.6421664667907422, "lr": 0.0006919053618156247, "l2_lambda": 0.0015871691365268645, "batch_size": 36}