{"sigma": 0.0590794972193022, "lr": 0.006366320360228877, "l2_lambda": 0.005332625008800991, "batch_size": 18}