{"sigma": 0.10429123618844262, "lr": 2.9582220764035395e-05, "l2_lambda": 0.002334488641883146, "batch_size": 91}