{"sigma": 0.5755026424192597, "lr": 0.05708326789539011, "l2_lambda": 0.006648914084378313, "batch_size": 117}