{"sigma": 0.9751832155541396, "lr": 9.180072019165434e-05, "l2_lambda": 0.004777427039119424, "batch_size": 72}