{"sigma": 0.5013723941225977, "lr": 0.040649983477452904, "l2_lambda": 0.00034383619509083485, "batch_size": 28}