{"sigma": 0.8598569107584703, "lr": 0.0018468161699389078, "l2_lambda": 0.007942119147443865, "batch_size": 49}