{"sigma": 0.24101706533363004, "lr": 0.009168695206811676, "l2_lambda": 0.001613255512716734, "batch_size": 22}