{"sigma": 0.20234281561640727, "lr": 0.00015151009237965248, "l2_lambda": 0.00800043383629668, "batch_size": 26}