{"sigma": 0.43902931703839, "lr": 0.009750213031720013, "l2_lambda": 0.005728761726074934, "batch_size": 48}