{"sigma": 0.5402842788781781, "lr": 0.0003583537999671563, "l2_lambda": 0.009531586218562127, "batch_size": 38}