{"sigma": 0.46569700417706467, "lr": 0.04572908272759477, "l2_lambda": 0.00034916875510680056, "batch_size": 125}