{"sigma": 0.07480979288770913, "lr": 0.0019653190888572775, "l2_lambda": 0.0004039586975869128, "batch_size": 32}