{"sigma": 0.4745977116690718, "lr": 0.006517018008725584, "l2_lambda": 0.006869485140504084, "batch_size": 100}