{"sigma": 0.1321358381005911, "lr": 0.010139246253728466, "l2_lambda": 0.007806175360726185, "batch_size": 57}