{"sigma": 0.8135179214064464, "lr": 1.0227894208223754e-05, "l2_lambda": 0.0071864452639357436, "batch_size": 31}