{"sigma": 0.45238335626873233, "lr": 0.011220534415294858, "l2_lambda": 0.006165836305111886, "batch_size": 64}