{"sigma": 0.8810370145824421, "lr": 5.0053480260435204e-05, "l2_lambda": 0.008114832289243963, "batch_size": 35}