{"sigma": 0.7091371708001372, "lr": 0.025010061498401584, "l2_lambda": 0.00419279106699195, "batch_size": 122}