{"sigma": 0.29988315278286476, "lr": 0.0005431637158060182, "l2_lambda": 0.0004542897738373044, "batch_size": 28}