{"sigma": 0.3484966221764085, "lr": 0.007197510104748517, "l2_lambda": 0.006697300644873422, "batch_size": 22}