{"sigma": 0.855787287979723, "lr": 6.704853420501734e-05, "l2_lambda": 0.009460492807728045, "batch_size": 124}