{"sigma": 0.08700356928855989, "lr": 0.025775099788162663, "l2_lambda": 0.0009954556377727206, "batch_size": 94}