{"sigma": 0.9406688987260375, "lr": 0.04797776287257149, "l2_lambda": 0.0047529680716962225, "batch_size": 42}