{"sigma": 0.0436263624102985, "lr": 0.0004244118859241893, "l2_lambda": 0.004115098353923023, "batch_size": 102}