{"sigma": 0.153190026532361, "lr": 1.1368322509836576e-05, "l2_lambda": 0.0030995865424322078, "batch_size": 41}