{"sigma": 0.6257221152182352, "lr": 0.002427418819928768, "l2_lambda": 0.0063220287930828845, "batch_size": 33}