{"sigma": 0.22976414226133848, "lr": 0.0021842328568639118, "l2_lambda": 0.0037333455926256594, "batch_size": 21}