{"sigma": 0.2240522340543627, "lr": 0.005282240060404045, "l2_lambda": 0.0021313515582825344, "batch_size": 57}