{"sigma": 0.39866423571882753, "lr": 3.4861455455637916e-05, "l2_lambda": 0.007461657160603179, "batch_size": 71}