{"sigma": 0.9262747657345245, "lr": 4.402359671578043e-05, "l2_lambda": 0.009289741597418228, "batch_size": 83}