{"sigma": 0.33537658039497076, "lr": 0.00038474418213419245, "l2_lambda": 0.005336724756923594, "batch_size": 24}