{"sigma": 0.7551098972766258, "lr": 0.028024382180249812, "l2_lambda": 0.00914749587759613, "batch_size": 101}