{"sigma": 0.08602966483319441, "lr": 2.8970710229746236e-05, "l2_lambda": 0.004811581480859311, "batch_size": 31}