{"sigma": 0.8364736533051976, "lr": 4.175666108141526e-05, "l2_lambda": 0.005304393626843172, "batch_size": 24}