{"sigma": 0.8517481465287795, "lr": 0.018411271336706055, "l2_lambda": 0.006275236761273425, "batch_size": 17}