{"sigma": 0.9123621866049492, "lr": 1.0690474566391476e-05, "l2_lambda": 0.0023175354240243633, "batch_size": 36}