{"sigma": 0.01150400936483209, "lr": 3.0238777827346478e-05, "l2_lambda": 0.0076213622026713, "batch_size": 95}