{"sigma": 0.0816314124445804, "lr": 0.0001065777844992978, "l2_lambda": 0.005310440123880275, "batch_size": 42}