{"sigma": 0.8283385133509107, "lr": 0.019104792344948978, "l2_lambda": 0.00682796871930401, "batch_size": 59}