{"sigma": 0.9925156161729126, "lr": 0.027359861850738527, "l2_lambda": 0.0053720670127119195, "batch_size": 40}