{"sigma": 0.23377212281245902, "lr": 0.00020260216470942554, "l2_lambda": 0.004190214054339608, "batch_size": 120}