{"sigma": 0.4248825924029342, "lr": 0.00036640260094213453, "l2_lambda": 0.0054991883676749845, "batch_size": 23}