{"sigma": 0.5805461655409307, "lr": 0.0004639225589626208, "l2_lambda": 0.009035543657831973, "batch_size": 27}