{"sigma": 0.6822046493815047, "lr": 0.00122916142569405, "l2_lambda": 0.0014320174435368974, "batch_size": 38}