{"sigma": 0.5937011054857081, "lr": 0.004185654002223936, "l2_lambda": 0.005000467317996532, "batch_size": 50}