{"sigma": 0.5325436462051567, "lr": 4.240017777677848e-05, "l2_lambda": 0.0047060447122302135, "batch_size": 20}