{"sigma": 0.5988660852798604, "lr": 4.608263941904249e-05, "l2_lambda": 0.0009226158189175866, "batch_size": 103}