{"sigma": 0.10330786231733274, "lr": 0.018540245462615453, "l2_lambda": 0.0017801114002224613, "batch_size": 67}