{"sigma": 0.7493585994742287, "lr": 0.0036983755795636565, "l2_lambda": 0.0016462907672092847, "batch_size": 16}