{"sigma": 0.3341209392277746, "lr": 0.0006330395865553281, "l2_lambda": 0.004288902925320521, "batch_size": 20}