{"sigma": 0.17962313161990637, "lr": 0.00027234829080034805, "l2_lambda": 0.008406700029821024, "batch_size": 36}