{"sigma": 0.5558333417006074, "lr": 0.0002804425308212874, "l2_lambda": 0.0034135807110648093, "batch_size": 23}