{"sigma": 0.19625452405346072, "lr": 0.00041741676037190784, "l2_lambda": 0.001049818723370138, "batch_size": 23}