{"sigma": 0.8908445712124184, "lr": 0.06210476190434087, "l2_lambda": 0.0017746753578107052, "batch_size": 84}