{"sigma": 0.3342446428117221, "lr": 2.6002963102767187e-05, "l2_lambda": 0.004019893006039693, "batch_size": 42}