{"sigma": 0.11521917419272185, "lr": 0.0003426572229696708, "l2_lambda": 0.008753017798715396, "batch_size": 48}