{"sigma": 0.5907919319930435, "lr": 8.517370751489738e-05, "l2_lambda": 0.008794431336422548, "batch_size": 45}