{"sigma": 0.040342332532706804, "lr": 0.0009631751216217157, "l2_lambda": 0.0007819624293887821, "batch_size": 28}