{"sigma": 0.33585976390269273, "lr": 0.0021202726237979403, "l2_lambda": 0.004214071099947185, "batch_size": 67}