{"sigma": 0.8637168009857653, "lr": 0.0006481780383676479, "l2_lambda": 0.006906419402589049, "batch_size": 60}