{"sigma": 0.9851320228584288, "lr": 0.008898200819050822, "l2_lambda": 0.008350766797232248, "batch_size": 61}