{"sigma": 0.9031339122750629, "lr": 0.061086572989512276, "l2_lambda": 0.006949035934944527, "batch_size": 55}