{"sigma": 0.37671290308989097, "lr": 0.02843793381774752, "l2_lambda": 0.005655027371299282, "batch_size": 29}