{"sigma": 0.4408671015185051, "lr": 1.6525220834851567e-05, "l2_lambda": 0.007691748878178473, "batch_size": 45}