{"sigma": 0.10553905411516434, "lr": 1.3708678639595081e-05, "l2_lambda": 0.008908053612115635, "batch_size": 45}