{"sigma": 0.753185991728887, "lr": 0.003673641620180615, "l2_lambda": 0.006265036323255707, "batch_size": 122}