{"sigma": 0.39146285027300604, "lr": 0.0416488479526437, "l2_lambda": 0.00305720215568049, "batch_size": 107}