{"sigma": 0.6146743356889453, "lr": 9.94825107799385e-05, "l2_lambda": 0.008408047905533457, "batch_size": 25}