{"sigma": 0.2923424491496277, "lr": 0.0077527777254571715, "l2_lambda": 0.0007098185616687382, "batch_size": 67}