{"sigma": 0.1249809454274341, "lr": 0.05376880062024345, "l2_lambda": 0.0030830808076157644, "batch_size": 40}