{"sigma": 0.47676789245089596, "lr": 7.171579827408727e-05, "l2_lambda": 0.001368644354862513, "batch_size": 36}