{"sigma": 0.4251828625919715, "lr": 0.002102444267653564, "l2_lambda": 0.00944300732444676, "batch_size": 38}