{"sigma": 0.9660045428011373, "lr": 0.0869033346547117, "l2_lambda": 0.007124088693030293, "batch_size": 74}