{"sigma": 0.9895601697230826, "lr": 0.002410714565118783, "l2_lambda": 0.006308611721251237, "batch_size": 26}