{"sigma": 0.09894879008982081, "lr": 0.02774226210179031, "l2_lambda": 0.0056013048307146625, "batch_size": 24}