{"sigma": 0.14991205897884008, "lr": 0.019266798141965507, "l2_lambda": 0.004485136405074668, "batch_size": 25}