{"sigma": 0.08097839917263766, "lr": 2.0641280027510946e-05, "l2_lambda": 0.008066533818285307, "batch_size": 96}