{"sigma": 0.48806265668940635, "lr": 0.0012546570410319345, "l2_lambda": 0.0049258856661468795, "batch_size": 90}