{"sigma": 0.09522484377525434, "lr": 0.0012818016264677743, "l2_lambda": 0.008969167733475303, "batch_size": 82}