{"sigma": 0.9929222651991705, "lr": 0.0026247418980311463, "l2_lambda": 0.0019667154502429783, "batch_size": 39}