{"sequence_length": 19, "hidden_size": 62, "num_layers": 2, "num_blocks": 1, "dropout_rate": 0.3512464754079514, "lr": 0.09253237760624981, "batch_size": 93, "l2_lambda": 0.0055257203319097736}