{"sequence_length": 2, "hidden_size": 16, "num_layers": 3, "num_blocks": 2, "dropout_rate": 0.37276805396285173, "lr": 0.028892281030039296, "batch_size": 216, "l2_lambda": 0.007872045317999444}