{"sequence_length": 21, "hidden_size": 65, "num_layers": 3, "num_blocks": 2, "dropout_rate": 0.2594083953100812, "lr": 0.05607236768742759, "batch_size": 105, "l2_lambda": 0.00773253364680317}