{"sequence_length": 13, "hidden_size": 105, "num_layers": 2, "num_blocks": 2, "dropout_rate": 0.35302837590134994, "lr": 0.023899557549224387, "batch_size": 106, "l2_lambda": 0.0030251410637092586}