{"sequence_length": 9, "hidden_size": 42, "num_layers": 1, "num_blocks": 1, "dropout_rate": 0.29714455702381515, "lr": 0.04914354372411496, "batch_size": 30, "l2_lambda": 0.0012666372131865848}