{"sequence_length": 26, "hidden_size": 55, "num_layers": 1, "num_blocks": 1, "dropout_rate": 0.43453546207669624, "lr": 0.026110490212766242, "batch_size": 220, "l2_lambda": 0.004949766595203074}