{"sequence_length": 25, "hidden_size": 109, "num_layers": 1, "num_blocks": 2, "dropout_rate": 0.31858968176919006, "lr": 0.007329175744960692, "batch_size": 33, "l2_lambda": 0.0074026148752681644}