{"sequence_length": 22, "hidden_size": 17, "num_layers": 2, "num_blocks": 1, "dropout_rate": 0.3406026815555203, "lr": 0.02811730120684347, "batch_size": 209, "l2_lambda": 0.00644848345799588}