{"sequence_length": 30, "hidden_size": 47, "num_layers": 1, "num_blocks": 3, "dropout_rate": 0.41169288541204996, "lr": 0.04948438134410465, "batch_size": 248, "l2_lambda": 0.003186909580941612}