{"sequence_length": 12, "hidden_size": 112, "num_layers": 2, "num_blocks": 2, "dropout_rate": 0.22175422732348116, "lr": 0.06160022481213786, "batch_size": 84, "l2_lambda": 0.0021572760245236675}