{"sequence_length": 3, "hidden_size": 96, "num_layers": 2, "num_blocks": 3, "dropout_rate": 0.25145406930385406, "lr": 0.06297699020812503, "batch_size": 52, "l2_lambda": 0.001811519736342007}