{"sequence_length": 24, "hidden_size": 71, "num_layers": 3, "num_blocks": 1, "dropout_rate": 0.4286973007858824, "lr": 0.010895681825644196, "batch_size": 221, "l2_lambda": 0.0074684270148435445}