{"sequence_length": 13, "hidden_size": 91, "num_layers": 2, "num_blocks": 2, "dropout_rate": 0.33656667029671083, "lr": 0.03313004764654797, "batch_size": 90, "l2_lambda": 0.0015026067623568537}