{"sequence_length": 11, "hidden_size": 87, "num_layers": 2, "num_blocks": 2, "dropout_rate": 0.3922029763002757, "lr": 0.013312466148212156, "batch_size": 73, "l2_lambda": 0.006892641805509983}