{"sequence_length": 9, "hidden_size": 102, "num_layers": 2, "num_blocks": 1, "dropout_rate": 0.4817901480022775, "lr": 0.06148591854717513, "batch_size": 162, "l2_lambda": 0.005229089921750288}