{"sequence_length": 17, "hidden_size": 120, "num_layers": 2, "num_blocks": 1, "dropout_rate": 0.4215182725830927, "lr": 0.055993187823561004, "batch_size": 102, "l2_lambda": 0.009303564646279136}