{"sequence_length": 29, "hidden_size": 86, "num_layers": 2, "num_blocks": 2, "dropout_rate": 0.1353186089168399, "lr": 0.06499647457700321, "batch_size": 220, "l2_lambda": 0.0068367978116525415}