{"sequence_length": 26, "hidden_size": 36, "num_layers": 3, "num_blocks": 2, "dropout_rate": 0.18858730367413026, "lr": 0.04940902133591271, "batch_size": 109, "l2_lambda": 0.0011724426515843116}