{"sequence_length": 8, "hidden_size": 48, "num_layers": 3, "num_blocks": 1, "dropout_rate": 0.28645770698126444, "lr": 0.01582305112840791, "batch_size": 232, "l2_lambda": 0.004810054345047557}