{"sequence_length": 13, "hidden_size": 69, "num_layers": 2, "num_blocks": 3, "dropout_rate": 0.47696851702646403, "lr": 0.004580775011719585, "batch_size": 155, "l2_lambda": 0.004331891694221435}