{"sequence_length": 30, "hidden_size": 51, "num_layers": 3, "num_blocks": 1, "dropout_rate": 0.18685036431268173, "lr": 0.08531470282493184, "batch_size": 158, "l2_lambda": 0.008002821790561842}