{"sequence_length": 5, "hidden_size": 42, "num_layers": 2, "num_blocks": 2, "dropout_rate": 0.40033643682227427, "lr": 0.015875681886364873, "batch_size": 83, "l2_lambda": 0.004668418674912586}