{"sequence_length": 24, "hidden_size": 103, "num_layers": 2, "num_blocks": 2, "dropout_rate": 0.3377474994407735, "lr": 0.04734320574201351, "batch_size": 173, "l2_lambda": 0.0027423744561847862}