{"sequence_length": 4, "hidden_size": 81, "num_layers": 2, "num_blocks": 1, "dropout_rate": 0.16179314715504406, "lr": 0.056009141750682306, "batch_size": 203, "l2_lambda": 0.004989659660334611}