{"sequence_length": 15, "hidden_size": 73, "num_layers": 3, "num_blocks": 1, "dropout_rate": 0.442315133286566, "lr": 0.09202169769906318, "batch_size": 173, "l2_lambda": 0.004710435622100757}