{"sequence_length": 26, "hidden_size": 94, "num_layers": 3, "num_blocks": 3, "dropout_rate": 0.32989191001574614, "lr": 0.05405127073518289, "batch_size": 83, "l2_lambda": 0.003103527822351212}