{"sequence_length": 11, "hidden_size": 96, "num_layers": 3, "num_blocks": 1, "dropout_rate": 0.39546956653551557, "lr": 0.07177523212044454, "batch_size": 60, "l2_lambda": 0.00600369744906336}