{"sequence_length": 25, "hidden_size": 120, "num_layers": 3, "num_blocks": 3, "dropout_rate": 0.4588370310515507, "lr": 0.07035585868176945, "batch_size": 231, "l2_lambda": 0.004174925769273844}