{"sequence_length": 29, "hidden_size": 110, "num_layers": 1, "num_blocks": 3, "dropout_rate": 0.4940552896925148, "lr": 0.013423317806112016, "batch_size": 197, "l2_lambda": 0.006316050017206335}