{"sequence_length": 30, "hidden_size": 73, "num_layers": 1, "num_blocks": 1, "dropout_rate": 0.2391842734758395, "lr": 0.09994105599856894, "batch_size": 115, "l2_lambda": 0.0003660414241346235}