{"sequence_length": 19, "hidden_size": 53, "num_layers": 1, "num_blocks": 3, "dropout_rate": 0.45725605889885157, "lr": 0.006643975924246153, "batch_size": 110, "l2_lambda": 0.001934640431347705}