{"sequence_length": 19, "hidden_size": 125, "num_layers": 3, "num_blocks": 2, "dropout_rate": 0.25810727413308265, "lr": 0.05757957443686806, "batch_size": 234, "l2_lambda": 0.005508390342209414}