{"sequence_length": 8, "hidden_size": 127, "num_layers": 1, "num_blocks": 1, "dropout_rate": 0.2878834702805987, "lr": 0.015875478793211016, "batch_size": 214, "l2_lambda": 0.001962757296018894}