{"sequence_length": 10, "hidden_size": 89, "num_layers": 3, "num_blocks": 3, "dropout_rate": 0.37366994918535246, "lr": 0.039771591233439874, "batch_size": 192, "l2_lambda": 0.006269543540559141}