{"sequence_length": 30, "hidden_size": 98, "num_layers": 2, "num_blocks": 1, "dropout_rate": 0.3196003899668634, "lr": 0.03457425258911708, "batch_size": 110, "l2_lambda": 0.002348334850570848}