{"sequence_length": 30, "hidden_size": 55, "num_layers": 1, "num_blocks": 3, "dropout_rate": 0.2727398666784997, "lr": 0.09138348096575115, "batch_size": 107, "l2_lambda": 0.003962996503350721}