{"sequence_length": 28, "hidden_size": 90, "num_layers": 2, "num_blocks": 3, "dropout_rate": 0.346210366308722, "lr": 0.03660190352602205, "batch_size": 31, "l2_lambda": 0.007169935363196574}