{"sequence_length": 2, "hidden_size": 106, "num_layers": 1, "num_blocks": 3, "dropout_rate": 0.14879879360315842, "lr": 0.042786932164073, "batch_size": 227, "l2_lambda": 0.0093608272973034}