{"sequence_length": 24, "hidden_size": 29, "num_layers": 2, "num_blocks": 1, "dropout_rate": 0.36168635374380176, "lr": 0.015228330967988014, "batch_size": 144, "l2_lambda": 0.002119473992282908}