{"sequence_length": 27, "hidden_size": 90, "num_layers": 3, "num_blocks": 2, "dropout_rate": 0.14796389411029245, "lr": 0.006450045707000716, "batch_size": 101, "l2_lambda": 0.007789547277916301}