{"sequence_length": 8, "hidden_size": 24, "num_layers": 1, "num_blocks": 3, "dropout_rate": 0.17284762447231838, "lr": 0.05203168126105716, "batch_size": 100, "l2_lambda": 0.00905023382963077}