{"sequence_length": 29, "hidden_size": 33, "num_layers": 3, "num_blocks": 1, "dropout_rate": 0.471845194240909, "lr": 0.03546608089378175, "batch_size": 115, "l2_lambda": 0.0031383066896245406}