{"sequence_length": 22, "hidden_size": 120, "num_layers": 2, "num_blocks": 2, "dropout_rate": 0.23356996650062076, "lr": 0.02917308618463889, "batch_size": 145, "l2_lambda": 0.0021830382438929523}