{"sequence_length": 14, "hidden_size": 108, "num_layers": 2, "num_blocks": 1, "dropout_rate": 0.2565829164815217, "lr": 0.09357228213255236, "batch_size": 248, "l2_lambda": 0.004746614228741748}