{"sequence_length": 16, "hidden_size": 128, "num_layers": 3, "num_blocks": 3, "dropout_rate": 0.1191997945594841, "lr": 0.07284286403390529, "batch_size": 219, "l2_lambda": 0.0011018650815846102}