{"sequence_length": 29, "hidden_size": 62, "num_layers": 3, "num_blocks": 3, "dropout_rate": 0.46190317670679537, "lr": 0.0059217843202386345, "batch_size": 187, "l2_lambda": 0.0018399782306830167}