{"sequence_length": 18, "hidden_size": 61, "num_layers": 2, "num_blocks": 3, "dropout_rate": 0.4484145147595151, "lr": 0.02137094955168773, "batch_size": 135, "l2_lambda": 0.0038479949019681187}