{"sequence_length": 4, "hidden_size": 70, "num_layers": 1, "num_blocks": 2, "dropout_rate": 0.22110268536477076, "lr": 0.01851920443823862, "batch_size": 113, "l2_lambda": 0.008414848526394028}