{"sequence_length": 22, "hidden_size": 104, "num_layers": 3, "num_blocks": 2, "dropout_rate": 0.14676964259123657, "lr": 0.09951761726440762, "batch_size": 241, "l2_lambda": 0.0037694243788046716}