{"sequence_length": 14, "hidden_size": 19, "num_layers": 2, "num_blocks": 2, "dropout_rate": 0.4562916739381162, "lr": 0.01452840016043768, "batch_size": 25, "l2_lambda": 0.008914911962561037}