{"sequence_length": 23, "hidden_size": 37, "num_layers": 3, "num_blocks": 1, "dropout_rate": 0.18617857155945616, "lr": 0.01334978903000094, "batch_size": 149, "l2_lambda": 0.00288222953182223}