{"sequence_length": 17, "hidden_size": 50, "num_layers": 3, "num_blocks": 2, "dropout_rate": 0.49294490100578037, "lr": 0.06515472137377001, "batch_size": 22, "l2_lambda": 0.005189312969897192}