{"sequence_length": 20, "hidden_size": 107, "num_layers": 3, "num_blocks": 1, "dropout_rate": 0.1832021607390015, "lr": 0.09630963604350747, "batch_size": 190, "l2_lambda": 0.000154252832429665}