{"sequence_length": 28, "hidden_size": 57, "num_layers": 2, "num_blocks": 3, "dropout_rate": 0.4672251585911501, "lr": 0.01470702202995639, "batch_size": 150, "l2_lambda": 0.005967240765916383}