{"sequence_length": 30, "hidden_size": 32, "num_layers": 1, "num_blocks": 1, "dropout_rate": 0.12548614203349784, "lr": 0.019815993905138985, "batch_size": 213, "l2_lambda": 0.0008427465049329019}