{"sequence_length": 28, "hidden_size": 55, "num_layers": 1, "num_blocks": 2, "dropout_rate": 0.13607547975956327, "lr": 0.015927956115775754, "batch_size": 112, "l2_lambda": 0.008491218186656449}