{"sequence_length": 19, "hidden_size": 93, "num_layers": 1, "num_blocks": 1, "dropout_rate": 0.3042513340748024, "lr": 0.08924268533323565, "batch_size": 73, "l2_lambda": 0.004135380646689581}