{"sequence_length": 12, "hidden_size": 120, "num_layers": 2, "num_blocks": 2, "dropout_rate": 0.37164177299646495, "lr": 0.06876495165834633, "batch_size": 63, "l2_lambda": 0.00748472430585796}