{"sequence_length": 20, "hidden_size": 44, "num_layers": 3, "num_blocks": 2, "dropout_rate": 0.4114138279841323, "lr": 0.01969576276714444, "batch_size": 174, "l2_lambda": 0.008382937311085126}