{"sequence_length": 21, "hidden_size": 39, "num_layers": 3, "num_blocks": 1, "dropout_rate": 0.1316252343062778, "lr": 0.029661298618662554, "batch_size": 228, "l2_lambda": 0.003695751148564354}