{"sequence_length": 18, "hidden_size": 20, "num_layers": 1, "num_blocks": 2, "dropout_rate": 0.41109118058673433, "lr": 0.05365614948883203, "batch_size": 179, "l2_lambda": 0.0063160012739621515}