{"sequence_length": 2, "hidden_size": 101, "num_layers": 1, "num_blocks": 1, "dropout_rate": 0.3888827200429441, "lr": 0.012950817211085498, "batch_size": 87, "l2_lambda": 0.00630840007510306}