{"sequence_length": 10, "hidden_size": 44, "num_layers": 1, "num_blocks": 3, "dropout_rate": 0.16214707133114212, "lr": 0.08800040783891011, "batch_size": 105, "l2_lambda": 0.006371424764959173}