{"sequence_length": 4, "hidden_size": 111, "num_layers": 3, "num_blocks": 3, "dropout_rate": 0.3898167266086814, "lr": 0.03742267036592557, "batch_size": 128, "l2_lambda": 0.0024217542281134183}