{"sequence_length": 26, "hidden_size": 105, "num_layers": 3, "num_blocks": 2, "dropout_rate": 0.4886112253973135, "lr": 0.07515626743935136, "batch_size": 98, "l2_lambda": 0.0020969318594208546}