{"sequence_length": 12, "hidden_size": 114, "num_layers": 2, "num_blocks": 1, "dropout_rate": 0.4514209645676913, "lr": 0.08534685780571577, "batch_size": 55, "l2_lambda": 0.0004171848914584904}