{"sequence_length": 6, "hidden_size": 23, "num_layers": 1, "num_blocks": 1, "dropout_rate": 0.33848060246585443, "lr": 0.04807233250945842, "batch_size": 20, "l2_lambda": 0.0024243493188987613}