{"sequence_length": 19, "hidden_size": 36, "num_layers": 3, "num_blocks": 2, "dropout_rate": 0.25370255169993405, "lr": 0.08642193929121182, "batch_size": 136, "l2_lambda": 0.005947696494981885}