{"sequence_length": 27, "hidden_size": 100, "num_layers": 3, "num_blocks": 3, "dropout_rate": 0.2362883769960234, "lr": 0.029549808229970925, "batch_size": 82, "l2_lambda": 0.009060693194445909}