{"sequence_length": 3, "hidden_size": 73, "num_layers": 2, "num_blocks": 2, "dropout_rate": 0.32581408471814666, "lr": 0.08840143880718625, "batch_size": 76, "l2_lambda": 0.0036667712313439146}