{"sequence_length": 18, "hidden_size": 25, "num_layers": 1, "num_blocks": 1, "dropout_rate": 0.35402456330603294, "lr": 0.009516533839242995, "batch_size": 179, "l2_lambda": 0.0009235861614899526}