{"sequence_length": 27, "hidden_size": 40, "num_layers": 2, "num_blocks": 2, "dropout_rate": 0.12231664843377624, "lr": 0.05845318853727264, "batch_size": 237, "l2_lambda": 0.006346257360182449}