{"sequence_length": 26, "hidden_size": 62, "num_layers": 1, "num_blocks": 1, "dropout_rate": 0.11007515894907383, "lr": 0.04508811019175904, "batch_size": 182, "l2_lambda": 0.0008821940512180695}