{"sequence_length": 12, "hidden_size": 37, "num_layers": 2, "num_blocks": 3, "dropout_rate": 0.298755116164937, "lr": 0.0021904144615951075, "batch_size": 130, "l2_lambda": 0.009039549990034933}