{"sequence_length": 17, "hidden_size": 118, "num_layers": 3, "num_blocks": 3, "dropout_rate": 0.4468632707861514, "lr": 0.042441594679377685, "batch_size": 43, "l2_lambda": 0.00797368637492684}