{"sequence_length": 2, "hidden_size": 98, "num_layers": 1, "num_blocks": 1, "dropout_rate": 0.17669241050499607, "lr": 0.07898171966344601, "batch_size": 172, "l2_lambda": 0.003237964579632306}