{"sequence_length": 19, "hidden_size": 53, "num_layers": 1, "num_blocks": 2, "dropout_rate": 0.4146817908727636, "lr": 0.00329403685643075, "batch_size": 230, "l2_lambda": 0.002694494567490529}