{"sequence_length": 29, "hidden_size": 102, "num_layers": 1, "num_blocks": 2, "dropout_rate": 0.3114867849192965, "lr": 0.08508906368967976, "batch_size": 132, "l2_lambda": 0.006004902110183001}