{"sequence_length": 5, "hidden_size": 122, "num_layers": 3, "num_blocks": 2, "dropout_rate": 0.4957110546103263, "lr": 0.07381369440222472, "batch_size": 115, "l2_lambda": 0.009349533747663438}