{"sequence_length": 28, "hidden_size": 90, "num_layers": 3, "num_blocks": 1, "dropout_rate": 0.4923630789808312, "lr": 0.06521668975995752, "batch_size": 156, "l2_lambda": 0.008277385150785176}