{"sequence_length": 8, "hidden_size": 42, "num_layers": 2, "num_blocks": 2, "dropout_rate": 0.42421586576342707, "lr": 0.04515019279580359, "batch_size": 180, "l2_lambda": 0.0012212802611120622}