{"sequence_length": 9, "hidden_size": 76, "num_layers": 3, "num_blocks": 1, "dropout_rate": 0.4994112041983221, "lr": 0.012847450434181682, "batch_size": 228, "l2_lambda": 0.005525599016907746}