{"sequence_length": 14, "hidden_size": 118, "num_layers": 1, "num_blocks": 3, "dropout_rate": 0.18760769410321498, "lr": 0.04588953771766295, "batch_size": 168, "l2_lambda": 0.0020797786654000437}