{"sequence_length": 28, "hidden_size": 62, "num_layers": 2, "num_blocks": 1, "dropout_rate": 0.318920472338746, "lr": 0.027676721367270802, "batch_size": 158, "l2_lambda": 0.0016204389945529399}