{"sequence_length": 21, "hidden_size": 59, "num_layers": 1, "num_blocks": 2, "dropout_rate": 0.47616626590082534, "lr": 0.0427402539555313, "batch_size": 65, "l2_lambda": 0.0018209158738598935}