{"sequence_length": 30, "hidden_size": 41, "num_layers": 1, "num_blocks": 2, "dropout_rate": 0.42667950247700337, "lr": 0.04189926945439155, "batch_size": 62, "l2_lambda": 0.008833193375610405}