{"sequence_length": 14, "hidden_size": 120, "num_layers": 2, "num_blocks": 3, "dropout_rate": 0.42674420400469737, "lr": 0.06049952181597899, "batch_size": 34, "l2_lambda": 0.00022935147452531792}