{"sequence_length": 10, "hidden_size": 106, "num_layers": 1, "num_blocks": 2, "dropout_rate": 0.44138214255552366, "lr": 0.04765153117499808, "batch_size": 106, "l2_lambda": 0.0027627790591589828}