{"sequence_length": 19, "hidden_size": 20, "num_layers": 3, "num_blocks": 2, "dropout_rate": 0.4712273620712095, "lr": 0.0746641274983103, "batch_size": 20, "l2_lambda": 0.008014723565170061}