{"sequence_length": 2, "hidden_size": 117, "num_layers": 1, "num_blocks": 3, "dropout_rate": 0.3752328444259121, "lr": 0.09428841949295579, "batch_size": 142, "l2_lambda": 0.004894183355548107}