{"sequence_length": 9, "hidden_size": 43, "num_layers": 3, "num_blocks": 2, "dropout_rate": 0.20392435926446853, "lr": 0.07724982628445576, "batch_size": 171, "l2_lambda": 0.002250044411278244}