{"sequence_length": 29, "hidden_size": 56, "num_layers": 2, "num_blocks": 2, "dropout_rate": 0.3765222113026331, "lr": 0.09130404912352362, "batch_size": 170, "l2_lambda": 0.005564383924577373}