{"sequence_length": 4, "hidden_size": 51, "num_layers": 1, "num_blocks": 1, "dropout_rate": 0.3900909942760499, "lr": 0.09982306085510224, "batch_size": 20, "l2_lambda": 0.008089245546117679}