{"sequence_length": 21, "hidden_size": 128, "num_layers": 2, "num_blocks": 1, "dropout_rate": 0.24781145563871154, "lr": 0.04374807626163871, "batch_size": 256, "l2_lambda": 0.008505530116052604}