{"sequence_length": 7, "hidden_size": 44, "num_layers": 3, "num_blocks": 2, "dropout_rate": 0.10588977815199403, "lr": 0.09520763743289, "batch_size": 110, "l2_lambda": 0.006748820592370176}