{"sequence_length": 21, "hidden_size": 25, "num_layers": 1, "num_blocks": 1, "dropout_rate": 0.42956526350884483, "lr": 0.07223579630556133, "batch_size": 48, "l2_lambda": 0.00940271230910149}