{"sequence_length": 15, "hidden_size": 126, "num_layers": 2, "num_blocks": 2, "dropout_rate": 0.13105837846471413, "lr": 0.023891023246852827, "batch_size": 84, "l2_lambda": 0.005296930813244263}