{"sequence_length": 13, "hidden_size": 119, "num_layers": 1, "num_blocks": 2, "dropout_rate": 0.13468800409785775, "lr": 0.08312980865995291, "batch_size": 135, "l2_lambda": 0.008106422669551798}