{"sequence_length": 4, "hidden_size": 63, "num_layers": 1, "num_blocks": 1, "dropout_rate": 0.3912322921528565, "lr": 0.014718472675282607, "batch_size": 56, "l2_lambda": 0.009871977296609023}