{"sequence_length": 6, "hidden_size": 91, "num_layers": 1, "num_blocks": 2, "dropout_rate": 0.370852348357825, "lr": 0.0618635077959552, "batch_size": 96, "l2_lambda": 0.005399263551174182}