{"sequence_length": 6, "hidden_size": 84, "num_layers": 3, "num_blocks": 2, "dropout_rate": 0.17541793271842324, "lr": 0.06393737729664875, "batch_size": 220, "l2_lambda": 0.0030118955912594903}