{"sequence_length": 15, "hidden_size": 74, "num_layers": 1, "num_blocks": 1, "dropout_rate": 0.2941306044693809, "lr": 0.06448544185671351, "batch_size": 119, "l2_lambda": 0.004164261202900323}