{"sequence_length": 15, "hidden_size": 81, "num_layers": 1, "num_blocks": 3, "dropout_rate": 0.19529256625330121, "lr": 0.0663843449269048, "batch_size": 86, "l2_lambda": 0.00283175765118052}