{"sequence_length": 12, "hidden_size": 91, "num_layers": 3, "num_blocks": 2, "dropout_rate": 0.11650263449790121, "lr": 0.0856333382737564, "batch_size": 126, "l2_lambda": 0.007022134804078028}