{"sequence_length": 2, "hidden_size": 64, "num_layers": 3, "num_blocks": 3, "dropout_rate": 0.3074599126337584, "lr": 0.0013451452977548124, "batch_size": 157, "l2_lambda": 0.00552640408129196}