{"sequence_length": 5, "hidden_size": 125, "num_layers": 3, "num_blocks": 3, "dropout_rate": 0.40918274101506036, "lr": 0.03989913887856773, "batch_size": 233, "l2_lambda": 0.004993476116343542}