{"sequence_length": 23, "hidden_size": 63, "num_layers": 2, "num_blocks": 2, "dropout_rate": 0.3385776819120797, "lr": 0.06088099382750398, "batch_size": 248, "l2_lambda": 0.008471780809968096}