{"sequence_length": 15, "hidden_size": 31, "num_layers": 1, "num_blocks": 3, "dropout_rate": 0.48167939809575144, "lr": 0.09756711972397626, "batch_size": 16, "l2_lambda": 0.0030571439232250242}