{"sequence_length": 11, "hidden_size": 19, "num_layers": 1, "num_blocks": 2, "dropout_rate": 0.11911872757508579, "lr": 0.07033766204451715, "batch_size": 104, "l2_lambda": 0.004671179125861599}