{"sequence_length": 8, "hidden_size": 32, "num_layers": 2, "num_blocks": 3, "dropout_rate": 0.4242174538391895, "lr": 0.03251156448902148, "batch_size": 133, "l2_lambda": 0.001524102637848932}