{"sequence_length": 30, "hidden_size": 117, "num_layers": 1, "num_blocks": 1, "dropout_rate": 0.25513940890857023, "lr": 0.06927684697319408, "batch_size": 77, "l2_lambda": 0.005864179287429768}