{"sequence_length": 13, "hidden_size": 79, "num_layers": 3, "num_blocks": 3, "dropout_rate": 0.3081054867103319, "lr": 0.06401812422000815, "batch_size": 42, "l2_lambda": 0.000758013981740801}