{"sequence_length": 9, "hidden_size": 98, "num_layers": 2, "num_blocks": 3, "dropout_rate": 0.40720000573921256, "lr": 0.03779140347335221, "batch_size": 132, "l2_lambda": 0.007188415433679773}