{"sequence_length": 7, "hidden_size": 74, "num_layers": 2, "num_blocks": 3, "dropout_rate": 0.40225336354065144, "lr": 0.0023971972261484474, "batch_size": 112, "l2_lambda": 0.00807279990653209}