{"sequence_length": 10, "hidden_size": 91, "num_layers": 2, "num_blocks": 3, "dropout_rate": 0.1877855933330985, "lr": 0.028768217834064018, "batch_size": 62, "l2_lambda": 0.006930036741148847}