{"sequence_length": 29, "hidden_size": 32, "num_layers": 3, "num_blocks": 2, "dropout_rate": 0.29420962831489106, "lr": 0.03453528958406785, "batch_size": 95, "l2_lambda": 0.006562907910170326}