{"sequence_length": 16, "hidden_size": 121, "num_layers": 2, "num_blocks": 1, "dropout_rate": 0.2886614608019927, "lr": 0.06211647001815299, "batch_size": 214, "l2_lambda": 0.001696756169097767}