{"sequence_length": 5, "hidden_size": 82, "num_layers": 3, "num_blocks": 2, "dropout_rate": 0.37550605242808766, "lr": 0.001010270264260525, "batch_size": 142, "l2_lambda": 0.006919569453333743}