{"sequence_length": 7, "hidden_size": 72, "num_layers": 2, "num_blocks": 3, "dropout_rate": 0.28782596188705434, "lr": 0.01493918216448838, "batch_size": 143, "l2_lambda": 0.009611043538084202}