{"sequence_length": 14, "hidden_size": 85, "num_layers": 1, "num_blocks": 2, "dropout_rate": 0.4546617409737387, "lr": 0.06020251174546154, "batch_size": 135, "l2_lambda": 0.005221187319777769}