{"sequence_length": 14, "hidden_size": 36, "num_layers": 2, "num_blocks": 2, "dropout_rate": 0.188823047930347, "lr": 0.07691595513401364, "batch_size": 224, "l2_lambda": 0.007110856072155829}