{"sequence_length": 9, "hidden_size": 17, "num_layers": 1, "num_blocks": 3, "dropout_rate": 0.12514870099980252, "lr": 0.09582585978561466, "batch_size": 141, "l2_lambda": 0.004256202927462595}