{"sequence_length": 16, "hidden_size": 51, "num_layers": 1, "num_blocks": 1, "dropout_rate": 0.2542453207813733, "lr": 0.03199040596468116, "batch_size": 78, "l2_lambda": 0.002576164177386659}