{"sequence_length": 22, "hidden_size": 107, "num_layers": 3, "num_blocks": 2, "dropout_rate": 0.4117355331081507, "lr": 0.07162856518746454, "batch_size": 103, "l2_lambda": 0.006290369907228072}