{"sequence_length": 25, "hidden_size": 83, "num_layers": 3, "num_blocks": 1, "dropout_rate": 0.17171947806527826, "lr": 0.0707797751842913, "batch_size": 169, "l2_lambda": 0.009340795013220876}