{"sequence_length": 7, "hidden_size": 16, "num_layers": 2, "num_blocks": 2, "dropout_rate": 0.1378097452262558, "lr": 0.04727637268087188, "batch_size": 255, "l2_lambda": 0.0015302519307296843}