{"sequence_length": 24, "hidden_size": 64, "num_layers": 1, "num_blocks": 2, "dropout_rate": 0.12885583258190067, "lr": 0.08911358091179845, "batch_size": 134, "l2_lambda": 0.0016164832351702367}