{"sequence_length": 28, "hidden_size": 55, "num_layers": 2, "num_blocks": 3, "dropout_rate": 0.2642149993521455, "lr": 0.012493156073866495, "batch_size": 245, "l2_lambda": 0.0009198253704611656}