{"sequence_length": 10, "hidden_size": 128, "num_layers": 1, "num_blocks": 2, "dropout_rate": 0.4878139606289349, "lr": 0.06890665486660193, "batch_size": 188, "l2_lambda": 0.008496099738614165}