{"sequence_length": 4, "hidden_size": 66, "num_layers": 2, "num_blocks": 1, "dropout_rate": 0.3889104516533807, "lr": 0.05538123928425518, "batch_size": 184, "l2_lambda": 0.009607302823972546}