{"sequence_length": 3, "hidden_size": 68, "num_layers": 3, "num_blocks": 3, "dropout_rate": 0.3957403928214699, "lr": 0.03151838373002065, "batch_size": 60, "l2_lambda": 0.008743376194325348}