{"sequence_length": 29, "hidden_size": 17, "num_layers": 2, "num_blocks": 3, "dropout_rate": 0.4748158491841563, "lr": 0.013737316153922588, "batch_size": 16, "l2_lambda": 0.0031444231741089524}