{"sequence_length": 30, "hidden_size": 29, "num_layers": 2, "num_blocks": 3, "dropout_rate": 0.44447093238382585, "lr": 0.0706815813552158, "batch_size": 122, "l2_lambda": 0.0051503968935928965}