{"sequence_length": 27, "hidden_size": 44, "num_layers": 2, "num_blocks": 2, "dropout_rate": 0.2002166236658911, "lr": 0.008233364088342248, "batch_size": 66, "l2_lambda": 0.007821729398429058}