{"sequence_length": 14, "hidden_size": 33, "num_layers": 1, "num_blocks": 1, "dropout_rate": 0.26394580678108026, "lr": 0.09077229345058599, "batch_size": 96, "l2_lambda": 0.004651039969048685}