{"sequence_length": 17, "hidden_size": 92, "num_layers": 3, "num_blocks": 3, "dropout_rate": 0.3962572192227206, "lr": 0.05970377975240459, "batch_size": 223, "l2_lambda": 0.006415244900765616}