{"sequence_length": 15, "hidden_size": 66, "num_layers": 2, "num_blocks": 1, "dropout_rate": 0.35465435162970993, "lr": 0.03869571365780393, "batch_size": 211, "l2_lambda": 0.008431055316725534}