{"sequence_length": 24, "hidden_size": 79, "num_layers": 1, "num_blocks": 1, "dropout_rate": 0.3588656358803396, "lr": 0.0018601957485207884, "batch_size": 29, "l2_lambda": 0.006557403593478484}