{"sequence_length": 3, "hidden_size": 119, "num_layers": 3, "num_blocks": 3, "dropout_rate": 0.12215188022513108, "lr": 0.09763071062797454, "batch_size": 79, "l2_lambda": 0.004190321936241968}