{"sequence_length": 22, "hidden_size": 66, "num_layers": 1, "num_blocks": 3, "dropout_rate": 0.12149705070734891, "lr": 0.041043111469643456, "batch_size": 179, "l2_lambda": 0.007114909034202998}