{"sequence_length": 10, "hidden_size": 105, "num_layers": 1, "num_blocks": 1, "dropout_rate": 0.305245663941904, "lr": 0.07416819410144782, "batch_size": 143, "l2_lambda": 0.0031115746503811137}