{"sequence_length": 23, "hidden_size": 52, "num_layers": 1, "num_blocks": 2, "dropout_rate": 0.14794613363845516, "lr": 0.07679571289182194, "batch_size": 138, "l2_lambda": 0.0048639753315160425}