{"sequence_length": 14, "hidden_size": 125, "num_layers": 3, "num_blocks": 3, "dropout_rate": 0.3895620745637587, "lr": 0.07035946532650937, "batch_size": 45, "l2_lambda": 0.008338406364683987}