{"sequence_length": 6, "hidden_size": 117, "num_layers": 1, "num_blocks": 3, "dropout_rate": 0.3107653105173865, "lr": 0.018069983584256415, "batch_size": 121, "l2_lambda": 0.0054443280147918995}