{"sequence_length": 6, "hidden_size": 79, "num_layers": 1, "num_blocks": 3, "dropout_rate": 0.23251896478642303, "lr": 0.06077157533089346, "batch_size": 64, "l2_lambda": 0.00836915294574879}