{"sequence_length": 7, "hidden_size": 59, "num_layers": 2, "num_blocks": 1, "dropout_rate": 0.3427555057768098, "lr": 0.09490055050627491, "batch_size": 162, "l2_lambda": 0.001284536135373031}