{"sequence_length": 10, "hidden_size": 30, "num_layers": 1, "num_blocks": 2, "dropout_rate": 0.35577327828989425, "lr": 0.014413858970563841, "batch_size": 227, "l2_lambda": 0.006129155783612328}