{"sequence_length": 18, "hidden_size": 102, "num_layers": 2, "num_blocks": 1, "dropout_rate": 0.13836721380728623, "lr": 0.03757134503297345, "batch_size": 256, "l2_lambda": 0.009128903224081499}