{"sequence_length": 22, "hidden_size": 89, "num_layers": 3, "num_blocks": 3, "dropout_rate": 0.11175789249394308, "lr": 0.035495416739931895, "batch_size": 146, "l2_lambda": 0.00013231379771393452}