{"sequence_length": 22, "hidden_size": 94, "num_layers": 1, "num_blocks": 3, "dropout_rate": 0.16464438995968722, "lr": 0.08789791575619968, "batch_size": 222, "l2_lambda": 0.008275898771619931}