{"sequence_length": 12, "hidden_size": 48, "num_layers": 1, "num_blocks": 1, "dropout_rate": 0.4944691763463249, "lr": 0.0006958735594155621, "batch_size": 218, "l2_lambda": 0.0019837455421869905}