{"sequence_length": 3, "hidden_size": 32, "num_layers": 3, "num_blocks": 2, "dropout_rate": 0.18541074565311633, "lr": 0.041911200472313094, "batch_size": 224, "l2_lambda": 0.007234626453701611}