{"sequence_length": 17, "hidden_size": 110, "num_layers": 1, "num_blocks": 3, "dropout_rate": 0.26663611340390225, "lr": 0.07681781397309827, "batch_size": 17, "l2_lambda": 0.004376579964018416}