{"sequence_length": 24, "hidden_size": 70, "num_layers": 1, "num_blocks": 1, "dropout_rate": 0.19366807922586038, "lr": 0.07489127908604357, "batch_size": 16, "l2_lambda": 0.005607544700604968}