{"sequence_length": 7, "hidden_size": 70, "num_layers": 2, "num_blocks": 1, "dropout_rate": 0.28147332345267917, "lr": 0.044630266109521394, "batch_size": 111, "l2_lambda": 0.009849122302555116}