{"sequence_length": 13, "hidden_size": 125, "num_layers": 1, "num_blocks": 2, "dropout_rate": 0.4630887472694196, "lr": 0.04999010151099066, "batch_size": 135, "l2_lambda": 0.004925701951521389}