{"sequence_length": 16, "hidden_size": 126, "num_layers": 2, "num_blocks": 2, "dropout_rate": 0.3239749060345545, "lr": 0.02069237277009802, "batch_size": 128, "l2_lambda": 0.00989775948201636}