{"sequence_length": 4, "hidden_size": 65, "num_layers": 2, "num_blocks": 2, "dropout_rate": 0.10802047208145177, "lr": 0.02504963338674264, "batch_size": 55, "l2_lambda": 0.005130321644415094}