{"max_depth": 8, "learning_rate": 0.058220945332468174, "subsample": 0.7962419050122054, "colsample_bytree": 0.6373689049170723, "gamma": 2.5637530350770095, "lambda": 1.2496670781152152e-08, "alpha": 1.802799952377287e-07}