{"max_depth": 3, "learning_rate": 0.03740086657505222, "subsample": 0.6786156256616974, "colsample_bytree": 0.898575945710909, "gamma": 4.680906125659963, "lambda": 0.047493028090225445, "alpha": 0.04644636777560527}