{"max_depth": 7, "learning_rate": 0.03550227682150582, "subsample": 0.7598259004192337, "colsample_bytree": 0.891798560668162, "gamma": 4.956924236108849, "lambda": 0.0003390726521196202, "alpha": 5.129965824706546e-08}