{"max_depth": 9, "learning_rate": 0.2483513267918098, "subsample": 0.6710346085390027, "colsample_bytree": 0.8422473182267364, "gamma": 3.1817837032848835, "lambda": 3.142106614956342e-08, "alpha": 9.996214750463621e-06}