{"max_depth": 5, "learning_rate": 0.2724709819267073, "subsample": 0.9330140769180479, "colsample_bytree": 0.6521103799246277, "gamma": 0.48396704705915394, "lambda": 0.003834389439973523, "alpha": 0.002373998155002545}