{"max_depth": 10, "learning_rate": 0.13297326113250021, "subsample": 0.8831016367859064, "colsample_bytree": 0.6145175706521011, "gamma": 4.9628853961956825, "lambda": 0.019121871849536707, "alpha": 0.0003466609360238171}