{"max_depth": 5, "learning_rate": 0.2955723517979791, "subsample": 0.7070479696193162, "colsample_bytree": 0.8379089668659763, "gamma": 4.9249754409993995, "lambda": 2.6409875404823992e-05, "alpha": 0.7392194465381634}