{"max_depth": 8, "learning_rate": 0.23207088120022581, "subsample": 0.7289407080292181, "colsample_bytree": 0.8031810923281233, "gamma": 4.788350539183543, "lambda": 3.359575671742215e-06, "alpha": 5.313756763335863e-07}