{"max_depth": 5, "learning_rate": 0.05480073560965093, "subsample": 0.6750700017031394, "colsample_bytree": 0.8974093968226475, "gamma": 3.908918245774892, "lambda": 3.043322436158966e-08, "alpha": 0.0013241573212605974}