{"max_depth": 8, "learning_rate": 0.26439381285144126, "subsample": 0.7711045984941343, "colsample_bytree": 0.8199564218850418, "gamma": 3.002494363818819, "lambda": 0.0006364581776301997, "alpha": 0.05638310168991047}