{"max_depth": 10, "learning_rate": 0.02064143224596056, "subsample": 0.7674498116742744, "colsample_bytree": 0.571930345022126, "gamma": 0.30805636832792527, "lambda": 1.6423399235588927e-07, "alpha": 0.29771691069540446}