{"max_depth": 10, "learning_rate": 0.27180100205599217, "subsample": 0.5783387281799093, "colsample_bytree": 0.7955658061051285, "gamma": 0.6808700660438494, "lambda": 0.00042931236579869504, "alpha": 0.0023978740531202464}