{"max_depth": 10, "learning_rate": 0.16690960588959905, "subsample": 0.9213800021211438, "colsample_bytree": 0.5899667803954687, "gamma": 0.5638334629807568, "lambda": 0.012888251263159504, "alpha": 3.9950962202646445e-08}