{"max_depth": 8, "learning_rate": 0.26765802378271725, "subsample": 0.7021655721999123, "colsample_bytree": 0.6862703450425659, "gamma": 2.1297944453121658, "lambda": 6.603926370133796e-07, "alpha": 0.0005917524412921695}