{"max_depth": 4, "learning_rate": 0.12981110731289341, "subsample": 0.7083187631908876, "colsample_bytree": 0.6966646053071073, "gamma": 0.06488584470701719, "lambda": 2.0502112109194463e-06, "alpha": 3.191639029846855e-08}