{"max_depth": 8, "learning_rate": 0.051715202989235674, "subsample": 0.7276894109958221, "colsample_bytree": 0.9515916496317772, "gamma": 0.7558715507145441, "lambda": 3.7664285544972695e-07, "alpha": 3.063616732106315e-07}