{"max_depth": 10, "learning_rate": 0.017590978563861628, "subsample": 0.7730245027963664, "colsample_bytree": 0.8248332432723008, "gamma": 4.018827362998735, "lambda": 2.3618724578003533e-08, "alpha": 0.7776490271519585}