{"max_depth": 10, "learning_rate": 0.04572095636215539, "subsample": 0.6606159036742327, "colsample_bytree": 0.9014182356398323, "gamma": 0.7897347920122677, "lambda": 0.22783346772128277, "alpha": 2.4919169316157033e-08}