{"max_depth": 8, "learning_rate": 0.01573428878631855, "subsample": 0.9013061626659082, "colsample_bytree": 0.6708604033897243, "gamma": 4.775230821880117, "lambda": 3.325129811691519e-07, "alpha": 0.15645507611365533}