{"max_depth": 10, "learning_rate": 0.17291581319250948, "subsample": 0.6750843915044591, "colsample_bytree": 0.6635075822972558, "gamma": 2.5333806757864137, "lambda": 2.4768988886272175e-05, "alpha": 0.005506087276235612}