{"max_depth": 10, "learning_rate": 0.08854700663559152, "subsample": 0.7154517184732284, "colsample_bytree": 0.8448467670920217, "gamma": 4.864510971428458, "lambda": 0.002363578995125221, "alpha": 2.4617213086410496e-08}