{"max_depth": 5, "learning_rate": 0.2361319302224285, "subsample": 0.8528449463218732, "colsample_bytree": 0.5192703088699542, "gamma": 0.4993067209698471, "lambda": 0.010550156477743714, "alpha": 1.5675363536352088e-08}