{"max_depth": 10, "learning_rate": 0.17648625493639486, "subsample": 0.7024678235724584, "colsample_bytree": 0.8820487182833063, "gamma": 3.1968586735051883, "lambda": 0.0024452659954937845, "alpha": 1.2373448681163822e-08}