{"max_depth": 9, "learning_rate": 0.013611557934968762, "subsample": 0.5177137392020195, "colsample_bytree": 0.6096141623690855, "gamma": 4.723702337394455, "lambda": 0.044599387775757, "alpha": 8.958990603502603e-05}