{"max_depth": 10, "learning_rate": 0.12150152724977159, "subsample": 0.9115379230665288, "colsample_bytree": 0.6724008253070581, "gamma": 0.05206705340614515, "lambda": 4.0945257592256534e-07, "alpha": 2.5356284525229744e-06}