{"max_depth": 5, "learning_rate": 0.24277994339182438, "subsample": 0.965483253473165, "colsample_bytree": 0.6761953921121553, "gamma": 1.4791847650262813, "lambda": 0.023347665218485438, "alpha": 5.7102755388458126e-06}