{"max_depth": 6, "learning_rate": 0.280490714591496, "subsample": 0.573505888811737, "colsample_bytree": 0.9622771124813914, "gamma": 2.0595796115317926, "lambda": 1.2426886773112551e-05, "alpha": 0.06992549898709917}