{"max_depth": 10, "learning_rate": 0.2429843891654216, "subsample": 0.9890911163922125, "colsample_bytree": 0.7141835118345565, "gamma": 0.4057008278668389, "lambda": 0.46378077645532195, "alpha": 0.00019360463248243586}