{"max_depth": 4, "learning_rate": 0.06049342931220882, "subsample": 0.677159395909816, "colsample_bytree": 0.9105285760804076, "gamma": 2.2715728733920937, "lambda": 1.6181490211427793e-08, "alpha": 1.9404866325724126e-05}