{"max_depth": 3, "learning_rate": 0.24179101544723547, "subsample": 0.7846338242893652, "colsample_bytree": 0.5094474850647686, "gamma": 4.342079325564025, "lambda": 0.00019354200272116818, "alpha": 1.54583087142182e-08}