{"max_depth": 8, "learning_rate": 0.12375119979309165, "subsample": 0.7394512331928083, "colsample_bytree": 0.6830521668035445, "gamma": 0.7223536477936138, "lambda": 6.246061347538373e-08, "alpha": 1.5674793201431072e-08}