{"max_depth": 9, "learning_rate": 0.1517295277933274, "subsample": 0.6094373489818039, "colsample_bytree": 0.9068228038254951, "gamma": 2.9588640605718695, "lambda": 0.002788824714812931, "alpha": 3.6385963147097604e-05}