{"max_depth": 9, "learning_rate": 0.25233590997422467, "subsample": 0.7975957498712145, "colsample_bytree": 0.9037154073041878, "gamma": 0.34499911552067886, "lambda": 3.2612392392776434e-06, "alpha": 0.06969446909110522}