{"max_depth": 10, "learning_rate": 0.15507175358548528, "subsample": 0.8445180884305369, "colsample_bytree": 0.6691898411192019, "gamma": 0.3722802366286837, "lambda": 9.324691905628807e-07, "alpha": 2.14473343541716e-08}