{"max_depth": 6, "learning_rate": 0.20834794936150627, "subsample": 0.5740784385132403, "colsample_bytree": 0.7211927245255587, "gamma": 2.2847606129230646, "lambda": 1.4430223548105505e-07, "alpha": 0.0306495201701382}