{"max_depth": 9, "learning_rate": 0.16714640690219243, "subsample": 0.8515529155253323, "colsample_bytree": 0.8824852018048601, "gamma": 0.615548655975765, "lambda": 2.1906565811775207e-06, "alpha": 3.0553414529405854e-06}