{"max_depth": 7, "learning_rate": 0.18659947473093122, "subsample": 0.7273594926842912, "colsample_bytree": 0.6065765446317934, "gamma": 3.769341016371986, "lambda": 0.2668359495221234, "alpha": 0.00011785795472080821}