{"max_depth": 8, "learning_rate": 0.011403719507955603, "subsample": 0.6281974852137667, "colsample_bytree": 0.526411611830793, "gamma": 0.9228938455414576, "lambda": 0.00019502273746552803, "alpha": 3.252867311064363e-07}