{"max_depth": 10, "learning_rate": 0.0494222579965172, "subsample": 0.8881635631837866, "colsample_bytree": 0.9554195171974547, "gamma": 1.6708796846928338, "lambda": 3.442433960749142e-06, "alpha": 0.00013774013167709684}