{"max_depth": 10, "learning_rate": 0.11163244641919154, "subsample": 0.8829904761480598, "colsample_bytree": 0.8273678188966747, "gamma": 1.2770168054640751, "lambda": 0.00026342661172120704, "alpha": 0.00012182858988558455}