{"max_depth": 7, "learning_rate": 0.11126907767332771, "subsample": 0.5039454381156623, "colsample_bytree": 0.7387267757253345, "gamma": 2.396140845795722, "lambda": 1.3740763923025348e-05, "alpha": 0.31549885597479055}