{"max_depth": 5, "learning_rate": 0.032041608513835904, "subsample": 0.8698519027712798, "colsample_bytree": 0.885708091054011, "gamma": 3.9664719532154806, "lambda": 7.62855496529842e-05, "alpha": 0.19479383348345441}