{"max_depth": 6, "learning_rate": 0.24720338325231672, "subsample": 0.9587190203962992, "colsample_bytree": 0.7679518129177456, "gamma": 4.224086356302303, "lambda": 0.011194340029007883, "alpha": 0.1299931550493299}