{"max_depth": 9, "learning_rate": 0.16741817254590696, "subsample": 0.9562692429149997, "colsample_bytree": 0.6485850122546837, "gamma": 4.928846462652543, "lambda": 1.3953558922649428e-07, "alpha": 3.329660809413615e-08}