{"max_depth": 3, "learning_rate": 0.1858579745799605, "subsample": 0.9791335149570075, "colsample_bytree": 0.9249131988371002, "gamma": 1.9640174423959955, "lambda": 0.3138125201959667, "alpha": 7.21667533576747e-08}