{"max_depth": 5, "learning_rate": 0.12602687442060037, "subsample": 0.6349567810080671, "colsample_bytree": 0.6254550665189678, "gamma": 0.4787319294417103, "lambda": 0.08964998017376491, "alpha": 0.00010593407440153259}