{"max_depth": 7, "learning_rate": 0.28667539687531196, "subsample": 0.5783399535100475, "colsample_bytree": 0.6209009840143324, "gamma": 3.6313402480662433, "lambda": 0.0019685969645803175, "alpha": 0.09276013289476535}