{"max_depth": 4, "learning_rate": 0.1598183977267854, "subsample": 0.5143334488718305, "colsample_bytree": 0.9112800603067912, "gamma": 3.9508294832907342, "lambda": 0.025960459028581687, "alpha": 3.7117673641536204e-06}