{"max_depth": 4, "learning_rate": 0.13716647209859847, "subsample": 0.9853569022875379, "colsample_bytree": 0.7380565990037875, "gamma": 2.5552677338897896, "lambda": 0.0007499486316383685, "alpha": 0.9498549880323608}