{"max_depth": 7, "learning_rate": 0.2907816420309866, "subsample": 0.899510391045821, "colsample_bytree": 0.7291474983550068, "gamma": 2.726485149835659, "lambda": 0.006991928690270031, "alpha": 1.0623440209961915e-08}