{"max_depth": 7, "learning_rate": 0.22013442052526275, "subsample": 0.8414038982574084, "colsample_bytree": 0.7468534211415407, "gamma": 0.8891453759109036, "lambda": 5.322944545141809e-05, "alpha": 0.010589411135827901}