{"max_depth": 10, "learning_rate": 0.21484638716441862, "subsample": 0.7127823878618623, "colsample_bytree": 0.6379909331842096, "gamma": 4.106362481249687, "lambda": 0.001166032734310756, "alpha": 4.518578421346023e-05}