{"max_depth": 7, "learning_rate": 0.06885961983716464, "subsample": 0.5289176856755498, "colsample_bytree": 0.5012142552238872, "gamma": 1.9357421889381599, "lambda": 1.4324674700094246e-05, "alpha": 5.406473410112934e-08}