{"max_depth": 10, "learning_rate": 0.1542316627451452, "subsample": 0.613293362615138, "colsample_bytree": 0.6486424335384402, "gamma": 0.9887619826105065, "lambda": 1.0032656934503873e-08, "alpha": 0.022329787612055074}