{"max_depth": 10, "learning_rate": 0.020989848319768786, "subsample": 0.7925126669769831, "colsample_bytree": 0.6667876053298211, "gamma": 0.5818341220480072, "lambda": 0.5942803115589101, "alpha": 0.0002675385346447343}