{"max_depth": 6, "learning_rate": 0.09284396156091405, "subsample": 0.5547977350920348, "colsample_bytree": 0.947494010541035, "gamma": 1.477767341943561, "lambda": 0.9991292286101303, "alpha": 0.001585993891873755}