{"max_depth": 10, "learning_rate": 0.15350460193375476, "subsample": 0.6290948532759959, "colsample_bytree": 0.6344764472555673, "gamma": 4.920498655930468, "lambda": 0.004261889689820588, "alpha": 3.3595930472247715e-06}