{"max_depth": 8, "learning_rate": 0.05013318647133196, "subsample": 0.8555684500878227, "colsample_bytree": 0.5095881521349617, "gamma": 0.9152008578863485, "lambda": 7.305245161436316e-06, "alpha": 9.529624617396508e-06}