{"max_depth": 5, "learning_rate": 0.12632185937913795, "subsample": 0.5795697557457804, "colsample_bytree": 0.7756256067082297, "gamma": 4.222014156076014, "lambda": 0.3332637656793067, "alpha": 4.6212798410667025e-05}