{"max_depth": 9, "learning_rate": 0.17197690721449946, "subsample": 0.8451237987857463, "colsample_bytree": 0.9149695484377005, "gamma": 4.975253679090274, "lambda": 0.03802992628154677, "alpha": 0.0861973478031252}