{"max_depth": 8, "learning_rate": 0.15703388568304505, "subsample": 0.516921313142184, "colsample_bytree": 0.9791587967473998, "gamma": 1.2789448034403001, "lambda": 0.08007556669460865, "alpha": 0.004332654121521657}