{"max_depth": 6, "learning_rate": 0.08662656494644919, "subsample": 0.8777320827336847, "colsample_bytree": 0.7108979210513147, "gamma": 1.200210541842694, "lambda": 0.04246337522985879, "alpha": 3.5268238398382424e-05}