{"max_depth": 4, "learning_rate": 0.20023704545947954, "subsample": 0.7776240090828571, "colsample_bytree": 0.8534779399738402, "gamma": 3.4592975766309824, "lambda": 2.0608807017271378e-06, "alpha": 9.722096485872507e-06}