{"max_depth": 10, "learning_rate": 0.18805026368012304, "subsample": 0.638238298240231, "colsample_bytree": 0.6602182546762779, "gamma": 4.7652184131122475, "lambda": 0.19559768640749275, "alpha": 6.187692945420273e-08}