{"max_depth": 5, "learning_rate": 0.22431991502340592, "subsample": 0.7459992534841051, "colsample_bytree": 0.6168370054576, "gamma": 4.843648652152951, "lambda": 0.06457545238047481, "alpha": 0.0004158138109282578}