{"max_depth": 3, "learning_rate": 0.03314159968010262, "subsample": 0.7313124386579846, "colsample_bytree": 0.8929522859061096, "gamma": 1.7709118205694314, "lambda": 0.03485886744958974, "alpha": 2.5886207215416206e-08}