{"max_depth": 3, "learning_rate": 0.12241135557461671, "subsample": 0.6920511721888595, "colsample_bytree": 0.810077166643916, "gamma": 1.2083860036516192, "lambda": 0.00030054974386018487, "alpha": 0.05845350764880225}