{"max_depth": 10, "learning_rate": 0.137919582285121, "subsample": 0.6381801215722848, "colsample_bytree": 0.8363761766796394, "gamma": 3.7656373962598124, "lambda": 4.5150862243186e-06, "alpha": 6.489870095071032e-05}