{"sigma": 0.5219797469665189, "lr": 0.00017934122445128817, "l2_lambda": 0.0027927153613995933, "batch_size": 30}