{"sigma": 0.3223179827718512, "lr": 3.316196829902679e-05, "l2_lambda": 0.005092818606253017, "batch_size": 17}