{"sigma": 0.8276484252470065, "lr": 1.7970094417689723e-05, "l2_lambda": 0.007129418927257163, "batch_size": 35}