{"sigma": 0.6001873968141453, "lr": 0.007940998140206221, "l2_lambda": 0.004393653801049376, "batch_size": 68}