{"sigma": 0.08557838506496561, "lr": 0.0013243917522547835, "l2_lambda": 0.0023061646541435664, "batch_size": 51}