{"sigma": 0.5662022807944771, "lr": 0.0067672116200350445, "l2_lambda": 0.007710167921137263, "batch_size": 50}