{"sigma": 0.9692341967723743, "lr": 1.69104695239346e-05, "l2_lambda": 0.004795689063381447, "batch_size": 125}