{"sigma": 0.24005334664730696, "lr": 0.0011208538752225119, "l2_lambda": 0.00305659999367021, "batch_size": 58}