{"sigma": 0.4711813305702665, "lr": 0.02537604357278184, "l2_lambda": 0.0025890532984482986, "batch_size": 65}