{"sigma": 0.7851477052280411, "lr": 0.0002654397740326716, "l2_lambda": 0.0051337859332122125, "batch_size": 107}