{"sigma": 0.16398601323221926, "lr": 0.004427628080372354, "l2_lambda": 0.0062059044859277025, "batch_size": 26}