{"sigma": 0.830966206635683, "lr": 0.00016794314993340848, "l2_lambda": 0.004831594868058678, "batch_size": 86}