{"sigma": 0.5793247250245747, "lr": 0.037788571079805926, "l2_lambda": 0.0018736206767855303, "batch_size": 37}