{"sigma": 0.7949656556966039, "lr": 0.00016147132319455068, "l2_lambda": 0.003562584818785935, "batch_size": 41}