{"sigma": 0.4136014317079936, "lr": 1.9518365389493132e-05, "l2_lambda": 0.009336591171955653, "batch_size": 106}