{"sigma": 0.5386520664453218, "lr": 0.00780262781088783, "l2_lambda": 0.0002743801061859519, "batch_size": 49}