{"sigma": 0.6144406976348961, "lr": 0.0028628570050994533, "l2_lambda": 0.007238980443110896, "batch_size": 26}