{"sigma": 0.37110267831361365, "lr": 3.913367112530618e-05, "l2_lambda": 0.001651045952919388, "batch_size": 22}