{"sigma": 0.35733243709260937, "lr": 0.0027042827557081394, "l2_lambda": 0.004954576585108745, "batch_size": 35}