{"sigma": 0.2136466984031484, "lr": 3.5793783641946155e-05, "l2_lambda": 0.005098278903899334, "batch_size": 24}