{"sigma": 0.7763846911044804, "lr": 0.00040887889694280984, "l2_lambda": 0.0055882498392178905, "batch_size": 123}