{"sigma": 0.4236805777340565, "lr": 0.009967182313918434, "l2_lambda": 0.008940805829774304, "batch_size": 32}