{"sigma": 0.4546590796895, "lr": 0.0004537048203177918, "l2_lambda": 0.0007876004943406403, "batch_size": 78}