{"sigma": 0.6631219860595658, "lr": 1.3564984033582313e-05, "l2_lambda": 0.008849132340327125, "batch_size": 75}