{"sigma": 0.75866534389196, "lr": 0.00927155387588847, "l2_lambda": 0.004078215578603818, "batch_size": 52}