{"sigma": 0.5333018025566414, "lr": 0.00019808396703667987, "l2_lambda": 0.0019900586695534546, "batch_size": 76}