{"sigma": 0.6869848565953455, "lr": 9.85020598310111e-05, "l2_lambda": 0.000682367200573692, "batch_size": 62}