{"sigma": 0.3725174808495215, "lr": 4.188585018706684e-05, "l2_lambda": 0.00734560977970709, "batch_size": 19}