{"sigma": 0.2872791093198812, "lr": 0.016635259321591062, "l2_lambda": 0.00707613470229055, "batch_size": 111}