{"sigma": 0.7228267344600756, "lr": 0.010570125367172438, "l2_lambda": 0.004220972080611923, "batch_size": 19}