{"sigma": 0.4036357073601928, "lr": 0.019598662062946404, "l2_lambda": 0.0011180281407115941, "batch_size": 77}