{"sigma": 0.3023494927584602, "lr": 0.00016627716542710126, "l2_lambda": 0.00596423544633502, "batch_size": 50}