{"sigma": 0.582803009487909, "lr": 0.0054519124748148955, "l2_lambda": 0.0067119573355969445, "batch_size": 57}