{"sigma": 0.12498981019038256, "lr": 9.42751152251304e-05, "l2_lambda": 0.0007896247720182946, "batch_size": 46}