{"sigma": 0.43038825630794153, "lr": 0.00011199977389477535, "l2_lambda": 0.006363859885176886, "batch_size": 33}