{"sigma": 0.2070821027553086, "lr": 0.09824610003564155, "l2_lambda": 0.0019016673031257143, "batch_size": 35}