{"sigma": 0.9678518885841951, "lr": 1.822162702528733e-05, "l2_lambda": 0.006883103195251311, "batch_size": 105}