{"sigma": 0.736405122982893, "lr": 5.0634448151845864e-05, "l2_lambda": 0.002129210696853031, "batch_size": 91}