{"sigma": 0.11400409687199113, "lr": 0.0010560591248402554, "l2_lambda": 0.004936490380834583, "batch_size": 29}