{"sigma": 0.31911306196568506, "lr": 0.014155579362931606, "l2_lambda": 0.006990373863593492, "batch_size": 39}