{"sigma": 0.3670305693860346, "lr": 0.050507142044079606, "l2_lambda": 0.00544525115442914, "batch_size": 60}