{"sigma": 0.9921671269264674, "lr": 0.0016104459852042613, "l2_lambda": 0.008935108405217594, "batch_size": 80}