{"sigma": 0.22204612183008288, "lr": 0.004801073482708837, "l2_lambda": 0.007416645223889979, "batch_size": 101}