{"sigma": 0.4407667685841641, "lr": 0.016967068548078876, "l2_lambda": 0.005669672401480231, "batch_size": 17}