{"sigma": 0.773261527180254, "lr": 0.00011265970817781273, "l2_lambda": 0.006067557962478271, "batch_size": 62}