{"sigma": 0.07795414636906174, "lr": 5.806992070141235e-05, "l2_lambda": 0.007340249165330919, "batch_size": 25}