{"sigma": 0.14915135580361824, "lr": 0.002656153985183415, "l2_lambda": 0.0010059224319155528, "batch_size": 112}