{"sigma": 0.9351445336860691, "lr": 0.00014331137387670084, "l2_lambda": 0.0012326056887774603, "batch_size": 25}