{"sigma": 0.9974920206590299, "lr": 0.0012931517097818125, "l2_lambda": 0.009844840421628606, "batch_size": 16}