{"sigma": 0.9639234157410166, "lr": 2.298815446285954e-05, "l2_lambda": 0.006459515732176206, "batch_size": 98}