{"sigma": 0.808294330790284, "lr": 3.956324027753534e-05, "l2_lambda": 0.009196826424912423, "batch_size": 27}