{"sigma": 0.4184928241962885, "lr": 0.013990409298685958, "l2_lambda": 0.004896528895491386, "batch_size": 18}