{"sigma": 0.24637277541457653, "lr": 9.85531217881874e-05, "l2_lambda": 0.0015225496558728055, "batch_size": 17}