{"sigma": 0.19335441619211344, "lr": 5.350758426228084e-05, "l2_lambda": 0.003596253872768881, "batch_size": 49}