{"sigma": 0.49057020643536786, "lr": 0.0006863743061442156, "l2_lambda": 0.004867987902118357, "batch_size": 120}