{"sigma": 0.2609000241355098, "lr": 0.00019498853608195693, "l2_lambda": 0.009111565016822436, "batch_size": 21}