{"sigma": 0.3168665019027364, "lr": 0.0006765530399932214, "l2_lambda": 0.0018122057391667748, "batch_size": 32}