{"sigma": 0.7823062785910423, "lr": 0.01021513707363112, "l2_lambda": 0.008741674380458765, "batch_size": 23}