{"sigma": 0.5820059756484536, "lr": 0.012202982872900756, "l2_lambda": 0.00448617577920426, "batch_size": 37}