{"sigma": 0.8210370306589062, "lr": 0.00010454503027796179, "l2_lambda": 0.008962605032074302, "batch_size": 35}