{"sigma": 0.4260542320464951, "lr": 0.0001138670804479991, "l2_lambda": 0.002327588195815255, "batch_size": 24}