{"sigma": 0.5578667755652773, "lr": 0.0009567428671370953, "l2_lambda": 0.009501433083731867, "batch_size": 81}