{"sigma": 0.1225326243751423, "lr": 0.06449349782478732, "l2_lambda": 0.00679133901250084, "batch_size": 36}