{"sigma": 0.9524117276380089, "lr": 0.0109177343853355, "l2_lambda": 0.004400402856739412, "batch_size": 19}