{"sigma": 0.49723186802822317, "lr": 0.0028000998402246814, "l2_lambda": 0.0019323399279576586, "batch_size": 20}