{"sigma": 0.6488798494482411, "lr": 1.5317227676281503e-05, "l2_lambda": 0.004248116073164983, "batch_size": 17}