{"sigma": 0.8288911219998389, "lr": 0.026487265002797127, "l2_lambda": 0.0029234745857593626, "batch_size": 51}