{"sigma": 0.705070209450982, "lr": 0.0004217918406455797, "l2_lambda": 0.007280977711831954, "batch_size": 42}