{"sigma": 0.6557895996708526, "lr": 0.012422231440198139, "l2_lambda": 0.0057935806960670065, "batch_size": 61}