{"sigma": 0.7768747192747947, "lr": 3.0039534192147295e-05, "l2_lambda": 4.001613075579155e-05, "batch_size": 35}