{"sigma": 0.45323696569870764, "lr": 0.0034424330148016763, "l2_lambda": 0.0086458920845354, "batch_size": 81}