{"sigma": 0.8152698562647636, "lr": 0.00017364882096644683, "l2_lambda": 0.0029614830215981052, "batch_size": 125}