{"sigma": 0.6825530525069552, "lr": 0.08557787259938933, "l2_lambda": 0.0062147586138853765, "batch_size": 62}