{"sigma": 0.8027488104321152, "lr": 0.008233617934472305, "l2_lambda": 0.005221728566476687, "batch_size": 75}