{"sigma": 0.5238449750280652, "lr": 0.00017909161685778592, "l2_lambda": 0.0013343272387242847, "batch_size": 48}