{"sigma": 0.20074965162904945, "lr": 0.00018740968809804345, "l2_lambda": 0.007122462837557928, "batch_size": 24}