{"sigma": 0.46872087200302504, "lr": 0.00024272463575302386, "l2_lambda": 0.0064538079593186365, "batch_size": 31}