{"sigma": 0.6441491538621, "lr": 2.4200326172332635e-05, "l2_lambda": 0.009038628182010268, "batch_size": 93}