{"sigma": 0.5838454416839037, "lr": 0.00020730820561985511, "l2_lambda": 0.005297947027202762, "batch_size": 38}