{"sigma": 0.8004540308493862, "lr": 0.005871569432864296, "l2_lambda": 0.003735263704560841, "batch_size": 45}