{"sigma": 0.22310814815857094, "lr": 1.4706035922832657e-05, "l2_lambda": 0.008365267681593432, "batch_size": 63}