{"sigma": 0.12335375866801072, "lr": 0.00011940740995244214, "l2_lambda": 0.008253353858886925, "batch_size": 108}