{"sigma": 0.6460673995242712, "lr": 0.04354133489278701, "l2_lambda": 0.009948071610708422, "batch_size": 22}