{"sigma": 0.6964012810788272, "lr": 0.0006120542132501045, "l2_lambda": 0.007660431351715925, "batch_size": 31}