{"sigma": 0.8639278301574823, "lr": 0.0023716504501923737, "l2_lambda": 0.0038812662457711525, "batch_size": 114}