{"sigma": 0.11795003380525523, "lr": 1.0993782139522327e-05, "l2_lambda": 0.006878817719902249, "batch_size": 71}