{"sigma": 0.22155445243389213, "lr": 0.006887326028605237, "l2_lambda": 0.0022072892066374705, "batch_size": 68}