{"sigma": 0.6894293679930267, "lr": 0.0031092315031889498, "l2_lambda": 0.009476216207596271, "batch_size": 53}