{"sigma": 0.20777095893126943, "lr": 0.001022400687262174, "l2_lambda": 0.0014960400383320592, "batch_size": 42}