{"sigma": 0.6499943176521983, "lr": 0.044575192917389414, "l2_lambda": 0.0029083144723735755, "batch_size": 52}