{"sigma": 0.12939569566046316, "lr": 0.05460958214219348, "l2_lambda": 0.0012029405306804594, "batch_size": 76}