{"sigma": 0.04783380355109396, "lr": 0.033336971199648645, "l2_lambda": 0.0013532867271803483, "batch_size": 28}