{"sigma": 0.11500749539657014, "lr": 0.029956222817324817, "l2_lambda": 0.0014175603651350836, "batch_size": 67}