{"sigma": 0.9285002680863969, "lr": 0.013548821573416452, "l2_lambda": 0.007704971233630775, "batch_size": 41}