{"sigma": 0.6407441014659314, "lr": 0.002682252108933548, "l2_lambda": 0.0025322927801353016, "batch_size": 38}