{"sigma": 0.48299199357444444, "lr": 0.05936403410057518, "l2_lambda": 0.006959818163816036, "batch_size": 46}