{"sigma": 0.5946196721417746, "lr": 0.0006254862006552939, "l2_lambda": 0.004812486735222403, "batch_size": 35}