{"sigma": 0.8609062885533942, "lr": 2.0585600317951853e-05, "l2_lambda": 0.008567234362478473, "batch_size": 57}