{"sigma": 0.3768639459894783, "lr": 0.08884254902076215, "l2_lambda": 0.009945107827874762, "batch_size": 27}