{"sigma": 0.6275091669415455, "lr": 0.0006383779586184985, "l2_lambda": 0.004370499631010752, "batch_size": 45}