{"sigma": 0.32351523198516835, "lr": 0.0022732155485825794, "l2_lambda": 0.003577116264306051, "batch_size": 66}