{"sigma": 0.6441212245842777, "lr": 4.517368240423153e-05, "l2_lambda": 0.0013294364858063117, "batch_size": 66}