{"sigma": 0.9657961580041547, "lr": 0.021732848672781177, "l2_lambda": 0.0037410675202931, "batch_size": 38}