{"sigma": 0.03947418583991441, "lr": 0.0625398621863271, "l2_lambda": 0.0003519725334730421, "batch_size": 61}