{"sigma": 0.9614898864195255, "lr": 0.049209251534941593, "l2_lambda": 0.0010655068867477181, "batch_size": 17}