{"sigma": 0.9457667993332607, "lr": 0.0006630553863337628, "l2_lambda": 0.0030478961438366366, "batch_size": 21}