{"sigma": 0.5765840884985883, "lr": 0.00010402260782563393, "l2_lambda": 0.009518508377870698, "batch_size": 16}