{"sigma": 0.3195587149460032, "lr": 2.5532523891730994e-05, "l2_lambda": 0.0031916743892592236, "batch_size": 43}