{"sigma": 0.34760351537618717, "lr": 0.0001337657518293423, "l2_lambda": 0.002968406191378506, "batch_size": 80}