{"sigma": 0.7949856809169671, "lr": 1.647043506075388e-05, "l2_lambda": 0.004571230622129842, "batch_size": 19}