{"sigma": 0.3089909140904243, "lr": 0.009609706600979696, "l2_lambda": 0.009212158977682627, "batch_size": 81}