{"sigma": 0.9262839622239913, "lr": 0.0005091442583449318, "l2_lambda": 0.005227982705542925, "batch_size": 93}