{"sigma": 0.345187731462157, "lr": 0.08263286356278286, "l2_lambda": 0.0030496413546103264, "batch_size": 19}