{"sigma": 0.8981250339691386, "lr": 1.8692538744659066e-05, "l2_lambda": 0.004615121742732558, "batch_size": 29}