{"sigma": 0.9119813191991243, "lr": 0.011557835469193155, "l2_lambda": 0.0006817898596094184, "batch_size": 28}