{"sigma": 0.7474950463995316, "lr": 0.007358224436778927, "l2_lambda": 0.009291197936415812, "batch_size": 17}