{"sigma": 0.8599853412568194, "lr": 0.0014112040129395937, "l2_lambda": 0.006376315371712812, "batch_size": 108}