{"sigma": 0.110326046303063, "lr": 0.0001388305328735846, "l2_lambda": 0.009234744263317668, "batch_size": 102}