{"sigma": 0.030651402627471548, "lr": 0.08400362365383326, "l2_lambda": 0.0015433946908686214, "batch_size": 126}