{"sigma": 0.6776407498362519, "lr": 5.88687135358728e-05, "l2_lambda": 0.005802898568836661, "batch_size": 86}