{"sigma": 0.3998437174744238, "lr": 6.629121838269914e-05, "l2_lambda": 0.0017569515077306543, "batch_size": 111}