{"sigma": 0.27184714145122774, "lr": 0.0006307445349054392, "l2_lambda": 0.008282658138396612, "batch_size": 83}