{"sigma": 0.05538219748285035, "lr": 0.012674821269714176, "l2_lambda": 0.006634951959587684, "batch_size": 26}