{"sigma": 0.9747265958570773, "lr": 0.007350552191514154, "l2_lambda": 0.005191555530749423, "batch_size": 109}