{"sigma": 0.026059056841630755, "lr": 2.495636221528506e-05, "l2_lambda": 0.005642190211149667, "batch_size": 57}