{"sigma": 0.9413350681116232, "lr": 0.05853884730766048, "l2_lambda": 0.0015074748713994487, "batch_size": 87}