{"sigma": 0.8045072115003968, "lr": 1.5804810443534836e-05, "l2_lambda": 0.0023664874186972522, "batch_size": 19}