{"sigma": 0.8635036013193533, "lr": 0.0002512866420312619, "l2_lambda": 0.00030655611016563766, "batch_size": 43}