{"sigma": 0.31007939145007907, "lr": 2.2641370351843267e-05, "l2_lambda": 0.005859129617746454, "batch_size": 76}