{"sigma": 0.3016629050545912, "lr": 0.007403497086490737, "l2_lambda": 0.007301556735291545, "batch_size": 41}