{"sigma": 0.994196498408557, "lr": 0.0020930289314432826, "l2_lambda": 0.005526989464465376, "batch_size": 27}