{"sigma": 0.8242409159198255, "lr": 0.00048426107670025546, "l2_lambda": 0.008190050713172959, "batch_size": 67}