{"sigma": 0.041524213082655415, "lr": 3.298666921590847e-05, "l2_lambda": 0.0025822174562546087, "batch_size": 16}