{"sigma": 0.6041249381080878, "lr": 1.1306370292393793e-05, "l2_lambda": 0.0065247605339268855, "batch_size": 51}