{"sigma": 0.6098448610920987, "lr": 0.0017132205859587244, "l2_lambda": 0.007324004297906308, "batch_size": 33}