{"sigma": 0.6409638606275719, "lr": 1.3111830452833972e-05, "l2_lambda": 0.0043145225602007065, "batch_size": 31}