{"sigma": 0.6573641993975456, "lr": 0.029381350013695177, "l2_lambda": 0.0077851982033640766, "batch_size": 30}