{"sigma": 0.2415733055510337, "lr": 0.001687101690379385, "l2_lambda": 0.008920257535476185, "batch_size": 33}