{"sigma": 0.10219239984844337, "lr": 0.001020044961122971, "l2_lambda": 0.008117675208731415, "batch_size": 31}