{"sigma": 0.7338114668392164, "lr": 5.862582145250706e-05, "l2_lambda": 0.009596353962064756, "batch_size": 68}