{"sigma": 0.5225186416528911, "lr": 0.035530347436128845, "l2_lambda": 0.0020895827609571766, "batch_size": 95}