{"sigma": 0.09970756015970998, "lr": 0.06673462633857401, "l2_lambda": 0.00029009493017020737, "batch_size": 24}