{"sigma": 0.04284556613582859, "lr": 0.03746064765991681, "l2_lambda": 0.00583441961084651, "batch_size": 21}