{"sigma": 0.7337308237229755, "lr": 0.0017955385377985411, "l2_lambda": 0.006086436053797618, "batch_size": 44}