{"sigma": 0.8079017658900121, "lr": 0.00019660517325952167, "l2_lambda": 0.0030531026111964292, "batch_size": 20}