{"sigma": 0.17929142822053287, "lr": 0.000310412648633394, "l2_lambda": 0.0025262646536893963, "batch_size": 90}