{"sigma": 0.7349809517731897, "lr": 0.07344147870598676, "l2_lambda": 0.002858329683137226, "batch_size": 62}