{"sigma": 0.9099201869370376, "lr": 0.0037363806098113777, "l2_lambda": 0.009935681832758928, "batch_size": 17}