{"sigma": 0.9164631027261286, "lr": 2.77386366097714e-05, "l2_lambda": 0.0030862414536728913, "batch_size": 42}