{"sigma": 0.41153888948423756, "lr": 3.318569092564196e-05, "l2_lambda": 0.0012510430337750943, "batch_size": 71}