{"sigma": 0.7560579209664285, "lr": 0.00027525920387462104, "l2_lambda": 0.009587747746996209, "batch_size": 122}