{"sigma": 0.5242650874455108, "lr": 0.00011403401833197868, "l2_lambda": 0.00895519338542677, "batch_size": 40}