{"sigma": 0.2942170923255374, "lr": 0.003363502326157299, "l2_lambda": 0.009048810083654513, "batch_size": 18}