{"sigma": 0.4699420220515996, "lr": 0.01689250186008897, "l2_lambda": 0.004100294469027711, "batch_size": 26}