{"sigma": 0.356732517988961, "lr": 0.0006071366910070347, "l2_lambda": 0.008967782916318444, "batch_size": 90}