{"sigma": 0.31900100826150835, "lr": 0.0012644985524045262, "l2_lambda": 0.009321996630768827, "batch_size": 96}