{"sigma": 0.20914708613795638, "lr": 1.1903230025205453e-05, "l2_lambda": 0.005606181157260252, "batch_size": 91}