{"sigma": 0.8969035877176235, "lr": 0.00016757273773251497, "l2_lambda": 0.002983172963666841, "batch_size": 27}