{"sigma": 0.44570722912587324, "lr": 0.09458339903778067, "l2_lambda": 0.0067778872388820285, "batch_size": 96}