{"sigma": 0.3214371449384595, "lr": 0.01898386140117539, "l2_lambda": 0.007870055541515373, "batch_size": 80}