{"sigma": 0.9265503267768467, "lr": 8.215030522786039e-05, "l2_lambda": 0.009864452343297928, "batch_size": 41}