{"sigma": 0.6820887489046635, "lr": 0.0888744017979665, "l2_lambda": 0.00016307900842580454, "batch_size": 40}