{"sigma": 0.35165981303196986, "lr": 1.25116282856717e-05, "l2_lambda": 0.001003989160223991, "batch_size": 17}