{"sigma": 0.10131098625780245, "lr": 0.0024154634448609155, "l2_lambda": 0.005029671930249256, "batch_size": 53}