{"sigma": 0.013457830730329433, "lr": 0.0017579836365842238, "l2_lambda": 0.0007108956981472182, "batch_size": 50}