{"sigma": 0.23724248300720563, "lr": 0.06413567347336883, "l2_lambda": 0.008732140310985372, "batch_size": 102}