{"sigma": 0.7057118750647314, "lr": 1.1405917021783602e-05, "l2_lambda": 0.007374535202460634, "batch_size": 73}