{"sigma": 0.16934328474402743, "lr": 2.6452840215657873e-05, "l2_lambda": 0.003449268763225471, "batch_size": 18}