{"sigma": 0.9414075301739838, "lr": 0.0015080737073746148, "l2_lambda": 0.00843430838593908, "batch_size": 56}