{"sigma": 0.1126773154222489, "lr": 0.008466199380680915, "l2_lambda": 0.006794510839886402, "batch_size": 17}