{"sigma": 0.7249794090494248, "lr": 1.1769953200494693e-05, "l2_lambda": 0.0011426282554545556, "batch_size": 124}