{"sigma": 0.33595008518085345, "lr": 0.005841247463936484, "l2_lambda": 0.002225262424587323, "batch_size": 112}