{"sigma": 0.974588774554049, "lr": 0.0038002148193446647, "l2_lambda": 0.002080551056298543, "batch_size": 41}