{"sigma": 0.392052512881099, "lr": 0.0503083246426918, "l2_lambda": 0.006553829908959309, "batch_size": 85}