{"sigma": 0.38525393845751277, "lr": 0.00016486495385495113, "l2_lambda": 0.007113632337125087, "batch_size": 97}