{"sigma": 0.6499135782317694, "lr": 1.5508323083129414e-05, "l2_lambda": 0.00869270130628681, "batch_size": 96}