{"sigma": 0.11153070982393888, "lr": 0.006516175046675784, "l2_lambda": 0.006441207380500605, "batch_size": 49}