{"sigma": 0.5185358597336127, "lr": 0.006559568631161125, "l2_lambda": 0.00759711730358843, "batch_size": 17}