{"sigma": 0.7505357180747758, "lr": 3.695673538506195e-05, "l2_lambda": 0.004835608491642513, "batch_size": 23}