{"sigma": 0.4771672155629795, "lr": 0.0003507912656036191, "l2_lambda": 0.0023841859183083482, "batch_size": 70}