{"sigma": 0.30778100286282983, "lr": 0.0773434983930118, "l2_lambda": 0.000757011037879007, "batch_size": 39}