{"sigma": 0.7676201076847634, "lr": 0.00381069744588752, "l2_lambda": 0.00888121745287267, "batch_size": 84}