{"sigma": 0.8774817572458832, "lr": 0.034247117899512305, "l2_lambda": 0.0011712814542219226, "batch_size": 26}