{"sigma": 0.6401684342094527, "lr": 0.021513609645217768, "l2_lambda": 0.0077488012819859195, "batch_size": 24}