{"sigma": 0.7378538937965722, "lr": 9.614511720746766e-05, "l2_lambda": 0.005525145286911983, "batch_size": 42}