{"sigma": 0.5168929215486381, "lr": 0.0010139960813231584, "l2_lambda": 0.00913391131999814, "batch_size": 31}