{"sigma": 0.3179722855045406, "lr": 0.01837681128603133, "l2_lambda": 0.005103230708497781, "batch_size": 21}