{"sigma": 0.9640053506358094, "lr": 0.0019997466595788323, "l2_lambda": 0.0012577160409589878, "batch_size": 47}