{"sigma": 0.6358075156674007, "lr": 0.0032517800340839628, "l2_lambda": 0.004354515286870894, "batch_size": 106}