{"sigma": 0.4969638050206499, "lr": 0.08569956011695451, "l2_lambda": 0.004167107699092479, "batch_size": 20}