{"sigma": 0.6841584931628845, "lr": 0.021842516440519148, "l2_lambda": 0.007741462948137515, "batch_size": 28}