{"sigma": 0.1573391327569078, "lr": 0.004914175094327777, "l2_lambda": 0.00976247551067719, "batch_size": 69}