{"sigma": 0.22135894007669452, "lr": 0.0009370322967152042, "l2_lambda": 0.0084695133208378, "batch_size": 63}