{"sigma": 0.9122748743910121, "lr": 1.7555259132360264e-05, "l2_lambda": 0.006491472335413068, "batch_size": 76}