{"sigma": 0.30564065500268756, "lr": 0.040672676332791514, "l2_lambda": 0.008382429248623322, "batch_size": 74}