{"sigma": 0.23995639593810586, "lr": 0.07742497045290357, "l2_lambda": 0.004599076755246118, "batch_size": 24}