{"sigma": 0.779947762084309, "lr": 0.0002084658367214207, "l2_lambda": 0.009408712708853474, "batch_size": 29}