{"sigma": 0.9745369929252171, "lr": 1.2688916040332616e-05, "l2_lambda": 0.0023109713787874547, "batch_size": 21}