{"sigma": 0.4039988903150991, "lr": 0.0030091668953512426, "l2_lambda": 0.00894692720133144, "batch_size": 19}