{"sigma": 0.03362115556333282, "lr": 2.3545202653494706e-05, "l2_lambda": 0.008367507639869107, "batch_size": 104}