{"sigma": 0.44136844737969805, "lr": 0.018660467942398114, "l2_lambda": 0.009971600061859829, "batch_size": 44}