{"sigma": 0.5043351282766172, "lr": 0.00022559619970969437, "l2_lambda": 0.005904393396575786, "batch_size": 69}