{"sigma": 0.7324478169507513, "lr": 1.8671738628323907e-05, "l2_lambda": 0.0021221394730574347, "batch_size": 89}