{"sigma": 0.5698066106617908, "lr": 0.002530632744398277, "l2_lambda": 0.009160245995230376, "batch_size": 16}