{"sigma": 0.3328244506186886, "lr": 0.06129478514909071, "l2_lambda": 0.007688239382597573, "batch_size": 16}