{"sigma": 0.09742503672679988, "lr": 0.01619220140743179, "l2_lambda": 0.0014651180340617942, "batch_size": 33}