{"sigma": 0.026729049477757894, "lr": 9.620587979007687e-05, "l2_lambda": 0.009628917217358115, "batch_size": 52}