{"sigma": 0.6661338129930826, "lr": 0.00042434775473061746, "l2_lambda": 0.00716371544013168, "batch_size": 16}