{"sigma": 0.1810955286324341, "lr": 7.450864417830073e-05, "l2_lambda": 0.008689461783242897, "batch_size": 21}