{"sigma": 0.1533584519940314, "lr": 0.028669117920072425, "l2_lambda": 0.004947013926437337, "batch_size": 105}