{"sigma": 0.42603783175056126, "lr": 2.4954857615712667e-05, "l2_lambda": 0.009662769753505131, "batch_size": 47}