{"sigma": 0.22832934294115653, "lr": 0.00019721562877983846, "l2_lambda": 0.006738719899549003, "batch_size": 83}