{"sigma": 0.4141251269801781, "lr": 0.0007880717381412238, "l2_lambda": 0.005032807899974983, "batch_size": 36}