{"sigma": 0.5816693747821188, "lr": 0.0020477227206922017, "l2_lambda": 0.0036564261829445293, "batch_size": 86}