{"sigma": 0.29839201705620255, "lr": 0.0015013403640200343, "l2_lambda": 0.004851078638959576, "batch_size": 21}