{"sigma": 0.5794326264642655, "lr": 0.03450932169504819, "l2_lambda": 0.003553909816322596, "batch_size": 67}