{"sigma": 0.516566404587278, "lr": 0.010332014603173002, "l2_lambda": 0.002115256752478618, "batch_size": 20}