{"sigma": 0.5050249455973282, "lr": 0.00042835372213993837, "l2_lambda": 0.0066544522954784645, "batch_size": 25}