{"sigma": 0.45345691008403155, "lr": 3.763376486628694e-05, "l2_lambda": 0.0017589672312987106, "batch_size": 104}