{"sigma": 0.4144508513549747, "lr": 0.03626772436174551, "l2_lambda": 0.006999895998134042, "batch_size": 69}