{"sigma": 0.4099301086273617, "lr": 6.174300389552046e-05, "l2_lambda": 0.000545567009363964, "batch_size": 112}