{"sigma": 0.06636808774363669, "lr": 2.585416847466875e-05, "l2_lambda": 0.007000212101950621, "batch_size": 17}