{"sigma": 0.6390662865372964, "lr": 0.0009591391691428024, "l2_lambda": 0.006988408876873861, "batch_size": 41}