{"sigma": 0.06197083200056753, "lr": 0.0617330643467598, "l2_lambda": 0.006974022254273266, "batch_size": 119}