{"sigma": 0.7010664876190271, "lr": 0.08129496293038418, "l2_lambda": 0.0061716508006198455, "batch_size": 87}