{"sigma": 0.5068217727410036, "lr": 2.187019012892719e-05, "l2_lambda": 0.005835715907163278, "batch_size": 101}