{"sigma": 0.6994612218533631, "lr": 0.007043848858967417, "l2_lambda": 0.0014033623958894872, "batch_size": 23}