{"sigma": 0.17202496928768318, "lr": 3.5692417183470423e-05, "l2_lambda": 0.0020639246341108267, "batch_size": 29}