{"sigma": 0.2979612480598264, "lr": 0.012988452777923357, "l2_lambda": 0.004819900026917534, "batch_size": 87}