{"sigma": 0.6994145649493362, "lr": 0.0016250056935659576, "l2_lambda": 0.0017957932943662256, "batch_size": 64}