{"sigma": 0.7499279965545855, "lr": 7.419811606780181e-05, "l2_lambda": 0.008316724226429272, "batch_size": 38}