{"sigma": 0.6798389805408718, "lr": 0.03694942750468798, "l2_lambda": 0.005878491410633612, "batch_size": 54}