{"sigma": 0.9719602364624119, "lr": 0.010358182595548663, "l2_lambda": 0.0012649387220354134, "batch_size": 30}