{"sigma": 0.7665345344772241, "lr": 2.7493501566316298e-05, "l2_lambda": 0.005833261745555273, "batch_size": 90}