{"sigma": 0.872482873520798, "lr": 2.8328902127214064e-05, "l2_lambda": 0.0039041226947396433, "batch_size": 35}