{"sigma": 0.2520256721424228, "lr": 0.0009200165073209132, "l2_lambda": 0.0006512944209696774, "batch_size": 16}