{"sigma": 0.5596152033308444, "lr": 0.0006705479221544552, "l2_lambda": 0.0003826645256973082, "batch_size": 34}