{"sigma": 0.7130210726445656, "lr": 0.043902345640843235, "l2_lambda": 0.0036113177184446074, "batch_size": 74}