{"sigma": 0.44317574511722174, "lr": 0.0033102067808889147, "l2_lambda": 0.00363010091611736, "batch_size": 99}