{"sigma": 0.3874541240892332, "lr": 0.00015984937647805922, "l2_lambda": 0.00850237904814819, "batch_size": 35}