{"sigma": 0.857067181694543, "lr": 2.6707689504680975e-05, "l2_lambda": 0.007803110061069987, "batch_size": 113}