{"sigma": 0.8042644200362803, "lr": 0.001444495683518978, "l2_lambda": 0.003013882881346456, "batch_size": 128}