{"sigma": 0.12028940994822948, "lr": 3.732532875668803e-05, "l2_lambda": 0.004129243774982902, "batch_size": 82}