{"sigma": 0.868497651241159, "lr": 0.0027357141597395104, "l2_lambda": 0.003318001165550416, "batch_size": 56}