{"sigma": 0.9643822519028854, "lr": 0.0004860847962478945, "l2_lambda": 0.0017380527586117172, "batch_size": 29}