{"sigma": 0.9051213232306099, "lr": 0.003391221400271674, "l2_lambda": 0.008961161247079045, "batch_size": 27}