{"sigma": 0.22243101114555983, "lr": 1.0865203547345247e-05, "l2_lambda": 0.003026103278762919, "batch_size": 36}