{"sigma": 0.4628720328764563, "lr": 0.013074005796271696, "l2_lambda": 0.003976832261803772, "batch_size": 18}