{"sigma": 0.1777927683663975, "lr": 0.0002537109598719307, "l2_lambda": 0.009139361600688851, "batch_size": 19}