{"sigma": 0.2731589376393063, "lr": 6.341372217457924e-05, "l2_lambda": 0.006428196518764474, "batch_size": 33}