{"sigma": 0.42644670119032724, "lr": 0.0013848535438083216, "l2_lambda": 0.008593005062187572, "batch_size": 29}