{"sigma": 0.34099117803676443, "lr": 0.018345351409485962, "l2_lambda": 0.008618434625439335, "batch_size": 115}