{"sigma": 0.4932846477060855, "lr": 0.00013299518674544152, "l2_lambda": 0.0023184790692159004, "batch_size": 47}