{"sigma": 0.9604368710033021, "lr": 8.478522669198798e-05, "l2_lambda": 0.0005778809537012842, "batch_size": 77}