{"sigma": 0.33292155497140946, "lr": 2.660679364800149e-05, "l2_lambda": 0.0024919071373859197, "batch_size": 29}