{"sigma": 0.6350100948503339, "lr": 0.00019427982033301812, "l2_lambda": 0.006808575217116128, "batch_size": 30}