{"sigma": 0.7239940981315816, "lr": 0.0007863412308976121, "l2_lambda": 0.006031058355277387, "batch_size": 64}