{"sigma": 0.9393712375253234, "lr": 0.003247538568077813, "l2_lambda": 0.008098926618024587, "batch_size": 33}