{"sigma": 0.8893586523980513, "lr": 2.5751142330118765e-05, "l2_lambda": 0.008016404078929782, "batch_size": 51}