{"sigma": 0.8852178024194534, "lr": 0.026418553781208092, "l2_lambda": 0.009731738326266878, "batch_size": 30}