{"sigma": 0.17147794374139846, "lr": 1.7340748725708084e-05, "l2_lambda": 0.007369296069861418, "batch_size": 124}