{"sigma": 0.3238029378829595, "lr": 0.00012596324994037876, "l2_lambda": 0.004508313452341788, "batch_size": 56}