{"sigma": 0.11676856938287407, "lr": 0.00020029774797915577, "l2_lambda": 0.006137653724511395, "batch_size": 36}