{"sigma": 0.3102022760868611, "lr": 0.0027104438581008012, "l2_lambda": 0.0020385087645989402, "batch_size": 30}