{"sigma": 0.0326783191870368, "lr": 0.0270326372805678, "l2_lambda": 0.001420148293059148, "batch_size": 83}