{"sigma": 0.8181920653903757, "lr": 0.00038431357891937593, "l2_lambda": 0.00432192003462139, "batch_size": 63}