{"sigma": 0.5953493652021499, "lr": 0.0002930859293677387, "l2_lambda": 3.705756279830182e-05, "batch_size": 20}