{"sigma": 0.5479198240065436, "lr": 4.6233623542497295e-05, "l2_lambda": 0.008772147591141094, "batch_size": 41}