{"sigma": 0.9073641701695845, "lr": 0.0001872570646337084, "l2_lambda": 0.0027402159779985175, "batch_size": 31}