{"sigma": 0.30521803574871503, "lr": 6.075741308098365e-05, "l2_lambda": 0.006032906543804914, "batch_size": 35}