{"sigma": 0.7290129816402513, "lr": 1.6857735226739633e-05, "l2_lambda": 0.0015084680127754222, "batch_size": 39}