{"max_depth": 6, "learning_rate": 0.18250192235365242, "subsample": 0.7923143825592462, "colsample_bytree": 0.5526569260889291, "gamma": 1.0932596893189777, "lambda": 0.006879732766951841, "alpha": 0.015666048010769908}