{"max_depth": 10, "learning_rate": 0.10442902625155376, "subsample": 0.7408552017807045, "colsample_bytree": 0.6014229286523765, "gamma": 2.011514940803656, "lambda": 1.8670919944473093e-08, "alpha": 2.1627548497274863e-07}