{"max_depth": 9, "learning_rate": 0.271703706106152, "subsample": 0.8336503515136187, "colsample_bytree": 0.7075940717654189, "gamma": 2.77471697297953, "lambda": 0.2317740932176643, "alpha": 8.287641360787184e-05}