{"max_depth": 9, "learning_rate": 0.20485163499288933, "subsample": 0.8144199376057517, "colsample_bytree": 0.810765838831585, "gamma": 3.5873296924268456, "lambda": 0.0011846020085614975, "alpha": 5.3080135233557877e-08}