{"max_depth": 3, "learning_rate": 0.10671545683980672, "subsample": 0.6797147201453924, "colsample_bytree": 0.9597887869427213, "gamma": 1.2208010701170835, "lambda": 0.08096013819469894, "alpha": 0.00149546756108029}