{"max_depth": 6, "learning_rate": 0.12529038623308722, "subsample": 0.7936181876734832, "colsample_bytree": 0.9800665795674695, "gamma": 1.2262339578465875, "lambda": 0.27079807211657986, "alpha": 6.811086512481968e-05}