{"max_depth": 10, "learning_rate": 0.11316941810444912, "subsample": 0.8874915276985522, "colsample_bytree": 0.6357440128501343, "gamma": 3.154653035770628, "lambda": 1.5032054566679836e-05, "alpha": 7.2655088368045665e-06}