{"max_depth": 5, "learning_rate": 0.02686246326623716, "subsample": 0.7982479807371735, "colsample_bytree": 0.6258657041969409, "gamma": 2.4923729008828897, "lambda": 1.9942118367549078e-08, "alpha": 1.4976567494605444e-08}