{"max_depth": 5, "learning_rate": 0.24393467761100546, "subsample": 0.8426354963131195, "colsample_bytree": 0.907416994352386, "gamma": 0.7592562451778212, "lambda": 0.0028217797081415844, "alpha": 0.0029554171107311414}