{"max_depth": 4, "learning_rate": 0.0854143193579961, "subsample": 0.7542713144730468, "colsample_bytree": 0.6000319490021503, "gamma": 4.9272957059037905, "lambda": 1.092419348866437e-05, "alpha": 4.0571430093904214e-07}