{"max_depth": 3, "learning_rate": 0.1354959229976671, "subsample": 0.6557402644116075, "colsample_bytree": 0.7448027307859117, "gamma": 3.949107232807381, "lambda": 1.703172335477548e-05, "alpha": 0.00024736586145042}