{"max_depth": 10, "learning_rate": 0.06499597575730383, "subsample": 0.5902402737705384, "colsample_bytree": 0.9873908713089458, "gamma": 3.7790312320036628, "lambda": 6.626523232977188e-07, "alpha": 0.014807930538416688}