{"max_depth": 9, "learning_rate": 0.030345303246647998, "subsample": 0.7555200341727435, "colsample_bytree": 0.7664762679008308, "gamma": 0.46028058371165637, "lambda": 0.19518263299192337, "alpha": 0.5796038259019792}