{"max_depth": 9, "learning_rate": 0.18457468373069646, "subsample": 0.7956911252504597, "colsample_bytree": 0.7758272177024054, "gamma": 2.5785919381228517, "lambda": 0.00927215659018612, "alpha": 5.858816348794857e-08}