{"max_depth": 8, "learning_rate": 0.1634024438914408, "subsample": 0.8922201196545276, "colsample_bytree": 0.6618915538811092, "gamma": 2.6341262202695144, "lambda": 0.07206781722520103, "alpha": 0.32274608516499687}