{"max_depth": 10, "learning_rate": 0.18686002590762552, "subsample": 0.9665712432176644, "colsample_bytree": 0.505686688381814, "gamma": 4.115347158748658, "lambda": 1.0516039855091085e-07, "alpha": 2.6226613801916645e-06}