{"max_depth": 8, "learning_rate": 0.07715401177822939, "subsample": 0.8973092906039146, "colsample_bytree": 0.5104919735154219, "gamma": 3.0313743084762597, "lambda": 0.2115061832330086, "alpha": 4.71233139038349e-06}