{"max_depth": 5, "learning_rate": 0.1626214132151248, "subsample": 0.8424175488480757, "colsample_bytree": 0.960589018568943, "gamma": 3.0698192510743656, "lambda": 4.081814115195166e-05, "alpha": 5.375945883651839e-07}