{"max_depth": 6, "learning_rate": 0.2612994404871357, "subsample": 0.6025884403858688, "colsample_bytree": 0.6424803923402763, "gamma": 1.496116546995343, "lambda": 1.2534732449070614e-05, "alpha": 0.279409127610517}