{"max_depth": 8, "learning_rate": 0.05875656491553429, "subsample": 0.5860627413395785, "colsample_bytree": 0.8720773583244346, "gamma": 4.556571488559655, "lambda": 0.06626325276664026, "alpha": 2.4280091074856426e-08}