{"max_depth": 5, "learning_rate": 0.09913658429717652, "subsample": 0.9623167003435193, "colsample_bytree": 0.5502551114119771, "gamma": 0.47254429099692297, "lambda": 0.0009485205276970604, "alpha": 0.07436632908751545}