{"max_depth": 8, "learning_rate": 0.12719003345871738, "subsample": 0.6473535384533994, "colsample_bytree": 0.5218029472163321, "gamma": 2.8214914066441787, "lambda": 2.3973944925661493e-08, "alpha": 0.004686004527434387}