{"max_depth": 5, "learning_rate": 0.049885547930590794, "subsample": 0.5933392407319513, "colsample_bytree": 0.7886071984447917, "gamma": 2.1142314535441487, "lambda": 1.7966777812296816e-05, "alpha": 0.9277802013102233}