{"max_depth": 7, "learning_rate": 0.15152111365683937, "subsample": 0.5376911492222997, "colsample_bytree": 0.60026332745271, "gamma": 2.0750445873736902, "lambda": 8.068061709054069e-05, "alpha": 0.0020448233426986965}