{"max_depth": 7, "learning_rate": 0.2599490348064112, "subsample": 0.7990569849169344, "colsample_bytree": 0.6964044944113934, "gamma": 4.948811610062122, "lambda": 0.020137916209058096, "alpha": 0.0005955293559584359}