{"max_depth": 4, "learning_rate": 0.18615153204262244, "subsample": 0.645400563744149, "colsample_bytree": 0.8914071872557716, "gamma": 4.3485407338018, "lambda": 0.0006682920645880818, "alpha": 1.6014865580287212e-07}