{"max_depth": 8, "learning_rate": 0.19759609963808897, "subsample": 0.8731333659798727, "colsample_bytree": 0.5344523951054476, "gamma": 1.6487419215347048, "lambda": 0.10672160250115884, "alpha": 0.3260048956326108}