{"max_depth": 9, "learning_rate": 0.25715738838613905, "subsample": 0.8712658219262337, "colsample_bytree": 0.5307589152444958, "gamma": 3.563709432467563, "lambda": 1.0732597025937353e-06, "alpha": 4.5197829042141895e-08}