{"max_depth": 4, "learning_rate": 0.06129614237428166, "subsample": 0.9884471905545085, "colsample_bytree": 0.8777524692338678, "gamma": 3.809745698724732, "lambda": 4.908905176994078e-07, "alpha": 0.00010025762765669597}