{"max_depth": 6, "learning_rate": 0.12458403737914606, "subsample": 0.9015737583389085, "colsample_bytree": 0.508551396430949, "gamma": 4.246559077321468, "lambda": 0.06235117313960456, "alpha": 0.0011953697666893482}