{"max_depth": 10, "learning_rate": 0.0385358197868513, "subsample": 0.7355514942692808, "colsample_bytree": 0.6085580247073337, "gamma": 4.134383053321878, "lambda": 0.019417241016949093, "alpha": 0.36420909120154377}