{"max_depth": 9, "learning_rate": 0.14400226625343898, "subsample": 0.5825805896484432, "colsample_bytree": 0.5410501008996143, "gamma": 1.1068900971550721, "lambda": 0.49632991474889715, "alpha": 0.0035647284742636558}