{"max_depth": 8, "learning_rate": 0.2307082599359083, "subsample": 0.7103665423817831, "colsample_bytree": 0.7807455847135327, "gamma": 1.8900205822021265, "lambda": 1.763593166351625e-08, "alpha": 0.009594486843551252}