{"max_depth": 9, "learning_rate": 0.15515454675577517, "subsample": 0.7483905283354024, "colsample_bytree": 0.905523706099916, "gamma": 0.22678892754832758, "lambda": 3.797446004389659e-08, "alpha": 0.0003317467482654362}