{"max_depth": 5, "learning_rate": 0.09783842074325573, "subsample": 0.5636970262981353, "colsample_bytree": 0.6052182458126711, "gamma": 1.0862205789545882, "lambda": 0.02319815479724958, "alpha": 1.981895038836426e-07}