{"max_depth": 4, "learning_rate": 0.03092688733428036, "subsample": 0.736910365674948, "colsample_bytree": 0.6518954347447063, "gamma": 4.6461914322832785, "lambda": 3.596186727658556e-05, "alpha": 9.235209604884683e-05}