{"max_depth": 4, "learning_rate": 0.11604052638486659, "subsample": 0.7774477253273825, "colsample_bytree": 0.6650586709979832, "gamma": 2.224009282505131, "lambda": 0.19741375391901766, "alpha": 0.48389981997378473}