{"max_depth": 4, "learning_rate": 0.054051111774569234, "subsample": 0.7637989858587633, "colsample_bytree": 0.9498359906719172, "gamma": 3.0170934770635327, "lambda": 0.0012481219233862213, "alpha": 0.008180019168578894}