{"max_depth": 7, "learning_rate": 0.22935148673997652, "subsample": 0.8937655383816847, "colsample_bytree": 0.5442459432462023, "gamma": 0.884272695730644, "lambda": 0.016019897557292235, "alpha": 0.007171271848130268}