{"max_depth": 10, "learning_rate": 0.053109161808763045, "subsample": 0.6928850059900922, "colsample_bytree": 0.9291546788537821, "gamma": 1.099388484034753, "lambda": 2.3619868420105922e-05, "alpha": 0.5086022627456857}