{"max_depth": 8, "learning_rate": 0.2523092501930749, "subsample": 0.9633126609599623, "colsample_bytree": 0.7653250854150477, "gamma": 2.260988226975065, "lambda": 2.2409619659905015e-06, "alpha": 0.4792412014924737}