{"max_depth": 4, "learning_rate": 0.19742935306643047, "subsample": 0.5465843551207495, "colsample_bytree": 0.8753381274413976, "gamma": 3.8149059141878316, "lambda": 5.243069499648547e-06, "alpha": 2.4928706596108826e-05}