{"max_depth": 5, "learning_rate": 0.048722711379929416, "subsample": 0.7458944397075353, "colsample_bytree": 0.7310109456342839, "gamma": 1.111791467808796, "lambda": 0.0003809012167400464, "alpha": 0.0037831765868993053}