{"max_depth": 6, "learning_rate": 0.14386511704877722, "subsample": 0.610798656113273, "colsample_bytree": 0.7556004851086657, "gamma": 1.3206565717292902, "lambda": 0.02492089671205653, "alpha": 1.2509662629894455e-05}