{"max_depth": 9, "learning_rate": 0.10049949635070332, "subsample": 0.7156045682859878, "colsample_bytree": 0.62657843320555, "gamma": 0.8798617261168523, "lambda": 0.06981099845970222, "alpha": 0.5475341541342489}