{"max_depth": 5, "learning_rate": 0.035544750143217396, "subsample": 0.5313671053957278, "colsample_bytree": 0.9473942658812549, "gamma": 2.3749531195020843, "lambda": 0.0017938444403884071, "alpha": 3.536769701522937e-07}