{"max_depth": 7, "learning_rate": 0.056635916233428084, "subsample": 0.6804219803324878, "colsample_bytree": 0.7036953009088442, "gamma": 4.07310381372995, "lambda": 0.06748325644243935, "alpha": 0.05207336373598409}