{"max_depth": 7, "learning_rate": 0.2871783660446396, "subsample": 0.6455549385147334, "colsample_bytree": 0.7439754962640703, "gamma": 4.816178142453311, "lambda": 4.912619366059296e-08, "alpha": 1.2617501197489935e-05}