{"max_depth": 6, "learning_rate": 0.060865317653536824, "subsample": 0.9451408306145398, "colsample_bytree": 0.8679532860327304, "gamma": 1.1882093318364395, "lambda": 1.2106382204484001e-08, "alpha": 1.6744267485309046e-07}