{"max_depth": 9, "learning_rate": 0.19640527124659332, "subsample": 0.6956933586940622, "colsample_bytree": 0.835583329028162, "gamma": 3.373408102570021, "lambda": 0.0005262159531841561, "alpha": 2.3518657683151835e-07}