{"max_depth": 3, "learning_rate": 0.2720599385692638, "subsample": 0.634404715874946, "colsample_bytree": 0.6758818587977271, "gamma": 4.554549017626414, "lambda": 3.20609165139547e-08, "alpha": 1.346361439751227e-06}