{"max_depth": 8, "learning_rate": 0.25999296083765505, "subsample": 0.5298429131462631, "colsample_bytree": 0.5364222495753534, "gamma": 1.21098262625905, "lambda": 0.5883850662400709, "alpha": 3.8466689667059893e-07}