{"max_depth": 4, "learning_rate": 0.14766920255997104, "subsample": 0.5212009702477113, "colsample_bytree": 0.8903457348626123, "gamma": 1.5333295681870611, "lambda": 3.365000998972563e-06, "alpha": 2.72392892175517e-07}