{"max_depth": 5, "learning_rate": 0.24880943878098347, "subsample": 0.8500941378236804, "colsample_bytree": 0.8219711882942474, "gamma": 3.343843187279809, "lambda": 0.6691211536662546, "alpha": 0.21976841636251995}