{"max_depth": 5, "learning_rate": 0.2928882472609658, "subsample": 0.5395072687531511, "colsample_bytree": 0.6470042165115466, "gamma": 4.686898452629139, "lambda": 1.7712168728025087e-08, "alpha": 1.2844180521667589e-05}