{"max_depth": 8, "learning_rate": 0.10407596495538152, "subsample": 0.5200160923123431, "colsample_bytree": 0.7935569988833293, "gamma": 0.6156623537387856, "lambda": 0.00023303017941205605, "alpha": 0.0022881381781638455}