{"max_depth": 3, "learning_rate": 0.22858002761056487, "subsample": 0.8017686580125053, "colsample_bytree": 0.9451643664291464, "gamma": 4.400397482481797, "lambda": 7.36793497330746e-07, "alpha": 0.01623880229488047}