{"max_depth": 6, "learning_rate": 0.042821026646194034, "subsample": 0.6695020516030716, "colsample_bytree": 0.9246191922731541, "gamma": 2.4944150927087145, "lambda": 0.0005258883576844576, "alpha": 0.4324946177861522}