{"max_depth": 7, "learning_rate": 0.28294771689117343, "subsample": 0.5727556348202588, "colsample_bytree": 0.9275390158996208, "gamma": 0.3478898167930433, "lambda": 0.008046691542353716, "alpha": 2.2492200322611733e-08}