{"max_depth": 8, "learning_rate": 0.1374585431279386, "subsample": 0.6381485420898554, "colsample_bytree": 0.8681595075444128, "gamma": 2.1757121240540234, "lambda": 0.00014476539742354393, "alpha": 0.0008655973992142518}