{"max_depth": 3, "learning_rate": 0.10489345316320554, "subsample": 0.8825005217157742, "colsample_bytree": 0.5841440078498659, "gamma": 0.2526967314048656, "lambda": 2.9707499213270703e-08, "alpha": 0.18931089158846529}