{"max_depth": 3, "learning_rate": 0.13584668256406515, "subsample": 0.9333263172352781, "colsample_bytree": 0.6540720132752809, "gamma": 1.522548600073369, "lambda": 2.1166119880320793e-08, "alpha": 3.100153862164236e-05}