{"max_depth": 8, "learning_rate": 0.03731697260949372, "subsample": 0.5291637763110155, "colsample_bytree": 0.5723470165197427, "gamma": 0.43021360405126663, "lambda": 8.343021003385085e-06, "alpha": 0.003470323984106482}