{"max_depth": 6, "learning_rate": 0.15386581833167767, "subsample": 0.9533134066424861, "colsample_bytree": 0.7713811219542732, "gamma": 3.623591264098382, "lambda": 0.00266286625843702, "alpha": 0.07205168061958392}