{"max_depth": 3, "learning_rate": 0.16124124324171507, "subsample": 0.9639656335737397, "colsample_bytree": 0.9313331407400536, "gamma": 2.483069742019856, "lambda": 0.0007827133919489449, "alpha": 0.00019851300348292666}