{"max_depth": 6, "learning_rate": 0.03117275142753083, "subsample": 0.7576498249975785, "colsample_bytree": 0.6817442035218583, "gamma": 4.880204743852564, "lambda": 0.002999193636961523, "alpha": 0.000710789528445252}