{"max_depth": 10, "learning_rate": 0.05835633268039516, "subsample": 0.905569978130438, "colsample_bytree": 0.7718229352955367, "gamma": 4.096352874916061, "lambda": 0.02377281436974893, "alpha": 1.771560022069864e-06}