{"max_depth": 7, "learning_rate": 0.17259160098552387, "subsample": 0.6336147482836888, "colsample_bytree": 0.73403419309273, "gamma": 2.300479522927512, "lambda": 0.00019471954381730232, "alpha": 0.00044024672332716275}