{"max_depth": 5, "learning_rate": 0.25136866984695183, "subsample": 0.542601219098073, "colsample_bytree": 0.7203435400641853, "gamma": 1.5361862005778533, "lambda": 7.095996255855727e-07, "alpha": 0.002442559094398654}