{"max_depth": 9, "learning_rate": 0.27804988225071275, "subsample": 0.7740265213638544, "colsample_bytree": 0.7924204056796842, "gamma": 4.616011979413601, "lambda": 0.30886166683307337, "alpha": 6.374461857496424e-08}