{"max_depth": 10, "learning_rate": 0.04012941238325959, "subsample": 0.9485014939890599, "colsample_bytree": 0.8656479097450624, "gamma": 2.8222614975064255, "lambda": 0.4292804244037857, "alpha": 0.8432642271434698}