{"max_depth": 7, "learning_rate": 0.2945647292953371, "subsample": 0.9891766793588597, "colsample_bytree": 0.8839558533961147, "gamma": 0.24588231352362433, "lambda": 5.3588062825825735e-05, "alpha": 0.0013523142650115826}