{"max_depth": 8, "learning_rate": 0.2979243379075667, "subsample": 0.5554601763423335, "colsample_bytree": 0.6691254551060274, "gamma": 4.824049380537233, "lambda": 0.000765309774577224, "alpha": 0.0755381421171446}