{"max_depth": 4, "learning_rate": 0.23226550531733042, "subsample": 0.5659049310743629, "colsample_bytree": 0.8972082868874216, "gamma": 2.1098939624652964, "lambda": 0.0012559297869248372, "alpha": 3.4848641752013885e-05}