{"max_depth": 9, "learning_rate": 0.055789254859746604, "subsample": 0.575735890923332, "colsample_bytree": 0.9887839224037076, "gamma": 2.4391430118915554, "lambda": 7.943305833052034e-08, "alpha": 4.1149663806626527e-07}