{"max_depth": 8, "learning_rate": 0.17217751367995987, "subsample": 0.9704853754733008, "colsample_bytree": 0.6864356970699144, "gamma": 1.609851636170565, "lambda": 0.00028240531211274435, "alpha": 0.00014536008275781292}