{"max_depth": 8, "learning_rate": 0.10543570681348911, "subsample": 0.9040694312905866, "colsample_bytree": 0.5909727774945219, "gamma": 0.9817875490741557, "lambda": 1.0124561901827467e-06, "alpha": 3.317472824719243e-05}