{"max_depth": 4, "learning_rate": 0.13026452092546342, "subsample": 0.9224684584865368, "colsample_bytree": 0.938275273055571, "gamma": 2.041216394387147, "lambda": 2.45607173374308e-05, "alpha": 0.00031021278729065013}