{"max_depth": 9, "learning_rate": 0.1413535615244836, "subsample": 0.5921901498382558, "colsample_bytree": 0.8091151503859406, "gamma": 3.8441663796082652, "lambda": 2.394864954495105e-08, "alpha": 2.1688910780304967e-06}