{"max_depth": 3, "learning_rate": 0.26753374828012066, "subsample": 0.7992206331154357, "colsample_bytree": 0.9154212413966842, "gamma": 2.200124721280295, "lambda": 0.10020626100177482, "alpha": 0.011343079198399149}