{"max_depth": 3, "learning_rate": 0.05114124668054216, "subsample": 0.6871137397894549, "colsample_bytree": 0.7989590673632919, "gamma": 4.236769890039821, "lambda": 0.00634740661666594, "alpha": 0.9127995420238253}