{"max_depth": 6, "learning_rate": 0.04072149266542491, "subsample": 0.8735865668848886, "colsample_bytree": 0.9773567471050544, "gamma": 4.006271975669652, "lambda": 0.0030955600162685215, "alpha": 0.49502556090529587}