{"max_depth": 6, "learning_rate": 0.16516003544967392, "subsample": 0.7912702700438969, "colsample_bytree": 0.7698132708805773, "gamma": 2.592008916856425, "lambda": 7.504779171980076e-06, "alpha": 1.0977072674826937e-06}