{"max_depth": 4, "learning_rate": 0.22968349215170222, "subsample": 0.780338055488496, "colsample_bytree": 0.5759261555904894, "gamma": 0.3005573102899417, "lambda": 0.046948895798378916, "alpha": 2.7786146401145643e-07}