{"max_depth": 3, "learning_rate": 0.08547817271583064, "subsample": 0.9848267581357012, "colsample_bytree": 0.6086010325732887, "gamma": 0.18016031331468008, "lambda": 9.343357433653391e-06, "alpha": 2.83770562380906e-07}