{"max_depth": 8, "learning_rate": 0.2778466353363647, "subsample": 0.9592781869944274, "colsample_bytree": 0.6459634689828914, "gamma": 1.125450909760669, "lambda": 5.227575085258061e-06, "alpha": 0.01656274902685395}