{"max_depth": 6, "learning_rate": 0.12710174121795145, "subsample": 0.6168992161932929, "colsample_bytree": 0.8435183809693071, "gamma": 4.34058807487597, "lambda": 5.960359682708903e-07, "alpha": 6.630773516897915e-05}