{"max_depth": 5, "learning_rate": 0.2720686913827331, "subsample": 0.8141218967144825, "colsample_bytree": 0.6350809738375564, "gamma": 0.701416223096934, "lambda": 3.94761168887539e-07, "alpha": 3.227580141849043e-08}