{"max_depth": 4, "learning_rate": 0.24839909913787778, "subsample": 0.8085878435718054, "colsample_bytree": 0.5718156081828285, "gamma": 3.78187154841199, "lambda": 5.042814123918015e-07, "alpha": 1.9068469596400578e-05}