{"max_depth": 4, "learning_rate": 0.04896244058648082, "subsample": 0.8299765600666769, "colsample_bytree": 0.989610673481019, "gamma": 2.0944925187319114, "lambda": 9.031867813935394e-05, "alpha": 7.906814002715603e-05}