{"max_depth": 6, "learning_rate": 0.26700678541713135, "subsample": 0.6717947949117117, "colsample_bytree": 0.9706069265068586, "gamma": 1.7170941888229962, "lambda": 4.7997094521933324e-08, "alpha": 0.06382833632837781}