{"max_depth": 10, "learning_rate": 0.09341185166452734, "subsample": 0.7080526699629175, "colsample_bytree": 0.7498780653889485, "gamma": 4.503769967544685, "lambda": 2.020594585511746e-08, "alpha": 1.0703498512365325e-06}