{"max_depth": 10, "learning_rate": 0.15533662499697481, "subsample": 0.8828520407866108, "colsample_bytree": 0.7059665222392246, "gamma": 1.2476498808136842, "lambda": 7.315054954117121e-05, "alpha": 4.6767965189414875e-08}