{"max_depth": 6, "learning_rate": 0.2784039435959878, "subsample": 0.8526717594462192, "colsample_bytree": 0.8768542959844061, "gamma": 2.1685319532943828, "lambda": 6.758822924031189e-06, "alpha": 3.8363000595232123e-07}