{"max_depth": 10, "learning_rate": 0.05906954314956619, "subsample": 0.9020571966040967, "colsample_bytree": 0.9836624385285027, "gamma": 3.936031565514038, "lambda": 6.368764691744688e-08, "alpha": 0.25216963412186866}