{"max_depth": 8, "learning_rate": 0.16961041972444976, "subsample": 0.9638140080946593, "colsample_bytree": 0.864955854725203, "gamma": 4.076059197987214, "lambda": 1.5949922464996472e-06, "alpha": 1.1333267055275963e-06}