{"max_depth": 7, "learning_rate": 0.19705621784948368, "subsample": 0.7453766815462141, "colsample_bytree": 0.7375790849061594, "gamma": 4.550199508760795, "lambda": 0.002578141213283222, "alpha": 1.1200096706324226e-08}