{"max_depth": 9, "learning_rate": 0.12160916782078993, "subsample": 0.7526618157174348, "colsample_bytree": 0.6151976594529629, "gamma": 0.9475019530008716, "lambda": 5.384528880823488e-05, "alpha": 0.001889213699177331}