{"max_depth": 4, "learning_rate": 0.19219058304650102, "subsample": 0.5992952506214629, "colsample_bytree": 0.9134977960994409, "gamma": 3.5908195304651542, "lambda": 1.4182604879198428e-07, "alpha": 5.497131452978012e-07}