{"max_depth": 5, "learning_rate": 0.023230705999847768, "subsample": 0.6092367791402541, "colsample_bytree": 0.8870052126987216, "gamma": 3.0298467683921846, "lambda": 0.08460372396961108, "alpha": 0.06323021786859202}