{"max_depth": 7, "learning_rate": 0.211421234832778, "subsample": 0.8300475983697118, "colsample_bytree": 0.8658241914533462, "gamma": 4.565553355058134, "lambda": 1.6010237132554897e-07, "alpha": 1.0941597234777449e-07}