{"max_depth": 4, "learning_rate": 0.22409049176764267, "subsample": 0.9755475316299282, "colsample_bytree": 0.6269653760251452, "gamma": 4.624766963579447, "lambda": 2.541871559126541e-05, "alpha": 1.9992345047171247e-08}