{"max_depth": 10, "learning_rate": 0.10189703690003746, "subsample": 0.505513634596493, "colsample_bytree": 0.9217523942086957, "gamma": 0.24944343289723891, "lambda": 0.001208541277410936, "alpha": 1.3690450041510145e-06}