{"max_depth": 5, "learning_rate": 0.26429380678603176, "subsample": 0.6045574321723932, "colsample_bytree": 0.9061999413587376, "gamma": 0.3977078665690975, "lambda": 1.1801348123538832e-08, "alpha": 3.087949753886455e-05}