{"max_depth": 6, "learning_rate": 0.24485111491997985, "subsample": 0.6396436402457175, "colsample_bytree": 0.7886505330222755, "gamma": 2.929336114014946, "lambda": 5.310741287401657e-08, "alpha": 0.00032796825632683274}