{"max_depth": 7, "learning_rate": 0.0885782616809412, "subsample": 0.5690869572430637, "colsample_bytree": 0.9629568442849425, "gamma": 0.35489404813571546, "lambda": 3.307391543228525e-06, "alpha": 1.4874300872323868e-07}