{"max_depth": 8, "learning_rate": 0.27483126276582653, "subsample": 0.6767116064827363, "colsample_bytree": 0.9781564998713566, "gamma": 3.895106648113511, "lambda": 0.00421788853076327, "alpha": 1.4125334485044594e-08}