{"max_depth": 4, "learning_rate": 0.0945426402888302, "subsample": 0.9605428736012557, "colsample_bytree": 0.8252082406668035, "gamma": 0.038583236556323786, "lambda": 4.802710980498421e-07, "alpha": 2.056015423626752e-06}