{"max_depth": 7, "learning_rate": 0.1610540224031178, "subsample": 0.5718253750495086, "colsample_bytree": 0.9223725919577782, "gamma": 4.586106052841592, "lambda": 0.03302108550420544, "alpha": 0.05297515642347216}