{"max_depth": 8, "learning_rate": 0.28497096424721785, "subsample": 0.9148212698433174, "colsample_bytree": 0.6321276472592277, "gamma": 4.027118515121111, "lambda": 0.009121374280912009, "alpha": 1.7791417113324543e-07}