{"max_depth": 4, "learning_rate": 0.02498933650874441, "subsample": 0.8073420711965336, "colsample_bytree": 0.745250970311695, "gamma": 1.573190939808099, "lambda": 0.028908808731033842, "alpha": 6.374439392481498e-08}