{"max_depth": 4, "learning_rate": 0.10660378484835795, "subsample": 0.663639038188792, "colsample_bytree": 0.6830482913277169, "gamma": 1.7968726618071362, "lambda": 0.01392897629498724, "alpha": 2.2372811874974677e-07}