{"max_depth": 6, "learning_rate": 0.28742551768235625, "subsample": 0.5081092029381907, "colsample_bytree": 0.5776736254735723, "gamma": 4.937843529513185, "lambda": 1.7475651934265285e-05, "alpha": 0.00047941669266475556}