{"max_depth": 9, "learning_rate": 0.07405751744337159, "subsample": 0.6001758143686521, "colsample_bytree": 0.7643803627631167, "gamma": 4.556391344579663, "lambda": 1.0565459402312825e-05, "alpha": 0.18779132309674232}