{"max_depth": 7, "learning_rate": 0.18529044430711378, "subsample": 0.7889260391349378, "colsample_bytree": 0.7074184522869857, "gamma": 1.348276856235261, "lambda": 0.032330387644943705, "alpha": 0.012792961092333582}