{"max_depth": 6, "learning_rate": 0.11129406437167294, "subsample": 0.6436139369168552, "colsample_bytree": 0.7324336967988772, "gamma": 0.6359621166924662, "lambda": 0.08234737979469944, "alpha": 0.014313562077648853}