{"max_depth": 7, "learning_rate": 0.03633571863366659, "subsample": 0.694153814253289, "colsample_bytree": 0.935789481826153, "gamma": 2.0603032660678737, "lambda": 8.73478564596205e-07, "alpha": 2.6027000572543277e-08}