{"max_depth": 7, "learning_rate": 0.03315129140249141, "subsample": 0.9178612413624847, "colsample_bytree": 0.5539064276364232, "gamma": 0.05667184118439195, "lambda": 2.7282832556465163e-08, "alpha": 0.007615191218160879}