{"max_depth": 7, "learning_rate": 0.16068142281307804, "subsample": 0.6778713624219934, "colsample_bytree": 0.9085352243889726, "gamma": 2.3193467458874215, "lambda": 2.435028417452875e-06, "alpha": 0.00010043867218112984}