{"max_depth": 9, "learning_rate": 0.2754888851032187, "subsample": 0.8115443240698019, "colsample_bytree": 0.7852094648869752, "gamma": 1.087443860502667, "lambda": 2.7269664216803694e-06, "alpha": 0.02735717942523878}