{"max_depth": 4, "learning_rate": 0.2908459274113432, "subsample": 0.5720220507729274, "colsample_bytree": 0.8401941683913892, "gamma": 1.1059084674243136, "lambda": 2.4596772043400476e-05, "alpha": 0.0005153067667993994}