{"max_depth": 7, "learning_rate": 0.20105397744004083, "subsample": 0.7894508378345177, "colsample_bytree": 0.729985998746018, "gamma": 2.7972830058609652, "lambda": 0.04258805619127322, "alpha": 8.523433414485083e-05}