{"max_depth": 7, "learning_rate": 0.2716082258522535, "subsample": 0.7019587498059179, "colsample_bytree": 0.6236382452522464, "gamma": 2.6361211916336966, "lambda": 8.406335531470463e-05, "alpha": 9.523879848785132e-08}