{"max_depth": 8, "learning_rate": 0.25041412858227086, "subsample": 0.5425949019118597, "colsample_bytree": 0.9677435183103892, "gamma": 0.0636452441614066, "lambda": 0.010857490708896769, "alpha": 0.0010741270806372619}