{"max_depth": 5, "learning_rate": 0.23365504155762565, "subsample": 0.8817916058330935, "colsample_bytree": 0.9237871214138424, "gamma": 0.6715763806811731, "lambda": 4.0782774503140545e-08, "alpha": 0.0007337355378405342}