{"max_depth": 4, "learning_rate": 0.2783767273175925, "subsample": 0.7451142068538854, "colsample_bytree": 0.8617088467016569, "gamma": 0.6238268968411892, "lambda": 0.7796394487074629, "alpha": 4.954247920309216e-05}