{"max_depth": 8, "learning_rate": 0.19843729630111764, "subsample": 0.8396061070261961, "colsample_bytree": 0.7672865023263169, "gamma": 3.501472114721969, "lambda": 0.0023345273484133206, "alpha": 8.40858176140923e-08}