{"max_depth": 10, "learning_rate": 0.14997409508360499, "subsample": 0.6162071026510331, "colsample_bytree": 0.87331548853928, "gamma": 3.724060990301337, "lambda": 2.8462275151922294e-06, "alpha": 0.0005701763758252565}