{"max_depth": 9, "learning_rate": 0.058976774569482956, "subsample": 0.7751155299922969, "colsample_bytree": 0.9866761495350785, "gamma": 4.605305156182064, "lambda": 4.45821720936409e-06, "alpha": 0.004569939418281965}