{"max_depth": 8, "learning_rate": 0.1345575244115664, "subsample": 0.872486686292917, "colsample_bytree": 0.6562441288787603, "gamma": 4.456283622575999, "lambda": 0.000545891829147512, "alpha": 0.0015151164056924275}