{"max_depth": 8, "learning_rate": 0.1617414783304678, "subsample": 0.518089058089523, "colsample_bytree": 0.5969922575217481, "gamma": 0.8919519788236557, "lambda": 6.323491368287843e-05, "alpha": 4.1030505972666734e-07}