{"max_depth": 8, "learning_rate": 0.20964241005104414, "subsample": 0.713990217396751, "colsample_bytree": 0.9847772823373593, "gamma": 0.9402946793406142, "lambda": 1.0213813259540112e-07, "alpha": 0.07732960478406306}