{"max_depth": 6, "learning_rate": 0.0892393799497428, "subsample": 0.5202933536822452, "colsample_bytree": 0.8141457556324463, "gamma": 2.597115438877685, "lambda": 3.8607629099255216e-08, "alpha": 0.1685092090517756}