{"max_depth": 4, "learning_rate": 0.05088090759066812, "subsample": 0.9977543973961067, "colsample_bytree": 0.8358898631177067, "gamma": 1.9206903962994977, "lambda": 2.4463696139589664e-06, "alpha": 0.0014409808029156239}