{"max_depth": 8, "learning_rate": 0.036150872615362345, "subsample": 0.8061025934383672, "colsample_bytree": 0.7907386832109542, "gamma": 3.2320435289773592, "lambda": 0.9329137352370241, "alpha": 1.1109086630369979e-07}