{"max_depth": 6, "learning_rate": 0.13512566332119408, "subsample": 0.6380257901275399, "colsample_bytree": 0.7539213197740073, "gamma": 3.8312187843000327, "lambda": 9.304700272678783e-07, "alpha": 4.779284097959101e-07}