{"max_depth": 5, "learning_rate": 0.07366451364395149, "subsample": 0.9139420826455897, "colsample_bytree": 0.5121112977273443, "gamma": 3.9870449643974784, "lambda": 0.30146820285353326, "alpha": 0.3529697352877179}