{"max_depth": 7, "learning_rate": 0.1391003523870199, "subsample": 0.9795633465167688, "colsample_bytree": 0.5268203271493945, "gamma": 1.9618504266688679, "lambda": 0.8970970092501246, "alpha": 7.98538249028011e-08}