{"max_depth": 4, "learning_rate": 0.23215019247476662, "subsample": 0.8122944448052059, "colsample_bytree": 0.5650161252915507, "gamma": 2.774402077352053, "lambda": 0.01005298940727771, "alpha": 0.004855638634920017}