{"max_depth": 5, "learning_rate": 0.20538133025264763, "subsample": 0.8339605526578184, "colsample_bytree": 0.5433122761022782, "gamma": 4.0436905838840795, "lambda": 2.5849847591537925e-06, "alpha": 0.022013918912028467}