{"max_depth": 10, "learning_rate": 0.20277962183547624, "subsample": 0.7102110328766487, "colsample_bytree": 0.5843685156536329, "gamma": 4.32460286816815, "lambda": 0.7412937165941715, "alpha": 0.0022558133369806766}