{"max_depth": 3, "learning_rate": 0.06316763964425548, "subsample": 0.9438488257637482, "colsample_bytree": 0.6135025695566748, "gamma": 4.705454594135878, "lambda": 0.0005064112497279899, "alpha": 1.7800459190223989e-06}