{"max_depth": 7, "learning_rate": 0.2799495493667381, "subsample": 0.9721765502182816, "colsample_bytree": 0.5951184989237407, "gamma": 2.040076658900748, "lambda": 0.0014311406063950928, "alpha": 0.0034833421059336706}