{"max_depth": 6, "learning_rate": 0.16868911470221012, "subsample": 0.5217158827840491, "colsample_bytree": 0.8407130134007665, "gamma": 2.7445076752793667, "lambda": 1.2861539111533273e-08, "alpha": 1.8186245369159572e-06}