{"max_depth": 10, "learning_rate": 0.1913848861720105, "subsample": 0.7287507287487155, "colsample_bytree": 0.739451986466834, "gamma": 0.14573840671551652, "lambda": 3.063407607585413e-05, "alpha": 0.1432796025908691}