{"max_depth": 10, "learning_rate": 0.193794828164737, "subsample": 0.9615856521214992, "colsample_bytree": 0.8222125014193438, "gamma": 1.2520616187137263, "lambda": 1.208018402926591e-06, "alpha": 0.010825403639030354}