{"max_depth": 5, "learning_rate": 0.027567839764464634, "subsample": 0.913427882504336, "colsample_bytree": 0.9471005189592258, "gamma": 3.494373628459298, "lambda": 5.079880617640571e-08, "alpha": 0.0016725899899693222}