{"max_depth": 5, "learning_rate": 0.10707725635883197, "subsample": 0.9893888287322566, "colsample_bytree": 0.7581130531284626, "gamma": 2.4517275790167985, "lambda": 1.084572737329034e-07, "alpha": 0.007870727140294532}