{"max_depth": 3, "learning_rate": 0.132306478785532, "subsample": 0.613562131790456, "colsample_bytree": 0.733235191022501, "gamma": 1.2360576664964429, "lambda": 0.47916314995951065, "alpha": 3.475511679272354e-06}