{"max_depth": 4, "learning_rate": 0.06801217755712304, "subsample": 0.8225301259698391, "colsample_bytree": 0.7030390612270074, "gamma": 3.4735810114394643, "lambda": 3.5540608381997634e-06, "alpha": 0.0014331388344434664}