{"max_depth": 9, "learning_rate": 0.25654243681001787, "subsample": 0.809006190393781, "colsample_bytree": 0.8090076952733658, "gamma": 2.003471002361747, "lambda": 0.0002753833208352388, "alpha": 0.00032277884427640206}