{"max_depth": 4, "learning_rate": 0.26231643030350454, "subsample": 0.9195987418722669, "colsample_bytree": 0.8672211908680492, "gamma": 4.27916108237265, "lambda": 5.941020969497894e-07, "alpha": 0.3889666576105799}