{"max_depth": 4, "learning_rate": 0.16482405635530198, "subsample": 0.8461664366163264, "colsample_bytree": 0.7284901595902733, "gamma": 4.74725266282371, "lambda": 0.001099969302225314, "alpha": 0.00016026021103295753}