{"max_depth": 8, "learning_rate": 0.20071845390097423, "subsample": 0.6018720167677183, "colsample_bytree": 0.8111964970513361, "gamma": 3.851505159204744, "lambda": 0.0001388077314156113, "alpha": 0.000125601723852549}