{"max_depth": 3, "learning_rate": 0.13283930664122354, "subsample": 0.6477520338987132, "colsample_bytree": 0.9332411599313227, "gamma": 4.735147394387539, "lambda": 0.002356413420832458, "alpha": 3.8386239002931155e-08}