{"max_depth": 7, "learning_rate": 0.031233095884868493, "subsample": 0.5734497636226694, "colsample_bytree": 0.6423153724978796, "gamma": 4.241641142566781, "lambda": 3.7483971620135836e-05, "alpha": 0.0070246866392708295}