{"max_depth": 9, "learning_rate": 0.22653555347976756, "subsample": 0.9807110242043445, "colsample_bytree": 0.8604425410888906, "gamma": 3.0099460831646807, "lambda": 0.22812634771359838, "alpha": 7.942751681698566e-08}