{"max_depth": 9, "learning_rate": 0.0911472938396209, "subsample": 0.5720007209148369, "colsample_bytree": 0.5414077756983766, "gamma": 1.579199120114878, "lambda": 0.11044126836123977, "alpha": 0.0001263165861661156}