{"max_depth": 6, "learning_rate": 0.1864854507904531, "subsample": 0.7053548886302631, "colsample_bytree": 0.7039721733690371, "gamma": 2.643528646604193, "lambda": 0.0001801333347084361, "alpha": 1.1765923218179069e-08}