{"max_depth": 9, "learning_rate": 0.18900881968009622, "subsample": 0.7583474709241691, "colsample_bytree": 0.6399247639463098, "gamma": 0.20756797079533373, "lambda": 0.0013289808349012638, "alpha": 7.4022620583299994e-06}