{"max_depth": 4, "learning_rate": 0.04975323813572165, "subsample": 0.6397932497748909, "colsample_bytree": 0.9999837892768253, "gamma": 2.2109781944126277, "lambda": 0.14250274550757003, "alpha": 5.370343522783749e-05}