{"max_depth": 8, "learning_rate": 0.08493528569604386, "subsample": 0.6943452993560959, "colsample_bytree": 0.6812055172435456, "gamma": 2.3772382314687586, "lambda": 0.013418809501603129, "alpha": 6.958979541778464e-05}