{"max_depth": 5, "learning_rate": 0.04710358675523477, "subsample": 0.540271321807742, "colsample_bytree": 0.9104813201457727, "gamma": 2.9151867120865194, "lambda": 0.00010197608873920427, "alpha": 0.23713212822951424}