{"max_depth": 9, "learning_rate": 0.09506920204498863, "subsample": 0.9787839087331234, "colsample_bytree": 0.6439639119653707, "gamma": 0.09569532335593822, "lambda": 0.0005415531778128481, "alpha": 0.4384267151609851}