{"max_depth": 9, "learning_rate": 0.011720669375220693, "subsample": 0.6141675739387018, "colsample_bytree": 0.9326514646584159, "gamma": 1.0625314883059862, "lambda": 3.115904168161439e-06, "alpha": 0.25709958843248615}