{"max_depth": 4, "learning_rate": 0.13636800601921487, "subsample": 0.7662912918245233, "colsample_bytree": 0.6840070091969016, "gamma": 1.1108052668238033, "lambda": 0.00025920400116377743, "alpha": 7.191585804589239e-07}