{"max_depth": 4, "learning_rate": 0.12335960817177313, "subsample": 0.5373662998454838, "colsample_bytree": 0.637238262710633, "gamma": 4.8671573963712875, "lambda": 2.092457954654708e-07, "alpha": 3.92689212179472e-07}