{"max_depth": 10, "learning_rate": 0.28966682837392227, "subsample": 0.5216855695834868, "colsample_bytree": 0.8821292661556848, "gamma": 2.0695119912734876, "lambda": 8.59068990580552e-06, "alpha": 3.289770869599024e-05}