{"max_depth": 4, "learning_rate": 0.23596393635454285, "subsample": 0.7991892323106817, "colsample_bytree": 0.8363651034951999, "gamma": 2.677789509392936, "lambda": 4.099131839756748e-08, "alpha": 5.241410914101638e-05}