{"max_depth": 7, "learning_rate": 0.11112739746803937, "subsample": 0.7210489906634023, "colsample_bytree": 0.9667697669513191, "gamma": 0.12940978280771565, "lambda": 5.6157500266406286e-08, "alpha": 3.0985841259714706e-07}