{"max_depth": 10, "learning_rate": 0.12321878343158453, "subsample": 0.6511561070663344, "colsample_bytree": 0.9021008612303938, "gamma": 0.9348535580345363, "lambda": 0.00018468488345590572, "alpha": 2.8373703569287244e-07}