{"max_depth": 4, "learning_rate": 0.09228485074127118, "subsample": 0.8809769913018963, "colsample_bytree": 0.549412786675076, "gamma": 3.280826709213434, "lambda": 0.005918053049316699, "alpha": 0.19621684233849493}