{"max_depth": 4, "learning_rate": 0.2604262229631562, "subsample": 0.8276702081522107, "colsample_bytree": 0.8934274895077523, "gamma": 3.574593893580245, "lambda": 7.845290854714886e-08, "alpha": 1.559285264055451e-07}