{"max_depth": 4, "learning_rate": 0.05793380192420399, "subsample": 0.910776668810143, "colsample_bytree": 0.5878137837055477, "gamma": 4.317997994647857, "lambda": 1.2970677031325236e-05, "alpha": 0.00020788137652995176}