{"max_depth": 7, "learning_rate": 0.04787317250103635, "subsample": 0.621412226180127, "colsample_bytree": 0.8676976355654209, "gamma": 2.984967743747898, "lambda": 0.00019072771391185313, "alpha": 8.842661838651038e-05}