{"max_depth": 10, "learning_rate": 0.1760913005791267, "subsample": 0.5300353524523664, "colsample_bytree": 0.9292995656484273, "gamma": 4.320752313579205, "lambda": 0.0017893825126343325, "alpha": 4.904135130395796e-08}