{"max_depth": 3, "learning_rate": 0.16213133965394455, "subsample": 0.5868870903066581, "colsample_bytree": 0.5232993139647655, "gamma": 2.0324716692682694, "lambda": 0.007897647171531066, "alpha": 0.16744946018185755}