{"max_depth": 5, "learning_rate": 0.2824202791984149, "subsample": 0.7357599758320026, "colsample_bytree": 0.8983007139481867, "gamma": 4.397911864394736, "lambda": 0.003999573174957099, "alpha": 1.2669130001165427e-06}