{"max_depth": 6, "learning_rate": 0.13347934140651094, "subsample": 0.5222443834630028, "colsample_bytree": 0.6649567028325286, "gamma": 3.967754076185899, "lambda": 3.5292486132121628e-06, "alpha": 1.0671462861549019e-08}