{"max_depth": 4, "learning_rate": 0.2118534445919896, "subsample": 0.9559236600967047, "colsample_bytree": 0.9570671089295684, "gamma": 1.7857074857613893, "lambda": 5.617798995422318e-07, "alpha": 9.998999649539455e-07}