{"max_depth": 10, "learning_rate": 0.15332079948007712, "subsample": 0.7418013603825128, "colsample_bytree": 0.9371071369082835, "gamma": 2.110027023068631, "lambda": 4.102007874600186e-05, "alpha": 0.0014583275698610556}