{"max_depth": 6, "learning_rate": 0.168182208742083, "subsample": 0.7057792886569356, "colsample_bytree": 0.5130275471235817, "gamma": 0.6303286516595635, "lambda": 1.4638517543448506e-06, "alpha": 0.00022550965048872456}