{"max_depth": 10, "learning_rate": 0.2444677872549452, "subsample": 0.7662550422778389, "colsample_bytree": 0.954225906924163, "gamma": 3.4130050127660265, "lambda": 7.651065830010484e-07, "alpha": 2.381918833922242e-05}