{"max_depth": 3, "learning_rate": 0.02446158888552072, "subsample": 0.9777994494125933, "colsample_bytree": 0.6669646529593203, "gamma": 0.8483559480215203, "lambda": 0.00010331968012845832, "alpha": 2.1403895220875106e-05}