{"max_depth": 3, "learning_rate": 0.19977181024011997, "subsample": 0.7835420230209829, "colsample_bytree": 0.9974461273622239, "gamma": 2.796435757266213, "lambda": 0.0017392881463829679, "alpha": 0.03193803405341348}