{"max_depth": 6, "learning_rate": 0.24031788609789795, "subsample": 0.9058811362663328, "colsample_bytree": 0.7421678133002803, "gamma": 4.853276983511716, "lambda": 8.850662864151283e-08, "alpha": 0.3877919504524226}