{"max_depth": 6, "learning_rate": 0.2763077011611496, "subsample": 0.6188788322164009, "colsample_bytree": 0.5795564552957218, "gamma": 3.6294683931054017, "lambda": 5.105096948814568e-08, "alpha": 0.00035882308211084875}