{"max_depth": 5, "learning_rate": 0.29551540035555773, "subsample": 0.8392345389322245, "colsample_bytree": 0.6769739792680189, "gamma": 1.450763468942164, "lambda": 0.00019462992174439512, "alpha": 0.006035706121358343}