{"max_depth": 10, "learning_rate": 0.21979299627037593, "subsample": 0.7887294455031034, "colsample_bytree": 0.6714612149028585, "gamma": 3.607175533134215, "lambda": 2.0067263682061875e-05, "alpha": 1.1412244863316689e-05}