{"max_depth": 4, "learning_rate": 0.11985733506875863, "subsample": 0.7650595807716942, "colsample_bytree": 0.7501437453214528, "gamma": 1.7614693201708598, "lambda": 4.028564609026742e-06, "alpha": 3.561689584161306e-06}