{"max_depth": 9, "learning_rate": 0.14378428095358, "subsample": 0.6052007500400814, "colsample_bytree": 0.8680559322249657, "gamma": 0.9466075003928204, "lambda": 0.0005435436482297144, "alpha": 6.923740466771844e-05}