{"max_depth": 10, "learning_rate": 0.15484301367633252, "subsample": 0.5704400429392988, "colsample_bytree": 0.7484120055628315, "gamma": 2.077835174746856, "lambda": 2.6027780989395656e-06, "alpha": 0.5491030868455719}