{"max_depth": 10, "learning_rate": 0.025089120647784936, "subsample": 0.9238537361822207, "colsample_bytree": 0.5131579673713826, "gamma": 2.120989943782906, "lambda": 7.899742635699409e-07, "alpha": 1.6551313706165133e-06}