{"max_depth": 6, "learning_rate": 0.15286576926792023, "subsample": 0.5799450636376182, "colsample_bytree": 0.5486551961122141, "gamma": 0.06949359980250092, "lambda": 6.014689545733677e-05, "alpha": 2.893972983063855e-06}