{"max_depth": 4, "learning_rate": 0.19234175412218893, "subsample": 0.6683521550106923, "colsample_bytree": 0.8489733323438227, "gamma": 3.1661820877550384, "lambda": 1.025348934371633e-08, "alpha": 1.8404697213371857e-05}