{"max_depth": 9, "learning_rate": 0.18483290221698118, "subsample": 0.7864959380329217, "colsample_bytree": 0.9454024622721583, "gamma": 4.378476045287015, "lambda": 0.010360284380189579, "alpha": 1.197692224654835e-07}