{"max_depth": 5, "learning_rate": 0.2835519076238956, "subsample": 0.5652694956921007, "colsample_bytree": 0.6471858737655247, "gamma": 4.809688125456616, "lambda": 1.533738460566264e-08, "alpha": 6.317850631658578e-08}