{"max_depth": 8, "learning_rate": 0.24125942829353184, "subsample": 0.6243908318497351, "colsample_bytree": 0.7816646039770352, "gamma": 1.2863070085093953, "lambda": 0.3883668130320683, "alpha": 0.0007841622688644393}