{"max_depth": 5, "learning_rate": 0.2645005604295189, "subsample": 0.676969805293642, "colsample_bytree": 0.8931381189738934, "gamma": 1.3881201943626797, "lambda": 5.55222863972189e-06, "alpha": 1.3104324503124055e-05}