{"max_depth": 7, "learning_rate": 0.0907389360443309, "subsample": 0.7372500073408237, "colsample_bytree": 0.576439163867343, "gamma": 0.23737102198776006, "lambda": 9.434250334047907e-07, "alpha": 0.00010705461858491159}