{"max_depth": 5, "learning_rate": 0.28811986594278943, "subsample": 0.6325223322337838, "colsample_bytree": 0.9434081065208493, "gamma": 2.689953323286987, "lambda": 5.821714472744569e-08, "alpha": 2.1752684859250004e-07}