{"max_depth": 10, "learning_rate": 0.2482246884758069, "subsample": 0.8432774156040395, "colsample_bytree": 0.5041273957180299, "gamma": 3.6449914859566785, "lambda": 2.650889050919242e-06, "alpha": 4.139890944640028e-08}