{"max_depth": 9, "learning_rate": 0.19450869067964113, "subsample": 0.934100221933228, "colsample_bytree": 0.7912728938832179, "gamma": 0.5302997509707108, "lambda": 0.47532088462007005, "alpha": 0.0095778851492994}