{"max_depth": 7, "learning_rate": 0.18146957878539255, "subsample": 0.5561322820466124, "colsample_bytree": 0.9540104158686009, "gamma": 0.6333110009470361, "lambda": 0.0009608635447237205, "alpha": 0.0006270064359869539}