{"max_depth": 5, "learning_rate": 0.1941515403733059, "subsample": 0.6432756217979765, "colsample_bytree": 0.6442662750441133, "gamma": 2.9774993379930246, "lambda": 9.356088338224387e-05, "alpha": 1.2124762329923438e-07}