{"max_depth": 3, "learning_rate": 0.27473303499355145, "subsample": 0.7928667864784461, "colsample_bytree": 0.5259103724457737, "gamma": 2.5225164105506965, "lambda": 0.2870990460130222, "alpha": 0.0005943856907754111}