{"max_depth": 8, "learning_rate": 0.15930503081610073, "subsample": 0.6276402320649788, "colsample_bytree": 0.7859969115117085, "gamma": 0.12882109691900012, "lambda": 0.001609567678269951, "alpha": 1.5108014048939896e-08}