{"max_depth": 3, "learning_rate": 0.1485074401210478, "subsample": 0.5017832452375672, "colsample_bytree": 0.8234182066032001, "gamma": 4.307178696281585, "lambda": 1.1762609711272972e-05, "alpha": 7.896748310503356e-07}