{"max_depth": 10, "learning_rate": 0.2726124454563593, "subsample": 0.70091630008776, "colsample_bytree": 0.5393774745505178, "gamma": 1.9092396577142519, "lambda": 2.4822991755552198e-05, "alpha": 0.3439294680230564}