{"max_depth": 10, "learning_rate": 0.2328545942286923, "subsample": 0.6447029619401314, "colsample_bytree": 0.7684461757235111, "gamma": 1.4529293695158234, "lambda": 0.3028290559829171, "alpha": 1.597986839885322e-07}