{"max_depth": 7, "learning_rate": 0.053008538613595065, "subsample": 0.8553038290314551, "colsample_bytree": 0.5698050578601769, "gamma": 3.940314978558483, "lambda": 2.1459987544229032e-05, "alpha": 4.689474269369303e-05}