{"max_depth": 8, "learning_rate": 0.11477413103954852, "subsample": 0.6604693930126038, "colsample_bytree": 0.6437218218650922, "gamma": 2.05029089940719, "lambda": 5.2950543032117146e-08, "alpha": 1.5776063622462235e-06}