{"max_depth": 3, "learning_rate": 0.23425767484164844, "subsample": 0.8337433105928285, "colsample_bytree": 0.6249306812226854, "gamma": 0.12925272383682185, "lambda": 2.4023081917720186e-05, "alpha": 1.1360735057262615e-08}