{"max_depth": 5, "learning_rate": 0.20262062985149296, "subsample": 0.9808674218582544, "colsample_bytree": 0.5278954019560393, "gamma": 1.6760710284989648, "lambda": 2.1558548046793597e-07, "alpha": 0.014363595171413562}