{"max_depth": 8, "learning_rate": 0.2787103926168228, "subsample": 0.6662090901221058, "colsample_bytree": 0.7136916182873996, "gamma": 2.0210404240856414, "lambda": 7.577359082342216e-07, "alpha": 0.0005388692940983494}