{"max_depth": 6, "learning_rate": 0.038193815637811865, "subsample": 0.7332692634720133, "colsample_bytree": 0.5350715175254968, "gamma": 4.311287268287543, "lambda": 0.057047377992852755, "alpha": 0.00020529659464524775}