{"max_depth": 10, "learning_rate": 0.22491484392349667, "subsample": 0.811411438403018, "colsample_bytree": 0.520879660088029, "gamma": 0.8647191876536114, "lambda": 0.0003747308889235907, "alpha": 0.4597504630975752}