{"max_depth": 5, "learning_rate": 0.24760132295422163, "subsample": 0.9702248897111823, "colsample_bytree": 0.8022891399052099, "gamma": 0.41860801302104345, "lambda": 5.4023801501683884e-08, "alpha": 0.0006944745964309512}