{"max_depth": 3, "learning_rate": 0.2505503220177952, "subsample": 0.8372434490628367, "colsample_bytree": 0.720269798630246, "gamma": 3.344679810179798, "lambda": 5.612345071003854e-06, "alpha": 1.628122597734031e-05}