{"max_depth": 3, "learning_rate": 0.04091635489288638, "subsample": 0.8088904342245165, "colsample_bytree": 0.7265097084950486, "gamma": 0.7429233743042929, "lambda": 1.3322976766528666e-08, "alpha": 0.24402832518400863}