{"max_depth": 8, "learning_rate": 0.16856552037989125, "subsample": 0.8275106808484882, "colsample_bytree": 0.636231567361668, "gamma": 2.1475278306657533, "lambda": 0.0048906061108675925, "alpha": 0.0001780878026431034}