{"max_depth": 6, "learning_rate": 0.16656747958962165, "subsample": 0.763111617430333, "colsample_bytree": 0.5187102228746778, "gamma": 3.0371198211524444, "lambda": 0.0025278414145595593, "alpha": 4.6622570017035224e-08}