{"max_depth": 3, "learning_rate": 0.2757630560058618, "subsample": 0.9802187137283485, "colsample_bytree": 0.9106424414223756, "gamma": 0.9359401024190367, "lambda": 0.015977642424220784, "alpha": 0.0027775157327770026}