{"max_depth": 4, "learning_rate": 0.09859435026091548, "subsample": 0.7702013196343471, "colsample_bytree": 0.5538150081095425, "gamma": 0.27008056326352503, "lambda": 2.878895206802743e-05, "alpha": 9.16383339677684e-07}