{"max_depth": 10, "learning_rate": 0.27986058180142137, "subsample": 0.8953304385988512, "colsample_bytree": 0.8725086053174604, "gamma": 3.1682058600245244, "lambda": 0.23191992534879655, "alpha": 1.3805512310902655e-05}