{"max_depth": 7, "learning_rate": 0.13147548418151933, "subsample": 0.541221366011007, "colsample_bytree": 0.7552676944823158, "gamma": 2.964282057693266, "lambda": 1.0089479383092514e-07, "alpha": 5.7511016308717586e-05}