{"max_depth": 6, "learning_rate": 0.09483593412759482, "subsample": 0.8426154652909579, "colsample_bytree": 0.9548276460647227, "gamma": 0.6408968405247073, "lambda": 4.086634311387023e-08, "alpha": 0.11956536621512741}