{"max_depth": 5, "learning_rate": 0.19111271230734558, "subsample": 0.9600324493714945, "colsample_bytree": 0.8914991616235, "gamma": 2.35555224518412, "lambda": 0.0010628334410829844, "alpha": 2.767570317031936e-08}