{"max_depth": 4, "learning_rate": 0.13328235814516917, "subsample": 0.6609333851249883, "colsample_bytree": 0.7495133403114913, "gamma": 4.153557954412676, "lambda": 0.0027196182933494233, "alpha": 0.012069328058123031}