{"max_depth": 10, "learning_rate": 0.06750691977909273, "subsample": 0.6020397580098809, "colsample_bytree": 0.9121343847000511, "gamma": 2.6249626495076974, "lambda": 1.1654923338457692e-07, "alpha": 0.0009833097933562654}