{"max_depth": 4, "learning_rate": 0.21875448841375933, "subsample": 0.9073386983318346, "colsample_bytree": 0.6752947395370327, "gamma": 3.9690808394074066, "lambda": 0.006159728025340581, "alpha": 3.0874244482060295e-07}