{"max_depth": 6, "learning_rate": 0.027127947427922836, "subsample": 0.5188029135392705, "colsample_bytree": 0.5072834984851458, "gamma": 2.3206826198758246, "lambda": 0.0004183792767982565, "alpha": 3.925156294253793e-05}