{"max_depth": 9, "learning_rate": 0.17988434796954875, "subsample": 0.913367072737387, "colsample_bytree": 0.7285869492585856, "gamma": 1.2049593814518744, "lambda": 0.023022051355342923, "alpha": 2.465875929748523e-06}