{"max_depth": 6, "learning_rate": 0.05707887401424716, "subsample": 0.7006137512110329, "colsample_bytree": 0.6735578062487413, "gamma": 4.310789383132555, "lambda": 0.019850936944929974, "alpha": 0.00022264299349251406}