{"max_depth": 5, "learning_rate": 0.11246784440243088, "subsample": 0.6609840273160275, "colsample_bytree": 0.9948680669924659, "gamma": 0.2735095773651208, "lambda": 2.463316645622326e-08, "alpha": 0.04028186066585728}