{"max_depth": 4, "learning_rate": 0.06044727431264939, "subsample": 0.6397502144795155, "colsample_bytree": 0.5184340126610858, "gamma": 4.14346913907917, "lambda": 2.7598172486457845e-05, "alpha": 0.00036777060131261045}