{"max_depth": 8, "learning_rate": 0.05897092234280833, "subsample": 0.8162257765216552, "colsample_bytree": 0.5660031146082931, "gamma": 0.8436492179683136, "lambda": 8.878844091893377e-05, "alpha": 0.00011130792104863857}