{"max_depth": 10, "learning_rate": 0.14062595183601714, "subsample": 0.9598650701145808, "colsample_bytree": 0.7929860887358311, "gamma": 3.5299019188149794, "lambda": 7.037077255829323e-07, "alpha": 0.00027252523822317244}