{"max_depth": 9, "learning_rate": 0.20504750277133268, "subsample": 0.9271938804015123, "colsample_bytree": 0.6847206724455548, "gamma": 0.41090876108257957, "lambda": 3.078473832306908e-06, "alpha": 2.967036360410795e-05}