{"max_depth": 9, "learning_rate": 0.2428073055252379, "subsample": 0.5535379573995897, "colsample_bytree": 0.866923162351634, "gamma": 4.355717330818906, "lambda": 3.869886353281447e-07, "alpha": 0.0004541292243859985}