{"max_depth": 9, "learning_rate": 0.1511977883290216, "subsample": 0.9807540660613581, "colsample_bytree": 0.6080688072856696, "gamma": 3.530785718704956, "lambda": 0.013221814700105944, "alpha": 0.0005092213219914094}