{"max_depth": 5, "learning_rate": 0.09398438269836583, "subsample": 0.9384374016791356, "colsample_bytree": 0.8166406761276526, "gamma": 1.2226228804373855, "lambda": 0.04411579034805128, "alpha": 1.1064735481230379e-07}