{"max_depth": 9, "learning_rate": 0.1636060562768818, "subsample": 0.6731672517451286, "colsample_bytree": 0.5339339525392444, "gamma": 3.678867724446139, "lambda": 2.9117858529081413e-08, "alpha": 5.530643700096983e-07}