{"max_depth": 5, "learning_rate": 0.03635644720292967, "subsample": 0.729575620894755, "colsample_bytree": 0.5332158029257811, "gamma": 0.15218574590313394, "lambda": 6.288968364221176e-07, "alpha": 7.145583174547632e-07}