{"max_depth": 7, "learning_rate": 0.16882425829316006, "subsample": 0.6562805211906507, "colsample_bytree": 0.5035112741214857, "gamma": 4.679499104546133, "lambda": 0.6518213262547193, "alpha": 0.0003445074118224675}