{"max_depth": 10, "learning_rate": 0.23263207636324182, "subsample": 0.5060782326448364, "colsample_bytree": 0.9727964495201762, "gamma": 2.140626558477157, "lambda": 0.000489875135839955, "alpha": 0.021845813222724022}