{"max_depth": 7, "learning_rate": 0.26176517332111165, "subsample": 0.8691137748181905, "colsample_bytree": 0.6244923612039006, "gamma": 0.9387501135987342, "lambda": 3.6338309386477735e-07, "alpha": 0.4765493108883645}