{"max_depth": 4, "learning_rate": 0.07287677962763701, "subsample": 0.9796854688378169, "colsample_bytree": 0.5359111240032861, "gamma": 3.6946431539664415, "lambda": 0.15526948207730829, "alpha": 1.8093887439793795e-05}