{"max_depth": 9, "learning_rate": 0.029871103360022494, "subsample": 0.8740170698131873, "colsample_bytree": 0.5705447152624834, "gamma": 3.140518322514494, "lambda": 0.01155969438150456, "alpha": 1.1293545798629223e-05}