{"max_depth": 7, "learning_rate": 0.23584459174656305, "subsample": 0.7990757664475376, "colsample_bytree": 0.7719897506302014, "gamma": 3.7481288158081365, "lambda": 0.008501669216643139, "alpha": 4.222084657529711e-05}