{"max_depth": 7, "learning_rate": 0.12511814689751694, "subsample": 0.7582688691848154, "colsample_bytree": 0.8294351527231276, "gamma": 2.205022688913033, "lambda": 0.00012134453187479598, "alpha": 1.0145400151111136e-05}