{"max_depth": 5, "learning_rate": 0.08598516143305186, "subsample": 0.6681326284831226, "colsample_bytree": 0.7900236534935312, "gamma": 0.08218282692900092, "lambda": 0.0007291583580427167, "alpha": 0.012633265537850167}