{"max_depth": 8, "learning_rate": 0.07976600219412858, "subsample": 0.5902348432837277, "colsample_bytree": 0.8945280548163532, "gamma": 2.652181745783984, "lambda": 0.49685253383725847, "alpha": 0.005322147307370637}