{"max_depth": 6, "learning_rate": 0.16548997121355297, "subsample": 0.6730207111389814, "colsample_bytree": 0.7315331065408697, "gamma": 3.9644864094444237, "lambda": 0.0015440359077876302, "alpha": 1.0861833534184642e-05}