{"max_depth": 10, "learning_rate": 0.27556902895246044, "subsample": 0.6259094230562636, "colsample_bytree": 0.7415517577567161, "gamma": 3.370362855497169, "lambda": 0.03608686523038933, "alpha": 0.9834723713811744}