{"max_depth": 8, "learning_rate": 0.1984052537755491, "subsample": 0.5867928250025539, "colsample_bytree": 0.5472540760265376, "gamma": 2.3991131405739803, "lambda": 1.5350409436578204e-07, "alpha": 0.22771626118778573}