{"max_depth": 7, "learning_rate": 0.08520381273234315, "subsample": 0.7480866672736094, "colsample_bytree": 0.9976836240201373, "gamma": 4.146000201782915, "lambda": 0.0019652409839520787, "alpha": 9.713860151278026e-07}