{"max_depth": 6, "learning_rate": 0.21004980272506218, "subsample": 0.5893839731867023, "colsample_bytree": 0.744404758646267, "gamma": 1.8912889115838198, "lambda": 1.0756567350792146e-07, "alpha": 0.31406233349843116}