{"max_depth": 6, "learning_rate": 0.04667497615568856, "subsample": 0.5354464597450159, "colsample_bytree": 0.6821359343693967, "gamma": 0.38126710595401847, "lambda": 0.09227862209526187, "alpha": 0.027634630215431364}