{"max_depth": 5, "learning_rate": 0.034204650139121, "subsample": 0.9672692159464675, "colsample_bytree": 0.6998202622531026, "gamma": 2.168869302886441, "lambda": 9.564624236652002e-08, "alpha": 0.003991192903625677}