{"max_depth": 6, "learning_rate": 0.2211028617500236, "subsample": 0.875024620623692, "colsample_bytree": 0.7049073708032315, "gamma": 0.8264236209867654, "lambda": 0.36169109527123067, "alpha": 0.002213497211972336}