{"max_depth": 5, "learning_rate": 0.09037628441810752, "subsample": 0.7235035601209282, "colsample_bytree": 0.7128702456254018, "gamma": 0.7987640892073183, "lambda": 1.8951048910333067e-08, "alpha": 3.9036806574468483e-08}