{"max_depth": 10, "learning_rate": 0.2566662114901473, "subsample": 0.84217040818295, "colsample_bytree": 0.8821364640940808, "gamma": 4.661979209098427, "lambda": 0.0004322837249081806, "alpha": 2.3309943981533845e-06}