{"max_depth": 5, "learning_rate": 0.11836475810497965, "subsample": 0.5423482156648638, "colsample_bytree": 0.7960331486083008, "gamma": 3.8492210132403026, "lambda": 3.9951871732107795e-05, "alpha": 1.5402454192506292e-06}