{"max_depth": 10, "learning_rate": 0.04625301000190292, "subsample": 0.5335904465973386, "colsample_bytree": 0.5589200135611234, "gamma": 4.52864344285544, "lambda": 0.009108913446548962, "alpha": 0.003902592199910324}