{"max_depth": 3, "learning_rate": 0.14840423582457493, "subsample": 0.7662790207163681, "colsample_bytree": 0.9717567720549938, "gamma": 1.4002125110910484, "lambda": 2.1334049444945908e-07, "alpha": 0.00031000662324066143}