{"max_depth": 5, "learning_rate": 0.08301505466548988, "subsample": 0.7771963204971295, "colsample_bytree": 0.9254088077435345, "gamma": 4.9117398773569825, "lambda": 0.003414732578771558, "alpha": 0.0007532688761424702}