{"max_depth": 10, "learning_rate": 0.27616555616441396, "subsample": 0.7349114764613967, "colsample_bytree": 0.9035757134091607, "gamma": 4.487036708111555, "lambda": 0.01616593597186139, "alpha": 1.607354063713505e-05}