{"max_depth": 7, "learning_rate": 0.10628605579971541, "subsample": 0.6360924146132743, "colsample_bytree": 0.7752476558903523, "gamma": 3.675253457835619, "lambda": 0.005267864608922972, "alpha": 1.5929256350532236e-08}