{"max_depth": 10, "learning_rate": 0.20360936958835538, "subsample": 0.8219009804869051, "colsample_bytree": 0.7759894563552043, "gamma": 0.3231227401017145, "lambda": 0.002708451583739459, "alpha": 2.2383791097291405e-07}