{"max_depth": 8, "learning_rate": 0.02858890748297662, "subsample": 0.7018912117905389, "colsample_bytree": 0.785133191058597, "gamma": 2.43190321193277, "lambda": 0.6416308711883236, "alpha": 3.7963514753051656e-08}