{"max_depth": 4, "learning_rate": 0.0750090298575024, "subsample": 0.8840482457593843, "colsample_bytree": 0.557075660450032, "gamma": 0.6196955261784343, "lambda": 6.625223804739477e-05, "alpha": 1.365023576452944e-08}