{"max_depth": 4, "learning_rate": 0.19357820161130954, "subsample": 0.879862360767484, "colsample_bytree": 0.8091639675610913, "gamma": 0.38354009499642405, "lambda": 0.0979702653994137, "alpha": 0.00045664237805455017}