{"max_depth": 7, "learning_rate": 0.1349391527542177, "subsample": 0.8653997018013739, "colsample_bytree": 0.7676366703727598, "gamma": 1.2838108346728956, "lambda": 2.625685930591816e-07, "alpha": 3.462892142048946e-05}