{"max_depth": 6, "learning_rate": 0.06404043323031208, "subsample": 0.6452992260411307, "colsample_bytree": 0.5572949711336277, "gamma": 0.26144807342347476, "lambda": 0.00014339938610106862, "alpha": 0.024402111470793703}