{"max_depth": 7, "learning_rate": 0.15266475635536833, "subsample": 0.8988076860430815, "colsample_bytree": 0.6622336008005322, "gamma": 1.6506314611756694, "lambda": 7.393466931610442e-06, "alpha": 0.0007969796484892125}