{"max_depth": 8, "learning_rate": 0.22055192236513635, "subsample": 0.6476849270139433, "colsample_bytree": 0.9210788314958087, "gamma": 3.070393493367143, "lambda": 4.4035137458838646e-07, "alpha": 0.24491243320780776}