{"max_depth": 6, "learning_rate": 0.059183843488835985, "subsample": 0.6591717536483539, "colsample_bytree": 0.8071908896004092, "gamma": 4.640860786922719, "lambda": 6.756834258727516e-05, "alpha": 0.0002148413081641016}