{"max_depth": 8, "learning_rate": 0.20855467550411044, "subsample": 0.5854751338631623, "colsample_bytree": 0.5816608688137236, "gamma": 1.6094472371017376, "lambda": 3.2934611424148514e-08, "alpha": 5.480761802204936e-07}