{"max_depth": 4, "learning_rate": 0.13707169192083013, "subsample": 0.7490392414969127, "colsample_bytree": 0.6302061582024783, "gamma": 1.7922849911356853, "lambda": 0.0710602597388097, "alpha": 6.788051950615478e-06}