{"max_depth": 9, "learning_rate": 0.22846635584271693, "subsample": 0.7823625727029352, "colsample_bytree": 0.8603333283246415, "gamma": 0.7633719138847506, "lambda": 2.124388915327585e-06, "alpha": 0.060757306578979375}