{"max_depth": 7, "learning_rate": 0.13277645697124557, "subsample": 0.6097429826565655, "colsample_bytree": 0.7327629584942825, "gamma": 3.5485658344252085, "lambda": 0.04255172552035211, "alpha": 1.3440833038188493e-05}