{"max_depth": 6, "learning_rate": 0.231612934330612, "subsample": 0.5647306066703447, "colsample_bytree": 0.5342085659895007, "gamma": 4.922268330558939, "lambda": 0.001678546542995807, "alpha": 0.36005833961260975}