{"max_depth": 9, "learning_rate": 0.16565137003604824, "subsample": 0.9703749570329059, "colsample_bytree": 0.9612671151724441, "gamma": 3.3719842167730487, "lambda": 0.008722829172019143, "alpha": 0.003035387525725038}