{"max_depth": 6, "learning_rate": 0.07657103103268854, "subsample": 0.9640689540538669, "colsample_bytree": 0.8134184120839252, "gamma": 2.202583932296674, "lambda": 5.1449125596289393e-08, "alpha": 0.00026998498688280873}