{"max_depth": 6, "learning_rate": 0.18698062960144646, "subsample": 0.703448733617658, "colsample_bytree": 0.8690990278928872, "gamma": 4.337220428657204, "lambda": 0.011333599172812198, "alpha": 0.2947590010586539}