{"max_depth": 3, "learning_rate": 0.21888303673502105, "subsample": 0.8052407481391315, "colsample_bytree": 0.6917232829368761, "gamma": 2.3702300741141133, "lambda": 0.0006317489156182066, "alpha": 4.319025548367992e-07}