{"max_depth": 6, "learning_rate": 0.23544897571414047, "subsample": 0.5286399589682418, "colsample_bytree": 0.5656887012120146, "gamma": 0.5879185121911434, "lambda": 5.330027161635063e-07, "alpha": 0.037691283768397185}