{"max_depth": 7, "learning_rate": 0.22877739362532215, "subsample": 0.7536192284111701, "colsample_bytree": 0.7365138764791368, "gamma": 2.7898315413783465, "lambda": 0.418668547372712, "alpha": 1.250935936181891e-06}