{"max_depth": 4, "learning_rate": 0.144382118146657, "subsample": 0.9038329744330562, "colsample_bytree": 0.64882585257713, "gamma": 4.163582960378536, "lambda": 0.2647066462646435, "alpha": 7.936083583269342e-05}