{"max_depth": 7, "learning_rate": 0.12271007696193405, "subsample": 0.7084066860164177, "colsample_bytree": 0.9992082466682265, "gamma": 0.39500542856672816, "lambda": 7.774278614875289e-07, "alpha": 1.2839567345087486e-06}