{"max_depth": 8, "learning_rate": 0.21496139980873133, "subsample": 0.8776667499794459, "colsample_bytree": 0.6942639882635973, "gamma": 2.1192903059165626, "lambda": 0.3989133295759818, "alpha": 0.00241747869545459}