{"max_depth": 6, "learning_rate": 0.08135747349954484, "subsample": 0.8175307295631769, "colsample_bytree": 0.527076254914304, "gamma": 3.438616343217042, "lambda": 0.07225596443641315, "alpha": 0.0045127210032012205}