{"max_depth": 7, "learning_rate": 0.0800742197165402, "subsample": 0.5822042125394775, "colsample_bytree": 0.7813771814138648, "gamma": 0.09353577231143051, "lambda": 0.040450485294019164, "alpha": 0.4831487121294019}