{"max_depth": 10, "learning_rate": 0.15590973866246227, "subsample": 0.5769651708142193, "colsample_bytree": 0.7575424810103328, "gamma": 3.0334845478088948, "lambda": 0.0030034274331604254, "alpha": 0.08058587339886478}