{"max_depth": 8, "learning_rate": 0.11936513230481773, "subsample": 0.7465756844748634, "colsample_bytree": 0.9260889107687016, "gamma": 3.6319354383410425, "lambda": 4.5366236825040073e-05, "alpha": 0.00010428893850991769}