{"max_depth": 5, "learning_rate": 0.294781153927696, "subsample": 0.8809551942049589, "colsample_bytree": 0.93639119077053, "gamma": 0.42205968435754415, "lambda": 6.917952457759658e-08, "alpha": 6.946667585570471e-05}