{"max_depth": 10, "learning_rate": 0.1639922072475313, "subsample": 0.9201839247861485, "colsample_bytree": 0.75462324956589, "gamma": 0.6973405970267876, "lambda": 0.5280468176703174, "alpha": 0.3920574213469682}