{"max_depth": 4, "learning_rate": 0.11329442494294299, "subsample": 0.7581524224203693, "colsample_bytree": 0.6977145338207011, "gamma": 1.2793480926253014, "lambda": 8.743670806752718e-07, "alpha": 0.00017705321243722497}