{"max_depth": 4, "learning_rate": 0.12786118875216887, "subsample": 0.984905627370877, "colsample_bytree": 0.521403294954242, "gamma": 2.276370799235721, "lambda": 0.0007006316802184493, "alpha": 0.012883843747349317}