{"max_depth": 3, "learning_rate": 0.054012721501846224, "subsample": 0.931657732740885, "colsample_bytree": 0.5168491884667072, "gamma": 1.7758199184049916, "lambda": 0.003039111924557443, "alpha": 7.806962712813365e-08}