{"max_depth": 3, "learning_rate": 0.08019913077715612, "subsample": 0.6285557923757363, "colsample_bytree": 0.8883682137591514, "gamma": 3.9768170481475447, "lambda": 0.0008595013801719593, "alpha": 5.294485649480021e-07}