{"max_depth": 6, "learning_rate": 0.15200935899199222, "subsample": 0.7055940246718443, "colsample_bytree": 0.6267601488308657, "gamma": 0.5709878433912008, "lambda": 0.003528384649038615, "alpha": 7.456116123010742e-05}