{"max_depth": 4, "learning_rate": 0.2554042086894382, "subsample": 0.7921839316385496, "colsample_bytree": 0.9854731040768541, "gamma": 3.3044501936508364, "lambda": 2.2102555587158405e-05, "alpha": 1.3335370267112473e-05}