{"max_depth": 5, "learning_rate": 0.1328049317457504, "subsample": 0.983911399658606, "colsample_bytree": 0.6379401611800543, "gamma": 3.0792724693741693, "lambda": 0.003429643555024572, "alpha": 0.0038428094489187897}