{"max_depth": 6, "learning_rate": 0.15335847928399754, "subsample": 0.974675742933953, "colsample_bytree": 0.8875271837259108, "gamma": 4.628723438995421, "lambda": 7.611280421531699e-05, "alpha": 0.0014965501685165583}