{"max_depth": 5, "learning_rate": 0.23331721941532443, "subsample": 0.7029793535156527, "colsample_bytree": 0.7288246829348357, "gamma": 2.025547465177511, "lambda": 0.00312893937798052, "alpha": 2.2343215834726474e-07}