{"max_depth": 5, "learning_rate": 0.23429093463273534, "subsample": 0.7915110781662624, "colsample_bytree": 0.5294416753293085, "gamma": 1.4820315868732348, "lambda": 0.07926400761561843, "alpha": 0.00047837317398215587}