{"max_depth": 10, "learning_rate": 0.23464314565458566, "subsample": 0.7919934362653895, "colsample_bytree": 0.5779669470168374, "gamma": 1.278010864671944, "lambda": 5.2420289350363085e-06, "alpha": 1.1678228566088278e-05}