{"max_depth": 8, "learning_rate": 0.2132186201726479, "subsample": 0.7373406917733356, "colsample_bytree": 0.5950177130640508, "gamma": 2.3855107924640273, "lambda": 2.1691097419579593e-08, "alpha": 9.26207654552942e-07}