{"max_depth": 5, "learning_rate": 0.2474363431312762, "subsample": 0.7672256313804373, "colsample_bytree": 0.6778767386655082, "gamma": 1.2068426548178313, "lambda": 2.3164552752708168e-08, "alpha": 0.5970757097232204}