{"max_depth": 7, "learning_rate": 0.18001505716456503, "subsample": 0.8051974373932336, "colsample_bytree": 0.8626165888924279, "gamma": 1.986910321312469, "lambda": 5.2616832687139685e-05, "alpha": 0.5401097569452024}