{"max_depth": 9, "learning_rate": 0.25907663038265294, "subsample": 0.7451154344165372, "colsample_bytree": 0.5191484205853243, "gamma": 4.2858138301398006, "lambda": 0.0005010244444273281, "alpha": 0.0654377279044603}