{"max_depth": 3, "learning_rate": 0.10930713924765934, "subsample": 0.587766828980971, "colsample_bytree": 0.6319029291490101, "gamma": 1.9598984266399766, "lambda": 0.7022432015040959, "alpha": 0.49610022672080933}