{"max_depth": 9, "learning_rate": 0.08151325513829198, "subsample": 0.6718990399522955, "colsample_bytree": 0.5097599679347962, "gamma": 1.8627856900909139, "lambda": 0.00015186693139319636, "alpha": 8.791102275437499e-07}