{"max_depth": 7, "learning_rate": 0.28599496791297585, "subsample": 0.8384725945294829, "colsample_bytree": 0.5995788698789706, "gamma": 2.0037822940423107, "lambda": 1.0024486973574238e-06, "alpha": 4.889585325646637e-06}