{"max_depth": 7, "learning_rate": 0.08380675641784496, "subsample": 0.8332334278676878, "colsample_bytree": 0.8019764596193023, "gamma": 1.7949096065386805, "lambda": 5.0100544070244394e-05, "alpha": 6.779279441069289e-05}