{"max_depth": 9, "learning_rate": 0.05059982904888511, "subsample": 0.5848989987553653, "colsample_bytree": 0.6157700704244445, "gamma": 1.2715176612932604, "lambda": 2.5666393057031524e-06, "alpha": 0.6372093836891499}