{"max_depth": 10, "learning_rate": 0.1516324827184055, "subsample": 0.5142836597645797, "colsample_bytree": 0.7209819179343517, "gamma": 4.947113363656463, "lambda": 1.7097113257236203e-05, "alpha": 2.6765838243752993e-05}