{"max_depth": 10, "learning_rate": 0.014001621797638125, "subsample": 0.8803745535249117, "colsample_bytree": 0.5862901305803985, "gamma": 0.7775585497715454, "lambda": 2.536155779419397e-05, "alpha": 0.0031090810720101384}