{"max_depth": 3, "learning_rate": 0.07063517657231833, "subsample": 0.926883711347957, "colsample_bytree": 0.5822496023325681, "gamma": 3.698178796506528, "lambda": 2.3733084672485682e-05, "alpha": 0.023931108713069787}