{"max_depth": 10, "learning_rate": 0.19402108655177105, "subsample": 0.5565052981086288, "colsample_bytree": 0.940209912846317, "gamma": 3.070317215471776, "lambda": 0.00045402687072330445, "alpha": 0.06302421923181792}