{"max_depth": 4, "learning_rate": 0.25310284339800104, "subsample": 0.6189842918678892, "colsample_bytree": 0.5698947551942506, "gamma": 3.4576862038029956, "lambda": 7.3954164140607975e-06, "alpha": 0.0038518237802621794}