{"max_depth": 8, "learning_rate": 0.13156847504200866, "subsample": 0.9594896281644043, "colsample_bytree": 0.9273379572196235, "gamma": 0.31521352139372516, "lambda": 2.045169895463113e-06, "alpha": 1.8565890397992419e-07}