{"max_depth": 7, "learning_rate": 0.029441562404559994, "subsample": 0.8561461365264056, "colsample_bytree": 0.6311851659920396, "gamma": 2.5864998904595367, "lambda": 0.006366842516282118, "alpha": 2.015920139604016e-06}