{"max_depth": 10, "learning_rate": 0.29670100908582525, "subsample": 0.5265115501806624, "colsample_bytree": 0.7043129714136491, "gamma": 1.3919844949727804, "lambda": 1.1318252125254815e-06, "alpha": 5.448353002095982e-07}