{"max_depth": 6, "learning_rate": 0.21114355846317864, "subsample": 0.5028642787627173, "colsample_bytree": 0.7209673935328184, "gamma": 0.8994109510113052, "lambda": 2.0038450494837984e-05, "alpha": 1.52468527739462e-08}