{"max_depth": 7, "learning_rate": 0.12272155939244915, "subsample": 0.786081774565446, "colsample_bytree": 0.5144119175155976, "gamma": 3.4622575649292116, "lambda": 2.830693523111889e-05, "alpha": 0.7173035297621678}