{"max_depth": 5, "learning_rate": 0.03631498241817224, "subsample": 0.8903522898995611, "colsample_bytree": 0.8442138210983312, "gamma": 2.759376009979358, "lambda": 1.5832264087657372e-08, "alpha": 4.8693438098500067e-05}