{"max_depth": 4, "learning_rate": 0.15877494849151927, "subsample": 0.6869782082301191, "colsample_bytree": 0.8913067123742755, "gamma": 4.587534429540846, "lambda": 4.676995230907605e-05, "alpha": 0.0009639222955021735}