{"max_depth": 7, "learning_rate": 0.067056265722261, "subsample": 0.7694392707566597, "colsample_bytree": 0.8594007403232284, "gamma": 3.8046578856841924, "lambda": 0.004251855085083597, "alpha": 2.6759567798444345e-08}