{"max_depth": 6, "learning_rate": 0.033697463656723624, "subsample": 0.7626668321387041, "colsample_bytree": 0.9305147567193364, "gamma": 2.233330120086868, "lambda": 0.6631293007094851, "alpha": 0.00012204982949357198}