{"max_depth": 5, "learning_rate": 0.012867634966606402, "subsample": 0.7296391944955158, "colsample_bytree": 0.9299537591386354, "gamma": 3.392918868576464, "lambda": 0.0021682475998385095, "alpha": 1.4518306150866272e-08}