{"max_depth": 5, "learning_rate": 0.15979971310950122, "subsample": 0.6113389293423266, "colsample_bytree": 0.8719873106662488, "gamma": 0.004169742073618643, "lambda": 6.277042611943111e-08, "alpha": 0.06926391195427864}