{"max_depth": 10, "learning_rate": 0.2973165273771867, "subsample": 0.7133910196394799, "colsample_bytree": 0.5159946290995836, "gamma": 0.3871779594547181, "lambda": 8.439069391501056e-07, "alpha": 4.421180277791724e-07}