{"max_depth": 9, "learning_rate": 0.23887684355362257, "subsample": 0.6938866843521577, "colsample_bytree": 0.5779583737534659, "gamma": 1.8977257213844267, "lambda": 0.01886287218953703, "alpha": 0.0004206773150412904}