{"max_depth": 7, "learning_rate": 0.29109979606449476, "subsample": 0.7257174641881258, "colsample_bytree": 0.8264325338345262, "gamma": 2.708155354608735, "lambda": 8.278366871572755e-08, "alpha": 1.0041375727988064e-05}