{"max_depth": 5, "learning_rate": 0.19634874183419568, "subsample": 0.5798588117183396, "colsample_bytree": 0.7114191450405245, "gamma": 2.1660595506874083, "lambda": 2.5317235993831982e-08, "alpha": 3.5683043735799085e-07}