{"max_depth": 6, "learning_rate": 0.07245676223317192, "subsample": 0.7941702554988885, "colsample_bytree": 0.9388609140071349, "gamma": 0.08335935715824028, "lambda": 0.0036295440008539638, "alpha": 0.18079746742529917}