{"max_depth": 9, "learning_rate": 0.04182316792671847, "subsample": 0.9810836737486159, "colsample_bytree": 0.7413606763104521, "gamma": 1.1916510411359056, "lambda": 2.2505138344189143e-07, "alpha": 1.0952128680359351e-08}