{"max_depth": 10, "learning_rate": 0.2260883019570168, "subsample": 0.5582716792997893, "colsample_bytree": 0.9603454789836476, "gamma": 4.407514785112458, "lambda": 6.752311635920275e-06, "alpha": 8.589612638738365e-06}