{"max_depth": 5, "learning_rate": 0.07642878424660883, "subsample": 0.9910509633811913, "colsample_bytree": 0.8110872756557688, "gamma": 1.9294063886813357, "lambda": 0.0004191835050799946, "alpha": 4.914165324991359e-05}