{"max_depth": 8, "learning_rate": 0.07155950467494776, "subsample": 0.9989219759829944, "colsample_bytree": 0.5674779756947057, "gamma": 3.517608732345576, "lambda": 1.9963415047295623e-05, "alpha": 0.326332281997868}