{"max_depth": 3, "learning_rate": 0.07847037144602256, "subsample": 0.6029528489909368, "colsample_bytree": 0.9347972882403448, "gamma": 1.8871700198260655, "lambda": 5.061864694318858e-05, "alpha": 0.014517286223443312}