{"max_depth": 5, "learning_rate": 0.23051609502511286, "subsample": 0.5221992926659409, "colsample_bytree": 0.9621042375714671, "gamma": 4.288580170609777, "lambda": 0.0014075377541014828, "alpha": 2.8917667713560417e-06}