{"max_depth": 3, "learning_rate": 0.2784698146461138, "subsample": 0.5229091727315427, "colsample_bytree": 0.9031028490532826, "gamma": 2.825844257061227, "lambda": 0.00034965072860524364, "alpha": 0.03094229008296322}