{"max_depth": 10, "learning_rate": 0.26530057833733084, "subsample": 0.9524412023075286, "colsample_bytree": 0.9259995296425739, "gamma": 2.3496485929469135, "lambda": 0.023911858159048283, "alpha": 0.006802514145007072}