{"max_depth": 3, "learning_rate": 0.19637864953224282, "subsample": 0.7966824743610044, "colsample_bytree": 0.8886676109105112, "gamma": 4.831857271964697, "lambda": 1.49259865770173e-07, "alpha": 1.4703234497779458e-07}