{"max_depth": 6, "learning_rate": 0.2738948127905544, "subsample": 0.9893318612217998, "colsample_bytree": 0.9587508016795574, "gamma": 0.0726480110399802, "lambda": 6.725989259403314e-08, "alpha": 0.0006571600931570586}