{"max_depth": 8, "learning_rate": 0.12799055233621484, "subsample": 0.5215344787936589, "colsample_bytree": 0.5994592649974182, "gamma": 2.4653678071472607, "lambda": 0.1448169622094992, "alpha": 0.011863161533136298}