{"max_depth": 3, "learning_rate": 0.09766457595950806, "subsample": 0.7253036999289437, "colsample_bytree": 0.5567357885323054, "gamma": 0.44544015702843054, "lambda": 0.0012730531338581905, "alpha": 0.07692442249300949}