{"max_depth": 9, "learning_rate": 0.17043898582006473, "subsample": 0.7602484252418593, "colsample_bytree": 0.7910843003819646, "gamma": 0.6633092726880124, "lambda": 0.004999789781949727, "alpha": 3.594403618342755e-07}