{"max_depth": 9, "learning_rate": 0.021197968451457376, "subsample": 0.777059543280141, "colsample_bytree": 0.8855741771783687, "gamma": 1.2856305829885717, "lambda": 0.0011313534250783036, "alpha": 8.259206301136705e-06}