{"max_depth": 4, "learning_rate": 0.1320838846030127, "subsample": 0.5724689600063977, "colsample_bytree": 0.8378512861500499, "gamma": 2.6202950823512854, "lambda": 2.0667378887625893e-07, "alpha": 2.4558114389327435e-07}