{"max_depth": 10, "learning_rate": 0.16267452391843637, "subsample": 0.7556053866772816, "colsample_bytree": 0.9458246631818434, "gamma": 3.269663894634101, "lambda": 0.12937807486044972, "alpha": 1.879512437034147e-05}