{"max_depth": 3, "learning_rate": 0.16985946840493496, "subsample": 0.9567777359872953, "colsample_bytree": 0.9898459386280207, "gamma": 2.8064439955333302, "lambda": 0.0014546196196216009, "alpha": 3.949437465373805e-05}