{"max_depth": 10, "learning_rate": 0.04974596988523717, "subsample": 0.5240278626178456, "colsample_bytree": 0.5231976978581283, "gamma": 4.2343179131557545, "lambda": 0.17799786525760816, "alpha": 1.7820564331437293e-06}