{"max_depth": 10, "learning_rate": 0.08354741122692559, "subsample": 0.5647898844254176, "colsample_bytree": 0.9801294598674375, "gamma": 4.607275085523227, "lambda": 2.7644802849046553e-05, "alpha": 0.0025800365857007205}