{"max_depth": 3, "learning_rate": 0.016131346741980745, "subsample": 0.5353416323718296, "colsample_bytree": 0.5575595907736282, "gamma": 0.07789359711620869, "lambda": 0.00467501999238775, "alpha": 3.618991396553473e-06}