{"max_depth": 7, "learning_rate": 0.12025297477242113, "subsample": 0.9524753107518668, "colsample_bytree": 0.7812270929701751, "gamma": 3.277492463683327, "lambda": 0.0023969106460222105, "alpha": 0.1256558026230042}