{"max_depth": 3, "learning_rate": 0.22048579338514712, "subsample": 0.6520806366068033, "colsample_bytree": 0.6420208653017573, "gamma": 2.231156933115632, "lambda": 0.003877755837771347, "alpha": 2.4035582817742753e-06}