{"max_depth": 10, "learning_rate": 0.05180829356471804, "subsample": 0.5425706482026886, "colsample_bytree": 0.8658774085838741, "gamma": 4.95761450708439, "lambda": 0.05168505400120594, "alpha": 1.0928605047356676e-06}