{"max_depth": 6, "learning_rate": 0.10920694673398958, "subsample": 0.9508820981446479, "colsample_bytree": 0.7369766084863183, "gamma": 1.7309211688060615, "lambda": 2.719178333328707e-08, "alpha": 3.599688628806402e-08}