{"max_depth": 5, "learning_rate": 0.018202485690582162, "subsample": 0.9141316146321574, "colsample_bytree": 0.8397404290467019, "gamma": 4.7651418180714025, "lambda": 6.748241798832258e-06, "alpha": 0.24773423956153362}