{"max_depth": 4, "learning_rate": 0.26666612672801543, "subsample": 0.5327756529228156, "colsample_bytree": 0.9069855760011488, "gamma": 4.933127913968965, "lambda": 0.0018289490664567768, "alpha": 2.9845941034463874e-05}