{"max_depth": 6, "learning_rate": 0.12028177533545238, "subsample": 0.9251309350962666, "colsample_bytree": 0.7891409460674701, "gamma": 2.8232742955968892, "lambda": 1.212971954288904e-08, "alpha": 3.523768445740945e-05}