{"max_depth": 10, "learning_rate": 0.1907983378222371, "subsample": 0.9779044964419152, "colsample_bytree": 0.5572166232466655, "gamma": 0.678523518665638, "lambda": 7.289039813833886e-08, "alpha": 9.278641648287561e-05}