{"max_depth": 3, "learning_rate": 0.0367859715823005, "subsample": 0.877308781774232, "colsample_bytree": 0.8473812250971021, "gamma": 1.030669004055501, "lambda": 6.873855464748346e-08, "alpha": 8.37566853800652e-07}