{"max_depth": 8, "learning_rate": 0.1258562080085345, "subsample": 0.7834250955453846, "colsample_bytree": 0.567941291479412, "gamma": 3.8970022268424884, "lambda": 0.0002358877086156721, "alpha": 0.011173541949217105}