{"max_depth": 3, "learning_rate": 0.021678628287233576, "subsample": 0.6184730821584197, "colsample_bytree": 0.7180730586691677, "gamma": 3.5116788357301743, "lambda": 0.004925332596616169, "alpha": 0.00010893150310932732}