{"max_depth": 5, "learning_rate": 0.29868623269398514, "subsample": 0.9977622762066816, "colsample_bytree": 0.7705603020031042, "gamma": 1.5138333663295922, "lambda": 0.00010077842126496791, "alpha": 0.0001213106906812882}