{"max_depth": 4, "learning_rate": 0.021444055080142896, "subsample": 0.95171215437777, "colsample_bytree": 0.9238074014804111, "gamma": 0.7600496618340857, "lambda": 0.008799313448418168, "alpha": 3.194952881832392e-08}