{"max_depth": 5, "learning_rate": 0.13442958686593443, "subsample": 0.6616788853108655, "colsample_bytree": 0.5980256623243365, "gamma": 1.231888498905351, "lambda": 0.5874855957271282, "alpha": 2.510178233670829e-06}