{"max_depth": 3, "learning_rate": 0.25952245997134415, "subsample": 0.6765512687590007, "colsample_bytree": 0.9377424748608582, "gamma": 1.2700983080087291, "lambda": 3.788565445797586e-05, "alpha": 5.6138555612718075e-08}