{"max_depth": 10, "learning_rate": 0.27663232946491645, "subsample": 0.6074029093047719, "colsample_bytree": 0.5958536005239864, "gamma": 0.8054112540774, "lambda": 7.583885014636735e-07, "alpha": 0.21980324152546}