{"max_depth": 8, "learning_rate": 0.20450254553638086, "subsample": 0.6795654862662315, "colsample_bytree": 0.6929843731210148, "gamma": 4.459338542255605, "lambda": 0.0038823521002273654, "alpha": 0.25199085073003286}