{"max_depth": 10, "learning_rate": 0.021498296935035254, "subsample": 0.9044209508159847, "colsample_bytree": 0.7400477608369065, "gamma": 1.6555921767044146, "lambda": 4.246202828432402e-06, "alpha": 0.3594373098086174}