{"max_depth": 7, "learning_rate": 0.20333920061603397, "subsample": 0.8564111881501238, "colsample_bytree": 0.6653135569380604, "gamma": 0.8717341935802303, "lambda": 2.9276239340042423e-05, "alpha": 0.0034716683310960523}