{"max_depth": 4, "learning_rate": 0.13104559036901364, "subsample": 0.8314488380675741, "colsample_bytree": 0.5561035433614636, "gamma": 0.38157276719230193, "lambda": 0.5778183374794869, "alpha": 7.866559737311348e-08}