{"max_depth": 9, "learning_rate": 0.26673401960394566, "subsample": 0.977366106476407, "colsample_bytree": 0.8182134948914438, "gamma": 2.0289403919741753, "lambda": 0.0028781014918064832, "alpha": 0.002316516654692184}