{"max_depth": 4, "learning_rate": 0.04824783923225691, "subsample": 0.5714786309393299, "colsample_bytree": 0.8461043026066113, "gamma": 1.3763394396656037, "lambda": 6.012344714642273e-07, "alpha": 8.83219838913558e-05}