{"max_depth": 3, "learning_rate": 0.1550934081192683, "subsample": 0.6597311268228712, "colsample_bytree": 0.5368529008128657, "gamma": 1.684158112603562, "lambda": 0.004061852360745055, "alpha": 0.0007282635075657765}