{"max_depth": 5, "learning_rate": 0.1567770056999622, "subsample": 0.8658412314044008, "colsample_bytree": 0.5373414262763987, "gamma": 0.5761489273495951, "lambda": 0.012487186434533528, "alpha": 0.002995886909170036}