{"max_depth": 8, "learning_rate": 0.17807536542102098, "subsample": 0.9560376761429511, "colsample_bytree": 0.9880944900362327, "gamma": 1.6222625317901445, "lambda": 1.7794522926633333e-05, "alpha": 1.5546877805054246e-06}