{"max_depth": 7, "learning_rate": 0.25973486462887674, "subsample": 0.6831214032222481, "colsample_bytree": 0.9584436171373312, "gamma": 1.6487135307926266, "lambda": 8.332536707952175e-08, "alpha": 2.1319867945569543e-08}