{"max_depth": 10, "learning_rate": 0.23459197203040344, "subsample": 0.919449878972088, "colsample_bytree": 0.6504509274863834, "gamma": 4.053684594346718, "lambda": 7.993797320992944e-07, "alpha": 5.4105829891923104e-05}