{"max_depth": 8, "learning_rate": 0.11139956783896718, "subsample": 0.6660639788819425, "colsample_bytree": 0.7124523285769551, "gamma": 1.3847894683662547, "lambda": 0.000625212009405962, "alpha": 0.0031640688311427453}