{"max_depth": 5, "learning_rate": 0.054387244365864326, "subsample": 0.6085095072231603, "colsample_bytree": 0.5025365167341764, "gamma": 1.3910735324279981, "lambda": 1.272517279696362e-06, "alpha": 0.0006441568003167916}