{"max_depth": 7, "learning_rate": 0.17412462993344913, "subsample": 0.932141669710831, "colsample_bytree": 0.7737379758769325, "gamma": 0.5503662748196336, "lambda": 0.0003307187492749237, "alpha": 3.642027960842238e-05}