{"max_depth": 7, "learning_rate": 0.1907978065273653, "subsample": 0.9558652973242605, "colsample_bytree": 0.5893349538155832, "gamma": 2.938846587445101, "lambda": 2.567988455855826e-08, "alpha": 8.418858384843275e-08}