{"max_depth": 8, "learning_rate": 0.16523974025259663, "subsample": 0.899125142307608, "colsample_bytree": 0.9888169047144075, "gamma": 3.858611668368325, "lambda": 0.12085603066242773, "alpha": 0.17701675384500673}