{"max_depth": 7, "learning_rate": 0.1429193405353972, "subsample": 0.5316139436367288, "colsample_bytree": 0.5633315953657443, "gamma": 4.577092339055172, "lambda": 2.4493913011222514e-05, "alpha": 3.19837310865404e-07}