{"max_depth": 7, "learning_rate": 0.12746959675123654, "subsample": 0.5174511637945918, "colsample_bytree": 0.8812203533559029, "gamma": 1.8034949659810517, "lambda": 4.527723360957206e-08, "alpha": 0.809502646119006}