{"max_depth": 7, "learning_rate": 0.16472675849102125, "subsample": 0.974672639570245, "colsample_bytree": 0.9853840756875738, "gamma": 4.92301195871577, "lambda": 0.0004383832763434472, "alpha": 0.009995941399839607}