{"max_depth": 10, "learning_rate": 0.1668300125035496, "subsample": 0.9906984943384931, "colsample_bytree": 0.9421950263894843, "gamma": 1.3324757782792114, "lambda": 4.5344905250814145e-07, "alpha": 0.0002141976470811007}