{"max_depth": 3, "learning_rate": 0.24705890498838393, "subsample": 0.9015953545718318, "colsample_bytree": 0.5805581976220717, "gamma": 4.986847390829439, "lambda": 1.812959987652455e-08, "alpha": 3.368747135583006e-08}