{"max_depth": 7, "learning_rate": 0.13221127683265071, "subsample": 0.5316853376482479, "colsample_bytree": 0.7304729501445686, "gamma": 2.2318061024168747, "lambda": 7.317684552333839e-07, "alpha": 0.6855383585686423}