{"max_depth": 9, "learning_rate": 0.026824823892053033, "subsample": 0.6894217285859783, "colsample_bytree": 0.7292171284203675, "gamma": 4.376972083947607, "lambda": 0.01646175778823053, "alpha": 0.2693609986721471}