{"max_depth": 10, "learning_rate": 0.0816265629205997, "subsample": 0.6729682357704071, "colsample_bytree": 0.9594194928508517, "gamma": 2.002716100212472, "lambda": 0.006792767237883914, "alpha": 4.789108121665072e-05}