{"max_depth": 3, "learning_rate": 0.23908135897732213, "subsample": 0.7669211021716282, "colsample_bytree": 0.7785025793198428, "gamma": 4.29851618257001, "lambda": 3.356976882908607e-08, "alpha": 0.0050660388637299}