{"max_depth": 6, "learning_rate": 0.039104396617862934, "subsample": 0.6915240452329048, "colsample_bytree": 0.9512511954706128, "gamma": 3.0632829870860463, "lambda": 0.0591839080213968, "alpha": 1.907218765211231e-07}