{"max_depth": 9, "learning_rate": 0.29591215556193556, "subsample": 0.7697643947200609, "colsample_bytree": 0.5185441165069786, "gamma": 4.1314371515955255, "lambda": 0.000228997847190813, "alpha": 0.11939350223661617}