{"max_depth": 7, "learning_rate": 0.22682284112311546, "subsample": 0.980276762940536, "colsample_bytree": 0.7459041739792134, "gamma": 1.1160062482062711, "lambda": 1.08362923956843e-06, "alpha": 2.448408518354958e-05}