{"max_depth": 4, "learning_rate": 0.07795966247232375, "subsample": 0.9503268162807543, "colsample_bytree": 0.9660368917350468, "gamma": 3.3339635656169975, "lambda": 2.864444464836464e-07, "alpha": 0.8480341585953883}