{"max_depth": 8, "learning_rate": 0.13715838891288404, "subsample": 0.9683034554449919, "colsample_bytree": 0.6575189437463644, "gamma": 4.877048935843681, "lambda": 0.008941133093613659, "alpha": 6.176838074728729e-07}