{"max_depth": 3, "learning_rate": 0.024337691743367557, "subsample": 0.5797861225439132, "colsample_bytree": 0.7720048482646125, "gamma": 3.093660476533317, "lambda": 7.124899988718281e-06, "alpha": 1.0388855976198721e-06}