{"max_depth": 10, "learning_rate": 0.11463054488711308, "subsample": 0.7878211941808257, "colsample_bytree": 0.6719672561237621, "gamma": 1.2902289435082643, "lambda": 1.513747026753552e-05, "alpha": 1.9887200226105834e-06}