{"max_depth": 6, "learning_rate": 0.10579781168996022, "subsample": 0.6696319419250398, "colsample_bytree": 0.8535076903316827, "gamma": 4.069833694404784, "lambda": 0.6809489293089247, "alpha": 2.8367907002413623e-07}