{"max_depth": 7, "learning_rate": 0.1372544046524927, "subsample": 0.6239571231757495, "colsample_bytree": 0.5546142112659742, "gamma": 4.682190334903132, "lambda": 0.0009790912378680472, "alpha": 0.012203665606470576}