{"max_depth": 9, "learning_rate": 0.2867152221961003, "subsample": 0.5065877470631395, "colsample_bytree": 0.9138749681642084, "gamma": 0.5179440628069454, "lambda": 8.54366640170227e-06, "alpha": 3.645431212037951e-06}