{"max_depth": 6, "learning_rate": 0.02993773741346379, "subsample": 0.816613469240564, "colsample_bytree": 0.9111895170665415, "gamma": 4.446807177968093, "lambda": 0.00011256407141098756, "alpha": 1.8654373184504968e-08}