{"max_depth": 9, "learning_rate": 0.12589906017944041, "subsample": 0.9589140238990266, "colsample_bytree": 0.9555125249661074, "gamma": 3.310117296276061, "lambda": 0.0009084666535599512, "alpha": 1.4937487182092714e-08}