{"max_depth": 8, "learning_rate": 0.17184560000858087, "subsample": 0.5774932462703564, "colsample_bytree": 0.62591526737084, "gamma": 0.7766344001549524, "lambda": 1.5214195945752442e-07, "alpha": 0.17491525603139732}