{"max_depth": 3, "learning_rate": 0.08226509761168788, "subsample": 0.8348126438873564, "colsample_bytree": 0.5565638086273037, "gamma": 3.1875748424748824, "lambda": 1.945341376192355e-08, "alpha": 1.660489589018336e-06}