{"max_depth": 5, "learning_rate": 0.1815991457212323, "subsample": 0.6632429560508168, "colsample_bytree": 0.7298862593132398, "gamma": 0.47862216226612575, "lambda": 9.198430571650151e-08, "alpha": 0.04609953730548303}