{"max_depth": 10, "learning_rate": 0.16987658255147814, "subsample": 0.5522596331706909, "colsample_bytree": 0.5104582345082551, "gamma": 3.3932495057163607, "lambda": 3.5788248356830604e-07, "alpha": 0.0002637160581373682}