{"max_depth": 5, "learning_rate": 0.08518150624894585, "subsample": 0.7476615216205131, "colsample_bytree": 0.9021417075720668, "gamma": 4.397252445977442, "lambda": 0.00019520692980389717, "alpha": 0.00016976451904256867}