{"max_depth": 9, "learning_rate": 0.2975412381302758, "subsample": 0.9356202148820743, "colsample_bytree": 0.8025086373936665, "gamma": 4.434253513103737, "lambda": 9.260209963979387e-05, "alpha": 0.000666281776346587}