{"max_depth": 6, "learning_rate": 0.04057430497357901, "subsample": 0.7620368466658154, "colsample_bytree": 0.660765499524306, "gamma": 1.0223980020328594, "lambda": 0.0002509082462648201, "alpha": 0.177206936313782}