{"max_depth": 3, "learning_rate": 0.13879152713695994, "subsample": 0.7951095463867197, "colsample_bytree": 0.5703039135839515, "gamma": 2.7964826954676036, "lambda": 7.739519697674453e-06, "alpha": 2.847793266048089e-08}