{"max_depth": 8, "learning_rate": 0.021433879154760464, "subsample": 0.6204469260480102, "colsample_bytree": 0.5925065209956664, "gamma": 0.9856833667775744, "lambda": 3.633525094200372e-07, "alpha": 0.0007581683069046623}