{"max_depth": 6, "learning_rate": 0.12628079099738546, "subsample": 0.887309587822391, "colsample_bytree": 0.7995641460767995, "gamma": 2.9846242171937734, "lambda": 0.000951110388967777, "alpha": 0.00012540619498660062}