{"max_depth": 6, "learning_rate": 0.08490168675832127, "subsample": 0.8202009307448366, "colsample_bytree": 0.6620396412636642, "gamma": 3.1872564548545723, "lambda": 4.5926982502332366e-08, "alpha": 0.0006154842784204254}