{"max_depth": 4, "learning_rate": 0.01587714982113965, "subsample": 0.68744146647768, "colsample_bytree": 0.5117909145144468, "gamma": 2.1300475198194313, "lambda": 9.401576504211754e-08, "alpha": 0.14219910294936}