{"max_depth": 4, "learning_rate": 0.2955388206193348, "subsample": 0.954643755139851, "colsample_bytree": 0.8593000079335176, "gamma": 3.3700234091951664, "lambda": 0.060171124250615014, "alpha": 0.0002668877570859545}