{"max_depth": 8, "learning_rate": 0.03255111125660496, "subsample": 0.7407520725264396, "colsample_bytree": 0.990609380571258, "gamma": 4.14368114935513, "lambda": 9.082376952067945e-08, "alpha": 0.0010731853574018387}