{"max_depth": 5, "learning_rate": 0.2583345902238074, "subsample": 0.7499644956423346, "colsample_bytree": 0.9946861675009961, "gamma": 3.617209711431565, "lambda": 4.407047843800334e-05, "alpha": 0.426714484084248}