{"max_depth": 10, "learning_rate": 0.27242045663382686, "subsample": 0.6914478226939794, "colsample_bytree": 0.8992278916314225, "gamma": 4.38661832649745, "lambda": 0.0740631270315589, "alpha": 0.12813216257052257}