{"max_depth": 9, "learning_rate": 0.26367527318848016, "subsample": 0.5106427416665881, "colsample_bytree": 0.6378715530809654, "gamma": 4.160851319378882, "lambda": 0.04114567591457853, "alpha": 1.3427700301916192e-06}