{"max_depth": 6, "learning_rate": 0.2659584029330039, "subsample": 0.7349235336823834, "colsample_bytree": 0.5510291501519251, "gamma": 2.299777379680082, "lambda": 1.6160607262474968e-06, "alpha": 0.2915611004210639}