{"max_depth": 7, "learning_rate": 0.15225029783586394, "subsample": 0.7278328269705916, "colsample_bytree": 0.9056916335231309, "gamma": 4.250417254871434, "lambda": 0.0014798565081389932, "alpha": 0.01607509462548538}