{"max_depth": 9, "learning_rate": 0.17660397768325417, "subsample": 0.5521220925610713, "colsample_bytree": 0.8613035482713434, "gamma": 4.306099108763578, "lambda": 3.1936926460631154e-08, "alpha": 1.5965841589236608e-08}