{"max_depth": 8, "learning_rate": 0.12875256200987845, "subsample": 0.7566830659215238, "colsample_bytree": 0.9656184503179239, "gamma": 2.610262875556215, "lambda": 2.488722615826231e-05, "alpha": 0.017220472290439406}