{"max_depth": 7, "learning_rate": 0.032489547552695466, "subsample": 0.8283235584372342, "colsample_bytree": 0.5989575281956443, "gamma": 4.766641278838942, "lambda": 2.9519120889095815e-05, "alpha": 3.785617418015336e-08}