{"max_depth": 10, "learning_rate": 0.28860277415498603, "subsample": 0.5571673715882489, "colsample_bytree": 0.5130698005572614, "gamma": 3.898566645682296, "lambda": 0.006423002022801803, "alpha": 4.870020090460241e-08}