{"max_depth": 10, "learning_rate": 0.25660972408323157, "subsample": 0.9700115216744183, "colsample_bytree": 0.8153128355601871, "gamma": 2.401018975723615, "lambda": 0.0016952506911413546, "alpha": 2.2945258283148543e-08}