{"max_depth": 7, "learning_rate": 0.1671829502822163, "subsample": 0.7900296286693105, "colsample_bytree": 0.5420612307927721, "gamma": 2.873865518122031, "lambda": 0.021867110695760514, "alpha": 4.910191442530081e-07}