{"max_depth": 7, "learning_rate": 0.024243892401773607, "subsample": 0.528222523973797, "colsample_bytree": 0.8224346572644541, "gamma": 0.10867740393976866, "lambda": 1.8970996880732903e-06, "alpha": 3.008416593827455e-07}