{"max_depth": 6, "learning_rate": 0.05599789164508351, "subsample": 0.6687691364293511, "colsample_bytree": 0.7114630781930392, "gamma": 3.3694435789294315, "lambda": 1.1869234509590574e-07, "alpha": 0.0001905852644623538}