{"max_depth": 7, "learning_rate": 0.16633116610918489, "subsample": 0.7000107416741608, "colsample_bytree": 0.8628811192861345, "gamma": 4.12193172707427, "lambda": 0.022493251846003415, "alpha": 1.3603109573051006e-06}