{"max_depth": 5, "learning_rate": 0.23148021299231852, "subsample": 0.8687486283053004, "colsample_bytree": 0.5473712369952757, "gamma": 0.896884012012078, "lambda": 0.03916909989772768, "alpha": 2.780053356968612e-07}