{"max_depth": 4, "learning_rate": 0.2718279167826179, "subsample": 0.7866566169939815, "colsample_bytree": 0.5845892851409971, "gamma": 2.350842663707622, "lambda": 2.3956819542110088e-06, "alpha": 0.03587974717411643}