{"max_depth": 4, "learning_rate": 0.0758151709671329, "subsample": 0.6044378837935402, "colsample_bytree": 0.6900978707503299, "gamma": 1.1620252731219105, "lambda": 7.648847888187807e-06, "alpha": 4.2792857583154724e-05}