{"max_depth": 10, "learning_rate": 0.279896891380913, "subsample": 0.5326618065883999, "colsample_bytree": 0.9082628104208603, "gamma": 1.4076612407818412, "lambda": 1.0355172318296828e-05, "alpha": 1.785833905410366e-05}