{"max_depth": 4, "learning_rate": 0.013197871145641409, "subsample": 0.7794315240319715, "colsample_bytree": 0.7821027391783932, "gamma": 4.275898577304811, "lambda": 0.08380084369897732, "alpha": 0.004569905903350744}