{"max_depth": 4, "learning_rate": 0.1432213537843112, "subsample": 0.6549230512213898, "colsample_bytree": 0.5941025192540702, "gamma": 4.2380329931687974, "lambda": 0.40441689960411653, "alpha": 0.005409134053930363}