{"max_depth": 7, "learning_rate": 0.05535127360628708, "subsample": 0.8017585185532172, "colsample_bytree": 0.7451102464817747, "gamma": 4.882813067037778, "lambda": 0.0005096418696623528, "alpha": 0.0004335274099620328}