{"max_depth": 8, "learning_rate": 0.09954763046436634, "subsample": 0.7086028608928778, "colsample_bytree": 0.9555400265099577, "gamma": 1.350213836021752, "lambda": 0.9742015312367994, "alpha": 0.18661282139689883}