{"max_depth": 10, "learning_rate": 0.27818675236551155, "subsample": 0.7247035492805614, "colsample_bytree": 0.6316512298422026, "gamma": 2.15687505842145, "lambda": 0.12134935496356634, "alpha": 0.179740222191637}