{"max_depth": 8, "learning_rate": 0.09609479917328341, "subsample": 0.5558944939132865, "colsample_bytree": 0.5679370925093854, "gamma": 2.4580773504926228, "lambda": 0.32916030777242317, "alpha": 4.809761718147005e-07}