{"max_depth": 8, "learning_rate": 0.062478357692479995, "subsample": 0.6501564881404251, "colsample_bytree": 0.8113968210583344, "gamma": 0.19256568671097762, "lambda": 5.996557634473638e-08, "alpha": 1.372322543375754e-06}