{"max_depth": 5, "learning_rate": 0.11749132380493439, "subsample": 0.6935126759631447, "colsample_bytree": 0.608901650276247, "gamma": 2.3299211430724087, "lambda": 0.0011369077447586117, "alpha": 9.761107363238831e-05}