{"max_depth": 10, "learning_rate": 0.029114299544715713, "subsample": 0.8400792438091884, "colsample_bytree": 0.6401364887969585, "gamma": 1.518457155060946, "lambda": 5.97111503313507e-07, "alpha": 0.003283686525607767}