{"max_depth": 3, "learning_rate": 0.15410882222873454, "subsample": 0.6990377559623804, "colsample_bytree": 0.5062064848170331, "gamma": 3.389781513803072, "lambda": 0.4409061660859917, "alpha": 1.7932391595329052e-06}