{"max_depth": 3, "learning_rate": 0.2507823229147092, "subsample": 0.8935136064698199, "colsample_bytree": 0.9081800144312249, "gamma": 3.089182253442659, "lambda": 5.135247172422262e-07, "alpha": 0.005829568717143914}