{"max_depth": 3, "learning_rate": 0.10466282962041752, "subsample": 0.7825753193776571, "colsample_bytree": 0.6267985723557661, "gamma": 1.9222321296227292, "lambda": 7.45302707232174e-08, "alpha": 0.00018005690480124906}