{"max_depth": 5, "learning_rate": 0.050839784214084034, "subsample": 0.5934428320879517, "colsample_bytree": 0.8633631565529958, "gamma": 4.987918068301301, "lambda": 0.17488942919187614, "alpha": 1.4755061237993273e-07}