{"max_depth": 3, "learning_rate": 0.22408513353376935, "subsample": 0.67046065628526, "colsample_bytree": 0.8741127170596583, "gamma": 2.5631573822385496, "lambda": 4.021811470139208e-06, "alpha": 3.6574338007556377e-08}