{"max_depth": 8, "learning_rate": 0.16052995710553936, "subsample": 0.6216317652262264, "colsample_bytree": 0.816682250332565, "gamma": 0.5629872659026458, "lambda": 0.017986775528945603, "alpha": 9.088621499192671e-05}