{"max_depth": 7, "learning_rate": 0.2941816304936442, "subsample": 0.7025510816795443, "colsample_bytree": 0.8496095848318954, "gamma": 2.364467240861848, "lambda": 9.91841150896335e-07, "alpha": 0.24932418061356995}