{"max_depth": 4, "learning_rate": 0.16779966199093696, "subsample": 0.7297671735757401, "colsample_bytree": 0.7587998649620703, "gamma": 1.3661468736107163, "lambda": 2.2592760194708326e-06, "alpha": 0.24449677878318174}