{"max_depth": 6, "learning_rate": 0.10256962079949997, "subsample": 0.523336856280453, "colsample_bytree": 0.8522271826314888, "gamma": 4.231763680257674, "lambda": 0.056275588409492545, "alpha": 1.0016860006693167e-05}