{"max_depth": 10, "learning_rate": 0.23740382310354446, "subsample": 0.5431874861102283, "colsample_bytree": 0.8883538681896748, "gamma": 2.2705591430650007, "lambda": 8.086972545729193e-06, "alpha": 2.5844047667304307e-08}