{"max_depth": 8, "learning_rate": 0.09691462070807205, "subsample": 0.816506176027288, "colsample_bytree": 0.9726288519882431, "gamma": 1.590592393474855, "lambda": 1.0329920805077674e-06, "alpha": 5.637036482284281e-06}