{"max_depth": 10, "learning_rate": 0.23202434547307124, "subsample": 0.7400199626830346, "colsample_bytree": 0.5868329326043087, "gamma": 2.919283365816921, "lambda": 0.01265254715295504, "alpha": 5.6100996074306974e-05}