{"max_depth": 6, "learning_rate": 0.2011125752455421, "subsample": 0.7160139020479968, "colsample_bytree": 0.7370717107603859, "gamma": 1.7450114446576332, "lambda": 0.09459391468971037, "alpha": 0.6931772048207767}