{"max_depth": 7, "learning_rate": 0.14542005209293676, "subsample": 0.8880175703618857, "colsample_bytree": 0.9753170299602894, "gamma": 0.6728119574061331, "lambda": 2.7128750895299545e-07, "alpha": 7.627552036470747e-05}