{"max_depth": 6, "learning_rate": 0.12160695876008429, "subsample": 0.871275422389348, "colsample_bytree": 0.6021470820096497, "gamma": 1.744099392595424, "lambda": 6.636415209653207e-07, "alpha": 0.013909324976990546}