{"max_depth": 6, "learning_rate": 0.02501475288253823, "subsample": 0.8925355459324773, "colsample_bytree": 0.5555951270525497, "gamma": 0.8346475707552492, "lambda": 0.062375136719529815, "alpha": 0.00957764545984181}