{"max_depth": 8, "learning_rate": 0.10003019532297819, "subsample": 0.7884935084921465, "colsample_bytree": 0.7821878638672366, "gamma": 1.3392910296481069, "lambda": 0.00337618745761675, "alpha": 4.3297179582038865e-05}