{"max_depth": 10, "learning_rate": 0.19654485256235216, "subsample": 0.8005262340673293, "colsample_bytree": 0.5695994033130141, "gamma": 3.7886434967360536, "lambda": 4.086380222579117e-06, "alpha": 1.0153284511427997e-07}