{"max_depth": 4, "learning_rate": 0.09587703019632919, "subsample": 0.7620892628559163, "colsample_bytree": 0.6111025575727732, "gamma": 3.564670605331382, "lambda": 7.91539068460465e-06, "alpha": 0.023877545148748208}