{"max_depth": 7, "learning_rate": 0.20662420104726048, "subsample": 0.7597529238113991, "colsample_bytree": 0.8686803247965207, "gamma": 3.1793039206471647, "lambda": 0.0006085045043088241, "alpha": 0.0005800297008466703}