{"max_depth": 8, "learning_rate": 0.07791566433879692, "subsample": 0.7091217046192285, "colsample_bytree": 0.851359114862512, "gamma": 3.3666941126180223, "lambda": 1.1917647758224215e-06, "alpha": 0.677720344634167}