{"max_depth": 7, "learning_rate": 0.2293359631888923, "subsample": 0.7273609267557466, "colsample_bytree": 0.9593936577650808, "gamma": 1.3764107341659622, "lambda": 0.02015555098814596, "alpha": 0.00736799881745373}